ISO-10303-21;
HEADER;
FILE_DESCRIPTION (( 'STEP AP214' ),
    '1' );
FILE_NAME ('LED iPoster - Panel.STEP',
    '2025-09-11T15:58:19',
    ( '' ),
    ( '' ),
    'SwSTEP 2.0',
    'SolidWorks 2025',
    '' );
FILE_SCHEMA (( 'AUTOMOTIVE_DESIGN' ));
ENDSEC;

DATA;
#1 = VECTOR ( 'NONE', #274, 39.37007874015748143 ) ;
#2 = EDGE_CURVE ( 'NONE', #41, #303, #2202, .T. ) ;
#3 = EDGE_LOOP ( 'NONE', ( #1453, #1686, #1452, #157, #1524, #1712, #278, #2601, #198, #924, #2670, #1469, #116, #2822, #1514, #1824, #2307, #2622, #1554, #1117 ) ) ;
#4 = CARTESIAN_POINT ( 'NONE',  ( 1.845227278524741221, -9.449999999999999289, -1.719999999999999973 ) ) ;
#5 = CARTESIAN_POINT ( 'NONE',  ( -12.60000000000000853, -1.254772721475248209, -1.719999999999999973 ) ) ;
#6 = VECTOR ( 'NONE', #2681, 39.37007874015748143 ) ;
#7 = CARTESIAN_POINT ( 'NONE',  ( 10.75477272147524310, 3.250000000000000444, -1.719999999999999973 ) ) ;
#8 = ORIENTED_EDGE ( 'NONE', *, *, #2819, .F. ) ;
#9 = CARTESIAN_POINT ( 'NONE',  ( 10.75477272147524310, 9.550000000000000711, -1.719999999999999973 ) ) ;
#10 = EDGE_CURVE ( 'NONE', #1409, #2804, #1697, .T. ) ;
#11 = CARTESIAN_POINT ( 'NONE',  ( 10.75477272147524310, -3.099999999999999201, -1.719999999999999973 ) ) ;
#12 = VECTOR ( 'NONE', #2253, 39.37007874015748143 ) ;
#13 = DIRECTION ( 'NONE',  ( 1.000000000000000000, -2.093734754490789434E-16, 0.000000000000000000 ) ) ;
#14 = FACE_OUTER_BOUND ( 'NONE', #2893, .T. ) ;
#15 = VECTOR ( 'NONE', #2395, 39.37007874015748143 ) ;
#16 = VERTEX_POINT ( 'NONE', #191 ) ;
#17 = CARTESIAN_POINT ( 'NONE',  ( -8.145227278524757253, 3.250000000000000444, -1.719999999999999973 ) ) ;
#18 = ORIENTED_EDGE ( 'NONE', *, *, #255, .F. ) ;
#19 = EDGE_CURVE ( 'NONE', #2825, #3081, #3258, .T. ) ;
#20 = DIRECTION ( 'NONE',  ( -0.7071067811865476838, -0.7071067811865473507, 0.000000000000000000 ) ) ;
#21 = VERTEX_POINT ( 'NONE', #2229 ) ;
#22 = DIRECTION ( 'NONE',  ( 0.7071067811865473507, -0.7071067811865475727, 0.000000000000000000 ) ) ;
#23 = CARTESIAN_POINT ( 'NONE',  ( -10.75477272147525909, -3.099999999999999201, -1.719999999999999973 ) ) ;
#24 = VECTOR ( 'NONE', #1621, 39.37007874015748143 ) ;
#25 = DIRECTION ( 'NONE',  ( -0.000000000000000000, -0.000000000000000000, -1.000000000000000000 ) ) ;
#26 = ORIENTED_EDGE ( 'NONE', *, *, #689, .T. ) ;
#27 = CARTESIAN_POINT ( 'NONE',  ( -8.145227278524757253, -3.149999999999998579, -1.770000000000000018 ) ) ;
#28 = EDGE_CURVE ( 'NONE', #599, #2417, #948, .T. ) ;
#29 = DIRECTION ( 'NONE',  ( 0.000000000000000000, -0.000000000000000000, -1.000000000000000000 ) ) ;
#30 = CARTESIAN_POINT ( 'NONE',  ( -11.60000000000002451, -8.449999999999999289, -1.562204245409588355 ) ) ;
#31 = LINE ( 'NONE', #347, #68 ) ;
#32 = EDGE_LOOP ( 'NONE', ( #494, #3224, #1544, #2770 ) ) ;
#33 = PLANE ( 'NONE',  #2157 ) ;
#34 = FACE_OUTER_BOUND ( 'NONE', #1625, .T. ) ;
#35 = ORIENTED_EDGE ( 'NONE', *, *, #1431, .T. ) ;
#36 = ADVANCED_FACE ( 'NONE', ( #962 ), #732, .F. ) ;
#37 = PLANE ( 'NONE',  #3058 ) ;
#38 = ORIENTED_EDGE ( 'NONE', *, *, #3087, .F. ) ;
#39 = CARTESIAN_POINT ( 'NONE',  ( 11.73779527559057634, 8.449999999999999289, -0.9719999999999998641 ) ) ;
#40 = CARTESIAN_POINT ( 'NONE',  ( 4.554772721475242037, 9.449999999999999289, -1.770000000000000018 ) ) ;
#41 = VERTEX_POINT ( 'NONE', #3216 ) ;
#42 = LINE ( 'NONE', #1515, #2316 ) ;
#43 = DIRECTION ( 'NONE',  ( 0.7071067811865473507, -0.7071067811865475727, 0.000000000000000000 ) ) ;
#44 = LINE ( 'NONE', #2852, #1555 ) ;
#45 = PLANE ( 'NONE',  #922 ) ;
#46 = PRODUCT_RELATED_PRODUCT_CATEGORY ( 'part', '', ( #1287 ) ) ;
#47 = ORIENTED_EDGE ( 'NONE', *, *, #1259, .T. ) ;
#48 = DIRECTION ( 'NONE',  ( 0.7071067811865473507, -0.7071067811865476838, 0.000000000000000000 ) ) ;
#49 = CARTESIAN_POINT ( 'NONE',  ( -12.60000000000000853, 7.704772721475252162, -1.719999999999999973 ) ) ;
#50 = ORIENTED_EDGE ( 'NONE', *, *, #1985, .F. ) ;
#51 = VERTEX_POINT ( 'NONE', #2494 ) ;
#52 = DIRECTION ( 'NONE',  ( 0.000000000000000000, 0.000000000000000000, -1.000000000000000000 ) ) ;
#53 = ORIENTED_EDGE ( 'NONE', *, *, #2974, .T. ) ;
#54 = VECTOR ( 'NONE', #2929, 39.37007874015748143 ) ;
#55 = CARTESIAN_POINT ( 'NONE',  ( -4.370956789862821150E-15, -4.995227278524752457, -1.770000000000000018 ) ) ;
#56 = VECTOR ( 'NONE', #1854, 39.37007874015748854 ) ;
#57 = ORIENTED_EDGE ( 'NONE', *, *, #2043, .T. ) ;
#58 = LINE ( 'NONE', #1775, #1039 ) ;
#59 = CARTESIAN_POINT ( 'NONE',  ( -4.370956789862821150E-15, 1.354772721475247632, -1.770000000000000018 ) ) ;
#60 = CIRCLE ( 'NONE', #2456, 0.1377952755905512972 ) ;
#61 = LINE ( 'NONE', #2296, #1975 ) ;
#62 = DIRECTION ( 'NONE',  ( -0.7071067811865474617, -0.7071067811865474617, 0.000000000000000000 ) ) ;
#63 = ADVANCED_FACE ( 'NONE', ( #202 ), #1232, .F. ) ;
#64 = EDGE_LOOP ( 'NONE', ( #882, #1496, #2612, #423 ) ) ;
#65 = VECTOR ( 'NONE', #1055, 39.37007874015748143 ) ;
#66 = FACE_BOUND ( 'NONE', #2909, .T. ) ;
#67 = CARTESIAN_POINT ( 'NONE',  ( 0.000000000000000000, 0.000000000000000000, -1.770000000000000018 ) ) ;
#68 = VECTOR ( 'NONE', #2363, 39.37007874015748143 ) ;
#69 = ADVANCED_FACE ( 'NONE', ( #2510 ), #999, .F. ) ;
#70 = DIRECTION ( 'NONE',  ( 0.000000000000000000, 0.000000000000000000, -1.000000000000000000 ) ) ;
#71 = ORIENTED_EDGE ( 'NONE', *, *, #717, .T. ) ;
#72 = CARTESIAN_POINT ( 'NONE',  ( -1.845227278524757653, -3.099999999999999201, -1.719999999999999973 ) ) ;
#73 = VERTEX_POINT ( 'NONE', #1947 ) ;
#74 = CARTESIAN_POINT ( 'NONE',  ( -12.60000000000000497, 9.449999999999999289, -1.770000000000000018 ) ) ;
#75 = CARTESIAN_POINT ( 'NONE',  ( -11.73779527559057634, 8.449999999999999289, -1.719999999999999973 ) ) ;
#76 = LINE ( 'NONE', #1083, #856 ) ;
#77 = CARTESIAN_POINT ( 'NONE',  ( -4.454772721475258379, -3.099999999999999201, -1.770000000000000018 ) ) ;
#78 = ORIENTED_EDGE ( 'NONE', *, *, #2224, .F. ) ;
#79 = ADVANCED_FACE ( 'NONE', ( #2967 ), #530, .T. ) ;
#80 = DIRECTION ( 'NONE',  ( -0.000000000000000000, -0.000000000000000000, -1.000000000000000000 ) ) ;
#81 = DIRECTION ( 'NONE',  ( -0.7071067811865476838, -0.7071067811865473507, 0.000000000000000000 ) ) ;
#82 = ORIENTED_EDGE ( 'NONE', *, *, #1054, .T. ) ;
#83 = LINE ( 'NONE', #3153, #2525 ) ;
#84 = ORIENTED_EDGE ( 'NONE', *, *, #98, .T. ) ;
#85 = DIRECTION ( 'NONE',  ( 0.7071067811865474617, 0.7071067811865474617, 0.000000000000000000 ) ) ;
#86 = CARTESIAN_POINT ( 'NONE',  ( 12.59999999999999609, -4.995227278524752457, -1.719999999999999973 ) ) ;
#87 = ORIENTED_EDGE ( 'NONE', *, *, #2921, .T. ) ;
#88 = DIRECTION ( 'NONE',  ( -0.000000000000000000, -0.000000000000000000, -1.000000000000000000 ) ) ;
#89 = FACE_OUTER_BOUND ( 'NONE', #2700, .T. ) ;
#90 = DIRECTION ( 'NONE',  ( -0.7071067811865476838, -0.7071067811865473507, 0.000000000000000000 ) ) ;
#91 = VERTEX_POINT ( 'NONE', #2850 ) ;
#92 = LINE ( 'NONE', #2111, #1312 ) ;
#93 = DIRECTION ( 'NONE',  ( 0.000000000000000000, 0.000000000000000000, -1.000000000000000000 ) ) ;
#94 = ORIENTED_EDGE ( 'NONE', *, *, #2613, .T. ) ;
#95 = LINE ( 'NONE', #1935, #2853 ) ;
#96 = ORIENTED_EDGE ( 'NONE', *, *, #497, .T. ) ;
#97 = LINE ( 'NONE', #1019, #615 ) ;
#98 = EDGE_CURVE ( 'NONE', #355, #1135, #3044, .T. ) ;
#99 = FACE_OUTER_BOUND ( 'NONE', #2674, .T. ) ;
#100 = EDGE_CURVE ( 'NONE', #673, #721, #58, .T. ) ;
#101 = AXIS2_PLACEMENT_3D ( 'NONE', #779, #1793, #2810 ) ;
#102 = ORIENTED_EDGE ( 'NONE', *, *, #265, .T. ) ;
#103 = EDGE_CURVE ( 'NONE', #941, #73, #3082, .T. ) ;
#104 = CARTESIAN_POINT ( 'NONE',  ( -1.845227278524757653, 3.200000000000001510, -1.719999999999999973 ) ) ;
#105 = ADVANCED_FACE ( 'NONE', ( #273 ), #229, .F. ) ;
#106 = DIRECTION ( 'NONE',  ( 0.8571673007021122226, 1.049727191138618449E-16, -0.5150380749100542666 ) ) ;
#107 = VECTOR ( 'NONE', #1582, 39.37007874015748143 ) ;
#108 = DIRECTION ( 'NONE',  ( -0.000000000000000000, -0.000000000000000000, -1.000000000000000000 ) ) ;
#109 = VERTEX_POINT ( 'NONE', #1796 ) ;
#110 = ORIENTED_EDGE ( 'NONE', *, *, #705, .T. ) ;
#111 = AXIS2_PLACEMENT_3D ( 'NONE', #472, #992, #1490 ) ;
#112 = LINE ( 'NONE', #1138, #1928 ) ;
#113 = CARTESIAN_POINT ( 'NONE',  ( 10.75477272147524310, -3.149999999999998579, -1.770000000000000018 ) ) ;
#114 = VECTOR ( 'NONE', #13, 39.37007874015748143 ) ;
#115 = AXIS2_PLACEMENT_3D ( 'NONE', #72, #1396, #858 ) ;
#116 = ORIENTED_EDGE ( 'NONE', *, *, #387, .F. ) ;
#117 = DIRECTION ( 'NONE',  ( 1.000000000000000000, 0.000000000000000000, 0.000000000000000000 ) ) ;
#118 = VECTOR ( 'NONE', #1016, 39.37007874015748143 ) ;
#119 = CARTESIAN_POINT ( 'NONE',  ( 0.000000000000000000, 0.000000000000000000, -1.770000000000000018 ) ) ;
#120 = ORIENTED_EDGE ( 'NONE', *, *, #1247, .T. ) ;
#121 = DIRECTION ( 'NONE',  ( -0.000000000000000000, -0.000000000000000000, -1.000000000000000000 ) ) ;
#122 = EDGE_CURVE ( 'NONE', #2811, #794, #1013, .T. ) ;
#123 = DIRECTION ( 'NONE',  ( 0.7071067811865473507, -0.7071067811865476838, 0.000000000000000000 ) ) ;
#124 = ORIENTED_EDGE ( 'NONE', *, *, #3235, .F. ) ;
#125 = CARTESIAN_POINT ( 'NONE',  ( 11.73659041599845843, -8.468182305476783966, -1.770000000000000018 ) ) ;
#126 = CARTESIAN_POINT ( 'NONE',  ( -12.60000000000000497, 9.449999999999999289, -1.719999999999999973 ) ) ;
#127 = CARTESIAN_POINT ( 'NONE',  ( 1.845227278524741221, -3.149999999999997691, -1.719999999999999973 ) ) ;
#128 = EDGE_LOOP ( 'NONE', ( #2665, #785, #3086 ) ) ;
#129 = EDGE_CURVE ( 'NONE', #322, #1332, #3221, .T. ) ;
#130 = ORIENTED_EDGE ( 'NONE', *, *, #1167, .T. ) ;
#131 = DIRECTION ( 'NONE',  ( -1.000000000000000000, 0.000000000000000000, -0.000000000000000000 ) ) ;
#132 = VECTOR ( 'NONE', #2173, 39.37007874015748143 ) ;
#133 = CARTESIAN_POINT ( 'NONE',  ( -10.75477272147525909, 3.200000000000001954, -1.719999999999999973 ) ) ;
#134 = VECTOR ( 'NONE', #1103, 39.37007874015748854 ) ;
#135 = ORIENTED_EDGE ( 'NONE', *, *, #2282, .T. ) ;
#136 = PLANE ( 'NONE',  #2939 ) ;
#137 = PLANE ( 'NONE',  #561 ) ;
#138 = EDGE_LOOP ( 'NONE', ( #1629, #776, #2587 ) ) ;
#139 = DIRECTION ( 'NONE',  ( -0.7071067811865473507, 0.7071067811865476838, 0.000000000000000000 ) ) ;
#140 = DIRECTION ( 'NONE',  ( 0.000000000000000000, 0.000000000000000000, 1.000000000000000000 ) ) ;
#141 = ORIENTED_EDGE ( 'NONE', *, *, #866, .F. ) ;
#142 = CARTESIAN_POINT ( 'NONE',  ( -10.75477272147525909, 3.250000000000000444, -1.719999999999999973 ) ) ;
#143 = DIRECTION ( 'NONE',  ( -0.000000000000000000, -0.000000000000000000, -1.000000000000000000 ) ) ;
#144 = PRODUCT_CONTEXT ( 'NONE', #1641, 'mechanical' ) ;
#145 = ORIENTED_EDGE ( 'NONE', *, *, #279, .F. ) ;
#146 = ORIENTED_EDGE ( 'NONE', *, *, #889, .T. ) ;
#147 = DIRECTION ( 'NONE',  ( -0.7071067811865474617, -0.7071067811865474617, 0.000000000000000000 ) ) ;
#148 = EDGE_CURVE ( 'NONE', #3229, #2917, #1529, .T. ) ;
#149 = DIRECTION ( 'NONE',  ( 1.000000000000000000, -2.093734754490789434E-16, 0.000000000000000000 ) ) ;
#150 = ORIENTED_EDGE ( 'NONE', *, *, #2078, .T. ) ;
#151 = DIRECTION ( 'NONE',  ( -1.000000000000000000, 0.000000000000000000, 0.000000000000000000 ) ) ;
#152 = CARTESIAN_POINT ( 'NONE',  ( -10.75477272147525909, 3.200000000000001954, -1.770000000000000018 ) ) ;
#153 = EDGE_CURVE ( 'NONE', #2325, #2029, #1278, .T. ) ;
#154 = VERTEX_POINT ( 'NONE', #795 ) ;
#155 = PRODUCT_DEFINITION_CONTEXT ( 'detailed design', #2552, 'design' ) ;
#156 = DIRECTION ( 'NONE',  ( 0.7071067811865473507, -0.7071067811865476838, 0.000000000000000000 ) ) ;
#157 = ORIENTED_EDGE ( 'NONE', *, *, #3275, .F. ) ;
#158 = DIRECTION ( 'NONE',  ( 0.7071067811865474617, 0.7071067811865474617, 0.000000000000000000 ) ) ;
#159 = CARTESIAN_POINT ( 'NONE',  ( -11.46220472440947269, 8.449999999999999289, -0.9719999999999998641 ) ) ;
#160 = DIRECTION ( 'NONE',  ( -0.7071067811865473507, 0.7071067811865476838, 0.000000000000000000 ) ) ;
#161 = EDGE_LOOP ( 'NONE', ( #1782, #1857, #1392, #2936, #969, #246, #1096, #1376, #1338, #780, #2730, #367, #2756, #2055, #2689, #406, #2109, #565, #422, #1541, #454, #2357, #2458, #649, #3075, #8 ) ) ;
#162 = ORIENTED_EDGE ( 'NONE', *, *, #457, .T. ) ;
#163 = CARTESIAN_POINT ( 'NONE',  ( 12.59999999999999609, 5.095227278524752990, -1.719999999999999973 ) ) ;
#164 = VECTOR ( 'NONE', #2629, 39.37007874015748854 ) ;
#165 = EDGE_CURVE ( 'NONE', #1135, #3220, #1564, .T. ) ;
#166 = CARTESIAN_POINT ( 'NONE',  ( 12.59999999999999609, 1.354772721475247632, -1.719999999999999973 ) ) ;
#167 = VECTOR ( 'NONE', #1970, 39.37007874015748143 ) ;
#168 = ORIENTED_EDGE ( 'NONE', *, *, #395, .T. ) ;
#169 = VECTOR ( 'NONE', #2279, 39.37007874015748143 ) ;
#170 = CARTESIAN_POINT ( 'NONE',  ( -11.61818230547682695, -8.586590415998431425, -1.719999999999999973 ) ) ;
#171 = ORIENTED_EDGE ( 'NONE', *, *, #1337, .F. ) ;
#172 = ADVANCED_FACE ( 'NONE', ( #2089 ), #2831, .T. ) ;
#173 = AXIS2_PLACEMENT_3D ( 'NONE', #2857, #2818, #1553 ) ;
#174 = VECTOR ( 'NONE', #466, 39.37007874015748143 ) ;
#175 = ORIENTED_EDGE ( 'NONE', *, *, #2638, .F. ) ;
#176 = LINE ( 'NONE', #3212, #2353 ) ;
#177 = CARTESIAN_POINT ( 'NONE',  ( 12.59999999999999609, -9.449999999999999289, -1.770000000000000018 ) ) ;
#178 = EDGE_LOOP ( 'NONE', ( #102, #197, #871, #1363 ) ) ;
#179 = EDGE_LOOP ( 'NONE', ( #2941, #2174, #175, #3055 ) ) ;
#180 = PLANE ( 'NONE',  #1500 ) ;
#181 = CARTESIAN_POINT ( 'NONE',  ( -8.145227278524757253, -9.449999999999999289, -1.719999999999999973 ) ) ;
#182 = DIRECTION ( 'NONE',  ( 1.000000000000000000, -2.093734754490789434E-16, 0.000000000000000000 ) ) ;
#183 = VERTEX_POINT ( 'NONE', #3096 ) ;
#184 = VECTOR ( 'NONE', #3090, 39.37007874015748143 ) ;
#185 = CARTESIAN_POINT ( 'NONE',  ( -8.741913579725642299E-15, 1.354772721475252073, -1.719999999999999973 ) ) ;
#186 = ORIENTED_EDGE ( 'NONE', *, *, #952, .T. ) ;
#187 = ORIENTED_EDGE ( 'NONE', *, *, #929, .F. ) ;
#188 = DIRECTION ( 'NONE',  ( -0.000000000000000000, -0.000000000000000000, -1.000000000000000000 ) ) ;
#189 = DIRECTION ( 'NONE',  ( 0.000000000000000000, 0.000000000000000000, -1.000000000000000000 ) ) ;
#190 = ORIENTED_EDGE ( 'NONE', *, *, #1355, .F. ) ;
#191 = CARTESIAN_POINT ( 'NONE',  ( -8.145227278524757253, -9.449999999999999289, -1.770000000000000018 ) ) ;
#192 = PLANE ( 'NONE',  #2724 ) ;
#193 = DIRECTION ( 'NONE',  ( -0.7071067811865473507, 0.7071067811865476838, 0.000000000000000000 ) ) ;
#194 = CARTESIAN_POINT ( 'NONE',  ( -11.60000000000002451, -8.449999999999999289, -1.770000000000000018 ) ) ;
#195 = ORIENTED_EDGE ( 'NONE', *, *, #368, .F. ) ;
#196 = CARTESIAN_POINT ( 'NONE',  ( -8.145227278524757253, 9.550000000000000711, -1.719999999999999973 ) ) ;
#197 = ORIENTED_EDGE ( 'NONE', *, *, #3123, .F. ) ;
#198 = ORIENTED_EDGE ( 'NONE', *, *, #2937, .F. ) ;
#199 = DIRECTION ( 'NONE',  ( -0.000000000000000000, -0.000000000000000000, -1.000000000000000000 ) ) ;
#200 = DIRECTION ( 'NONE',  ( -0.7071067811865476838, -0.7071067811865473507, 0.000000000000000000 ) ) ;
#201 = ORIENTED_EDGE ( 'NONE', *, *, #2884, .T. ) ;
#202 = FACE_OUTER_BOUND ( 'NONE', #1326, .T. ) ;
#203 = EDGE_CURVE ( 'NONE', #3162, #1332, #549, .T. ) ;
#204 = CARTESIAN_POINT ( 'NONE',  ( 11.60000000000002451, -8.449999999999999289, -1.645000000000000018 ) ) ;
#205 = DIRECTION ( 'NONE',  ( -1.000000000000000000, 0.000000000000000000, -0.000000000000000000 ) ) ;
#206 = LINE ( 'NONE', #1235, #2945 ) ;
#207 = VERTEX_POINT ( 'NONE', #1032 ) ;
#208 = VECTOR ( 'NONE', #516, 39.37007874015748854 ) ;
#209 = LINE ( 'NONE', #1238, #12 ) ;
#210 = VECTOR ( 'NONE', #1471, 39.37007874015748143 ) ;
#211 = LINE ( 'NONE', #2972, #1940 ) ;
#212 = ORIENTED_EDGE ( 'NONE', *, *, #1785, .F. ) ;
#213 = FACE_OUTER_BOUND ( 'NONE', #2705, .T. ) ;
#214 = VECTOR ( 'NONE', #158, 39.37007874015748854 ) ;
#215 = AXIS2_PLACEMENT_3D ( 'NONE', #2102, #3122, #504 ) ;
#216 = ORIENTED_EDGE ( 'NONE', *, *, #3207, .T. ) ;
#217 = EDGE_CURVE ( 'NONE', #860, #2434, #3111, .T. ) ;
#218 = DIRECTION ( 'NONE',  ( -0.000000000000000000, -0.000000000000000000, -1.000000000000000000 ) ) ;
#219 = FACE_OUTER_BOUND ( 'NONE', #440, .T. ) ;
#220 = CONICAL_SURFACE ( 'NONE', #2464, 0.1377952755905512972, 1.029744258676655200 ) ;
#221 = ORIENTED_EDGE ( 'NONE', *, *, #3264, .F. ) ;
#222 = EDGE_LOOP ( 'NONE', ( #3030, #1773, #2319, #773, #1810, #1645, #1274, #392, #2821, #1757, #1791, #1158, #529, #955, #2859, #2011, #419, #2931, #124, #2228 ) ) ;
#223 = DIRECTION ( 'NONE',  ( -0.000000000000000000, -0.000000000000000000, -1.000000000000000000 ) ) ;
#224 = PLANE ( 'NONE',  #968 ) ;
#225 = LINE ( 'NONE', #2983, #1612 ) ;
#226 = EDGE_CURVE ( 'NONE', #1006, #2520, #1063, .T. ) ;
#227 = VERTEX_POINT ( 'NONE', #27 ) ;
#228 = CARTESIAN_POINT ( 'NONE',  ( -8.145227278524757253, 3.250000000000000444, -1.770000000000000018 ) ) ;
#229 = CONICAL_SURFACE ( 'NONE', #2096, 0.1377952755905512972, 1.029744258676655200 ) ;
#230 = ORIENTED_EDGE ( 'NONE', *, *, #217, .F. ) ;
#231 = VECTOR ( 'NONE', #608, 39.37007874015748143 ) ;
#232 = ORIENTED_EDGE ( 'NONE', *, *, #1943, .F. ) ;
#233 = DIRECTION ( 'NONE',  ( -0.7071067811865476838, -0.7071067811865473507, 0.000000000000000000 ) ) ;
#234 = DIRECTION ( 'NONE',  ( -0.7071067811865475727, 0.7071067811865475727, 0.000000000000000000 ) ) ;
#235 = VERTEX_POINT ( 'NONE', #2578 ) ;
#236 = DIRECTION ( 'NONE',  ( -0.7071067811865476838, -0.7071067811865473507, 0.000000000000000000 ) ) ;
#237 = LINE ( 'NONE', #2559, #1 ) ;
#238 = DIRECTION ( 'NONE',  ( -0.7071067811865474617, -0.7071067811865474617, 0.000000000000000000 ) ) ;
#239 = DIRECTION ( 'NONE',  ( -0.7071067811865476838, -0.7071067811865473507, 0.000000000000000000 ) ) ;
#240 = EDGE_LOOP ( 'NONE', ( #363, #928, #2626 ) ) ;
#241 = FACE_OUTER_BOUND ( 'NONE', #482, .T. ) ;
#242 = ADVANCED_FACE ( 'NONE', ( #292 ), #1319, .F. ) ;
#243 = EDGE_CURVE ( 'NONE', #2299, #2052, #42, .T. ) ;
#244 = DIRECTION ( 'NONE',  ( 0.7071067811865474617, 0.7071067811865474617, 0.000000000000000000 ) ) ;
#245 = EDGE_CURVE ( 'NONE', #2825, #91, #2277, .T. ) ;
#246 = ORIENTED_EDGE ( 'NONE', *, *, #3207, .F. ) ;
#247 = CARTESIAN_POINT ( 'NONE',  ( 1.845227278524741221, 3.200000000000001954, -1.719999999999999973 ) ) ;
#248 = EDGE_CURVE ( 'NONE', #3162, #381, #1780, .T. ) ;
#249 = ORIENTED_EDGE ( 'NONE', *, *, #2486, .F. ) ;
#250 = LINE ( 'NONE', #510, #2777 ) ;
#251 = CARTESIAN_POINT ( 'NONE',  ( 1.845227278524741221, -9.449999999999999289, -1.770000000000000018 ) ) ;
#252 = ORIENTED_EDGE ( 'NONE', *, *, #2001, .F. ) ;
#253 = DIRECTION ( 'NONE',  ( -0.000000000000000000, -0.000000000000000000, -1.000000000000000000 ) ) ;
#254 = LINE ( 'NONE', #11, #591 ) ;
#255 = EDGE_CURVE ( 'NONE', #1161, #1017, #1872, .T. ) ;
#256 = LINE ( 'NONE', #1280, #1967 ) ;
#257 = CARTESIAN_POINT ( 'NONE',  ( 12.59999999999999609, -1.254772721475247099, -1.719999999999999973 ) ) ;
#258 = VERTEX_POINT ( 'NONE', #2627 ) ;
#259 = ADVANCED_FACE ( 'NONE', ( #323 ), #1113, .F. ) ;
#260 = PLANE ( 'NONE',  #881 ) ;
#261 = CARTESIAN_POINT ( 'NONE',  ( -4.370956789862821150E-15, 7.704772721475247721, -1.770000000000000018 ) ) ;
#262 = AXIS2_PLACEMENT_3D ( 'NONE', #23, #827, #544 ) ;
#263 = VERTEX_POINT ( 'NONE', #1097 ) ;
#264 = PLANE ( 'NONE',  #771 ) ;
#265 = EDGE_CURVE ( 'NONE', #2239, #1795, #1593, .T. ) ;
#266 = VECTOR ( 'NONE', #1148, 39.37007874015748143 ) ;
#267 = EDGE_LOOP ( 'NONE', ( #2790, #1664, #2901, #296 ) ) ;
#268 = LINE ( 'NONE', #2308, #1289 ) ;
#269 = FACE_OUTER_BOUND ( 'NONE', #1136, .T. ) ;
#270 = VECTOR ( 'NONE', #2554, 39.37007874015748143 ) ;
#271 = CONICAL_SURFACE ( 'NONE', #173, 0.1377952755905512972, 1.029744258676654312 ) ;
#272 = ORIENTED_EDGE ( 'NONE', *, *, #255, .T. ) ;
#273 = FACE_OUTER_BOUND ( 'NONE', #2368, .T. ) ;
#274 = DIRECTION ( 'NONE',  ( -0.000000000000000000, -0.000000000000000000, -1.000000000000000000 ) ) ;
#275 = CARTESIAN_POINT ( 'NONE',  ( -1.845227278524757653, -9.449999999999999289, -1.719999999999999973 ) ) ;
#276 = CARTESIAN_POINT ( 'NONE',  ( 8.145227278524741266, -3.149999999999997691, -1.770000000000000018 ) ) ;
#277 = AXIS2_PLACEMENT_3D ( 'NONE', #1116, #362, #2180 ) ;
#278 = ORIENTED_EDGE ( 'NONE', *, *, #2117, .F. ) ;
#279 = EDGE_CURVE ( 'NONE', #490, #2520, #3139, .T. ) ;
#280 = CARTESIAN_POINT ( 'NONE',  ( -10.75477272147525909, -9.449999999999999289, -1.719999999999999973 ) ) ;
#281 = DIRECTION ( 'NONE',  ( -1.000000000000000000, 0.000000000000000000, 0.000000000000000000 ) ) ;
#282 = ORIENTED_EDGE ( 'NONE', *, *, #2486, .T. ) ;
#283 = VECTOR ( 'NONE', #88, 39.37007874015748143 ) ;
#284 = DIRECTION ( 'NONE',  ( -0.7071067811865474617, -0.7071067811865474617, 0.000000000000000000 ) ) ;
#285 = ORIENTED_EDGE ( 'NONE', *, *, #2974, .F. ) ;
#286 = VECTOR ( 'NONE', #519, 39.37007874015748143 ) ;
#287 = LINE ( 'NONE', #1740, #2672 ) ;
#288 = CARTESIAN_POINT ( 'NONE',  ( 6.299999999999990941, 1.354772721475252073, -1.719999999999999973 ) ) ;
#289 = EDGE_CURVE ( 'NONE', #1752, #487, #2360, .T. ) ;
#290 = VECTOR ( 'NONE', #1912, 39.37007874015748854 ) ;
#291 = ORIENTED_EDGE ( 'NONE', *, *, #2473, .T. ) ;
#292 = FACE_OUTER_BOUND ( 'NONE', #2101, .T. ) ;
#293 = PLANE ( 'NONE',  #3200 ) ;
#294 = LINE ( 'NONE', #326, #1070 ) ;
#295 = DIRECTION ( 'NONE',  ( 0.000000000000000000, 0.000000000000000000, 1.000000000000000000 ) ) ;
#296 = ORIENTED_EDGE ( 'NONE', *, *, #1498, .T. ) ;
#297 = DIRECTION ( 'NONE',  ( -0.8571673007021122226, 0.000000000000000000, -0.5150380749100542666 ) ) ;
#298 = DIRECTION ( 'NONE',  ( 0.000000000000000000, 0.000000000000000000, 1.000000000000000000 ) ) ;
#299 = EDGE_LOOP ( 'NONE', ( #1477, #2397, #1263, #3215 ) ) ;
#300 = DIRECTION ( 'NONE',  ( -0.000000000000000000, -0.000000000000000000, -1.000000000000000000 ) ) ;
#301 = VERTEX_POINT ( 'NONE', #2122 ) ;
#302 = CARTESIAN_POINT ( 'NONE',  ( 1.845227278524741221, -3.099999999999999201, -1.719999999999999973 ) ) ;
#303 = VERTEX_POINT ( 'NONE', #861 ) ;
#304 = DIRECTION ( 'NONE',  ( 0.000000000000000000, -0.000000000000000000, -1.000000000000000000 ) ) ;
#305 = DIRECTION ( 'NONE',  ( -0.000000000000000000, -0.000000000000000000, -1.000000000000000000 ) ) ;
#306 = CARTESIAN_POINT ( 'NONE',  ( -10.85477272147525873, 9.449999999999999289, -1.770000000000000018 ) ) ;
#307 = ADVANCED_FACE ( 'NONE', ( #2896 ), #612, .T. ) ;
#308 = DIRECTION ( 'NONE',  ( -0.000000000000000000, -0.000000000000000000, -1.000000000000000000 ) ) ;
#309 = EDGE_CURVE ( 'NONE', #3110, #794, #2738, .T. ) ;
#310 = VERTEX_POINT ( 'NONE', #2324 ) ;
#311 = EDGE_CURVE ( 'NONE', #1161, #1169, #316, .T. ) ;
#312 = LINE ( 'NONE', #1586, #1150 ) ;
#313 = CARTESIAN_POINT ( 'NONE',  ( 4.454772721475242392, 9.550000000000000711, -1.719999999999999973 ) ) ;
#314 = ADVANCED_FACE ( 'NONE', ( #2589 ), #264, .F. ) ;
#315 = ORIENTED_EDGE ( 'NONE', *, *, #3235, .T. ) ;
#316 = LINE ( 'NONE', #1789, #2210 ) ;
#317 = ORIENTED_EDGE ( 'NONE', *, *, #997, .F. ) ;
#318 = VECTOR ( 'NONE', #476, 39.37007874015748143 ) ;
#319 = PLANE ( 'NONE',  #215 ) ;
#320 = VECTOR ( 'NONE', #1098, 39.37007874015748143 ) ;
#321 = EDGE_CURVE ( 'NONE', #3220, #1203, #1091, .T. ) ;
#322 = VERTEX_POINT ( 'NONE', #3107 ) ;
#323 = FACE_OUTER_BOUND ( 'NONE', #2222, .T. ) ;
#324 = DIRECTION ( 'NONE',  ( -0.000000000000000000, -0.000000000000000000, -1.000000000000000000 ) ) ;
#325 = AXIS2_PLACEMENT_3D ( 'NONE', #2706, #404, #2187 ) ;
#326 = CARTESIAN_POINT ( 'NONE',  ( -6.300000000000004263, -7.604772721475247188, -1.719999999999999973 ) ) ;
#327 = LINE ( 'NONE', #77, #2786 ) ;
#328 = ORIENTED_EDGE ( 'NONE', *, *, #2518, .T. ) ;
#329 = VECTOR ( 'NONE', #2788, 39.37007874015748854 ) ;
#330 = DIRECTION ( 'NONE',  ( 0.7071067811865476838, 0.7071067811865473507, 0.000000000000000000 ) ) ;
#331 = LINE ( 'NONE', #1373, #1077 ) ;
#332 = VECTOR ( 'NONE', #3085, 39.37007874015748854 ) ;
#333 = VERTEX_POINT ( 'NONE', #2806 ) ;
#334 = EDGE_CURVE ( 'NONE', #2029, #1933, #1344, .T. ) ;
#335 = CIRCLE ( 'NONE', #1617, 0.1377952755905512972 ) ;
#336 = DIRECTION ( 'NONE',  ( 0.7071067811865476838, 0.7071067811865473507, 0.000000000000000000 ) ) ;
#337 = EDGE_LOOP ( 'NONE', ( #171, #1537, #1124, #1360 ) ) ;
#338 = CARTESIAN_POINT ( 'NONE',  ( -10.75477272147525909, -9.449999999999999289, -1.719999999999999973 ) ) ;
#339 = DIRECTION ( 'NONE',  ( -1.000000000000000000, 0.000000000000000000, 0.000000000000000000 ) ) ;
#340 = ADVANCED_FACE ( 'NONE', ( #1273 ), #37, .F. ) ;
#341 = VECTOR ( 'NONE', #1367, 39.37007874015748143 ) ;
#342 = ORIENTED_EDGE ( 'NONE', *, *, #153, .F. ) ;
#343 = CARTESIAN_POINT ( 'NONE',  ( -10.75477272147525909, 3.200000000000001954, -1.770000000000000018 ) ) ;
#344 = LINE ( 'NONE', #1380, #1710 ) ;
#345 = LINE ( 'NONE', #1369, #803 ) ;
#346 = VECTOR ( 'NONE', #20, 39.37007874015748143 ) ;
#347 = CARTESIAN_POINT ( 'NONE',  ( -12.60000000000000853, 5.095227278524751213, -1.719999999999999973 ) ) ;
#348 = ORIENTED_EDGE ( 'NONE', *, *, #902, .T. ) ;
#349 = DIRECTION ( 'NONE',  ( 0.7071067811865473507, -0.7071067811865476838, 0.000000000000000000 ) ) ;
#350 = LINE ( 'NONE', #2335, #3150 ) ;
#351 = VERTEX_POINT ( 'NONE', #2286 ) ;
#352 = EDGE_CURVE ( 'NONE', #860, #355, #558, .T. ) ;
#353 = EDGE_CURVE ( 'NONE', #1974, #2181, #1291, .T. ) ;
#354 = LINE ( 'NONE', #2405, #3166 ) ;
#355 = VERTEX_POINT ( 'NONE', #540 ) ;
#356 = DIRECTION ( 'NONE',  ( -0.000000000000000000, -0.000000000000000000, -1.000000000000000000 ) ) ;
#357 = CARTESIAN_POINT ( 'NONE',  ( 12.59999999999999609, -1.254772721475247099, -1.719999999999999973 ) ) ;
#358 = ADVANCED_FACE ( 'NONE', ( #2537 ), #1025, .F. ) ;
#359 = ORIENTED_EDGE ( 'NONE', *, *, #248, .F. ) ;
#360 = CARTESIAN_POINT ( 'NONE',  ( -8.741913579725642299E-15, -4.995227278524748016, -1.719999999999999973 ) ) ;
#361 = DIRECTION ( 'NONE',  ( -1.000000000000000000, 0.000000000000000000, -0.000000000000000000 ) ) ;
#362 = DIRECTION ( 'NONE',  ( 0.000000000000000000, 0.000000000000000000, 1.000000000000000000 ) ) ;
#363 = ORIENTED_EDGE ( 'NONE', *, *, #546, .F. ) ;
#364 = ORIENTED_EDGE ( 'NONE', *, *, #1320, .F. ) ;
#365 = DIRECTION ( 'NONE',  ( -0.000000000000000000, -0.000000000000000000, -1.000000000000000000 ) ) ;
#366 = CARTESIAN_POINT ( 'NONE',  ( 4.454772721475242392, -3.149999999999998579, -1.719999999999999973 ) ) ;
#367 = ORIENTED_EDGE ( 'NONE', *, *, #1266, .F. ) ;
#368 = EDGE_CURVE ( 'NONE', #3132, #1161, #2099, .T. ) ;
#369 = CARTESIAN_POINT ( 'NONE',  ( -12.60000000000000853, 5.095227278524751213, -1.719999999999999973 ) ) ;
#370 = DIRECTION ( 'NONE',  ( -1.000000000000000000, 0.000000000000000000, -0.000000000000000000 ) ) ;
#371 = ORIENTED_EDGE ( 'NONE', *, *, #1299, .F. ) ;
#372 = LINE ( 'NONE', #2694, #401 ) ;
#373 = CARTESIAN_POINT ( 'NONE',  ( 11.73779527559057634, -8.449999999999999289, -1.645000000000000018 ) ) ;
#374 = ADVANCED_FACE ( 'NONE', ( #1823 ), #2037, .F. ) ;
#375 = ORIENTED_EDGE ( 'NONE', *, *, #2576, .T. ) ;
#376 = DIRECTION ( 'NONE',  ( -0.7071067811865473507, 0.7071067811865476838, 0.000000000000000000 ) ) ;
#377 = DIRECTION ( 'NONE',  ( 0.7071067811865473507, -0.7071067811865475727, 0.000000000000000000 ) ) ;
#378 = AXIS2_PLACEMENT_3D ( 'NONE', #3083, #796, #1812 ) ;
#379 = LINE ( 'NONE', #1151, #2842 ) ;
#380 = ORIENTED_EDGE ( 'NONE', *, *, #702, .T. ) ;
#381 = VERTEX_POINT ( 'NONE', #1836 ) ;
#382 = PLANE ( 'NONE',  #1358 ) ;
#383 = CARTESIAN_POINT ( 'NONE',  ( -11.73779527559057634, 8.449999999999999289, -0.9719999999999998641 ) ) ;
#384 = AXIS2_PLACEMENT_3D ( 'NONE', #1322, #797, #1843 ) ;
#385 = AXIS2_PLACEMENT_3D ( 'NONE', #1426, #2952, #2903 ) ;
#386 = ORIENTED_EDGE ( 'NONE', *, *, #2588, .F. ) ;
#387 = EDGE_CURVE ( 'NONE', #1349, #263, #2066, .T. ) ;
#388 = LINE ( 'NONE', #1671, #1890 ) ;
#389 = VERTEX_POINT ( 'NONE', #1314 ) ;
#390 = LINE ( 'NONE', #407, #2260 ) ;
#391 = CARTESIAN_POINT ( 'NONE',  ( -12.60000000000000497, -9.449999999999999289, -1.770000000000000018 ) ) ;
#392 = ORIENTED_EDGE ( 'NONE', *, *, #2526, .T. ) ;
#393 = PRODUCT_DEFINITION ( 'UNKNOWN', '', #2146, #155 ) ;
#394 = LINE ( 'NONE', #1419, #214 ) ;
#395 = EDGE_CURVE ( 'NONE', #2261, #1752, #1575, .T. ) ;
#396 = DIRECTION ( 'NONE',  ( 0.7071067811865474617, 0.7071067811865474617, 0.000000000000000000 ) ) ;
#397 = LINE ( 'NONE', #1421, #975 ) ;
#398 = ORIENTED_EDGE ( 'NONE', *, *, #2733, .F. ) ;
#399 = VERTEX_POINT ( 'NONE', #1588 ) ;
#400 = DIRECTION ( 'NONE',  ( -0.7071067811865475727, 0.7071067811865475727, 0.000000000000000000 ) ) ;
#401 = VECTOR ( 'NONE', #85, 39.37007874015748854 ) ;
#402 = CARTESIAN_POINT ( 'NONE',  ( -11.73779527559057634, -8.449999999999999289, -1.645000000000000018 ) ) ;
#403 = EDGE_LOOP ( 'NONE', ( #120, #2726, #3296, #2155 ) ) ;
#404 = DIRECTION ( 'NONE',  ( 0.7071067811865476838, 0.7071067811865473507, -0.000000000000000000 ) ) ;
#405 = LINE ( 'NONE', #2891, #2636 ) ;
#406 = ORIENTED_EDGE ( 'NONE', *, *, #2845, .F. ) ;
#407 = CARTESIAN_POINT ( 'NONE',  ( -8.741913579725642299E-15, 7.704772721475252162, -1.719999999999999973 ) ) ;
#408 = CARTESIAN_POINT ( 'NONE',  ( 4.454772721475242392, 9.550000000000000711, -1.719999999999999973 ) ) ;
#409 = ORIENTED_EDGE ( 'NONE', *, *, #1106, .F. ) ;
#410 = EDGE_CURVE ( 'NONE', #1867, #669, #877, .T. ) ;
#411 = DIRECTION ( 'NONE',  ( -0.7071067811865475727, 0.7071067811865475727, 0.000000000000000000 ) ) ;
#412 = CARTESIAN_POINT ( 'NONE',  ( -10.75477272147525909, -9.449999999999999289, -1.719999999999999973 ) ) ;
#413 = DIRECTION ( 'NONE',  ( -1.000000000000000000, -0.000000000000000000, -0.000000000000000000 ) ) ;
#414 = ORIENTED_EDGE ( 'NONE', *, *, #470, .T. ) ;
#415 = VERTEX_POINT ( 'NONE', #837 ) ;
#416 = DIRECTION ( 'NONE',  ( -1.000000000000000000, 2.093734754490789434E-16, 0.000000000000000000 ) ) ;
#417 = FACE_OUTER_BOUND ( 'NONE', #3176, .T. ) ;
#418 = EDGE_CURVE ( 'NONE', #487, #1845, #775, .T. ) ;
#419 = ORIENTED_EDGE ( 'NONE', *, *, #2230, .T. ) ;
#420 = DIRECTION ( 'NONE',  ( -0.7071067811865476838, -0.7071067811865473507, 0.000000000000000000 ) ) ;
#421 = FILL_AREA_STYLE ('',( #3281 ) ) ;
#422 = ORIENTED_EDGE ( 'NONE', *, *, #820, .F. ) ;
#423 = ORIENTED_EDGE ( 'NONE', *, *, #3065, .T. ) ;
#424 = DIRECTION ( 'NONE',  ( 0.000000000000000000, -0.000000000000000000, -1.000000000000000000 ) ) ;
#425 = CARTESIAN_POINT ( 'NONE',  ( -4.454772721475258379, 3.250000000000000444, -1.719999999999999973 ) ) ;
#426 = EDGE_CURVE ( 'NONE', #2804, #183, #789, .T. ) ;
#427 = ORIENTED_EDGE ( 'NONE', *, *, #1534, .F. ) ;
#428 = ORIENTED_EDGE ( 'NONE', *, *, #631, .T. ) ;
#429 = LINE ( 'NONE', #2951, #2773 ) ;
#430 = VECTOR ( 'NONE', #614, 39.37007874015748143 ) ;
#431 = FACE_OUTER_BOUND ( 'NONE', #1491, .T. ) ;
#432 = DIRECTION ( 'NONE',  ( -0.000000000000000000, -0.000000000000000000, -1.000000000000000000 ) ) ;
#433 = VECTOR ( 'NONE', #1797, 39.37007874015748143 ) ;
#434 = ORIENTED_EDGE ( 'NONE', *, *, #705, .F. ) ;
#435 = VECTOR ( 'NONE', #2386, 39.37007874015748143 ) ;
#436 = CARTESIAN_POINT ( 'NONE',  ( 1.845227278524741221, 3.250000000000000444, -1.770000000000000018 ) ) ;
#437 = VERTEX_POINT ( 'NONE', #657 ) ;
#438 = AXIS2_PLACEMENT_3D ( 'NONE', #1949, #1882, #1932 ) ;
#439 = VECTOR ( 'NONE', #2668, 39.37007874015748854 ) ;
#440 = EDGE_LOOP ( 'NONE', ( #1249, #2774, #2992 ) ) ;
#441 = PLANE ( 'NONE',  #1021 ) ;
#442 = CARTESIAN_POINT ( 'NONE',  ( -12.60000000000000853, -1.254772721475248209, -1.719999999999999973 ) ) ;
#443 = VERTEX_POINT ( 'NONE', #853 ) ;
#444 = VERTEX_POINT ( 'NONE', #1917 ) ;
#445 = FACE_OUTER_BOUND ( 'NONE', #1770, .T. ) ;
#446 = LINE ( 'NONE', #2482, #2836 ) ;
#447 = AXIS2_PLACEMENT_3D ( 'NONE', #74, #2645, #2865 ) ;
#448 = CARTESIAN_POINT ( 'NONE',  ( -11.60000000000002451, -8.449999999999999289, -1.770000000000000018 ) ) ;
#449 = ORIENTED_EDGE ( 'NONE', *, *, #952, .F. ) ;
#450 = AXIS2_PLACEMENT_3D ( 'NONE', #815, #514, #2329 ) ;
#451 = VECTOR ( 'NONE', #891, 39.37007874015748143 ) ;
#452 = CARTESIAN_POINT ( 'NONE',  ( -12.60000000000000497, 9.449999999999999289, -1.770000000000000018 ) ) ;
#453 = EDGE_CURVE ( 'NONE', #444, #21, #1653, .T. ) ;
#454 = ORIENTED_EDGE ( 'NONE', *, *, #2624, .F. ) ;
#455 = DIRECTION ( 'NONE',  ( -0.000000000000000000, -0.000000000000000000, -1.000000000000000000 ) ) ;
#456 = EDGE_CURVE ( 'NONE', #1253, #2339, #606, .T. ) ;
#457 = EDGE_CURVE ( 'NONE', #1231, #3012, #1865, .T. ) ;
#458 = ADVANCED_FACE ( 'NONE', ( #2425 ), #137, .T. ) ;
#459 = ORIENTED_EDGE ( 'NONE', *, *, #2391, .F. ) ;
#460 = DIRECTION ( 'NONE',  ( -0.7071067811865473507, 0.7071067811865476838, 0.000000000000000000 ) ) ;
#461 = DIRECTION ( 'NONE',  ( -0.000000000000000000, -0.000000000000000000, -1.000000000000000000 ) ) ;
#462 = ORIENTED_EDGE ( 'NONE', *, *, #1839, .F. ) ;
#463 = CARTESIAN_POINT ( 'NONE',  ( 4.454772721475242392, -3.099999999999999201, -1.719999999999999973 ) ) ;
#464 = CARTESIAN_POINT ( 'NONE',  ( 8.145227278524741266, -9.449999999999999289, -1.770000000000000018 ) ) ;
#465 = CARTESIAN_POINT ( 'NONE',  ( 4.454772721475242392, 3.200000000000001510, -1.719999999999999973 ) ) ;
#466 = DIRECTION ( 'NONE',  ( -0.000000000000000000, -1.000000000000000000, -0.000000000000000000 ) ) ;
#467 = ORIENTED_EDGE ( 'NONE', *, *, #226, .T. ) ;
#468 = CARTESIAN_POINT ( 'NONE',  ( 11.60000000000002451, -8.449999999999999289, -1.645000000000000018 ) ) ;
#469 = DIRECTION ( 'NONE',  ( -0.000000000000000000, -0.000000000000000000, -1.000000000000000000 ) ) ;
#470 = EDGE_CURVE ( 'NONE', #3155, #2479, #405, .T. ) ;
#471 = ORIENTED_EDGE ( 'NONE', *, *, #3067, .T. ) ;
#472 = CARTESIAN_POINT ( 'NONE',  ( 0.000000000000000000, 0.000000000000000000, -1.770000000000000018 ) ) ;
#473 = VERTEX_POINT ( 'NONE', #1429 ) ;
#474 = CARTESIAN_POINT ( 'NONE',  ( -11.60000000000002451, 8.449999999999999289, -0.9719999999999998641 ) ) ;
#475 = EDGE_CURVE ( 'NONE', #1919, #534, #354, .T. ) ;
#476 = DIRECTION ( 'NONE',  ( -0.000000000000000000, -0.000000000000000000, -1.000000000000000000 ) ) ;
#477 = EDGE_LOOP ( 'NONE', ( #3173, #2234, #3025, #1840, #1180 ) ) ;
#478 = DIRECTION ( 'NONE',  ( 0.000000000000000000, -0.000000000000000000, -1.000000000000000000 ) ) ;
#479 = FACE_OUTER_BOUND ( 'NONE', #2855, .T. ) ;
#480 = CARTESIAN_POINT ( 'NONE',  ( -8.145227278524757253, -3.149999999999998579, -1.719999999999999973 ) ) ;
#481 = CYLINDRICAL_SURFACE ( 'NONE', #3210, 0.1377952755905512972 ) ;
#482 = EDGE_LOOP ( 'NONE', ( #1983, #232, #1706, #3101 ) ) ;
#483 = VECTOR ( 'NONE', #3256, 39.37007874015748143 ) ;
#484 = DIRECTION ( 'NONE',  ( -0.8571673007021125557, 0.000000000000000000, -0.5150380749100536004 ) ) ;
#485 = AXIS2_PLACEMENT_3D ( 'NONE', #1114, #2607, #830 ) ;
#486 = CARTESIAN_POINT ( 'NONE',  ( -6.300000000000008704, 7.704772721475252162, -1.719999999999999973 ) ) ;
#487 = VERTEX_POINT ( 'NONE', #1107 ) ;
#488 = DIRECTION ( 'NONE',  ( 0.7071067811865473507, -0.7071067811865476838, 0.000000000000000000 ) ) ;
#489 = VECTOR ( 'NONE', #2301, 39.37007874015748143 ) ;
#490 = VERTEX_POINT ( 'NONE', #152 ) ;
#491 = LINE ( 'NONE', #1010, #1024 ) ;
#492 = DIRECTION ( 'NONE',  ( -0.000000000000000000, -0.000000000000000000, -1.000000000000000000 ) ) ;
#493 = AXIS2_PLACEMENT_3D ( 'NONE', #1584, #1084, #2047 ) ;
#494 = ORIENTED_EDGE ( 'NONE', *, *, #689, .F. ) ;
#495 = EDGE_CURVE ( 'NONE', #3105, #333, #638, .T. ) ;
#496 = DIRECTION ( 'NONE',  ( -0.7071067811865473507, 0.7071067811865476838, 0.000000000000000000 ) ) ;
#497 = EDGE_CURVE ( 'NONE', #399, #1739, #388, .T. ) ;
#498 = DIRECTION ( 'NONE',  ( -1.000000000000000000, 0.000000000000000000, 0.000000000000000000 ) ) ;
#499 = LINE ( 'NONE', #1517, #3252 ) ;
#500 = CARTESIAN_POINT ( 'NONE',  ( 10.75477272147524310, -9.449999999999999289, -1.719999999999999973 ) ) ;
#501 = ORIENTED_EDGE ( 'NONE', *, *, #395, .F. ) ;
#502 = DIRECTION ( 'NONE',  ( -0.7071067811865476838, -0.7071067811865473507, 0.000000000000000000 ) ) ;
#503 = EDGE_CURVE ( 'NONE', #838, #263, #1903, .T. ) ;
#504 = DIRECTION ( 'NONE',  ( 0.7071067811865476838, 0.7071067811865473507, 0.000000000000000000 ) ) ;
#505 = VECTOR ( 'NONE', #2313, 39.37007874015748854 ) ;
#506 = VERTEX_POINT ( 'NONE', #1413 ) ;
#507 = PRESENTATION_LAYER_ASSIGNMENT (  '', '', ( #1364 ) ) ;
#508 = EDGE_CURVE ( 'NONE', #2402, #1056, #2440, .T. ) ;
#509 = ORIENTED_EDGE ( 'NONE', *, *, #616, .T. ) ;
#510 = CARTESIAN_POINT ( 'NONE',  ( -10.75477272147525909, -3.099999999999999201, -1.719999999999999973 ) ) ;
#511 = DIRECTION ( 'NONE',  ( -0.7071067811865474617, -0.7071067811865474617, 0.000000000000000000 ) ) ;
#512 = EDGE_CURVE ( 'NONE', #1946, #3225, #2387, .T. ) ;
#513 = ORIENTED_EDGE ( 'NONE', *, *, #2053, .T. ) ;
#514 = DIRECTION ( 'NONE',  ( 0.000000000000000000, 0.000000000000000000, -1.000000000000000000 ) ) ;
#515 = CARTESIAN_POINT ( 'NONE',  ( 6.299999999999990941, 7.704772721475252162, -1.719999999999999973 ) ) ;
#516 = DIRECTION ( 'NONE',  ( 0.7071067811865473507, -0.7071067811865475727, 0.000000000000000000 ) ) ;
#517 = DIRECTION ( 'NONE',  ( -0.000000000000000000, -0.000000000000000000, -1.000000000000000000 ) ) ;
#518 = ORIENTED_EDGE ( 'NONE', *, *, #203, .F. ) ;
#519 = DIRECTION ( 'NONE',  ( -0.7071067811865473507, 0.7071067811865476838, 0.000000000000000000 ) ) ;
#520 = EDGE_CURVE ( 'NONE', #1311, #711, #1887, .T. ) ;
#521 = LINE ( 'NONE', #1535, #758 ) ;
#522 = ORIENTED_EDGE ( 'NONE', *, *, #2570, .T. ) ;
#523 = DIRECTION ( 'NONE',  ( -1.000000000000000000, 2.093734754490789434E-16, 0.000000000000000000 ) ) ;
#524 = DIRECTION ( 'NONE',  ( 0.000000000000000000, -0.000000000000000000, 1.000000000000000000 ) ) ;
#525 = ORIENTED_EDGE ( 'NONE', *, *, #3168, .F. ) ;
#526 = LINE ( 'NONE', #2258, #3203 ) ;
#527 = LINE ( 'NONE', #2604, #2609 ) ;
#528 = EDGE_CURVE ( 'NONE', #721, #2547, #2620, .T. ) ;
#529 = ORIENTED_EDGE ( 'NONE', *, *, #1371, .F. ) ;
#530 = PLANE ( 'NONE',  #1518 ) ;
#531 = DIRECTION ( 'NONE',  ( 0.000000000000000000, -1.000000000000000000, 0.000000000000000000 ) ) ;
#532 = DIRECTION ( 'NONE',  ( -0.7071067811865473507, 0.7071067811865476838, 0.000000000000000000 ) ) ;
#533 = DIRECTION ( 'NONE',  ( -0.7071067811865476838, -0.7071067811865473507, 0.000000000000000000 ) ) ;
#534 = VERTEX_POINT ( 'NONE', #3204 ) ;
#535 = LINE ( 'NONE', #3031, #1623 ) ;
#536 = CARTESIAN_POINT ( 'NONE',  ( -4.454772721475258379, 3.200000000000001954, -1.719999999999999973 ) ) ;
#537 = VECTOR ( 'NONE', #143, 39.37007874015748143 ) ;
#538 = ORIENTED_EDGE ( 'NONE', *, *, #3003, .F. ) ;
#539 = AXIS2_PLACEMENT_3D ( 'NONE', #204, #1233, #733 ) ;
#540 = CARTESIAN_POINT ( 'NONE',  ( -8.045227278524757608, 9.449999999999999289, -1.770000000000000018 ) ) ;
#541 = AXIS2_PLACEMENT_3D ( 'NONE', #1457, #2466, #205 ) ;
#542 = ORIENTED_EDGE ( 'NONE', *, *, #1371, .T. ) ;
#543 = CARTESIAN_POINT ( 'NONE',  ( 11.60000000000002451, 8.449999999999999289, -1.719999999999999973 ) ) ;
#544 = DIRECTION ( 'NONE',  ( 0.7071067811865473507, -0.7071067811865476838, 0.000000000000000000 ) ) ;
#545 = VECTOR ( 'NONE', #1051, 39.37007874015748143 ) ;
#546 = EDGE_CURVE ( 'NONE', #1900, #890, #95, .T. ) ;
#547 = VECTOR ( 'NONE', #244, 39.37007874015748854 ) ;
#548 = ORIENTED_EDGE ( 'NONE', *, *, #426, .T. ) ;
#549 = LINE ( 'NONE', #2542, #2046 ) ;
#550 = CARTESIAN_POINT ( 'NONE',  ( -4.454772721475258379, 3.200000000000001954, -1.770000000000000018 ) ) ;
#551 = CARTESIAN_POINT ( 'NONE',  ( 1.845227278524741221, 3.200000000000001954, -1.719999999999999973 ) ) ;
#552 = DIRECTION ( 'NONE',  ( 0.7071067811865476838, 0.7071067811865473507, -0.000000000000000000 ) ) ;
#553 = VERTEX_POINT ( 'NONE', #923 ) ;
#554 = CARTESIAN_POINT ( 'NONE',  ( 1.845227278524741221, 3.250000000000000444, -1.719999999999999973 ) ) ;
#555 = DIRECTION ( 'NONE',  ( 1.000000000000000000, -2.093734754490789434E-16, 0.000000000000000000 ) ) ;
#556 = ORIENTED_EDGE ( 'NONE', *, *, #2, .T. ) ;
#557 = AXIS2_PLACEMENT_3D ( 'NONE', #3026, #747, #935 ) ;
#558 = LINE ( 'NONE', #1849, #184 ) ;
#559 = ORIENTED_EDGE ( 'NONE', *, *, #623, .F. ) ;
#560 = ADVANCED_FACE ( 'NONE', ( #1362 ), #1122, .F. ) ;
#561 = AXIS2_PLACEMENT_3D ( 'NONE', #119, #1142, #370 ) ;
#562 = DIRECTION ( 'NONE',  ( -0.7071067811865474617, -0.7071067811865474617, 0.000000000000000000 ) ) ;
#563 = LINE ( 'NONE', #1579, #1121 ) ;
#564 = EDGE_CURVE ( 'NONE', #1169, #1244, #2371, .T. ) ;
#565 = ORIENTED_EDGE ( 'NONE', *, *, #708, .F. ) ;
#566 = DIRECTION ( 'NONE',  ( -0.7071067811865473507, 0.7071067811865476838, 0.000000000000000000 ) ) ;
#567 = CARTESIAN_POINT ( 'NONE',  ( 1.845227278524741221, -3.149999999999997691, -1.770000000000000018 ) ) ;
#568 = CARTESIAN_POINT ( 'NONE',  ( 11.73779527559057634, 8.449999999999999289, -0.9719999999999998641 ) ) ;
#569 = PLANE ( 'NONE',  #1559 ) ;
#570 = ORIENTED_EDGE ( 'NONE', *, *, #777, .F. ) ;
#571 = DIRECTION ( 'NONE',  ( -0.7071067811865476838, -0.7071067811865473507, 0.000000000000000000 ) ) ;
#572 = DIRECTION ( 'NONE',  ( 1.000000000000000000, -2.093734754490789434E-16, 0.000000000000000000 ) ) ;
#573 = EDGE_CURVE ( 'NONE', #207, #1758, #83, .T. ) ;
#574 = CARTESIAN_POINT ( 'NONE',  ( 1.845227278524741221, 3.250000000000000444, -1.719999999999999973 ) ) ;
#575 = ORIENTED_EDGE ( 'NONE', *, *, #475, .T. ) ;
#576 = CARTESIAN_POINT ( 'NONE',  ( -10.85477272147525873, 9.449999999999999289, -1.719999999999999973 ) ) ;
#577 = ORIENTED_EDGE ( 'NONE', *, *, #2976, .F. ) ;
#578 = DIRECTION ( 'NONE',  ( -1.000000000000000000, 0.000000000000000000, 0.000000000000000000 ) ) ;
#579 = EDGE_CURVE ( 'NONE', #1349, #2653, #2721, .T. ) ;
#580 = LINE ( 'NONE', #1402, #320 ) ;
#581 = CARTESIAN_POINT ( 'NONE',  ( -1.845227278524757653, 9.550000000000000711, -1.719999999999999973 ) ) ;
#582 = DIRECTION ( 'NONE',  ( 0.7071067811865473507, -0.7071067811865476838, 0.000000000000000000 ) ) ;
#583 = ORIENTED_EDGE ( 'NONE', *, *, #920, .F. ) ;
#584 = DIRECTION ( 'NONE',  ( -1.000000000000000000, 0.000000000000000000, 0.000000000000000000 ) ) ;
#585 = DIRECTION ( 'NONE',  ( 2.093734754490789434E-16, 1.000000000000000000, -0.000000000000000000 ) ) ;
#586 = ADVANCED_FACE ( 'NONE', ( #2469 ), #940, .F. ) ;
#587 = DIRECTION ( 'NONE',  ( 2.093734754490789434E-16, 1.000000000000000000, -0.000000000000000000 ) ) ;
#588 = VERTEX_POINT ( 'NONE', #1703 ) ;
#589 = CIRCLE ( 'NONE', #2667, 0.1377952755905512972 ) ;
#590 = FACE_OUTER_BOUND ( 'NONE', #1677, .T. ) ;
#591 = VECTOR ( 'NONE', #498, 39.37007874015748143 ) ;
#592 = ORIENTED_EDGE ( 'NONE', *, *, #1399, .T. ) ;
#593 = CARTESIAN_POINT ( 'NONE',  ( -11.60000000000002451, 8.449999999999999289, -1.719999999999999973 ) ) ;
#594 = DIRECTION ( 'NONE',  ( -0.7071067811865473507, 0.7071067811865476838, 0.000000000000000000 ) ) ;
#595 = AXIS2_PLACEMENT_3D ( 'NONE', #543, #2808, #729 ) ;
#596 = LINE ( 'NONE', #2378, #1390 ) ;
#597 = CARTESIAN_POINT ( 'NONE',  ( -4.554772721475260688, 9.449999999999999289, -1.770000000000000018 ) ) ;
#598 = ADVANCED_FACE ( 'NONE', ( #1735 ), #2755, .F. ) ;
#599 = VERTEX_POINT ( 'NONE', #1951 ) ;
#600 = VECTOR ( 'NONE', #2894, 39.37007874015748143 ) ;
#601 = FACE_BOUND ( 'NONE', #1422, .T. ) ;
#602 = DIRECTION ( 'NONE',  ( 0.7071067811865473507, -0.7071067811865475727, 0.000000000000000000 ) ) ;
#603 = VECTOR ( 'NONE', #1831, 39.37007874015748854 ) ;
#604 = ORIENTED_EDGE ( 'NONE', *, *, #3087, .T. ) ;
#605 = EDGE_CURVE ( 'NONE', #2017, #1135, #738, .T. ) ;
#606 = LINE ( 'NONE', #1391, #2904 ) ;
#607 = EDGE_LOOP ( 'NONE', ( #604, #934, #3284, #162 ) ) ;
#608 = DIRECTION ( 'NONE',  ( -0.000000000000000000, -0.000000000000000000, -1.000000000000000000 ) ) ;
#609 = LINE ( 'NONE', #86, #2826 ) ;
#610 = AXIS2_PLACEMENT_3D ( 'NONE', #9, #2071, #496 ) ;
#611 = EDGE_LOOP ( 'NONE', ( #3189, #3016, #1208, #1112 ) ) ;
#612 = PLANE ( 'NONE',  #447 ) ;
#613 = CARTESIAN_POINT ( 'NONE',  ( 8.145227278524741266, 3.250000000000000444, -1.719999999999999973 ) ) ;
#614 = DIRECTION ( 'NONE',  ( -0.000000000000000000, -0.000000000000000000, -1.000000000000000000 ) ) ;
#615 = VECTOR ( 'NONE', #502, 39.37007874015748143 ) ;
#616 = EDGE_CURVE ( 'NONE', #1017, #1787, #211, .T. ) ;
#617 = VERTEX_POINT ( 'NONE', #1240 ) ;
#618 = ORIENTED_EDGE ( 'NONE', *, *, #1569, .T. ) ;
#619 = CARTESIAN_POINT ( 'NONE',  ( 0.000000000000000000, 0.000000000000000000, -1.719999999999999973 ) ) ;
#620 = CARTESIAN_POINT ( 'NONE',  ( 11.73779527559057634, 8.449999999999999289, -1.719999999999999973 ) ) ;
#621 = VERTEX_POINT ( 'NONE', #2254 ) ;
#622 = FACE_OUTER_BOUND ( 'NONE', #1888, .T. ) ;
#623 = EDGE_CURVE ( 'NONE', #2312, #913, #3222, .T. ) ;
#624 = DIRECTION ( 'NONE',  ( -0.7071067811865473507, 0.7071067811865476838, 0.000000000000000000 ) ) ;
#625 = ORIENTED_EDGE ( 'NONE', *, *, #573, .T. ) ;
#626 = DIRECTION ( 'NONE',  ( 0.000000000000000000, -1.000000000000000000, 0.000000000000000000 ) ) ;
#627 = VERTEX_POINT ( 'NONE', #436 ) ;
#628 = DIRECTION ( 'NONE',  ( -1.000000000000000000, 0.000000000000000000, 0.000000000000000000 ) ) ;
#629 = LINE ( 'NONE', #2662, #1342 ) ;
#630 =( NAMED_UNIT ( * ) PLANE_ANGLE_UNIT ( ) SI_UNIT ( $, .RADIAN. ) );
#631 = EDGE_CURVE ( 'NONE', #860, #2017, #3236, .T. ) ;
#632 = ORIENTED_EDGE ( 'NONE', *, *, #1415, .T. ) ;
#633 = ORIENTED_EDGE ( 'NONE', *, *, #122, .F. ) ;
#634 = CARTESIAN_POINT ( 'NONE',  ( 6.299999999999995381, 7.704772721475247721, -1.770000000000000018 ) ) ;
#635 = DIRECTION ( 'NONE',  ( 0.000000000000000000, 0.000000000000000000, -1.000000000000000000 ) ) ;
#636 = VERTEX_POINT ( 'NONE', #2221 ) ;
#637 = CARTESIAN_POINT ( 'NONE',  ( 6.299999999999995381, -7.604772721475247188, -1.719999999999999973 ) ) ;
#638 = LINE ( 'NONE', #2940, #24 ) ;
#639 = EDGE_CURVE ( 'NONE', #1332, #1311, #2208, .T. ) ;
#640 = ORIENTED_EDGE ( 'NONE', *, *, #1966, .F. ) ;
#641 = DIRECTION ( 'NONE',  ( -0.000000000000000000, -0.000000000000000000, -1.000000000000000000 ) ) ;
#642 = CARTESIAN_POINT ( 'NONE',  ( 12.59999999999999609, -4.995227278524752457, -1.719999999999999973 ) ) ;
#643 = VECTOR ( 'NONE', #1725, 39.37007874015748143 ) ;
#644 = ORIENTED_EDGE ( 'NONE', *, *, #1174, .T. ) ;
#645 = DIRECTION ( 'NONE',  ( 0.7071067811865476838, 0.7071067811865473507, -0.000000000000000000 ) ) ;
#646 = LINE ( 'NONE', #880, #2291 ) ;
#647 = VECTOR ( 'NONE', #2430, 39.37007874015748143 ) ;
#648 =( NAMED_UNIT ( * ) SI_UNIT ( $, .STERADIAN. ) SOLID_ANGLE_UNIT ( ) );
#649 = ORIENTED_EDGE ( 'NONE', *, *, #702, .F. ) ;
#650 = ORIENTED_EDGE ( 'NONE', *, *, #1155, .T. ) ;
#651 = VECTOR ( 'NONE', #2034, 39.37007874015748143 ) ;
#652 = CARTESIAN_POINT ( 'NONE',  ( -12.60000000000000853, -1.254772721475248209, -1.770000000000000018 ) ) ;
#653 = CARTESIAN_POINT ( 'NONE',  ( -1.845227278524757653, -3.149999999999998579, -1.719999999999999973 ) ) ;
#654 = AXIS2_PLACEMENT_3D ( 'NONE', #357, #123, #840 ) ;
#655 = ORIENTED_EDGE ( 'NONE', *, *, #943, .F. ) ;
#656 = DIRECTION ( 'NONE',  ( -0.000000000000000000, -0.000000000000000000, -1.000000000000000000 ) ) ;
#657 = CARTESIAN_POINT ( 'NONE',  ( -10.75477272147525909, 3.200000000000001954, -1.719999999999999973 ) ) ;
#658 = EDGE_CURVE ( 'NONE', #2052, #109, #954, .T. ) ;
#659 = ORIENTED_EDGE ( 'NONE', *, *, #2300, .F. ) ;
#660 = DIRECTION ( 'NONE',  ( 1.000000000000000000, 0.000000000000000000, 0.000000000000000000 ) ) ;
#661 = MANIFOLD_SOLID_BREP ( 'Mirror1', #2590 ) ;
#662 = ORIENTED_EDGE ( 'NONE', *, *, #3227, .F. ) ;
#663 = LINE ( 'NONE', #894, #3037 ) ;
#664 = EDGE_CURVE ( 'NONE', #621, #2149, #675, .T. ) ;
#665 = CARTESIAN_POINT ( 'NONE',  ( -6.300000000000004263, 7.704772721475247721, -1.719999999999999973 ) ) ;
#666 =( CONVERSION_BASED_UNIT ( 'INCH', #3179 ) LENGTH_UNIT ( ) NAMED_UNIT ( #1123 ) );
#667 = AXIS2_PLACEMENT_3D ( 'NONE', #2343, #1048, #2558 ) ;
#668 = ORIENTED_EDGE ( 'NONE', *, *, #512, .F. ) ;
#669 = VERTEX_POINT ( 'NONE', #170 ) ;
#670 = LINE ( 'NONE', #2495, #2238 ) ;
#671 =( GEOMETRIC_REPRESENTATION_CONTEXT ( 3 ) GLOBAL_UNCERTAINTY_ASSIGNED_CONTEXT ( ( #2861 ) ) GLOBAL_UNIT_ASSIGNED_CONTEXT ( ( #2500, #3266, #2270 ) ) REPRESENTATION_CONTEXT ( 'NONE', 'WORKASPACE' ) );
#672 = DIRECTION ( 'NONE',  ( -1.000000000000000000, 0.000000000000000000, 0.000000000000000000 ) ) ;
#673 = VERTEX_POINT ( 'NONE', #1193 ) ;
#674 = DIRECTION ( 'NONE',  ( -0.000000000000000000, -0.000000000000000000, -1.000000000000000000 ) ) ;
#675 = LINE ( 'NONE', #1443, #937 ) ;
#676 = ORIENTED_EDGE ( 'NONE', *, *, #1608, .F. ) ;
#677 = EDGE_CURVE ( 'NONE', #1244, #235, #1162, .T. ) ;
#678 = EDGE_LOOP ( 'NONE', ( #2088, #1704, #459, #3062 ) ) ;
#679 = DIRECTION ( 'NONE',  ( -0.000000000000000000, -0.000000000000000000, -1.000000000000000000 ) ) ;
#680 = CARTESIAN_POINT ( 'NONE',  ( -8.145227278524757253, -3.099999999999999201, -1.719999999999999973 ) ) ;
#681 = LINE ( 'NONE', #2165, #3154 ) ;
#682 = ORIENTED_EDGE ( 'NONE', *, *, #3223, .F. ) ;
#683 = EDGE_LOOP ( 'NONE', ( #2680, #947, #2762, #790 ) ) ;
#684 = LINE ( 'NONE', #1698, #1394 ) ;
#685 = CARTESIAN_POINT ( 'NONE',  ( 12.59999999999999609, -9.449999999999999289, -1.770000000000000018 ) ) ;
#686 = EDGE_LOOP ( 'NONE', ( #1533, #513, #1003 ) ) ;
#687 = SURFACE_SIDE_STYLE ('',( #3018 ) ) ;
#688 = ORIENTED_EDGE ( 'NONE', *, *, #2457, .T. ) ;
#689 = EDGE_CURVE ( 'NONE', #3195, #1062, #1125, .T. ) ;
#690 = ORIENTED_EDGE ( 'NONE', *, *, #243, .F. ) ;
#691 = DIRECTION ( 'NONE',  ( -0.7071067811865473507, 0.7071067811865476838, 0.000000000000000000 ) ) ;
#692 = LINE ( 'NONE', #442, #2771 ) ;
#693 = VECTOR ( 'NONE', #1826, 39.37007874015748143 ) ;
#694 = ORIENTED_EDGE ( 'NONE', *, *, #1088, .T. ) ;
#695 = ORIENTED_EDGE ( 'NONE', *, *, #2374, .T. ) ;
#696 = DIRECTION ( 'NONE',  ( 0.7071067811865476838, 0.7071067811865473507, -0.000000000000000000 ) ) ;
#697 = CIRCLE ( 'NONE', #1551, 0.1377952755905512972 ) ;
#698 = LINE ( 'NONE', #1220, #1403 ) ;
#699 = EDGE_CURVE ( 'NONE', #2299, #1346, #2910, .T. ) ;
#700 = FACE_OUTER_BOUND ( 'NONE', #178, .T. ) ;
#701 = VECTOR ( 'NONE', #2918, 39.37007874015748143 ) ;
#702 = EDGE_CURVE ( 'NONE', #1933, #1739, #372, .T. ) ;
#703 = ORIENTED_EDGE ( 'NONE', *, *, #1895, .F. ) ;
#704 = AXIS2_PLACEMENT_3D ( 'NONE', #3186, #674, #151 ) ;
#705 = EDGE_CURVE ( 'NONE', #1696, #2583, #390, .T. ) ;
#706 = VECTOR ( 'NONE', #149, 39.37007874015748143 ) ;
#707 = DIRECTION ( 'NONE',  ( -0.7071067811865476838, -0.7071067811865473507, 0.000000000000000000 ) ) ;
#708 = EDGE_CURVE ( 'NONE', #3089, #3229, #1109, .T. ) ;
#709 = ORIENTED_EDGE ( 'NONE', *, *, #352, .T. ) ;
#710 = CIRCLE ( 'NONE', #1352, 0.1377952755905512972 ) ;
#711 = VERTEX_POINT ( 'NONE', #1889 ) ;
#712 = CARTESIAN_POINT ( 'NONE',  ( -11.60000000000002451, 8.449999999999999289, -1.719999999999999973 ) ) ;
#713 = DIRECTION ( 'NONE',  ( -0.7071067811865476838, -0.7071067811865473507, 0.000000000000000000 ) ) ;
#714 = ORIENTED_EDGE ( 'NONE', *, *, #3043, .T. ) ;
#715 = ORIENTED_EDGE ( 'NONE', *, *, #1404, .F. ) ;
#716 = CARTESIAN_POINT ( 'NONE',  ( 11.60000000000002451, 8.449999999999999289, -0.9719999999999998641 ) ) ;
#717 = EDGE_CURVE ( 'NONE', #389, #2917, #3136, .T. ) ;
#718 = PLANE ( 'NONE',  #1972 ) ;
#719 = AXIS2_PLACEMENT_3D ( 'NONE', #2606, #3125, #2878 ) ;
#720 = CARTESIAN_POINT ( 'NONE',  ( 4.454772721475242392, -3.099999999999999201, -1.770000000000000018 ) ) ;
#721 = VERTEX_POINT ( 'NONE', #2657 ) ;
#722 = CIRCLE ( 'NONE', #2581, 0.1377952755905512972 ) ;
#723 = CARTESIAN_POINT ( 'NONE',  ( 4.454772721475242392, -3.149999999999998579, -1.770000000000000018 ) ) ;
#724 = VECTOR ( 'NONE', #297, 39.37007874015748143 ) ;
#725 = DIRECTION ( 'NONE',  ( -0.7071067811865474617, -0.7071067811865474617, 0.000000000000000000 ) ) ;
#726 = ORIENTED_EDGE ( 'NONE', *, *, #1966, .T. ) ;
#727 = ADVANCED_FACE ( 'NONE', ( #2389 ), #1144, .F. ) ;
#728 = VERTEX_POINT ( 'NONE', #2139 ) ;
#729 = DIRECTION ( 'NONE',  ( -1.000000000000000000, 0.000000000000000000, 0.000000000000000000 ) ) ;
#730 = FACE_OUTER_BOUND ( 'NONE', #1482, .T. ) ;
#731 = ORIENTED_EDGE ( 'NONE', *, *, #3063, .T. ) ;
#732 = PLANE ( 'NONE',  #769 ) ;
#733 = DIRECTION ( 'NONE',  ( -1.000000000000000000, 0.000000000000000000, 0.000000000000000000 ) ) ;
#734 = CARTESIAN_POINT ( 'NONE',  ( 10.75477272147524310, 3.200000000000001510, -1.719999999999999973 ) ) ;
#735 = CARTESIAN_POINT ( 'NONE',  ( -12.60000000000000497, -9.449999999999999289, -1.770000000000000018 ) ) ;
#736 = ORIENTED_EDGE ( 'NONE', *, *, #1636, .T. ) ;
#737 = DIRECTION ( 'NONE',  ( -1.000000000000000000, 0.000000000000000000, 0.000000000000000000 ) ) ;
#738 = LINE ( 'NONE', #486, #1254 ) ;
#739 = EDGE_LOOP ( 'NONE', ( #1711, #2271, #285, #3051 ) ) ;
#740 = DIRECTION ( 'NONE',  ( -1.000000000000000000, 0.000000000000000000, 0.000000000000000000 ) ) ;
#741 = EDGE_CURVE ( 'NONE', #2407, #1269, #1868, .T. ) ;
#742 = EDGE_CURVE ( 'NONE', #1269, #1952, #1177, .T. ) ;
#743 = ORIENTED_EDGE ( 'NONE', *, *, #3067, .F. ) ;
#744 = DIRECTION ( 'NONE',  ( -1.000000000000000000, 0.000000000000000000, 0.000000000000000000 ) ) ;
#745 = PLANE ( 'NONE',  #3143 ) ;
#746 = ORIENTED_EDGE ( 'NONE', *, *, #1196, .T. ) ;
#747 = DIRECTION ( 'NONE',  ( 0.7071067811865473507, -0.7071067811865476838, 0.000000000000000000 ) ) ;
#748 = CARTESIAN_POINT ( 'NONE',  ( 12.59999999999999609, 7.704772721475247721, -1.770000000000000018 ) ) ;
#749 = DIRECTION ( 'NONE',  ( 0.7071067811865473507, -0.7071067811865476838, 0.000000000000000000 ) ) ;
#750 = LINE ( 'NONE', #1762, #2085 ) ;
#751 = EDGE_LOOP ( 'NONE', ( #1649, #317, #1379, #3034 ) ) ;
#752 = VECTOR ( 'NONE', #2965, 39.37007874015748143 ) ;
#753 = DIRECTION ( 'NONE',  ( -1.000000000000000000, 0.000000000000000000, 0.000000000000000000 ) ) ;
#754 = CARTESIAN_POINT ( 'NONE',  ( 12.59999999999999609, -4.995227278524752457, -1.719999999999999973 ) ) ;
#755 = ORIENTED_EDGE ( 'NONE', *, *, #2856, .T. ) ;
#756 = VECTOR ( 'NONE', #420, 39.37007874015748143 ) ;
#757 = EDGE_CURVE ( 'NONE', #2811, #443, #2641, .T. ) ;
#758 = VECTOR ( 'NONE', #2051, 39.37007874015748143 ) ;
#759 = ORIENTED_EDGE ( 'NONE', *, *, #19, .F. ) ;
#760 = CARTESIAN_POINT ( 'NONE',  ( 4.454772721475242392, -3.149999999999998579, -1.719999999999999973 ) ) ;
#761 = CARTESIAN_POINT ( 'NONE',  ( 0.000000000000000000, 0.000000000000000000, -1.770000000000000018 ) ) ;
#762 = VERTEX_POINT ( 'NONE', #1377 ) ;
#763 = CARTESIAN_POINT ( 'NONE',  ( -12.60000000000000497, -9.449999999999999289, -1.770000000000000018 ) ) ;
#764 = EDGE_CURVE ( 'NONE', #415, #1466, #97, .T. ) ;
#765 = CARTESIAN_POINT ( 'NONE',  ( -6.300000000000004263, 5.095227278524752990, -1.770000000000000018 ) ) ;
#766 = CARTESIAN_POINT ( 'NONE',  ( 8.145227278524741266, 3.250000000000000444, -1.770000000000000018 ) ) ;
#767 = LINE ( 'NONE', #735, #1666 ) ;
#768 = ORIENTED_EDGE ( 'NONE', *, *, #528, .T. ) ;
#769 = AXIS2_PLACEMENT_3D ( 'NONE', #463, #3273, #2007 ) ;
#770 = LINE ( 'NONE', #2499, #1459 ) ;
#771 = AXIS2_PLACEMENT_3D ( 'NONE', #247, #2602, #1805 ) ;
#772 = VERTEX_POINT ( 'NONE', #2533 ) ;
#773 = ORIENTED_EDGE ( 'NONE', *, *, #1707, .T. ) ;
#774 = AXIS2_PLACEMENT_3D ( 'NONE', #823, #2054, #3056 ) ;
#775 = LINE ( 'NONE', #2873, #346 ) ;
#776 = ORIENTED_EDGE ( 'NONE', *, *, #677, .F. ) ;
#777 = EDGE_CURVE ( 'NONE', #2498, #2971, #535, .T. ) ;
#778 = CARTESIAN_POINT ( 'NONE',  ( -1.845227278524757653, 3.200000000000001510, -1.770000000000000018 ) ) ;
#779 = CARTESIAN_POINT ( 'NONE',  ( 0.000000000000000000, 0.000000000000000000, -1.770000000000000018 ) ) ;
#780 = ORIENTED_EDGE ( 'NONE', *, *, #3050, .F. ) ;
#781 = DIRECTION ( 'NONE',  ( -1.000000000000000000, 0.000000000000000000, 0.000000000000000000 ) ) ;
#782 = FACE_OUTER_BOUND ( 'NONE', #1356, .T. ) ;
#783 = CARTESIAN_POINT ( 'NONE',  ( -6.300000000000008704, -1.254772721475248209, -1.719999999999999973 ) ) ;
#784 = CARTESIAN_POINT ( 'NONE',  ( -8.741913579725642299E-15, 1.354772721475252073, -1.770000000000000018 ) ) ;
#785 = ORIENTED_EDGE ( 'NONE', *, *, #2908, .F. ) ;
#786 = CARTESIAN_POINT ( 'NONE',  ( -11.73659041599845487, -8.468182305476803506, -1.770000000000000018 ) ) ;
#787 = EDGE_LOOP ( 'NONE', ( #3144, #2895, #3282, #688 ) ) ;
#788 = EDGE_CURVE ( 'NONE', #1418, #669, #1784, .T. ) ;
#789 = LINE ( 'NONE', #2824, #1093 ) ;
#790 = ORIENTED_EDGE ( 'NONE', *, *, #2708, .T. ) ;
#791 = ADVANCED_FACE ( 'NONE', ( #241 ), #260, .F. ) ;
#792 = DIRECTION ( 'NONE',  ( -0.7071067811865473507, 0.7071067811865476838, 0.000000000000000000 ) ) ;
#793 = CARTESIAN_POINT ( 'NONE',  ( 11.60000000000002451, 8.449999999999999289, -1.719999999999999973 ) ) ;
#794 = VERTEX_POINT ( 'NONE', #2283 ) ;
#795 = CARTESIAN_POINT ( 'NONE',  ( -4.454772721475258379, -3.099999999999999201, -1.719999999999999973 ) ) ;
#796 = DIRECTION ( 'NONE',  ( 0.000000000000000000, 0.000000000000000000, -1.000000000000000000 ) ) ;
#797 = DIRECTION ( 'NONE',  ( 0.000000000000000000, -1.000000000000000000, 0.000000000000000000 ) ) ;
#798 = CARTESIAN_POINT ( 'NONE',  ( -12.60000000000000853, 1.354772721475252073, -1.719999999999999973 ) ) ;
#799 = ORIENTED_EDGE ( 'NONE', *, *, #977, .T. ) ;
#800 = CARTESIAN_POINT ( 'NONE',  ( -4.370956789862821150E-15, -7.604772721475247188, -1.719999999999999973 ) ) ;
#801 = ADVANCED_FACE ( 'NONE', ( #3294 ), #33, .F. ) ;
#802 = CARTESIAN_POINT ( 'NONE',  ( -10.75477272147525909, -3.149999999999997691, -1.770000000000000018 ) ) ;
#803 = VECTOR ( 'NONE', #396, 39.37007874015748854 ) ;
#804 = EDGE_CURVE ( 'NONE', #1366, #1213, #722, .T. ) ;
#805 = ORIENTED_EDGE ( 'NONE', *, *, #1439, .T. ) ;
#806 = EDGE_CURVE ( 'NONE', #1445, #961, #2585, .T. ) ;
#807 = AXIS2_PLACEMENT_3D ( 'NONE', #1014, #1777, #376 ) ;
#808 = CARTESIAN_POINT ( 'NONE',  ( -6.300000000000004263, -1.254772721475247099, -1.719999999999999973 ) ) ;
#809 = VECTOR ( 'NONE', #1771, 39.37007874015748854 ) ;
#810 = ORIENTED_EDGE ( 'NONE', *, *, #2925, .T. ) ;
#811 = LINE ( 'NONE', #2671, #2617 ) ;
#812 = CARTESIAN_POINT ( 'NONE',  ( -1.845227278524757653, -9.449999999999999289, -1.770000000000000018 ) ) ;
#813 = VECTOR ( 'NONE', #885, 39.37007874015748854 ) ;
#814 = ORIENTED_EDGE ( 'NONE', *, *, #2718, .T. ) ;
#815 = CARTESIAN_POINT ( 'NONE',  ( 0.000000000000000000, 0.000000000000000000, -1.770000000000000018 ) ) ;
#816 = DIRECTION ( 'NONE',  ( -0.000000000000000000, -0.000000000000000000, -1.000000000000000000 ) ) ;
#817 = DIRECTION ( 'NONE',  ( 0.7071067811865476838, 0.7071067811865473507, -0.000000000000000000 ) ) ;
#818 = FACE_OUTER_BOUND ( 'NONE', #2463, .T. ) ;
#819 = ORIENTED_EDGE ( 'NONE', *, *, #2638, .T. ) ;
#820 = EDGE_CURVE ( 'NONE', #2707, #3089, #312, .T. ) ;
#821 = DIRECTION ( 'NONE',  ( 0.7071067811865473507, -0.7071067811865475727, 0.000000000000000000 ) ) ;
#822 = ORIENTED_EDGE ( 'NONE', *, *, #1313, .T. ) ;
#823 = CARTESIAN_POINT ( 'NONE',  ( 8.145227278524741266, 3.200000000000001954, -1.719999999999999973 ) ) ;
#824 = EDGE_CURVE ( 'NONE', #1946, #2434, #2050, .T. ) ;
#825 = ORIENTED_EDGE ( 'NONE', *, *, #100, .T. ) ;
#826 = VECTOR ( 'NONE', #624, 39.37007874015748143 ) ;
#827 = DIRECTION ( 'NONE',  ( -0.7071067811865476838, -0.7071067811865473507, 0.000000000000000000 ) ) ;
#828 = VERTEX_POINT ( 'NONE', #2382 ) ;
#829 = CARTESIAN_POINT ( 'NONE',  ( -8.145227278524757253, 3.200000000000001510, -1.719999999999999973 ) ) ;
#830 = DIRECTION ( 'NONE',  ( 0.7071067811865476838, 0.7071067811865473507, 0.000000000000000000 ) ) ;
#831 = PLANE ( 'NONE',  #2502 ) ;
#832 = DIRECTION ( 'NONE',  ( -0.7071067811865475727, 0.7071067811865475727, 0.000000000000000000 ) ) ;
#833 = ORIENTED_EDGE ( 'NONE', *, *, #852, .T. ) ;
#834 = EDGE_CURVE ( 'NONE', #3220, #355, #92, .T. ) ;
#835 = LINE ( 'NONE', #1118, #290 ) ;
#836 = FACE_OUTER_BOUND ( 'NONE', #2244, .T. ) ;
#837 = CARTESIAN_POINT ( 'NONE',  ( 12.59999999999999609, 5.095227278524752990, -1.770000000000000018 ) ) ;
#838 = VERTEX_POINT ( 'NONE', #2168 ) ;
#839 = ADVANCED_FACE ( 'NONE', ( #66, #601, #1340 ), #1086, .T. ) ;
#840 = DIRECTION ( 'NONE',  ( 0.7071067811865476838, 0.7071067811865473507, 0.000000000000000000 ) ) ;
#841 = EDGE_CURVE ( 'NONE', #874, #1120, #3130, .T. ) ;
#842 = ORIENTED_EDGE ( 'NONE', *, *, #1678, .F. ) ;
#843 = CARTESIAN_POINT ( 'NONE',  ( 12.59999999999999609, 7.704772721475247721, -1.719999999999999973 ) ) ;
#844 = CARTESIAN_POINT ( 'NONE',  ( 11.73779527559057634, -8.449999999999999289, -1.770000000000000018 ) ) ;
#845 = DIRECTION ( 'NONE',  ( -1.000000000000000000, 0.000000000000000000, 0.000000000000000000 ) ) ;
#846 = CARTESIAN_POINT ( 'NONE',  ( -1.845227278524757653, -3.149999999999998579, -1.719999999999999973 ) ) ;
#847 = EDGE_CURVE ( 'NONE', #1006, #41, #1631, .T. ) ;
#848 = EDGE_LOOP ( 'NONE', ( #2348, #1592, #2216, #556 ) ) ;
#849 = DIRECTION ( 'NONE',  ( 0.7071067811865473507, -0.7071067811865475727, 0.000000000000000000 ) ) ;
#850 = CARTESIAN_POINT ( 'NONE',  ( 10.75477272147524310, 3.250000000000000444, -1.719999999999999973 ) ) ;
#851 = ORIENTED_EDGE ( 'NONE', *, *, #1157, .F. ) ;
#852 = EDGE_CURVE ( 'NONE', #3195, #1225, #1574, .T. ) ;
#853 = CARTESIAN_POINT ( 'NONE',  ( 12.59999999999999609, -7.604772721475247188, -1.770000000000000018 ) ) ;
#854 = ORIENTED_EDGE ( 'NONE', *, *, #1754, .F. ) ;
#855 = CARTESIAN_POINT ( 'NONE',  ( 1.845227278524741221, -3.099999999999999201, -1.719999999999999973 ) ) ;
#856 = VECTOR ( 'NONE', #1099, 39.37007874015748143 ) ;
#857 = EDGE_CURVE ( 'NONE', #1900, #2979, #835, .T. ) ;
#858 = DIRECTION ( 'NONE',  ( 0.000000000000000000, -0.000000000000000000, -1.000000000000000000 ) ) ;
#859 = VECTOR ( 'NONE', #1924, 39.37007874015748143 ) ;
#860 = VERTEX_POINT ( 'NONE', #3147 ) ;
#861 = CARTESIAN_POINT ( 'NONE',  ( -6.300000000000004263, 1.354772721475247632, -1.770000000000000018 ) ) ;
#862 = CARTESIAN_POINT ( 'NONE',  ( 8.145227278524741266, -3.099999999999999201, -1.770000000000000018 ) ) ;
#863 = AXIS2_PLACEMENT_3D ( 'NONE', #1245, #1542, #792 ) ;
#864 = CARTESIAN_POINT ( 'NONE',  ( -10.75477272147525909, -9.449999999999999289, -1.770000000000000018 ) ) ;
#865 = ORIENTED_EDGE ( 'NONE', *, *, #967, .F. ) ;
#866 = EDGE_CURVE ( 'NONE', #2979, #1225, #869, .T. ) ;
#867 = ORIENTED_EDGE ( 'NONE', *, *, #2374, .F. ) ;
#868 = AXIS2_PLACEMENT_3D ( 'NONE', #391, #1675, #140 ) ;
#869 = LINE ( 'NONE', #1881, #2160 ) ;
#870 = CARTESIAN_POINT ( 'NONE',  ( -8.145227278524757253, 3.200000000000001510, -1.770000000000000018 ) ) ;
#871 = ORIENTED_EDGE ( 'NONE', *, *, #1385, .F. ) ;
#872 = CARTESIAN_POINT ( 'NONE',  ( 10.75477272147524310, -3.099999999999999201, -1.719999999999999973 ) ) ;
#873 = CARTESIAN_POINT ( 'NONE',  ( -12.60000000000000497, 9.449999999999999289, -1.770000000000000018 ) ) ;
#874 = VERTEX_POINT ( 'NONE', #634 ) ;
#875 = VECTOR ( 'NONE', #2022, 39.37007874015748143 ) ;
#876 = CARTESIAN_POINT ( 'NONE',  ( 6.299999999999995381, 5.095227278524752990, -1.719999999999999973 ) ) ;
#877 = CIRCLE ( 'NONE', #1783, 0.1377952755905512972 ) ;
#878 = ORIENTED_EDGE ( 'NONE', *, *, #2741, .T. ) ;
#879 = CARTESIAN_POINT ( 'NONE',  ( 12.59999999999999609, 9.449999999999999289, -1.770000000000000018 ) ) ;
#880 = CARTESIAN_POINT ( 'NONE',  ( -1.845227278524757653, 9.550000000000000711, -1.770000000000000018 ) ) ;
#881 = AXIS2_PLACEMENT_3D ( 'NONE', #800, #1307, #2321 ) ;
#882 = ORIENTED_EDGE ( 'NONE', *, *, #1878, .F. ) ;
#883 = ORIENTED_EDGE ( 'NONE', *, *, #2106, .F. ) ;
#884 = CARTESIAN_POINT ( 'NONE',  ( 12.59999999999999609, -9.449999999999999289, 0.000000000000000000 ) ) ;
#885 = DIRECTION ( 'NONE',  ( 0.7071067811865473507, -0.7071067811865475727, 0.000000000000000000 ) ) ;
#886 = EDGE_LOOP ( 'NONE', ( #3206, #1521, #2220, #1483, #2067, #518, #1085, #1374 ) ) ;
#887 = CARTESIAN_POINT ( 'NONE',  ( -12.60000000000000853, -4.995227278524748016, -1.719999999999999973 ) ) ;
#888 = DIRECTION ( 'NONE',  ( 1.000000000000000000, 0.000000000000000000, 0.000000000000000000 ) ) ;
#889 = EDGE_CURVE ( 'NONE', #207, #1747, #2095, .T. ) ;
#890 = VERTEX_POINT ( 'NONE', #2419 ) ;
#891 = DIRECTION ( 'NONE',  ( -1.000000000000000000, -0.000000000000000000, -0.000000000000000000 ) ) ;
#892 = PLANE ( 'NONE',  #654 ) ;
#893 = ORIENTED_EDGE ( 'NONE', *, *, #2631, .F. ) ;
#894 = CARTESIAN_POINT ( 'NONE',  ( 8.145227278524741266, -9.449999999999999289, -1.719999999999999973 ) ) ;
#895 = CARTESIAN_POINT ( 'NONE',  ( 10.75477272147524310, -3.099999999999999201, -1.770000000000000018 ) ) ;
#896 = ORIENTED_EDGE ( 'NONE', *, *, #2526, .F. ) ;
#897 = ORIENTED_EDGE ( 'NONE', *, *, #368, .T. ) ;
#898 = DIRECTION ( 'NONE',  ( 0.000000000000000000, 0.000000000000000000, -1.000000000000000000 ) ) ;
#899 = DIRECTION ( 'NONE',  ( -0.000000000000000000, -0.000000000000000000, -1.000000000000000000 ) ) ;
#900 = ORIENTED_EDGE ( 'NONE', *, *, #1953, .T. ) ;
#901 = FACE_OUTER_BOUND ( 'NONE', #686, .T. ) ;
#902 = EDGE_CURVE ( 'NONE', #2487, #1231, #2886, .T. ) ;
#903 = CARTESIAN_POINT ( 'NONE',  ( -8.145227278524757253, -3.099999999999999201, -1.770000000000000018 ) ) ;
#904 = ORIENTED_EDGE ( 'NONE', *, *, #2976, .T. ) ;
#905 = ADVANCED_FACE ( 'NONE', ( #1667 ), #3117, .T. ) ;
#906 = DIRECTION ( 'NONE',  ( 0.7071067811865473507, -0.7071067811865476838, 0.000000000000000000 ) ) ;
#907 = LINE ( 'NONE', #373, #2991 ) ;
#908 = AXIS2_PLACEMENT_3D ( 'NONE', #2259, #1216, #3010 ) ;
#909 = ORIENTED_EDGE ( 'NONE', *, *, #1211, .F. ) ;
#910 = CARTESIAN_POINT ( 'NONE',  ( -10.75477272147525909, -9.449999999999999289, -1.719999999999999973 ) ) ;
#911 = FACE_OUTER_BOUND ( 'NONE', #128, .T. ) ;
#912 = VECTOR ( 'NONE', #1643, 39.37007874015748143 ) ;
#913 = VERTEX_POINT ( 'NONE', #652 ) ;
#914 = VERTEX_POINT ( 'NONE', #1154 ) ;
#915 = VECTOR ( 'NONE', #218, 39.37007874015748143 ) ;
#916 = DIRECTION ( 'NONE',  ( 1.000000000000000000, -2.093734754490789434E-16, 0.000000000000000000 ) ) ;
#917 = LINE ( 'NONE', #870, #813 ) ;
#918 = VECTOR ( 'NONE', #572, 39.37007874015748143 ) ;
#919 = ORIENTED_EDGE ( 'NONE', *, *, #2718, .F. ) ;
#920 = EDGE_CURVE ( 'NONE', #1702, #621, #2651, .T. ) ;
#921 = FACE_OUTER_BOUND ( 'NONE', #611, .T. ) ;
#922 = AXIS2_PLACEMENT_3D ( 'NONE', #2092, #1799, #582 ) ;
#923 = CARTESIAN_POINT ( 'NONE',  ( -10.75477272147525909, -3.099999999999999201, -1.719999999999999973 ) ) ;
#924 = ORIENTED_EDGE ( 'NONE', *, *, #2908, .T. ) ;
#925 = VECTOR ( 'NONE', #3165, 39.37007874015748143 ) ;
#926 = PLANE ( 'NONE',  #2248 ) ;
#927 = ADVANCED_FACE ( 'NONE', ( #1599 ), #382, .F. ) ;
#928 = ORIENTED_EDGE ( 'NONE', *, *, #857, .T. ) ;
#929 = EDGE_CURVE ( 'NONE', #890, #2979, #335, .T. ) ;
#930 = CARTESIAN_POINT ( 'NONE',  ( -4.454772721475258379, 3.250000000000000444, -1.719999999999999973 ) ) ;
#931 = LINE ( 'NONE', #425, #1283 ) ;
#932 =( LENGTH_UNIT ( ) NAMED_UNIT ( * ) SI_UNIT ( $, .METRE. ) );
#933 = AXIS2_PLACEMENT_3D ( 'NONE', #593, #1610, #578 ) ;
#934 = ORIENTED_EDGE ( 'NONE', *, *, #573, .F. ) ;
#935 = DIRECTION ( 'NONE',  ( 0.7071067811865476838, 0.7071067811865473507, 0.000000000000000000 ) ) ;
#936 = DIRECTION ( 'NONE',  ( -0.000000000000000000, -0.000000000000000000, -1.000000000000000000 ) ) ;
#937 = VECTOR ( 'NONE', #2453, 39.37007874015748143 ) ;
#938 = CARTESIAN_POINT ( 'NONE',  ( 8.045227278524743397, 9.449999999999999289, -1.770000000000000018 ) ) ;
#939 = ORIENTED_EDGE ( 'NONE', *, *, #2414, .T. ) ;
#940 = PLANE ( 'NONE',  #1990 ) ;
#941 = VERTEX_POINT ( 'NONE', #2398 ) ;
#942 = ORIENTED_EDGE ( 'NONE', *, *, #3283, .F. ) ;
#943 = EDGE_CURVE ( 'NONE', #473, #1845, #112, .T. ) ;
#944 = DIRECTION ( 'NONE',  ( -0.000000000000000000, -0.000000000000000000, -1.000000000000000000 ) ) ;
#945 = FACE_OUTER_BOUND ( 'NONE', #1884, .T. ) ;
#946 = EDGE_CURVE ( 'NONE', #1965, #1768, #1898, .T. ) ;
#947 = ORIENTED_EDGE ( 'NONE', *, *, #528, .F. ) ;
#948 = LINE ( 'NONE', #3242, #2002 ) ;
#949 = DIRECTION ( 'NONE',  ( -1.000000000000000000, 0.000000000000000000, 0.000000000000000000 ) ) ;
#950 = DIRECTION ( 'NONE',  ( 0.7071067811865476838, 0.7071067811865473507, 0.000000000000000000 ) ) ;
#951 = DIRECTION ( 'NONE',  ( -0.7071067811865473507, 0.7071067811865476838, 0.000000000000000000 ) ) ;
#952 = EDGE_CURVE ( 'NONE', #2029, #399, #1647, .T. ) ;
#953 = EDGE_LOOP ( 'NONE', ( #359, #2816, #900, #1195, #1383, #2975, #2484, #1719, #2418, #825, #726, #1837, #3001, #2190, #2364, #3011, #26, #731, #2950, #878, #3004, #186, #3108, #2058, #819, #2664, #53, #94, #87, #1750, #2292, #3263, #2041, #2070 ) ) ;
#954 = LINE ( 'NONE', #2988, #3114 ) ;
#955 = ORIENTED_EDGE ( 'NONE', *, *, #1953, .F. ) ;
#956 = ORIENTED_EDGE ( 'NONE', *, *, #1839, .T. ) ;
#957 = ADVANCED_FACE ( 'NONE', ( #445 ), #1744, .F. ) ;
#958 = PLANE ( 'NONE',  #2295 ) ;
#959 = CARTESIAN_POINT ( 'NONE',  ( -12.60000000000000853, -4.995227278524748016, -1.719999999999999973 ) ) ;
#960 = VECTOR ( 'NONE', #2390, 39.37007874015748143 ) ;
#961 = VERTEX_POINT ( 'NONE', #1484 ) ;
#962 = FACE_OUTER_BOUND ( 'NONE', #751, .T. ) ;
#963 = FACE_OUTER_BOUND ( 'NONE', #1737, .T. ) ;
#964 = VECTOR ( 'NONE', #936, 39.37007874015748143 ) ;
#965 = FACE_OUTER_BOUND ( 'NONE', #1489, .T. ) ;
#966 = DIRECTION ( 'NONE',  ( -1.000000000000000000, 0.000000000000000000, 0.000000000000000000 ) ) ;
#967 = EDGE_CURVE ( 'NONE', #1845, #351, #1425, .T. ) ;
#968 = AXIS2_PLACEMENT_3D ( 'NONE', #1745, #1961, #2982 ) ;
#969 = ORIENTED_EDGE ( 'NONE', *, *, #3133, .F. ) ;
#970 = AXIS2_PLACEMENT_3D ( 'NONE', #3028, #749, #1761 ) ;
#971 = VECTOR ( 'NONE', #1104, 39.37007874015748854 ) ;
#972 = DIRECTION ( 'NONE',  ( 0.7071067811865474617, 0.7071067811865474617, 0.000000000000000000 ) ) ;
#973 = VERTEX_POINT ( 'NONE', #464 ) ;
#974 = DIRECTION ( 'NONE',  ( 2.093734754490789434E-16, 1.000000000000000000, -0.000000000000000000 ) ) ;
#975 = VECTOR ( 'NONE', #413, 39.37007874015748143 ) ;
#976 = ORIENTED_EDGE ( 'NONE', *, *, #757, .T. ) ;
#977 = EDGE_CURVE ( 'NONE', #3238, #1910, #429, .T. ) ;
#978 = CYLINDRICAL_SURFACE ( 'NONE', #1818, 0.1377952755905512972 ) ;
#979 = PLANE ( 'NONE',  #1705 ) ;
#980 = ORIENTED_EDGE ( 'NONE', *, *, #1520, .F. ) ;
#981 = DIRECTION ( 'NONE',  ( 0.7071067811865473507, -0.7071067811865475727, 0.000000000000000000 ) ) ;
#982 = LINE ( 'NONE', #1993, #1072 ) ;
#983 = CARTESIAN_POINT ( 'NONE',  ( -10.75477272147525909, -9.449999999999999289, -1.719999999999999973 ) ) ;
#984 = LINE ( 'NONE', #1997, #1192 ) ;
#985 = ORIENTED_EDGE ( 'NONE', *, *, #2310, .T. ) ;
#986 = AXIS2_PLACEMENT_3D ( 'NONE', #3076, #587, #2571 ) ;
#987 = EDGE_CURVE ( 'NONE', #2649, #2261, #670, .T. ) ;
#988 = ADVANCED_FACE ( 'NONE', ( #2449 ), #2401, .F. ) ;
#989 = DIRECTION ( 'NONE',  ( 0.7071067811865473507, -0.7071067811865475727, 0.000000000000000000 ) ) ;
#990 = ADVANCED_FACE ( 'NONE', ( #2481 ), #192, .F. ) ;
#991 = ORIENTED_EDGE ( 'NONE', *, *, #2272, .T. ) ;
#992 = DIRECTION ( 'NONE',  ( 0.000000000000000000, 0.000000000000000000, -1.000000000000000000 ) ) ;
#993 = ORIENTED_EDGE ( 'NONE', *, *, #1441, .T. ) ;
#994 = DIRECTION ( 'NONE',  ( 0.7071067811865474617, 0.7071067811865474617, 0.000000000000000000 ) ) ;
#995 = VECTOR ( 'NONE', #2980, 39.37007874015748143 ) ;
#996 = DIRECTION ( 'NONE',  ( 0.7071067811865476838, 0.7071067811865473507, 0.000000000000000000 ) ) ;
#997 = EDGE_CURVE ( 'NONE', #2407, #914, #2435, .T. ) ;
#998 = ORIENTED_EDGE ( 'NONE', *, *, #2772, .T. ) ;
#999 = PLANE ( 'NONE',  #557 ) ;
#1000 = LINE ( 'NONE', #1499, #2556 ) ;
#1001 = PLANE ( 'NONE',  #970 ) ;
#1002 = CARTESIAN_POINT ( 'NONE',  ( -4.454772721475258379, 3.200000000000001954, -1.719999999999999973 ) ) ;
#1003 = ORIENTED_EDGE ( 'NONE', *, *, #1774, .T. ) ;
#1004 = EDGE_CURVE ( 'NONE', #1646, #961, #1656, .T. ) ;
#1005 = LINE ( 'NONE', #3072, #2302 ) ;
#1006 = VERTEX_POINT ( 'NONE', #1189 ) ;
#1007 = CARTESIAN_POINT ( 'NONE',  ( -4.370956789862821150E-15, -1.254772721475247099, -1.770000000000000018 ) ) ;
#1008 = ADVANCED_FACE ( 'NONE', ( #3243 ), #180, .F. ) ;
#1009 = ORIENTED_EDGE ( 'NONE', *, *, #2001, .T. ) ;
#1010 = CARTESIAN_POINT ( 'NONE',  ( -12.60000000000000853, 7.704772721475252162, -1.719999999999999973 ) ) ;
#1011 = DIRECTION ( 'NONE',  ( 0.000000000000000000, 0.000000000000000000, -1.000000000000000000 ) ) ;
#1012 = ORIENTED_EDGE ( 'NONE', *, *, #165, .F. ) ;
#1013 = LINE ( 'NONE', #1080, #875 ) ;
#1014 = CARTESIAN_POINT ( 'NONE',  ( 4.454772721475242392, -3.149999999999998579, -1.719999999999999973 ) ) ;
#1015 = DIRECTION ( 'NONE',  ( 0.7071067811865473507, -0.7071067811865476838, 0.000000000000000000 ) ) ;
#1016 = DIRECTION ( 'NONE',  ( 1.000000000000000000, -2.093734754490789434E-16, 0.000000000000000000 ) ) ;
#1017 = VERTEX_POINT ( 'NONE', #163 ) ;
#1018 = VECTOR ( 'NONE', #2327, 39.37007874015748143 ) ;
#1019 = CARTESIAN_POINT ( 'NONE',  ( 12.59999999999999609, 5.095227278524752990, -1.770000000000000018 ) ) ;
#1020 = CARTESIAN_POINT ( 'NONE',  ( -1.745227278524757564, 9.449999999999999289, -1.770000000000000018 ) ) ;
#1021 = AXIS2_PLACEMENT_3D ( 'NONE', #1708, #2727, #2444 ) ;
#1022 = EDGE_CURVE ( 'NONE', #1346, #109, #1204, .T. ) ;
#1023 = VERTEX_POINT ( 'NONE', #2204 ) ;
#1024 = VECTOR ( 'NONE', #994, 39.37007874015748854 ) ;
#1025 = PLANE ( 'NONE',  #986 ) ;
#1026 = CIRCLE ( 'NONE', #1239, 0.1377952755905512972 ) ;
#1027 = ORIENTED_EDGE ( 'NONE', *, *, #2820, .F. ) ;
#1028 = DIRECTION ( 'NONE',  ( -0.000000000000000000, -0.000000000000000000, -1.000000000000000000 ) ) ;
#1029 = FACE_OUTER_BOUND ( 'NONE', #161, .T. ) ;
#1030 = VECTOR ( 'NONE', #951, 39.37007874015748143 ) ;
#1031 = ORIENTED_EDGE ( 'NONE', *, *, #2962, .F. ) ;
#1032 = CARTESIAN_POINT ( 'NONE',  ( 10.75477272147524310, 3.200000000000001510, -1.719999999999999973 ) ) ;
#1033 = CARTESIAN_POINT ( 'NONE',  ( -1.845227278524757653, 3.200000000000001510, -1.770000000000000018 ) ) ;
#1034 = LINE ( 'NONE', #275, #2188 ) ;
#1035 = CARTESIAN_POINT ( 'NONE',  ( 4.454772721475242392, -3.099999999999999201, -1.719999999999999973 ) ) ;
#1036 = ORIENTED_EDGE ( 'NONE', *, *, #946, .T. ) ;
#1037 = CARTESIAN_POINT ( 'NONE',  ( 11.46220472440947269, 8.449999999999999289, -0.9719999999999998641 ) ) ;
#1038 = PLANE ( 'NONE',  #1506 ) ;
#1039 = VECTOR ( 'NONE', #566, 39.37007874015748143 ) ;
#1040 = ORIENTED_EDGE ( 'NONE', *, *, #2984, .T. ) ;
#1041 = VECTOR ( 'NONE', #888, 39.37007874015748143 ) ;
#1042 = CARTESIAN_POINT ( 'NONE',  ( 10.75477272147524310, 9.550000000000000711, -1.719999999999999973 ) ) ;
#1043 = ORIENTED_EDGE ( 'NONE', *, *, #2588, .T. ) ;
#1044 = FACE_OUTER_BOUND ( 'NONE', #2920, .T. ) ;
#1045 = CARTESIAN_POINT ( 'NONE',  ( -10.75477272147525909, 3.200000000000001954, -1.719999999999999973 ) ) ;
#1046 = ORIENTED_EDGE ( 'NONE', *, *, #457, .F. ) ;
#1047 = ADVANCED_FACE ( 'NONE', ( #963 ), #2885, .F. ) ;
#1048 = DIRECTION ( 'NONE',  ( -0.000000000000000000, -0.000000000000000000, -1.000000000000000000 ) ) ;
#1049 = DIRECTION ( 'NONE',  ( -1.000000000000000000, 0.000000000000000000, 0.000000000000000000 ) ) ;
#1050 = ADVANCED_FACE ( 'NONE', ( #2217 ), #2968, .F. ) ;
#1051 = DIRECTION ( 'NONE',  ( -0.000000000000000000, -0.000000000000000000, -1.000000000000000000 ) ) ;
#1052 = CARTESIAN_POINT ( 'NONE',  ( -8.145227278524757253, -3.149999999999998579, -1.770000000000000018 ) ) ;
#1053 = EDGE_LOOP ( 'NONE', ( #2196, #57, #434, #252 ) ) ;
#1054 = EDGE_CURVE ( 'NONE', #1998, #2276, #684, .T. ) ;
#1055 = DIRECTION ( 'NONE',  ( -0.000000000000000000, -0.000000000000000000, -1.000000000000000000 ) ) ;
#1056 = VERTEX_POINT ( 'NONE', #3259 ) ;
#1057 = DIRECTION ( 'NONE',  ( -1.000000000000000000, 0.000000000000000000, 0.000000000000000000 ) ) ;
#1058 = VERTEX_POINT ( 'NONE', #2465 ) ;
#1059 = LINE ( 'NONE', #2938, #3149 ) ;
#1060 = LINE ( 'NONE', #2019, #3297 ) ;
#1061 = EDGE_CURVE ( 'NONE', #303, #1147, #982, .T. ) ;
#1062 = VERTEX_POINT ( 'NONE', #2714 ) ;
#1063 = LINE ( 'NONE', #829, #2366 ) ;
#1064 = DIRECTION ( 'NONE',  ( -0.000000000000000000, -0.000000000000000000, -1.000000000000000000 ) ) ;
#1065 = FACE_OUTER_BOUND ( 'NONE', #3170, .T. ) ;
#1066 = DIRECTION ( 'NONE',  ( -0.7071067811865474617, -0.7071067811865474617, 0.000000000000000000 ) ) ;
#1067 = ORIENTED_EDGE ( 'NONE', *, *, #2094, .T. ) ;
#1068 = EDGE_CURVE ( 'NONE', #399, #51, #3013, .T. ) ;
#1069 = LINE ( 'NONE', #2383, #918 ) ;
#1070 = VECTOR ( 'NONE', #2362, 39.37007874015748143 ) ;
#1071 = ORIENTED_EDGE ( 'NONE', *, *, #1534, .T. ) ;
#1072 = VECTOR ( 'NONE', #3231, 39.37007874015748854 ) ;
#1073 = CARTESIAN_POINT ( 'NONE',  ( -12.60000000000000853, 1.354772721475252073, -1.719999999999999973 ) ) ;
#1074 = VECTOR ( 'NONE', #3035, 39.37007874015748143 ) ;
#1075 = VERTEX_POINT ( 'NONE', #765 ) ;
#1076 = DIRECTION ( 'NONE',  ( -0.000000000000000000, -0.000000000000000000, -1.000000000000000000 ) ) ;
#1077 = VECTOR ( 'NONE', #1359, 39.37007874015748143 ) ;
#1078 = EDGE_CURVE ( 'NONE', #762, #1056, #3045, .T. ) ;
#1079 = ORIENTED_EDGE ( 'NONE', *, *, #1185, .F. ) ;
#1080 = CARTESIAN_POINT ( 'NONE',  ( 12.59999999999999609, -7.604772721475247188, -1.719999999999999973 ) ) ;
#1081 = CARTESIAN_POINT ( 'NONE',  ( -4.454772721475258379, 3.200000000000001954, -1.719999999999999973 ) ) ;
#1082 = VECTOR ( 'NONE', #2483, 39.37007874015748143 ) ;
#1083 = CARTESIAN_POINT ( 'NONE',  ( -4.454772721475258379, -3.149999999999997691, -1.770000000000000018 ) ) ;
#1084 = DIRECTION ( 'NONE',  ( 0.000000000000000000, 0.000000000000000000, -1.000000000000000000 ) ) ;
#1085 = ORIENTED_EDGE ( 'NONE', *, *, #248, .T. ) ;
#1086 = PLANE ( 'NONE',  #2584 ) ;
#1087 = LINE ( 'NONE', #802, #1406 ) ;
#1088 = EDGE_CURVE ( 'NONE', #258, #2864, #1000, .T. ) ;
#1089 = EDGE_CURVE ( 'NONE', #2273, #2201, #2263, .T. ) ;
#1090 = VECTOR ( 'NONE', #781, 39.37007874015748143 ) ;
#1091 = LINE ( 'NONE', #1328, #2634 ) ;
#1092 = ORIENTED_EDGE ( 'NONE', *, *, #2925, .F. ) ;
#1093 = VECTOR ( 'NONE', #1557, 39.37007874015748143 ) ;
#1094 = CARTESIAN_POINT ( 'NONE',  ( 4.454772721475242392, 3.250000000000000444, -1.770000000000000018 ) ) ;
#1095 = ADVANCED_FACE ( 'NONE', ( #479 ), #293, .F. ) ;
#1096 = ORIENTED_EDGE ( 'NONE', *, *, #2473, .F. ) ;
#1097 = CARTESIAN_POINT ( 'NONE',  ( 1.745227278524740022, 9.449999999999999289, -1.719999999999999973 ) ) ;
#1098 = DIRECTION ( 'NONE',  ( 1.000000000000000000, -2.093734754490789434E-16, 0.000000000000000000 ) ) ;
#1099 = DIRECTION ( 'NONE',  ( 1.000000000000000000, -2.093734754490789434E-16, 0.000000000000000000 ) ) ;
#1100 = LINE ( 'NONE', #1052, #603 ) ;
#1101 = ORIENTED_EDGE ( 'NONE', *, *, #788, .F. ) ;
#1102 = EDGE_CURVE ( 'NONE', #1147, #1560, #3274, .T. ) ;
#1103 = DIRECTION ( 'NONE',  ( 0.7071067811865473507, -0.7071067811865475727, 0.000000000000000000 ) ) ;
#1104 = DIRECTION ( 'NONE',  ( 0.7071067811865473507, -0.7071067811865475727, 0.000000000000000000 ) ) ;
#1105 = ORIENTED_EDGE ( 'NONE', *, *, #605, .T. ) ;
#1106 = EDGE_CURVE ( 'NONE', #1560, #1217, #1516, .T. ) ;
#1107 = CARTESIAN_POINT ( 'NONE',  ( -4.370956789862821150E-15, 5.095227278524752990, -1.770000000000000018 ) ) ;
#1108 = ORIENTED_EDGE ( 'NONE', *, *, #3074, .T. ) ;
#1109 = LINE ( 'NONE', #2116, #2211 ) ;
#1110 = DIRECTION ( 'NONE',  ( -0.7071067811865476838, -0.7071067811865473507, 0.000000000000000000 ) ) ;
#1111 = ADVANCED_FACE ( 'NONE', ( #782 ), #2832, .F. ) ;
#1112 = ORIENTED_EDGE ( 'NONE', *, *, #243, .T. ) ;
#1113 = CYLINDRICAL_SURFACE ( 'NONE', #933, 0.1377952755905512972 ) ;
#1114 = CARTESIAN_POINT ( 'NONE',  ( 6.299999999999995381, -1.254772721475247099, -1.719999999999999973 ) ) ;
#1115 = FACE_OUTER_BOUND ( 'NONE', #2549, .T. ) ;
#1116 = CARTESIAN_POINT ( 'NONE',  ( 0.000000000000000000, 0.000000000000000000, 0.000000000000000000 ) ) ;
#1117 = ORIENTED_EDGE ( 'NONE', *, *, #217, .T. ) ;
#1118 = CARTESIAN_POINT ( 'NONE',  ( -11.73779527559057634, -8.449999999999999289, -1.645000000000000018 ) ) ;
#1119 = DIRECTION ( 'NONE',  ( -1.000000000000000000, 0.000000000000000000, -0.000000000000000000 ) ) ;
#1120 = VERTEX_POINT ( 'NONE', #1530 ) ;
#1121 = VECTOR ( 'NONE', #2592, 39.37007874015748143 ) ;
#1122 = PLANE ( 'NONE',  #2098 ) ;
#1123 = DIMENSIONAL_EXPONENTS ( 1.000000000000000000, 0.000000000000000000, 0.000000000000000000, 0.000000000000000000, 0.000000000000000000, 0.000000000000000000, 0.000000000000000000 ) ;
#1124 = ORIENTED_EDGE ( 'NONE', *, *, #1936, .T. ) ;
#1125 = LINE ( 'NONE', #338, #3268 ) ;
#1126 = VECTOR ( 'NONE', #3027, 39.37007874015748143 ) ;
#1127 = CARTESIAN_POINT ( 'NONE',  ( -1.845227278524757653, -3.099999999999999201, -1.770000000000000018 ) ) ;
#1128 = AXIS2_PLACEMENT_3D ( 'NONE', #983, #3232, #2530 ) ;
#1129 = ORIENTED_EDGE ( 'NONE', *, *, #1196, .F. ) ;
#1130 = LINE ( 'NONE', #1893, #2669 ) ;
#1131 = VECTOR ( 'NONE', #2009, 39.37007874015748143 ) ;
#1132 = LINE ( 'NONE', #2179, #54 ) ;
#1133 = VECTOR ( 'NONE', #1648, 39.37007874015748143 ) ;
#1134 = APPLICATION_PROTOCOL_DEFINITION ( 'draft international standard', 'automotive_design', 1998, #2552 ) ;
#1135 = VERTEX_POINT ( 'NONE', #2529 ) ;
#1136 = EDGE_LOOP ( 'NONE', ( #1187, #1046, #2120, #1108 ) ) ;
#1137 = VECTOR ( 'NONE', #533, 39.37007874015748143 ) ;
#1138 = CARTESIAN_POINT ( 'NONE',  ( -1.845227278524757653, 3.250000000000000444, -1.719999999999999973 ) ) ;
#1139 = LINE ( 'NONE', #1684, #2140 ) ;
#1140 = ORIENTED_EDGE ( 'NONE', *, *, #1102, .T. ) ;
#1141 = CARTESIAN_POINT ( 'NONE',  ( 0.000000000000000000, 0.000000000000000000, 0.000000000000000000 ) ) ;
#1142 = DIRECTION ( 'NONE',  ( 0.000000000000000000, 0.000000000000000000, -1.000000000000000000 ) ) ;
#1143 = EDGE_LOOP ( 'NONE', ( #386, #282, #2014 ) ) ;
#1144 = PLANE ( 'NONE',  #1676 ) ;
#1145 = DIRECTION ( 'NONE',  ( 0.000000000000000000, 0.000000000000000000, 1.000000000000000000 ) ) ;
#1146 = VECTOR ( 'NONE', #3299, 39.37007874015748143 ) ;
#1147 = VERTEX_POINT ( 'NONE', #2782 ) ;
#1148 = DIRECTION ( 'NONE',  ( 0.000000000000000000, 0.000000000000000000, 1.000000000000000000 ) ) ;
#1149 = LINE ( 'NONE', #895, #1652 ) ;
#1150 = VECTOR ( 'NONE', #2267, 39.37007874015748854 ) ;
#1151 = CARTESIAN_POINT ( 'NONE',  ( 4.554772721475242037, 9.449999999999999289, -1.770000000000000018 ) ) ;
#1152 = ORIENTED_EDGE ( 'NONE', *, *, #764, .F. ) ;
#1153 = ORIENTED_EDGE ( 'NONE', *, *, #1004, .F. ) ;
#1154 = CARTESIAN_POINT ( 'NONE',  ( 1.845227278524741221, -3.099999999999999201, -1.770000000000000018 ) ) ;
#1155 = EDGE_CURVE ( 'NONE', #1787, #1466, #2330, .T. ) ;
#1156 = LINE ( 'NONE', #2170, #706 ) ;
#1157 = EDGE_CURVE ( 'NONE', #2541, #874, #2044, .T. ) ;
#1158 = ORIENTED_EDGE ( 'NONE', *, *, #3003, .T. ) ;
#1159 = DIRECTION ( 'NONE',  ( -0.7071067811865475727, 0.7071067811865475727, 0.000000000000000000 ) ) ;
#1160 = CARTESIAN_POINT ( 'NONE',  ( -6.300000000000008704, -7.604772721475248076, -1.719999999999999973 ) ) ;
#1161 = VERTEX_POINT ( 'NONE', #3066 ) ;
#1162 = LINE ( 'NONE', #1393, #451 ) ;
#1163 = CARTESIAN_POINT ( 'NONE',  ( -6.300000000000004263, -7.604772721475247188, -1.770000000000000018 ) ) ;
#1164 = EDGE_LOOP ( 'NONE', ( #1241, #1871, #2392, #2171 ) ) ;
#1165 = CARTESIAN_POINT ( 'NONE',  ( -8.741913579725642299E-15, 1.354772721475252073, -1.719999999999999973 ) ) ;
#1166 = CARTESIAN_POINT ( 'NONE',  ( 11.46220472440947269, 8.449999999999999289, -1.719999999999999973 ) ) ;
#1167 = EDGE_CURVE ( 'NONE', #2603, #1176, #2813, .T. ) ;
#1168 = ORIENTED_EDGE ( 'NONE', *, *, #1552, .F. ) ;
#1169 = VERTEX_POINT ( 'NONE', #748 ) ;
#1170 = DIRECTION ( 'NONE',  ( -0.000000000000000000, -0.000000000000000000, -1.000000000000000000 ) ) ;
#1171 = LINE ( 'NONE', #1700, #1348 ) ;
#1172 = ORIENTED_EDGE ( 'NONE', *, *, #1707, .F. ) ;
#1173 = LINE ( 'NONE', #1007, #1074 ) ;
#1174 = EDGE_CURVE ( 'NONE', #333, #3238, #254, .T. ) ;
#1175 = CARTESIAN_POINT ( 'NONE',  ( 1.845227278524741221, -9.449999999999999289, -1.770000000000000018 ) ) ;
#1176 = VERTEX_POINT ( 'NONE', #1546 ) ;
#1177 = LINE ( 'NONE', #2175, #231 ) ;
#1178 = CARTESIAN_POINT ( 'NONE',  ( 4.454772721475242392, 3.200000000000001510, -1.719999999999999973 ) ) ;
#1179 = VECTOR ( 'NONE', #1405, 39.37007874015748143 ) ;
#1180 = ORIENTED_EDGE ( 'NONE', *, *, #639, .F. ) ;
#1181 = DIRECTION ( 'NONE',  ( -0.000000000000000000, -0.000000000000000000, -1.000000000000000000 ) ) ;
#1182 = CARTESIAN_POINT ( 'NONE',  ( 11.60000000000002451, 8.449999999999999289, -1.719999999999999973 ) ) ;
#1183 = VECTOR ( 'NONE', #2145, 39.37007874015748143 ) ;
#1184 = LINE ( 'NONE', #2148, #15 ) ;
#1185 = EDGE_CURVE ( 'NONE', #2501, #3229, #237, .T. ) ;
#1186 = ORIENTED_EDGE ( 'NONE', *, *, #2207, .T. ) ;
#1187 = ORIENTED_EDGE ( 'NONE', *, *, #2100, .T. ) ;
#1188 = AXIS2_PLACEMENT_3D ( 'NONE', #1751, #488, #1331 ) ;
#1189 = CARTESIAN_POINT ( 'NONE',  ( -8.145227278524757253, 3.200000000000001510, -1.719999999999999973 ) ) ;
#1190 = DIRECTION ( 'NONE',  ( -0.000000000000000000, -0.000000000000000000, -1.000000000000000000 ) ) ;
#1191 = ORIENTED_EDGE ( 'NONE', *, *, #289, .F. ) ;
#1192 = VECTOR ( 'NONE', #3015, 39.37007874015748143 ) ;
#1193 = CARTESIAN_POINT ( 'NONE',  ( -4.454772721475258379, -9.449999999999999289, -1.719999999999999973 ) ) ;
#1194 = DIMENSIONAL_EXPONENTS ( 1.000000000000000000, 0.000000000000000000, 0.000000000000000000, 0.000000000000000000, 0.000000000000000000, 0.000000000000000000, 0.000000000000000000 ) ;
#1195 = ORIENTED_EDGE ( 'NONE', *, *, #3019, .T. ) ;
#1196 = EDGE_CURVE ( 'NONE', #2527, #627, #1303, .T. ) ;
#1197 = ORIENTED_EDGE ( 'NONE', *, *, #987, .F. ) ;
#1198 = LINE ( 'NONE', #1228, #1454 ) ;
#1199 = ADVANCED_FACE ( 'NONE', ( #2579 ), #2060, .T. ) ;
#1200 = DIRECTION ( 'NONE',  ( -0.7071067811865474617, -0.7071067811865474617, 0.000000000000000000 ) ) ;
#1201 = VECTOR ( 'NONE', #2338, 39.37007874015748143 ) ;
#1202 = ORIENTED_EDGE ( 'NONE', *, *, #1293, .F. ) ;
#1203 = VERTEX_POINT ( 'NONE', #2072 ) ;
#1204 = LINE ( 'NONE', #1976, #1343 ) ;
#1205 = MECHANICAL_DESIGN_GEOMETRIC_PRESENTATION_REPRESENTATION (  '', ( #1364 ), #671 ) ;
#1206 = CARTESIAN_POINT ( 'NONE',  ( -10.75477272147525909, -9.449999999999999289, -1.770000000000000018 ) ) ;
#1207 = DIRECTION ( 'NONE',  ( 1.000000000000000000, 0.000000000000000000, 0.000000000000000000 ) ) ;
#1208 = ORIENTED_EDGE ( 'NONE', *, *, #699, .F. ) ;
#1209 = ADVANCED_BREP_SHAPE_REPRESENTATION ( 'LED iPoster - Panel', ( #661, #277 ), #1298 ) ;
#1210 = DIRECTION ( 'NONE',  ( 2.093734754490789434E-16, 1.000000000000000000, -0.000000000000000000 ) ) ;
#1211 = EDGE_CURVE ( 'NONE', #1955, #2640, #697, .T. ) ;
#1212 = ORIENTED_EDGE ( 'NONE', *, *, #2613, .F. ) ;
#1213 = VERTEX_POINT ( 'NONE', #2278 ) ;
#1214 = PLANE ( 'NONE',  #2195 ) ;
#1215 = ADVANCED_FACE ( 'NONE', ( #1250 ), #3290, .F. ) ;
#1216 = DIRECTION ( 'NONE',  ( -0.000000000000000000, -0.000000000000000000, -1.000000000000000000 ) ) ;
#1217 = VERTEX_POINT ( 'NONE', #59 ) ;
#1218 = VERTEX_POINT ( 'NONE', #2897 ) ;
#1219 = CARTESIAN_POINT ( 'NONE',  ( -8.741913579725642299E-15, 7.704772721475252162, -1.719999999999999973 ) ) ;
#1220 = CARTESIAN_POINT ( 'NONE',  ( -11.46220472440947269, -8.449999999999999289, -1.770000000000000018 ) ) ;
#1221 = DIRECTION ( 'NONE',  ( -1.000000000000000000, 0.000000000000000000, 0.000000000000000000 ) ) ;
#1222 = EDGE_LOOP ( 'NONE', ( #2462, #1414, #1525, #1638 ) ) ;
#1223 = EDGE_CURVE ( 'NONE', #235, #1169, #3158, .T. ) ;
#1224 = SURFACE_STYLE_USAGE ( .BOTH. , #687 ) ;
#1225 = VERTEX_POINT ( 'NONE', #2879 ) ;
#1226 = FACE_OUTER_BOUND ( 'NONE', #1563, .T. ) ;
#1227 = VERTEX_POINT ( 'NONE', #1829 ) ;
#1228 = CARTESIAN_POINT ( 'NONE',  ( -12.60000000000000853, 5.095227278524751213, -1.719999999999999973 ) ) ;
#1229 = DIRECTION ( 'NONE',  ( -1.000000000000000000, 0.000000000000000000, 0.000000000000000000 ) ) ;
#1230 = VECTOR ( 'NONE', #1838, 39.37007874015748143 ) ;
#1231 = VERTEX_POINT ( 'NONE', #2377 ) ;
#1232 = PLANE ( 'NONE',  #2311 ) ;
#1233 = DIRECTION ( 'NONE',  ( -0.000000000000000000, -0.000000000000000000, -1.000000000000000000 ) ) ;
#1234 = LINE ( 'NONE', #1206, #2404 ) ;
#1235 = CARTESIAN_POINT ( 'NONE',  ( -1.745227278524758008, 9.449999999999999289, -1.770000000000000018 ) ) ;
#1236 = VECTOR ( 'NONE', #2906, 39.37007874015748143 ) ;
#1237 = EDGE_LOOP ( 'NONE', ( #2789, #2973, #1815, #2162, #1260, #1470, #865, #1622, #2063, #1129, #1433, #1743, #1605, #1152, #1092, #2021, #38, #1412, #1436, #364, #682, #409, #2359, #2780, #1862, #145 ) ) ;
#1238 = CARTESIAN_POINT ( 'NONE',  ( -4.454772721475258379, -9.449999999999999289, -1.719999999999999973 ) ) ;
#1239 = AXIS2_PLACEMENT_3D ( 'NONE', #2131, #2097, #281 ) ;
#1240 = CARTESIAN_POINT ( 'NONE',  ( 8.045227278524738068, 9.449999999999999289, -1.719999999999999973 ) ) ;
#1241 = ORIENTED_EDGE ( 'NONE', *, *, #1558, .F. ) ;
#1242 = PLANE ( 'NONE',  #1188 ) ;
#1243 = VECTOR ( 'NONE', #1268, 39.37007874015748143 ) ;
#1244 = VERTEX_POINT ( 'NONE', #879 ) ;
#1245 = CARTESIAN_POINT ( 'NONE',  ( -8.145227278524757253, -3.149999999999998579, -1.719999999999999973 ) ) ;
#1246 = LINE ( 'NONE', #177, #483 ) ;
#1247 = EDGE_CURVE ( 'NONE', #351, #1075, #1611, .T. ) ;
#1248 = ORIENTED_EDGE ( 'NONE', *, *, #226, .F. ) ;
#1249 = ORIENTED_EDGE ( 'NONE', *, *, #2043, .F. ) ;
#1250 = FACE_OUTER_BOUND ( 'NONE', #739, .T. ) ;
#1251 = LINE ( 'NONE', #480, #1131 ) ;
#1252 = CARTESIAN_POINT ( 'NONE',  ( -11.60000000000002451, -8.449999999999999289, -1.719999999999999973 ) ) ;
#1253 = VERTEX_POINT ( 'NONE', #104 ) ;
#1254 = VECTOR ( 'NONE', #469, 39.37007874015748143 ) ;
#1255 = EDGE_CURVE ( 'NONE', #1231, #207, #3112, .T. ) ;
#1256 = CARTESIAN_POINT ( 'NONE',  ( 6.299999999999990941, -4.995227278524748016, -1.719999999999999973 ) ) ;
#1257 =( LENGTH_UNIT ( ) NAMED_UNIT ( * ) SI_UNIT ( $, .METRE. ) );
#1258 = ORIENTED_EDGE ( 'NONE', *, *, #946, .F. ) ;
#1259 = EDGE_CURVE ( 'NONE', #2583, #1349, #344, .T. ) ;
#1260 = ORIENTED_EDGE ( 'NONE', *, *, #1361, .F. ) ;
#1261 = LINE ( 'NONE', #760, #1397 ) ;
#1262 = FACE_OUTER_BOUND ( 'NONE', #2723, .T. ) ;
#1263 = ORIENTED_EDGE ( 'NONE', *, *, #741, .F. ) ;
#1264 = DIRECTION ( 'NONE',  ( -0.000000000000000000, -0.000000000000000000, -1.000000000000000000 ) ) ;
#1265 = CARTESIAN_POINT ( 'NONE',  ( 4.454772721475242392, 3.250000000000000444, -1.770000000000000018 ) ) ;
#1266 = EDGE_CURVE ( 'NONE', #1910, #2739, #2646, .T. ) ;
#1267 = CARTESIAN_POINT ( 'NONE',  ( -4.454772721475258379, -9.449999999999999289, -1.770000000000000018 ) ) ;
#1268 = DIRECTION ( 'NONE',  ( 0.000000000000000000, 1.000000000000000000, 0.000000000000000000 ) ) ;
#1269 = VERTEX_POINT ( 'NONE', #2105 ) ;
#1270 = DIRECTION ( 'NONE',  ( -0.000000000000000000, -0.000000000000000000, -1.000000000000000000 ) ) ;
#1271 = ORIENTED_EDGE ( 'NONE', *, *, #2819, .T. ) ;
#1272 = EDGE_LOOP ( 'NONE', ( #2438, #2532, #2709, #592 ) ) ;
#1273 = FACE_OUTER_BOUND ( 'NONE', #3151, .T. ) ;
#1274 = ORIENTED_EDGE ( 'NONE', *, *, #1943, .T. ) ;
#1275 = LINE ( 'NONE', #2523, #809 ) ;
#1276 = LINE ( 'NONE', #1330, #2986 ) ;
#1277 = EDGE_LOOP ( 'NONE', ( #1896, #2779, #2209, #3267 ) ) ;
#1278 = LINE ( 'NONE', #2797, #505 ) ;
#1279 = DIRECTION ( 'NONE',  ( 0.000000000000000000, -0.000000000000000000, -1.000000000000000000 ) ) ;
#1280 = CARTESIAN_POINT ( 'NONE',  ( -10.75477272147525909, -9.449999999999999289, -1.719999999999999973 ) ) ;
#1281 = CARTESIAN_POINT ( 'NONE',  ( -1.845227278524757653, -3.099999999999999201, -1.719999999999999973 ) ) ;
#1282 = ORIENTED_EDGE ( 'NONE', *, *, #3071, .T. ) ;
#1283 = VECTOR ( 'NONE', #461, 39.37007874015748143 ) ;
#1284 = DIRECTION ( 'NONE',  ( -0.000000000000000000, -0.000000000000000000, -1.000000000000000000 ) ) ;
#1285 = DIRECTION ( 'NONE',  ( 0.7071067811865474617, 0.7071067811865474617, 0.000000000000000000 ) ) ;
#1286 = VECTOR ( 'NONE', #2749, 39.37007874015748854 ) ;
#1287 = PRODUCT ( 'LED iPoster - Panel', 'LED iPoster - Panel', '', ( #144 ) ) ;
#1288 = ORIENTED_EDGE ( 'NONE', *, *, #717, .F. ) ;
#1289 = VECTOR ( 'NONE', #22, 39.37007874015748854 ) ;
#1290 = ADVANCED_FACE ( 'NONE', ( #89 ), #2393, .F. ) ;
#1291 = LINE ( 'NONE', #808, #1146 ) ;
#1292 = AXIS2_PLACEMENT_3D ( 'NONE', #685, #1207, #635 ) ;
#1293 = EDGE_CURVE ( 'NONE', #3155, #1998, #3177, .T. ) ;
#1294 = ORIENTED_EDGE ( 'NONE', *, *, #495, .T. ) ;
#1295 = EDGE_CURVE ( 'NONE', #711, #443, #2660, .T. ) ;
#1296 = DIRECTION ( 'NONE',  ( -0.7071067811865476838, -0.7071067811865473507, 0.000000000000000000 ) ) ;
#1297 = CARTESIAN_POINT ( 'NONE',  ( 1.845227278524741221, 3.200000000000001954, -1.770000000000000018 ) ) ;
#1298 =( GEOMETRIC_REPRESENTATION_CONTEXT ( 3 ) GLOBAL_UNCERTAINTY_ASSIGNED_CONTEXT ( ( #2118 ) ) GLOBAL_UNIT_ASSIGNED_CONTEXT ( ( #666, #630, #648 ) ) REPRESENTATION_CONTEXT ( 'NONE', 'WORKASPACE' ) );
#1299 = EDGE_CURVE ( 'NONE', #728, #2417, #2090, .T. ) ;
#1300 = ORIENTED_EDGE ( 'NONE', *, *, #2869, .F. ) ;
#1301 = DIRECTION ( 'NONE',  ( -1.000000000000000000, 0.000000000000000000, 0.000000000000000000 ) ) ;
#1302 = EDGE_CURVE ( 'NONE', #1244, #1768, #1873, .T. ) ;
#1303 = LINE ( 'NONE', #1265, #2987 ) ;
#1304 = DIRECTION ( 'NONE',  ( -0.000000000000000000, -0.000000000000000000, -1.000000000000000000 ) ) ;
#1305 = CARTESIAN_POINT ( 'NONE',  ( -6.300000000000008704, 1.354772721475252073, -1.719999999999999973 ) ) ;
#1306 = ORIENTED_EDGE ( 'NONE', *, *, #1690, .F. ) ;
#1307 = DIRECTION ( 'NONE',  ( 0.7071067811865473507, -0.7071067811865476838, 0.000000000000000000 ) ) ;
#1308 = AXIS2_PLACEMENT_3D ( 'NONE', #2104, #52, #1057 ) ;
#1309 = LINE ( 'NONE', #3118, #1870 ) ;
#1310 = VECTOR ( 'NONE', #139, 39.37007874015748143 ) ;
#1311 = VERTEX_POINT ( 'NONE', #2851 ) ;
#1312 = VECTOR ( 'NONE', #1386, 39.37007874015748143 ) ;
#1313 = EDGE_CURVE ( 'NONE', #73, #2407, #1130, .T. ) ;
#1314 = CARTESIAN_POINT ( 'NONE',  ( 10.75477272147524310, -3.149999999999998579, -1.719999999999999973 ) ) ;
#1315 = ORIENTED_EDGE ( 'NONE', *, *, #2572, .T. ) ;
#1316 = FACE_OUTER_BOUND ( 'NONE', #337, .T. ) ;
#1317 = DIRECTION ( 'NONE',  ( -0.7071067811865475727, 0.7071067811865475727, 0.000000000000000000 ) ) ;
#1318 = ORIENTED_EDGE ( 'NONE', *, *, #1864, .F. ) ;
#1319 = PLANE ( 'NONE',  #610 ) ;
#1320 = EDGE_CURVE ( 'NONE', #2342, #2273, #580, .T. ) ;
#1321 = CARTESIAN_POINT ( 'NONE',  ( 10.75477272147524310, 3.250000000000000444, -1.719999999999999973 ) ) ;
#1322 = CARTESIAN_POINT ( 'NONE',  ( -1.845227278524757653, 3.250000000000000444, -1.719999999999999973 ) ) ;
#1323 = CARTESIAN_POINT ( 'NONE',  ( 8.145227278524741266, -3.099999999999999201, -1.719999999999999973 ) ) ;
#1324 = VERTEX_POINT ( 'NONE', #1081 ) ;
#1325 = CARTESIAN_POINT ( 'NONE',  ( 6.299999999999990941, -7.604772721475248076, -1.719999999999999973 ) ) ;
#1326 = EDGE_LOOP ( 'NONE', ( #522, #715, #1877, #985 ) ) ;
#1327 = EDGE_CURVE ( 'NONE', #322, #794, #2413, .T. ) ;
#1328 = CARTESIAN_POINT ( 'NONE',  ( -4.554772721475260688, 9.449999999999999289, -1.770000000000000018 ) ) ;
#1329 = VERTEX_POINT ( 'NONE', #567 ) ;
#1330 = CARTESIAN_POINT ( 'NONE',  ( 6.299999999999995381, -7.604772721475247188, -1.770000000000000018 ) ) ;
#1331 = DIRECTION ( 'NONE',  ( 0.7071067811865476838, 0.7071067811865473507, 0.000000000000000000 ) ) ;
#1332 = VERTEX_POINT ( 'NONE', #3126 ) ;
#1333 = DIRECTION ( 'NONE',  ( 0.7071067811865474617, 0.7071067811865474617, 0.000000000000000000 ) ) ;
#1334 = LINE ( 'NONE', #2344, #3094 ) ;
#1335 = DIRECTION ( 'NONE',  ( -0.000000000000000000, -1.000000000000000000, -0.000000000000000000 ) ) ;
#1336 = FACE_OUTER_BOUND ( 'NONE', #403, .T. ) ;
#1337 = EDGE_CURVE ( 'NONE', #1366, #3110, #2596, .T. ) ;
#1338 = ORIENTED_EDGE ( 'NONE', *, *, #2472, .F. ) ;
#1339 = EDGE_CURVE ( 'NONE', #3105, #1919, #1334, .T. ) ;
#1340 = FACE_OUTER_BOUND ( 'NONE', #1800, .T. ) ;
#1341 = CARTESIAN_POINT ( 'NONE',  ( -6.300000000000008704, 5.095227278524751213, -1.719999999999999973 ) ) ;
#1342 = VECTOR ( 'NONE', #1894, 39.37007874015748143 ) ;
#1343 = VECTOR ( 'NONE', #1170, 39.37007874015748143 ) ;
#1344 = LINE ( 'NONE', #1539, #1201 ) ;
#1345 = VECTOR ( 'NONE', #1934, 39.37007874015748143 ) ;
#1346 = VERTEX_POINT ( 'NONE', #1594 ) ;
#1347 = CARTESIAN_POINT ( 'NONE',  ( 12.59999999999999609, 5.095227278524752990, -1.719999999999999973 ) ) ;
#1348 = VECTOR ( 'NONE', #2205, 39.37007874015748143 ) ;
#1349 = VERTEX_POINT ( 'NONE', #1351 ) ;
#1350 = DIRECTION ( 'NONE',  ( 0.000000000000000000, -1.000000000000000000, 0.000000000000000000 ) ) ;
#1351 = CARTESIAN_POINT ( 'NONE',  ( 1.745227278524740022, 9.449999999999999289, -1.770000000000000018 ) ) ;
#1352 = AXIS2_PLACEMENT_3D ( 'NONE', #1668, #1411, #672 ) ;
#1353 = CARTESIAN_POINT ( 'NONE',  ( -11.60000000000002451, -8.449999999999999289, -1.645000000000000018 ) ) ;
#1354 = CARTESIAN_POINT ( 'NONE',  ( -12.60000000000000853, 7.704772721475252162, -1.719999999999999973 ) ) ;
#1355 = EDGE_CURVE ( 'NONE', #2864, #772, #2361, .T. ) ;
#1356 = EDGE_LOOP ( 'NONE', ( #150, #1370, #2262, #2753 ) ) ;
#1357 = CARTESIAN_POINT ( 'NONE',  ( -11.60000000000002451, -8.449999999999999289, -1.645000000000000018 ) ) ;
#1358 = AXIS2_PLACEMENT_3D ( 'NONE', #2615, #349, #330 ) ;
#1359 = DIRECTION ( 'NONE',  ( -0.7071067811865473507, 0.7071067811865476838, 0.000000000000000000 ) ) ;
#1360 = ORIENTED_EDGE ( 'NONE', *, *, #2477, .T. ) ;
#1361 = EDGE_CURVE ( 'NONE', #1075, #3246, #1956, .T. ) ;
#1362 = FACE_OUTER_BOUND ( 'NONE', #1164, .T. ) ;
#1363 = ORIENTED_EDGE ( 'NONE', *, *, #1404, .T. ) ;
#1364 = STYLED_ITEM ( 'NONE', ( #2235 ), #661 ) ;
#1365 = LINE ( 'NONE', #1127, #600 ) ;
#1366 = VERTEX_POINT ( 'NONE', #3239 ) ;
#1367 = DIRECTION ( 'NONE',  ( 1.000000000000000000, -2.093734754490789434E-16, 0.000000000000000000 ) ) ;
#1368 = DIRECTION ( 'NONE',  ( 0.7071067811865474617, 0.7071067811865474617, 0.000000000000000000 ) ) ;
#1369 = CARTESIAN_POINT ( 'NONE',  ( 6.299999999999990941, 1.354772721475252073, -1.770000000000000018 ) ) ;
#1370 = ORIENTED_EDGE ( 'NONE', *, *, #977, .F. ) ;
#1371 = EDGE_CURVE ( 'NONE', #3254, #973, #663, .T. ) ;
#1372 = DIRECTION ( 'NONE',  ( -1.000000000000000000, 0.000000000000000000, -0.000000000000000000 ) ) ;
#1373 = CARTESIAN_POINT ( 'NONE',  ( 8.145227278524741266, -9.449999999999999289, -1.770000000000000018 ) ) ;
#1374 = ORIENTED_EDGE ( 'NONE', *, *, #1936, .F. ) ;
#1375 = CARTESIAN_POINT ( 'NONE',  ( -12.60000000000000497, 9.449999999999999289, -1.719999999999999973 ) ) ;
#1376 = ORIENTED_EDGE ( 'NONE', *, *, #1749, .F. ) ;
#1377 = CARTESIAN_POINT ( 'NONE',  ( -8.741913579725642299E-15, -7.604772721475248076, -1.719999999999999973 ) ) ;
#1378 = CARTESIAN_POINT ( 'NONE',  ( -4.454772721475258379, -9.449999999999999289, -1.770000000000000018 ) ) ;
#1379 = ORIENTED_EDGE ( 'NONE', *, *, #1313, .F. ) ;
#1380 = CARTESIAN_POINT ( 'NONE',  ( -8.741913579725642299E-15, 7.704772721475252162, -1.770000000000000018 ) ) ;
#1381 = ADVANCED_FACE ( 'NONE', ( #1448 ), #1907, .F. ) ;
#1382 = CARTESIAN_POINT ( 'NONE',  ( -1.745227278524757564, 9.449999999999999289, -1.719999999999999973 ) ) ;
#1383 = ORIENTED_EDGE ( 'NONE', *, *, #1520, .T. ) ;
#1384 = ORIENTED_EDGE ( 'NONE', *, *, #857, .F. ) ;
#1385 = EDGE_CURVE ( 'NONE', #2508, #1727, #2928, .T. ) ;
#1386 = DIRECTION ( 'NONE',  ( -1.000000000000000000, -0.000000000000000000, -0.000000000000000000 ) ) ;
#1387 = LINE ( 'NONE', #2400, #439 ) ;
#1388 = EDGE_LOOP ( 'NONE', ( #3257, #2115, #201, #810, #1497, #18, #2685, #2959, #2989, #1258, #1460, #1852, #3020, #1958, #2985, #2593 ) ) ;
#1389 = LINE ( 'NONE', #1428, #756 ) ;
#1390 = VECTOR ( 'NONE', #3142, 39.37007874015748143 ) ;
#1391 = CARTESIAN_POINT ( 'NONE',  ( -1.845227278524757653, 3.200000000000001510, -1.719999999999999973 ) ) ;
#1392 = ORIENTED_EDGE ( 'NONE', *, *, #2207, .F. ) ;
#1393 = CARTESIAN_POINT ( 'NONE',  ( -12.60000000000000497, 9.449999999999999289, -1.770000000000000018 ) ) ;
#1394 = VECTOR ( 'NONE', #1455, 39.37007874015748143 ) ;
#1395 = ADVANCED_FACE ( 'NONE', ( #1434 ), #1942, .F. ) ;
#1396 = DIRECTION ( 'NONE',  ( 0.000000000000000000, -1.000000000000000000, 0.000000000000000000 ) ) ;
#1397 = VECTOR ( 'NONE', #3078, 39.37007874015748143 ) ;
#1398 = ADVANCED_FACE ( 'NONE', ( #1724 ), #958, .F. ) ;
#1399 = EDGE_CURVE ( 'NONE', #1974, #2426, #3226, .T. ) ;
#1400 = EDGE_LOOP ( 'NONE', ( #1036, #3077, #1879, #1764 ) ) ;
#1401 = ADVANCED_FACE ( 'NONE', ( #1661 ), #441, .F. ) ;
#1402 = CARTESIAN_POINT ( 'NONE',  ( 1.845227278524741221, 3.200000000000001954, -1.770000000000000018 ) ) ;
#1403 = VECTOR ( 'NONE', #1716, 39.37007874015748143 ) ;
#1404 = EDGE_CURVE ( 'NONE', #2508, #2239, #2947, .T. ) ;
#1405 = DIRECTION ( 'NONE',  ( -1.000000000000000000, 0.000000000000000000, 0.000000000000000000 ) ) ;
#1406 = VECTOR ( 'NONE', #555, 39.37007874015748143 ) ;
#1407 = CARTESIAN_POINT ( 'NONE',  ( -4.454772721475258379, -9.449999999999999289, -1.719999999999999973 ) ) ;
#1408 = ORIENTED_EDGE ( 'NONE', *, *, #503, .F. ) ;
#1409 = VERTEX_POINT ( 'NONE', #930 ) ;
#1410 = CARTESIAN_POINT ( 'NONE',  ( -6.300000000000008704, -4.995227278524748016, -1.719999999999999973 ) ) ;
#1411 = DIRECTION ( 'NONE',  ( -0.000000000000000000, -0.000000000000000000, -1.000000000000000000 ) ) ;
#1412 = ORIENTED_EDGE ( 'NONE', *, *, #2100, .F. ) ;
#1413 = CARTESIAN_POINT ( 'NONE',  ( 6.299999999999995381, -7.604772721475247188, -1.770000000000000018 ) ) ;
#1414 = ORIENTED_EDGE ( 'NONE', *, *, #1794, .F. ) ;
#1415 = EDGE_CURVE ( 'NONE', #2261, #627, #2490, .T. ) ;
#1416 = PLANE ( 'NONE',  #115 ) ;
#1417 = VECTOR ( 'NONE', #707, 39.37007874015748143 ) ;
#1418 = VERTEX_POINT ( 'NONE', #910 ) ;
#1419 = CARTESIAN_POINT ( 'NONE',  ( -8.741913579725642299E-15, 7.704772721475252162, -1.719999999999999973 ) ) ;
#1420 = CARTESIAN_POINT ( 'NONE',  ( -12.60000000000000853, 1.354772721475252073, -1.770000000000000018 ) ) ;
#1421 = CARTESIAN_POINT ( 'NONE',  ( -12.60000000000000497, 9.449999999999999289, 0.000000000000000000 ) ) ;
#1422 = EDGE_LOOP ( 'NONE', ( #1973, #3237 ) ) ;
#1423 = EDGE_CURVE ( 'NONE', #1727, #636, #1198, .T. ) ;
#1424 = ORIENTED_EDGE ( 'NONE', *, *, #165, .T. ) ;
#1425 = LINE ( 'NONE', #1931, #210 ) ;
#1426 = CARTESIAN_POINT ( 'NONE',  ( 8.145227278524741266, -3.099999999999999201, -1.719999999999999973 ) ) ;
#1427 = EDGE_LOOP ( 'NONE', ( #2144, #2719, #1728, #2252 ) ) ;
#1428 = CARTESIAN_POINT ( 'NONE',  ( 6.299999999999995381, -1.254772721475247099, -1.770000000000000018 ) ) ;
#1429 = CARTESIAN_POINT ( 'NONE',  ( -1.845227278524757653, 3.250000000000000444, -1.719999999999999973 ) ) ;
#1430 = ORIENTED_EDGE ( 'NONE', *, *, #889, .F. ) ;
#1431 = EDGE_CURVE ( 'NONE', #2339, #1217, #2459, .T. ) ;
#1432 = DIRECTION ( 'NONE',  ( 0.7071067811865476838, 0.7071067811865473507, -0.000000000000000000 ) ) ;
#1433 = ORIENTED_EDGE ( 'NONE', *, *, #2126, .F. ) ;
#1434 = FACE_OUTER_BOUND ( 'NONE', #3042, .T. ) ;
#1435 = CARTESIAN_POINT ( 'NONE',  ( -12.60000000000000853, -4.995227278524748016, -1.770000000000000018 ) ) ;
#1436 = ORIENTED_EDGE ( 'NONE', *, *, #1089, .F. ) ;
#1437 = DIRECTION ( 'NONE',  ( -0.000000000000000000, -0.000000000000000000, -1.000000000000000000 ) ) ;
#1438 = DIRECTION ( 'NONE',  ( -0.000000000000000000, -0.000000000000000000, -1.000000000000000000 ) ) ;
#1439 = EDGE_CURVE ( 'NONE', #1329, #2707, #176, .T. ) ;
#1440 = CARTESIAN_POINT ( 'NONE',  ( -12.60000000000000853, 1.354772721475252073, -1.719999999999999973 ) ) ;
#1441 = EDGE_CURVE ( 'NONE', #1696, #263, #394, .T. ) ;
#1442 = ORIENTED_EDGE ( 'NONE', *, *, #806, .T. ) ;
#1443 = CARTESIAN_POINT ( 'NONE',  ( -12.60000000000000497, -9.449999999999999289, -1.770000000000000018 ) ) ;
#1444 = EDGE_CURVE ( 'NONE', #1176, #772, #60, .T. ) ;
#1445 = VERTEX_POINT ( 'NONE', #1467 ) ;
#1446 = AXIS2_PLACEMENT_3D ( 'NONE', #2948, #1875, #361 ) ;
#1447 = ORIENTED_EDGE ( 'NONE', *, *, #148, .T. ) ;
#1448 = FACE_OUTER_BOUND ( 'NONE', #2255, .T. ) ;
#1449 = LINE ( 'NONE', #3271, #2237 ) ;
#1450 = EDGE_CURVE ( 'NONE', #553, #21, #1679, .T. ) ;
#1451 = VECTOR ( 'NONE', #594, 39.37007874015748143 ) ;
#1452 = ORIENTED_EDGE ( 'NONE', *, *, #2733, .T. ) ;
#1453 = ORIENTED_EDGE ( 'NONE', *, *, #824, .F. ) ;
#1454 = VECTOR ( 'NONE', #2993, 39.37007874015748143 ) ;
#1455 = DIRECTION ( 'NONE',  ( -0.7071067811865473507, 0.7071067811865476838, 0.000000000000000000 ) ) ;
#1456 = ADVANCED_FACE ( 'NONE', ( #2710 ), #1214, .F. ) ;
#1457 = CARTESIAN_POINT ( 'NONE',  ( 0.000000000000000000, 0.000000000000000000, -1.770000000000000018 ) ) ;
#1458 = PLANE ( 'NONE',  #385 ) ;
#1459 = VECTOR ( 'NONE', #1786, 39.37007874015748143 ) ;
#1460 = ORIENTED_EDGE ( 'NONE', *, *, #2230, .F. ) ;
#1461 = VECTOR ( 'NONE', #2652, 39.37007874015748143 ) ;
#1462 = CARTESIAN_POINT ( 'NONE',  ( 12.59999999999999609, -7.604772721475247188, -1.770000000000000018 ) ) ;
#1463 = ORIENTED_EDGE ( 'NONE', *, *, #3106, .T. ) ;
#1464 = EDGE_CURVE ( 'NONE', #2971, #2707, #1261, .T. ) ;
#1465 = VECTOR ( 'NONE', #2666, 39.37007874015748854 ) ;
#1466 = VERTEX_POINT ( 'NONE', #3009 ) ;
#1467 = CARTESIAN_POINT ( 'NONE',  ( 11.60000000000002451, 8.449999999999999289, -0.8892042454095879789 ) ) ;
#1468 = DIRECTION ( 'NONE',  ( -0.7071067811865473507, 0.7071067811865476838, 0.000000000000000000 ) ) ;
#1469 = ORIENTED_EDGE ( 'NONE', *, *, #503, .T. ) ;
#1470 = ORIENTED_EDGE ( 'NONE', *, *, #1247, .F. ) ;
#1471 = DIRECTION ( 'NONE',  ( -1.000000000000000000, 0.000000000000000000, 0.000000000000000000 ) ) ;
#1472 = AXIS2_PLACEMENT_3D ( 'NONE', #185, #2013, #725 ) ;
#1473 = FACE_OUTER_BOUND ( 'NONE', #1427, .T. ) ;
#1474 = DIRECTION ( 'NONE',  ( -1.000000000000000000, 0.000000000000000000, 0.000000000000000000 ) ) ;
#1475 = ORIENTED_EDGE ( 'NONE', *, *, #1895, .T. ) ;
#1476 = DIRECTION ( 'NONE',  ( -0.000000000000000000, -0.000000000000000000, -1.000000000000000000 ) ) ;
#1477 = ORIENTED_EDGE ( 'NONE', *, *, #2472, .T. ) ;
#1478 = FACE_OUTER_BOUND ( 'NONE', #3129, .T. ) ;
#1479 = ORIENTED_EDGE ( 'NONE', *, *, #2310, .F. ) ;
#1480 = CARTESIAN_POINT ( 'NONE',  ( -8.145227278524757253, -3.099999999999999201, -1.719999999999999973 ) ) ;
#1481 = CARTESIAN_POINT ( 'NONE',  ( -4.370956789862821150E-15, 5.095227278524752990, -1.719999999999999973 ) ) ;
#1482 = EDGE_LOOP ( 'NONE', ( #1986, #655, #78, #3145 ) ) ;
#1483 = ORIENTED_EDGE ( 'NONE', *, *, #1327, .F. ) ;
#1484 = CARTESIAN_POINT ( 'NONE',  ( 11.46220472440947269, 8.449999999999999289, -0.9719999999999998641 ) ) ;
#1485 = CARTESIAN_POINT ( 'NONE',  ( -6.300000000000004263, -7.604772721475247188, -1.719999999999999973 ) ) ;
#1486 = FACE_OUTER_BOUND ( 'NONE', #2632, .T. ) ;
#1487 = ORIENTED_EDGE ( 'NONE', *, *, #2351, .T. ) ;
#1488 = DIRECTION ( 'NONE',  ( -1.000000000000000000, 0.000000000000000000, 0.000000000000000000 ) ) ;
#1489 = EDGE_LOOP ( 'NONE', ( #2551, #3288, #640, #768 ) ) ;
#1490 = DIRECTION ( 'NONE',  ( -1.000000000000000000, 0.000000000000000000, -0.000000000000000000 ) ) ;
#1491 = EDGE_LOOP ( 'NONE', ( #1315, #2913, #1430, #625 ) ) ;
#1492 = EDGE_CURVE ( 'NONE', #3022, #1311, #2274, .T. ) ;
#1493 = CARTESIAN_POINT ( 'NONE',  ( 10.75477272147524310, -9.449999999999999289, -1.719999999999999973 ) ) ;
#1494 = CARTESIAN_POINT ( 'NONE',  ( 4.454772721475242392, 3.200000000000001510, -1.770000000000000018 ) ) ;
#1495 = AXIS2_PLACEMENT_3D ( 'NONE', #2073, #817, #532 ) ;
#1496 = ORIENTED_EDGE ( 'NONE', *, *, #1918, .F. ) ;
#1497 = ORIENTED_EDGE ( 'NONE', *, *, #2457, .F. ) ;
#1498 = EDGE_CURVE ( 'NONE', #2181, #444, #526, .T. ) ;
#1499 = CARTESIAN_POINT ( 'NONE',  ( -11.73779527559057634, 8.449999999999999289, -0.9719999999999998641 ) ) ;
#1500 = AXIS2_PLACEMENT_3D ( 'NONE', #1960, #2981, #416 ) ;
#1501 = PLANE ( 'NONE',  #2406 ) ;
#1502 = DIRECTION ( 'NONE',  ( -0.000000000000000000, -0.000000000000000000, -1.000000000000000000 ) ) ;
#1503 = CONICAL_SURFACE ( 'NONE', #1763, 0.1377952755905512972, 1.029744258676654312 ) ;
#1504 = ORIENTED_EDGE ( 'NONE', *, *, #1984, .T. ) ;
#1505 = FACE_OUTER_BOUND ( 'NONE', #1660, .T. ) ;
#1506 = AXIS2_PLACEMENT_3D ( 'NONE', #1765, #156, #3265 ) ;
#1507 = CARTESIAN_POINT ( 'NONE',  ( -12.60000000000000853, -1.254772721475248209, -1.719999999999999973 ) ) ;
#1508 = ORIENTED_EDGE ( 'NONE', *, *, #1678, .T. ) ;
#1509 = VECTOR ( 'NONE', #3029, 39.37007874015748854 ) ;
#1510 = ORIENTED_EDGE ( 'NONE', *, *, #2534, .F. ) ;
#1511 = ADVANCED_FACE ( 'NONE', ( #2793 ), #1526, .F. ) ;
#1512 = LINE ( 'NONE', #4, #270 ) ;
#1513 = PLANE ( 'NONE',  #1601 ) ;
#1514 = ORIENTED_EDGE ( 'NONE', *, *, #3119, .F. ) ;
#1515 = CARTESIAN_POINT ( 'NONE',  ( -12.60000000000000853, -4.995227278524748016, -1.719999999999999973 ) ) ;
#1516 = LINE ( 'NONE', #1033, #2829 ) ;
#1517 = CARTESIAN_POINT ( 'NONE',  ( -12.60000000000000497, -9.449999999999999289, -1.770000000000000018 ) ) ;
#1518 = AXIS2_PLACEMENT_3D ( 'NONE', #763, #2059, #304 ) ;
#1519 = LINE ( 'NONE', #2546, #1243 ) ;
#1520 = EDGE_CURVE ( 'NONE', #1742, #2825, #2539, .T. ) ;
#1521 = ORIENTED_EDGE ( 'NONE', *, *, #1337, .T. ) ;
#1522 = VECTOR ( 'NONE', #1637, 39.37007874015748143 ) ;
#1523 = LINE ( 'NONE', #2535, #1556 ) ;
#1524 = ORIENTED_EDGE ( 'NONE', *, *, #1302, .F. ) ;
#1525 = ORIENTED_EDGE ( 'NONE', *, *, #1902, .F. ) ;
#1526 = PLANE ( 'NONE',  #863 ) ;
#1527 = CARTESIAN_POINT ( 'NONE',  ( 0.000000000000000000, 6.349999999999999645, -1.719999999999999973 ) ) ;
#1528 = ORIENTED_EDGE ( 'NONE', *, *, #1536, .F. ) ;
#1529 = LINE ( 'NONE', #2594, #2522 ) ;
#1530 = CARTESIAN_POINT ( 'NONE',  ( 8.045227278524739845, 9.449999999999999289, -1.770000000000000018 ) ) ;
#1531 = DIRECTION ( 'NONE',  ( -1.000000000000000000, 0.000000000000000000, 0.000000000000000000 ) ) ;
#1532 = DIRECTION ( 'NONE',  ( 0.7071067811865473507, -0.7071067811865476838, 0.000000000000000000 ) ) ;
#1533 = ORIENTED_EDGE ( 'NONE', *, *, #1088, .F. ) ;
#1534 = EDGE_CURVE ( 'NONE', #2017, #1203, #1275, .T. ) ;
#1535 = CARTESIAN_POINT ( 'NONE',  ( -8.145227278524757253, -9.449999999999999289, -1.719999999999999973 ) ) ;
#1536 = EDGE_CURVE ( 'NONE', #636, #2434, #491, .T. ) ;
#1537 = ORIENTED_EDGE ( 'NONE', *, *, #2595, .F. ) ;
#1538 = PLANE ( 'NONE',  #1659 ) ;
#1539 = CARTESIAN_POINT ( 'NONE',  ( -6.300000000000008704, -4.995227278524748016, -1.719999999999999973 ) ) ;
#1540 = ADVANCED_FACE ( 'NONE', ( #1044 ), #3023, .F. ) ;
#1541 = ORIENTED_EDGE ( 'NONE', *, *, #1439, .F. ) ;
#1542 = DIRECTION ( 'NONE',  ( 0.7071067811865476838, 0.7071067811865473507, -0.000000000000000000 ) ) ;
#1543 = LINE ( 'NONE', #2848, #1018 ) ;
#1544 = ORIENTED_EDGE ( 'NONE', *, *, #1864, .T. ) ;
#1545 = CARTESIAN_POINT ( 'NONE',  ( 6.299999999999995381, -1.254772721475247099, -1.719999999999999973 ) ) ;
#1546 = CARTESIAN_POINT ( 'NONE',  ( -11.46220472440947269, 8.449999999999999289, -1.719999999999999973 ) ) ;
#1547 = LINE ( 'NONE', #568, #3198 ) ;
#1548 = AXIS2_PLACEMENT_3D ( 'NONE', #761, #1011, #3040 ) ;
#1549 = DIRECTION ( 'NONE',  ( -0.7071067811865473507, 0.7071067811865476838, 0.000000000000000000 ) ) ;
#1550 = ORIENTED_EDGE ( 'NONE', *, *, #3248, .F. ) ;
#1551 = AXIS2_PLACEMENT_3D ( 'NONE', #3097, #816, #2764 ) ;
#1552 = EDGE_CURVE ( 'NONE', #553, #2312, #250, .T. ) ;
#1553 = DIRECTION ( 'NONE',  ( -1.000000000000000000, 0.000000000000000000, 0.000000000000000000 ) ) ;
#1554 = ORIENTED_EDGE ( 'NONE', *, *, #352, .F. ) ;
#1555 = VECTOR ( 'NONE', #2045, 39.37007874015748143 ) ;
#1556 = VECTOR ( 'NONE', #3209, 39.37007874015748854 ) ;
#1557 = DIRECTION ( 'NONE',  ( -0.7071067811865476838, -0.7071067811865473507, 0.000000000000000000 ) ) ;
#1558 = EDGE_CURVE ( 'NONE', #3162, #3022, #1753, .T. ) ;
#1559 = AXIS2_PLACEMENT_3D ( 'NONE', #846, #552, #1844 ) ;
#1560 = VERTEX_POINT ( 'NONE', #778 ) ;
#1561 = DIRECTION ( 'NONE',  ( -0.000000000000000000, -0.000000000000000000, -1.000000000000000000 ) ) ;
#1562 = LINE ( 'NONE', #2340, #693 ) ;
#1563 = EDGE_LOOP ( 'NONE', ( #1447, #1288, #2949, #1969 ) ) ;
#1564 = LINE ( 'NONE', #1581, #2792 ) ;
#1565 = CARTESIAN_POINT ( 'NONE',  ( -8.741913579725642299E-15, -7.604772721475248076, -1.719999999999999973 ) ) ;
#1566 = CARTESIAN_POINT ( 'NONE',  ( 12.59999999999999609, -9.449999999999999289, 0.000000000000000000 ) ) ;
#1567 = DIRECTION ( 'NONE',  ( 0.7071067811865474617, 0.7071067811865474617, 0.000000000000000000 ) ) ;
#1568 = ORIENTED_EDGE ( 'NONE', *, *, #2169, .T. ) ;
#1569 = EDGE_CURVE ( 'NONE', #91, #2402, #1512, .T. ) ;
#1570 = CARTESIAN_POINT ( 'NONE',  ( 11.60000000000002451, -8.449999999999999289, -1.645000000000000018 ) ) ;
#1571 = LINE ( 'NONE', #850, #2838 ) ;
#1572 = VECTOR ( 'NONE', #2655, 39.37007874015748143 ) ;
#1573 = EDGE_LOOP ( 'NONE', ( #1186, #559, #1168, #2573 ) ) ;
#1574 = CIRCLE ( 'NONE', #1994, 0.1377952755905512972 ) ;
#1575 = LINE ( 'NONE', #574, #2474 ) ;
#1576 = ORIENTED_EDGE ( 'NONE', *, *, #456, .T. ) ;
#1577 = CARTESIAN_POINT ( 'NONE',  ( -12.60000000000000497, 9.449999999999999289, -1.719999999999999973 ) ) ;
#1578 = ADVANCED_FACE ( 'NONE', ( #1316 ), #978, .F. ) ;
#1579 = CARTESIAN_POINT ( 'NONE',  ( -1.845227278524757653, 3.250000000000000444, -1.719999999999999973 ) ) ;
#1580 = ORIENTED_EDGE ( 'NONE', *, *, #1223, .T. ) ;
#1581 = CARTESIAN_POINT ( 'NONE',  ( -6.300000000000008704, 7.704772721475252162, -1.770000000000000018 ) ) ;
#1582 = DIRECTION ( 'NONE',  ( -0.7071067811865473507, 0.7071067811865476838, 0.000000000000000000 ) ) ;
#1583 = CARTESIAN_POINT ( 'NONE',  ( -6.300000000000004263, -4.995227278524752457, -1.770000000000000018 ) ) ;
#1584 = CARTESIAN_POINT ( 'NONE',  ( 0.000000000000000000, 0.000000000000000000, -1.770000000000000018 ) ) ;
#1585 = EDGE_LOOP ( 'NONE', ( #1665, #743, #2223, #2236 ) ) ;
#1586 = CARTESIAN_POINT ( 'NONE',  ( 4.454772721475242392, -3.149999999999998579, -1.770000000000000018 ) ) ;
#1587 = CARTESIAN_POINT ( 'NONE',  ( 4.454772721475242392, 9.550000000000000711, -1.770000000000000018 ) ) ;
#1588 = CARTESIAN_POINT ( 'NONE',  ( -4.454772721475258379, -3.149999999999997691, -1.719999999999999973 ) ) ;
#1589 = ORIENTED_EDGE ( 'NONE', *, *, #623, .T. ) ;
#1590 = ADVANCED_FACE ( 'NONE', ( #3059 ), #1988, .F. ) ;
#1591 = CARTESIAN_POINT ( 'NONE',  ( 12.59999999999999609, -7.604772721475247188, -1.770000000000000018 ) ) ;
#1592 = ORIENTED_EDGE ( 'NONE', *, *, #3043, .F. ) ;
#1593 = LINE ( 'NONE', #1853, #1620 ) ;
#1594 = CARTESIAN_POINT ( 'NONE',  ( -10.75477272147525909, -3.149999999999997691, -1.719999999999999973 ) ) ;
#1595 = CARTESIAN_POINT ( 'NONE',  ( 8.145227278524741266, -3.099999999999999201, -1.770000000000000018 ) ) ;
#1596 = FACE_OUTER_BOUND ( 'NONE', #848, .T. ) ;
#1597 = ORIENTED_EDGE ( 'NONE', *, *, #2682, .T. ) ;
#1598 = EDGE_CURVE ( 'NONE', #1721, #301, #2137, .T. ) ;
#1599 = FACE_OUTER_BOUND ( 'NONE', #2521, .T. ) ;
#1600 = LINE ( 'NONE', #1587, #971 ) ;
#1601 = AXIS2_PLACEMENT_3D ( 'NONE', #3240, #234, #1200 ) ;
#1602 = AXIS2_PLACEMENT_3D ( 'NONE', #2745, #645, #460 ) ;
#1603 = DIRECTION ( 'NONE',  ( 0.7071067811865473507, -0.7071067811865476838, 0.000000000000000000 ) ) ;
#1604 = VECTOR ( 'NONE', #2232, 39.37007874015748143 ) ;
#1605 = ORIENTED_EDGE ( 'NONE', *, *, #3053, .F. ) ;
#1606 = CARTESIAN_POINT ( 'NONE',  ( 6.299999999999990941, 7.704772721475252162, -1.719999999999999973 ) ) ;
#1607 = VECTOR ( 'NONE', #989, 39.37007874015748854 ) ;
#1608 = EDGE_CURVE ( 'NONE', #51, #728, #268, .T. ) ;
#1609 = EDGE_LOOP ( 'NONE', ( #2113, #1897, #342, #956 ) ) ;
#1610 = DIRECTION ( 'NONE',  ( -0.000000000000000000, -0.000000000000000000, -1.000000000000000000 ) ) ;
#1611 = LINE ( 'NONE', #2163, #1451 ) ;
#1612 = VECTOR ( 'NONE', #2265, 39.37007874015748143 ) ;
#1613 = LINE ( 'NONE', #2898, #3247 ) ;
#1614 = PLANE ( 'NONE',  #2995 ) ;
#1615 = ORIENTED_EDGE ( 'NONE', *, *, #2611, .F. ) ;
#1616 = CARTESIAN_POINT ( 'NONE',  ( 6.299999999999990941, 1.354772721475252073, -1.719999999999999973 ) ) ;
#1617 = AXIS2_PLACEMENT_3D ( 'NONE', #1357, #365, #2365 ) ;
#1618 = LINE ( 'NONE', #1899, #1715 ) ;
#1619 = ORIENTED_EDGE ( 'NONE', *, *, #2860, .T. ) ;
#1620 = VECTOR ( 'NONE', #1626, 39.37007874015748143 ) ;
#1621 = DIRECTION ( 'NONE',  ( -0.7071067811865476838, -0.7071067811865473507, 0.000000000000000000 ) ) ;
#1622 = ORIENTED_EDGE ( 'NONE', *, *, #418, .F. ) ;
#1623 = VECTOR ( 'NONE', #2840, 39.37007874015748143 ) ;
#1624 = CARTESIAN_POINT ( 'NONE',  ( 11.60000000000002451, -8.449999999999999289, -1.719999999999999973 ) ) ;
#1625 = EDGE_LOOP ( 'NONE', ( #50, #1442, #904 ) ) ;
#1626 = DIRECTION ( 'NONE',  ( -0.7071067811865473507, 0.7071067811865476838, 0.000000000000000000 ) ) ;
#1627 = CARTESIAN_POINT ( 'NONE',  ( 12.59999999999999609, 9.449999999999999289, -1.770000000000000018 ) ) ;
#1628 = CARTESIAN_POINT ( 'NONE',  ( 6.299999999999995381, 5.095227278524752990, -1.719999999999999973 ) ) ;
#1629 = ORIENTED_EDGE ( 'NONE', *, *, #1223, .F. ) ;
#1630 = ORIENTED_EDGE ( 'NONE', *, *, #920, .T. ) ;
#1631 = LINE ( 'NONE', #2932, #3007 ) ;
#1632 = LINE ( 'NONE', #2934, #1461 ) ;
#1633 = ORIENTED_EDGE ( 'NONE', *, *, #847, .T. ) ;
#1634 = ADVANCED_FACE ( 'NONE', ( #2056 ), #1866, .F. ) ;
#1635 = CARTESIAN_POINT ( 'NONE',  ( -4.370956789862821150E-15, 7.704772721475247721, -1.719999999999999973 ) ) ;
#1636 = EDGE_CURVE ( 'NONE', #1062, #1702, #287, .T. ) ;
#1637 = DIRECTION ( 'NONE',  ( -1.000000000000000000, 0.000000000000000000, 0.000000000000000000 ) ) ;
#1638 = ORIENTED_EDGE ( 'NONE', *, *, #2106, .T. ) ;
#1639 = ADVANCED_FACE ( 'NONE', ( #921 ), #136, .F. ) ;
#1640 = CARTESIAN_POINT ( 'NONE',  ( -11.61818230547682695, -8.586590415998429648, -1.770000000000000018 ) ) ;
#1641 = APPLICATION_CONTEXT ( 'automotive_design' ) ;
#1642 = ORIENTED_EDGE ( 'NONE', *, *, #987, .T. ) ;
#1643 = DIRECTION ( 'NONE',  ( -0.000000000000000000, -0.000000000000000000, -1.000000000000000000 ) ) ;
#1644 = FACE_OUTER_BOUND ( 'NONE', #2877, .T. ) ;
#1645 = ORIENTED_EDGE ( 'NONE', *, *, #1982, .F. ) ;
#1646 = VERTEX_POINT ( 'NONE', #39 ) ;
#1647 = LINE ( 'NONE', #1410, #1286 ) ;
#1648 = DIRECTION ( 'NONE',  ( 0.000000000000000000, -0.000000000000000000, 1.000000000000000000 ) ) ;
#1649 = ORIENTED_EDGE ( 'NONE', *, *, #3050, .T. ) ;
#1650 = EDGE_CURVE ( 'NONE', #3132, #617, #3202, .T. ) ;
#1651 = CARTESIAN_POINT ( 'NONE',  ( 12.59999999999999609, 1.354772721475247632, -1.719999999999999973 ) ) ;
#1652 = VECTOR ( 'NONE', #3127, 39.37007874015748143 ) ;
#1653 = LINE ( 'NONE', #903, #1572 ) ;
#1654 = ORIENTED_EDGE ( 'NONE', *, *, #2954, .T. ) ;
#1655 = DIRECTION ( 'NONE',  ( 0.7071067811865474617, 0.7071067811865474617, 0.000000000000000000 ) ) ;
#1656 = CIRCLE ( 'NONE', #2935, 0.1377952755905512972 ) ;
#1657 = LINE ( 'NONE', #2926, #2461 ) ;
#1658 = ADVANCED_FACE ( 'NONE', ( #3171 ), #2172, .F. ) ;
#1659 = AXIS2_PLACEMENT_3D ( 'NONE', #2740, #974, #523 ) ;
#1660 = EDGE_LOOP ( 'NONE', ( #3135, #2081, #851, #3185 ) ) ;
#1661 = FACE_OUTER_BOUND ( 'NONE', #2759, .T. ) ;
#1662 = LINE ( 'NONE', #1420, #164 ) ;
#1663 = AXIS2_PLACEMENT_3D ( 'NONE', #408, #1432, #2754 ) ;
#1664 = ORIENTED_EDGE ( 'NONE', *, *, #1450, .F. ) ;
#1665 = ORIENTED_EDGE ( 'NONE', *, *, #2937, .T. ) ;
#1666 = VECTOR ( 'NONE', #2766, 39.37007874015748143 ) ;
#1667 = FACE_OUTER_BOUND ( 'NONE', #953, .T. ) ;
#1668 = CARTESIAN_POINT ( 'NONE',  ( 11.60000000000002451, 8.449999999999999289, -0.9719999999999998641 ) ) ;
#1669 = ORIENTED_EDGE ( 'NONE', *, *, #2414, .F. ) ;
#1670 = DIRECTION ( 'NONE',  ( 0.7071067811865473507, -0.7071067811865475727, 0.000000000000000000 ) ) ;
#1671 = CARTESIAN_POINT ( 'NONE',  ( -4.454772721475258379, -3.149999999999997691, -1.719999999999999973 ) ) ;
#1672 = ORIENTED_EDGE ( 'NONE', *, *, #1985, .T. ) ;
#1673 = CARTESIAN_POINT ( 'NONE',  ( -12.60000000000000853, -4.995227278524748016, -1.719999999999999973 ) ) ;
#1674 = VECTOR ( 'NONE', #236, 39.37007874015748143 ) ;
#1675 = DIRECTION ( 'NONE',  ( -1.000000000000000000, 0.000000000000000000, 0.000000000000000000 ) ) ;
#1676 = AXIS2_PLACEMENT_3D ( 'NONE', #855, #2675, #906 ) ;
#1677 = EDGE_LOOP ( 'NONE', ( #291, #1906, #2003, #2889 ) ) ;
#1678 = EDGE_CURVE ( 'NONE', #2874, #2333, #2134, .T. ) ;
#1679 = LINE ( 'NONE', #1693, #1713 ) ;
#1680 = DIRECTION ( 'NONE',  ( -0.000000000000000000, -0.000000000000000000, -1.000000000000000000 ) ) ;
#1681 = ORIENTED_EDGE ( 'NONE', *, *, #1339, .T. ) ;
#1682 = ORIENTED_EDGE ( 'NONE', *, *, #664, .F. ) ;
#1683 = DIRECTION ( 'NONE',  ( -0.000000000000000000, -0.000000000000000000, -1.000000000000000000 ) ) ;
#1684 = CARTESIAN_POINT ( 'NONE',  ( -12.60000000000000497, 9.449999999999999289, -1.770000000000000018 ) ) ;
#1685 = EDGE_CURVE ( 'NONE', #588, #1965, #1059, .T. ) ;
#1686 = ORIENTED_EDGE ( 'NONE', *, *, #512, .T. ) ;
#1687 = CARTESIAN_POINT ( 'NONE',  ( 11.73779527559057634, 8.449999999999999289, -1.719999999999999973 ) ) ;
#1688 = ADVANCED_FACE ( 'NONE', ( #901 ), #1503, .F. ) ;
#1689 = EDGE_LOOP ( 'NONE', ( #2644, #2837, #1930, #618 ) ) ;
#1690 = EDGE_CURVE ( 'NONE', #333, #534, #1901, .T. ) ;
#1691 = ORIENTED_EDGE ( 'NONE', *, *, #2781, .T. ) ;
#1692 = ADVANCED_FACE ( 'NONE', ( #622 ), #2956, .F. ) ;
#1693 = CARTESIAN_POINT ( 'NONE',  ( -10.75477272147525909, -3.099999999999999201, -1.719999999999999973 ) ) ;
#1694 = CARTESIAN_POINT ( 'NONE',  ( -8.145227278524757253, 3.250000000000000444, -1.719999999999999973 ) ) ;
#1695 = CARTESIAN_POINT ( 'NONE',  ( -8.741913579725642299E-15, 1.354772721475252073, -1.719999999999999973 ) ) ;
#1696 = VERTEX_POINT ( 'NONE', #1635 ) ;
#1697 = LINE ( 'NONE', #2713, #995 ) ;
#1698 = CARTESIAN_POINT ( 'NONE',  ( 8.145227278524741266, 3.250000000000000444, -1.770000000000000018 ) ) ;
#1699 = PLANE ( 'NONE',  #541 ) ;
#1700 = CARTESIAN_POINT ( 'NONE',  ( 6.299999999999990941, -4.995227278524748016, -1.719999999999999973 ) ) ;
#1701 = EDGE_CURVE ( 'NONE', #389, #2538, #811, .T. ) ;
#1702 = VERTEX_POINT ( 'NONE', #2403 ) ;
#1703 = CARTESIAN_POINT ( 'NONE',  ( -12.60000000000000497, -9.449999999999999289, 0.000000000000000000 ) ) ;
#1704 = ORIENTED_EDGE ( 'NONE', *, *, #2191, .F. ) ;
#1705 = AXIS2_PLACEMENT_3D ( 'NONE', #2460, #2728, #1989 ) ;
#1706 = ORIENTED_EDGE ( 'NONE', *, *, #2970, .F. ) ;
#1707 = EDGE_CURVE ( 'NONE', #16, #2517, #2654, .T. ) ;
#1708 = CARTESIAN_POINT ( 'NONE',  ( 8.145227278524741266, -9.449999999999999289, -1.719999999999999973 ) ) ;
#1709 = CARTESIAN_POINT ( 'NONE',  ( 12.59999999999999609, 1.354772721475247632, -1.719999999999999973 ) ) ;
#1710 = VECTOR ( 'NONE', #1368, 39.37007874015748854 ) ;
#1711 = ORIENTED_EDGE ( 'NONE', *, *, #820, .T. ) ;
#1712 = ORIENTED_EDGE ( 'NONE', *, *, #677, .T. ) ;
#1713 = VECTOR ( 'NONE', #1181, 39.37007874015748143 ) ;
#1714 = DIRECTION ( 'NONE',  ( -0.7071067811865475727, 0.7071067811865475727, 0.000000000000000000 ) ) ;
#1715 = VECTOR ( 'NONE', #899, 39.37007874015748143 ) ;
#1716 = DIRECTION ( 'NONE',  ( -0.000000000000000000, -0.000000000000000000, -1.000000000000000000 ) ) ;
#1717 = LINE ( 'NONE', #2735, #118 ) ;
#1718 = VECTOR ( 'NONE', #2616, 39.37007874015748143 ) ;
#1719 = ORIENTED_EDGE ( 'NONE', *, *, #2970, .T. ) ;
#1720 = LENGTH_MEASURE_WITH_UNIT ( LENGTH_MEASURE( 0.02539999999999999897 ), #1257 );
#1721 = VERTEX_POINT ( 'NONE', #1687 ) ;
#1722 = LINE ( 'NONE', #3251, #651 ) ;
#1723 = ORIENTED_EDGE ( 'NONE', *, *, #1598, .F. ) ;
#1724 = FACE_OUTER_BOUND ( 'NONE', #267, .T. ) ;
#1725 = DIRECTION ( 'NONE',  ( -0.7071067811865473507, 0.7071067811865476838, 0.000000000000000000 ) ) ;
#1726 = VECTOR ( 'NONE', #1964, 39.37007874015748143 ) ;
#1727 = VERTEX_POINT ( 'NONE', #369 ) ;
#1728 = ORIENTED_EDGE ( 'NONE', *, *, #2677, .F. ) ;
#1729 = DIRECTION ( 'NONE',  ( -1.000000000000000000, 0.000000000000000000, 0.000000000000000000 ) ) ;
#1730 = VECTOR ( 'NONE', #3183, 39.37007874015748854 ) ;
#1731 = DIRECTION ( 'NONE',  ( -0.7071067811865473507, 0.7071067811865476838, 0.000000000000000000 ) ) ;
#1732 = CARTESIAN_POINT ( 'NONE',  ( -12.60000000000000497, -9.449999999999999289, -1.770000000000000018 ) ) ;
#1733 = ORIENTED_EDGE ( 'NONE', *, *, #426, .F. ) ;
#1734 = CARTESIAN_POINT ( 'NONE',  ( 4.454772721475242392, 3.250000000000000444, -1.719999999999999973 ) ) ;
#1735 = FACE_OUTER_BOUND ( 'NONE', #2997, .T. ) ;
#1736 = EDGE_CURVE ( 'NONE', #2739, #2480, #1389, .T. ) ;
#1737 = EDGE_LOOP ( 'NONE', ( #2288, #1672, #3054 ) ) ;
#1738 = ADVANCED_FACE ( 'NONE', ( #2439 ), #2326, .F. ) ;
#1739 = VERTEX_POINT ( 'NONE', #2922 ) ;
#1740 = CARTESIAN_POINT ( 'NONE',  ( -12.60000000000000853, -7.604772721475248076, -1.719999999999999973 ) ) ;
#1741 = CARTESIAN_POINT ( 'NONE',  ( -11.60000000000002451, 8.449999999999999289, -1.719999999999999973 ) ) ;
#1742 = VERTEX_POINT ( 'NONE', #637 ) ;
#1743 = ORIENTED_EDGE ( 'NONE', *, *, #1054, .F. ) ;
#1744 = PLANE ( 'NONE',  #2560 ) ;
#1745 = CARTESIAN_POINT ( 'NONE',  ( -4.454772721475258379, -3.099999999999999201, -1.719999999999999973 ) ) ;
#1746 = DIRECTION ( 'NONE',  ( -1.000000000000000000, 0.000000000000000000, 0.000000000000000000 ) ) ;
#1747 = VERTEX_POINT ( 'NONE', #1651 ) ;
#1748 = LINE ( 'NONE', #1256, #329 ) ;
#1749 = EDGE_CURVE ( 'NONE', #1952, #1892, #1173, .T. ) ;
#1750 = ORIENTED_EDGE ( 'NONE', *, *, #1701, .T. ) ;
#1751 = CARTESIAN_POINT ( 'NONE',  ( 12.59999999999999609, -7.604772721475247188, -1.719999999999999973 ) ) ;
#1752 = VERTEX_POINT ( 'NONE', #1788 ) ;
#1753 = LINE ( 'NONE', #2775, #2507 ) ;
#1754 = EDGE_CURVE ( 'NONE', #1023, #1892, #1722, .T. ) ;
#1755 = CARTESIAN_POINT ( 'NONE',  ( 1.845227278524741221, 3.250000000000000444, -1.719999999999999973 ) ) ;
#1756 = VECTOR ( 'NONE', #713, 39.37007874015748143 ) ;
#1757 = ORIENTED_EDGE ( 'NONE', *, *, #245, .F. ) ;
#1758 = VERTEX_POINT ( 'NONE', #2805 ) ;
#1759 = CARTESIAN_POINT ( 'NONE',  ( 4.454772721475242392, 3.250000000000000444, -1.719999999999999973 ) ) ;
#1760 = VECTOR ( 'NONE', #1064, 39.37007874015748143 ) ;
#1761 = DIRECTION ( 'NONE',  ( 0.7071067811865476838, 0.7071067811865473507, 0.000000000000000000 ) ) ;
#1762 = CARTESIAN_POINT ( 'NONE',  ( 6.299999999999990941, 1.354772721475252073, -1.719999999999999973 ) ) ;
#1763 = AXIS2_PLACEMENT_3D ( 'NONE', #1915, #656, #2690 ) ;
#1764 = ORIENTED_EDGE ( 'NONE', *, *, #1685, .T. ) ;
#1765 = CARTESIAN_POINT ( 'NONE',  ( -6.300000000000004263, 5.095227278524752990, -1.719999999999999973 ) ) ;
#1766 = VECTOR ( 'NONE', #1145, 39.37007874015748143 ) ;
#1767 = ADVANCED_FACE ( 'NONE', ( #1226 ), #1538, .F. ) ;
#1768 = VERTEX_POINT ( 'NONE', #2304 ) ;
#1769 = VECTOR ( 'NONE', #308, 39.37007874015748143 ) ;
#1770 = EDGE_LOOP ( 'NONE', ( #2953, #2803, #110, #47 ) ) ;
#1771 = DIRECTION ( 'NONE',  ( 0.7071067811865474617, 0.7071067811865474617, 0.000000000000000000 ) ) ;
#1772 = CARTESIAN_POINT ( 'NONE',  ( -4.370956789862821150E-15, 1.354772721475247632, -1.719999999999999973 ) ) ;
#1773 = ORIENTED_EDGE ( 'NONE', *, *, #2701, .F. ) ;
#1774 = EDGE_CURVE ( 'NONE', #2603, #2864, #2990, .T. ) ;
#1775 = CARTESIAN_POINT ( 'NONE',  ( -4.454772721475258379, -9.449999999999999289, -1.719999999999999973 ) ) ;
#1776 = ADVANCED_FACE ( 'NONE', ( #1478 ), #2488, .T. ) ;
#1777 = DIRECTION ( 'NONE',  ( 0.7071067811865476838, 0.7071067811865473507, -0.000000000000000000 ) ) ;
#1778 = ADVANCED_FACE ( 'NONE', ( #213 ), #1242, .F. ) ;
#1779 = LINE ( 'NONE', #1813, #545 ) ;
#1780 = CIRCLE ( 'NONE', #719, 0.1377952755905512972 ) ;
#1781 = LINE ( 'NONE', #1281, #2621 ) ;
#1782 = ORIENTED_EDGE ( 'NONE', *, *, #658, .F. ) ;
#1783 = AXIS2_PLACEMENT_3D ( 'NONE', #2355, #70, #3120 ) ;
#1784 = LINE ( 'NONE', #280, #286 ) ;
#1785 = EDGE_CURVE ( 'NONE', #3195, #2640, #2625, .T. ) ;
#1786 = DIRECTION ( 'NONE',  ( -1.000000000000000000, 0.000000000000000000, 0.000000000000000000 ) ) ;
#1787 = VERTEX_POINT ( 'NONE', #7 ) ;
#1788 = CARTESIAN_POINT ( 'NONE',  ( -8.741913579725642299E-15, 5.095227278524751213, -1.719999999999999973 ) ) ;
#1789 = CARTESIAN_POINT ( 'NONE',  ( 12.59999999999999609, 7.704772721475247721, -1.719999999999999973 ) ) ;
#1790 = ADVANCED_FACE ( 'NONE', ( #1835 ), #1978, .F. ) ;
#1791 = ORIENTED_EDGE ( 'NONE', *, *, #19, .T. ) ;
#1792 = CARTESIAN_POINT ( 'NONE',  ( 8.145227278524741266, 3.250000000000000444, -1.719999999999999973 ) ) ;
#1793 = DIRECTION ( 'NONE',  ( 0.000000000000000000, 0.000000000000000000, -1.000000000000000000 ) ) ;
#1794 = EDGE_CURVE ( 'NONE', #828, #2273, #1996, .T. ) ;
#1795 = VERTEX_POINT ( 'NONE', #2765 ) ;
#1796 = CARTESIAN_POINT ( 'NONE',  ( -10.75477272147525909, -3.149999999999997691, -1.770000000000000018 ) ) ;
#1797 = DIRECTION ( 'NONE',  ( -0.000000000000000000, -0.000000000000000000, -1.000000000000000000 ) ) ;
#1798 = CARTESIAN_POINT ( 'NONE',  ( -11.61818230547682695, -8.586590415998429648, -1.770000000000000018 ) ) ;
#1799 = DIRECTION ( 'NONE',  ( -0.7071067811865476838, -0.7071067811865473507, 0.000000000000000000 ) ) ;
#1800 = EDGE_LOOP ( 'NONE', ( #897, #272, #509, #3181, #414, #2159, #1642, #168, #2048, #2747, #3278, #548, #375, #2186, #2138, #2256, #230, #428, #1071, #1987, #1009, #993, #1408, #1691, #471, #2451 ) ) ;
#1801 = EDGE_CURVE ( 'NONE', #2517, #2547, #2496, .T. ) ;
#1802 = DIRECTION ( 'NONE',  ( -0.7071067811865476838, -0.7071067811865473507, 0.000000000000000000 ) ) ;
#1803 = VERTEX_POINT ( 'NONE', #181 ) ;
#1804 = ORIENTED_EDGE ( 'NONE', *, *, #2, .F. ) ;
#1805 = DIRECTION ( 'NONE',  ( -1.000000000000000000, 2.093734754490789434E-16, 0.000000000000000000 ) ) ;
#1806 = ORIENTED_EDGE ( 'NONE', *, *, #1701, .F. ) ;
#1807 = CARTESIAN_POINT ( 'NONE',  ( 11.60000000000002451, 8.449999999999999289, -1.719999999999999973 ) ) ;
#1808 = DIRECTION ( 'NONE',  ( -0.000000000000000000, -0.000000000000000000, -1.000000000000000000 ) ) ;
#1809 = ADVANCED_FACE ( 'NONE', ( #2715 ), #3291, .F. ) ;
#1810 = ORIENTED_EDGE ( 'NONE', *, *, #2708, .F. ) ;
#1811 = CARTESIAN_POINT ( 'NONE',  ( 11.60000000000002451, -8.449999999999999289, -1.645000000000000018 ) ) ;
#1812 = DIRECTION ( 'NONE',  ( -1.000000000000000000, 0.000000000000000000, -0.000000000000000000 ) ) ;
#1813 = CARTESIAN_POINT ( 'NONE',  ( -1.845227278524757653, -9.449999999999999289, -1.719999999999999973 ) ) ;
#1814 = CARTESIAN_POINT ( 'NONE',  ( -12.60000000000000497, -9.449999999999999289, -1.770000000000000018 ) ) ;
#1815 = ORIENTED_EDGE ( 'NONE', *, *, #265, .F. ) ;
#1816 = AXIS2_PLACEMENT_3D ( 'NONE', #2024, #531, #1279 ) ;
#1817 = LINE ( 'NONE', #313, #2354 ) ;
#1818 = AXIS2_PLACEMENT_3D ( 'NONE', #2827, #1028, #2039 ) ;
#1819 = ORIENTED_EDGE ( 'NONE', *, *, #1801, .F. ) ;
#1820 = CIRCLE ( 'NONE', #2246, 0.1377952755905512972 ) ;
#1821 = ADVANCED_FACE ( 'NONE', ( #965 ), #2249, .F. ) ;
#1822 = VECTOR ( 'NONE', #602, 39.37007874015748854 ) ;
#1823 = FACE_OUTER_BOUND ( 'NONE', #607, .T. ) ;
#1824 = ORIENTED_EDGE ( 'NONE', *, *, #2031, .T. ) ;
#1825 = DIRECTION ( 'NONE',  ( 0.000000000000000000, 0.000000000000000000, -1.000000000000000000 ) ) ;
#1826 = DIRECTION ( 'NONE',  ( -0.000000000000000000, -0.000000000000000000, -1.000000000000000000 ) ) ;
#1827 = ORIENTED_EDGE ( 'NONE', *, *, #1399, .F. ) ;
#1828 = DIRECTION ( 'NONE',  ( -0.000000000000000000, -0.000000000000000000, -1.000000000000000000 ) ) ;
#1829 = CARTESIAN_POINT ( 'NONE',  ( 1.845227278524741221, 3.200000000000001954, -1.719999999999999973 ) ) ;
#1830 = DIRECTION ( 'NONE',  ( -1.000000000000000000, 0.000000000000000000, 0.000000000000000000 ) ) ;
#1831 = DIRECTION ( 'NONE',  ( 0.7071067811865473507, -0.7071067811865475727, 0.000000000000000000 ) ) ;
#1832 = ORIENTED_EDGE ( 'NONE', *, *, #2964, .F. ) ;
#1833 = LINE ( 'NONE', #2322, #2619 ) ;
#1834 = VECTOR ( 'NONE', #1476, 39.37007874015748143 ) ;
#1835 = FACE_OUTER_BOUND ( 'NONE', #1585, .T. ) ;
#1836 = CARTESIAN_POINT ( 'NONE',  ( 11.46220472440947269, -8.449999999999999289, -1.719999999999999973 ) ) ;
#1837 = ORIENTED_EDGE ( 'NONE', *, *, #2701, .T. ) ;
#1838 = DIRECTION ( 'NONE',  ( -0.7071067811865476838, -0.7071067811865473507, 0.000000000000000000 ) ) ;
#1839 = EDGE_CURVE ( 'NONE', #2325, #227, #1251, .T. ) ;
#1840 = ORIENTED_EDGE ( 'NONE', *, *, #520, .F. ) ;
#1841 = DIRECTION ( 'NONE',  ( -0.000000000000000000, -0.000000000000000000, -1.000000000000000000 ) ) ;
#1842 = DIRECTION ( 'NONE',  ( -0.000000000000000000, -0.000000000000000000, -1.000000000000000000 ) ) ;
#1843 = DIRECTION ( 'NONE',  ( 0.000000000000000000, -0.000000000000000000, -1.000000000000000000 ) ) ;
#1844 = DIRECTION ( 'NONE',  ( -0.7071067811865473507, 0.7071067811865476838, 0.000000000000000000 ) ) ;
#1845 = VERTEX_POINT ( 'NONE', #2026 ) ;
#1846 = CARTESIAN_POINT ( 'NONE',  ( -12.60000000000000497, -9.449999999999999289, -1.770000000000000018 ) ) ;
#1847 = PLANE ( 'NONE',  #3253 ) ;
#1848 = ADVANCED_FACE ( 'NONE', ( #431 ), #718, .F. ) ;
#1849 = CARTESIAN_POINT ( 'NONE',  ( -8.045227278524757608, 9.449999999999999289, -1.770000000000000018 ) ) ;
#1850 = ORIENTED_EDGE ( 'NONE', *, *, #2053, .F. ) ;
#1851 = DIRECTION ( 'NONE',  ( 0.000000000000000000, 0.000000000000000000, -1.000000000000000000 ) ) ;
#1852 = ORIENTED_EDGE ( 'NONE', *, *, #1295, .T. ) ;
#1853 = CARTESIAN_POINT ( 'NONE',  ( -10.75477272147525909, 3.250000000000000444, -1.770000000000000018 ) ) ;
#1854 = DIRECTION ( 'NONE',  ( 0.7071067811865473507, -0.7071067811865476838, 0.000000000000000000 ) ) ;
#1855 = LINE ( 'NONE', #1166, #430 ) ;
#1856 = DIRECTION ( 'NONE',  ( -1.000000000000000000, 0.000000000000000000, 0.000000000000000000 ) ) ;
#1857 = ORIENTED_EDGE ( 'NONE', *, *, #3106, .F. ) ;
#1858 = CARTESIAN_POINT ( 'NONE',  ( 0.000000000000000000, 12.69999999999999929, -1.719999999999999973 ) ) ;
#1859 = LINE ( 'NONE', #2887, #1822 ) ;
#1860 = ADVANCED_FACE ( 'NONE', ( #3047 ), #1699, .T. ) ;
#1861 = AXIS2_PLACEMENT_3D ( 'NONE', #2478, #189, #2492 ) ;
#1862 = ORIENTED_EDGE ( 'NONE', *, *, #2954, .F. ) ;
#1863 = VECTOR ( 'NONE', #43, 39.37007874015748854 ) ;
#1864 = EDGE_CURVE ( 'NONE', #2640, #1702, #1234, .T. ) ;
#1865 = LINE ( 'NONE', #2692, #2424 ) ;
#1866 = CONICAL_SURFACE ( 'NONE', #2243, 0.1377952755905512972, 1.029744258676654312 ) ;
#1867 = VERTEX_POINT ( 'NONE', #2751 ) ;
#1868 = LINE ( 'NONE', #2427, #1310 ) ;
#1869 = DIRECTION ( 'NONE',  ( -0.000000000000000000, -0.000000000000000000, -1.000000000000000000 ) ) ;
#1870 = VECTOR ( 'NONE', #1802, 39.37007874015748143 ) ;
#1871 = ORIENTED_EDGE ( 'NONE', *, *, #203, .T. ) ;
#1872 = LINE ( 'NONE', #843, #2955 ) ;
#1873 = LINE ( 'NONE', #1627, #2077 ) ;
#1874 = VECTOR ( 'NONE', #2648, 39.37007874015748854 ) ;
#1875 = DIRECTION ( 'NONE',  ( 0.000000000000000000, 0.000000000000000000, -1.000000000000000000 ) ) ;
#1876 = ADVANCED_FACE ( 'NONE', ( #3260 ), #224, .F. ) ;
#1877 = ORIENTED_EDGE ( 'NONE', *, *, #2576, .F. ) ;
#1878 = EDGE_CURVE ( 'NONE', #890, #1867, #698, .T. ) ;
#1879 = ORIENTED_EDGE ( 'NONE', *, *, #3264, .T. ) ;
#1880 = ADVANCED_FACE ( 'NONE', ( #1473 ), #1501, .F. ) ;
#1881 = CARTESIAN_POINT ( 'NONE',  ( -11.73779527559057634, -8.449999999999999289, -1.770000000000000018 ) ) ;
#1882 = DIRECTION ( 'NONE',  ( 0.000000000000000000, -1.000000000000000000, 0.000000000000000000 ) ) ;
#1883 = EDGE_CURVE ( 'NONE', #3238, #941, #446, .T. ) ;
#1884 = EDGE_LOOP ( 'NONE', ( #2656, #2846, #2843, #991 ) ) ;
#1885 = ADVANCED_FACE ( 'NONE', ( #3244 ), #1001, .F. ) ;
#1886 = DIRECTION ( 'NONE',  ( 1.000000000000000000, 0.000000000000000000, 0.000000000000000000 ) ) ;
#1887 = LINE ( 'NONE', #2189, #1041 ) ;
#1888 = EDGE_LOOP ( 'NONE', ( #1654, #1804, #3211, #467 ) ) ;
#1889 = CARTESIAN_POINT ( 'NONE',  ( 12.59999999999999609, -9.449999999999999289, -1.770000000000000018 ) ) ;
#1890 = VECTOR ( 'NONE', #2639, 39.37007874015748143 ) ;
#1891 = CARTESIAN_POINT ( 'NONE',  ( 4.454772721475242392, -3.099999999999999201, -1.770000000000000018 ) ) ;
#1892 = VERTEX_POINT ( 'NONE', #2784 ) ;
#1893 = CARTESIAN_POINT ( 'NONE',  ( 4.454772721475242392, -3.099999999999999201, -1.719999999999999973 ) ) ;
#1894 = DIRECTION ( 'NONE',  ( -0.000000000000000000, -1.000000000000000000, -0.000000000000000000 ) ) ;
#1895 = EDGE_CURVE ( 'NONE', #3225, #2927, #499, .T. ) ;
#1896 = ORIENTED_EDGE ( 'NONE', *, *, #1106, .T. ) ;
#1897 = ORIENTED_EDGE ( 'NONE', *, *, #334, .F. ) ;
#1898 = LINE ( 'NONE', #884, #701 ) ;
#1899 = CARTESIAN_POINT ( 'NONE',  ( 4.454772721475242392, 3.250000000000000444, -1.719999999999999973 ) ) ;
#1900 = VERTEX_POINT ( 'NONE', #30 ) ;
#1901 = LINE ( 'NONE', #872, #1236 ) ;
#1902 = EDGE_CURVE ( 'NONE', #1227, #828, #3068, .T. ) ;
#1903 = LINE ( 'NONE', #1375, #1522 ) ;
#1904 = ORIENTED_EDGE ( 'NONE', *, *, #1415, .F. ) ;
#1905 = LINE ( 'NONE', #1640, #1766 ) ;
#1906 = ORIENTED_EDGE ( 'NONE', *, *, #2082, .F. ) ;
#1907 = PLANE ( 'NONE',  #2455 ) ;
#1908 = CARTESIAN_POINT ( 'NONE',  ( -4.454772721475258379, -3.099999999999999201, -1.719999999999999973 ) ) ;
#1909 = ADVANCED_FACE ( 'NONE', ( #2597 ), #2608, .F. ) ;
#1910 = VERTEX_POINT ( 'NONE', #1595 ) ;
#1911 = ORIENTED_EDGE ( 'NONE', *, *, #311, .F. ) ;
#1912 = DIRECTION ( 'NONE',  ( -0.8571673007021125557, 0.000000000000000000, -0.5150380749100536004 ) ) ;
#1913 = LINE ( 'NONE', #653, #2676 ) ;
#1914 = ORIENTED_EDGE ( 'NONE', *, *, #2121, .T. ) ;
#1915 = CARTESIAN_POINT ( 'NONE',  ( -11.60000000000002451, 8.449999999999999289, -0.9719999999999998641 ) ) ;
#1916 = VECTOR ( 'NONE', #2711, 39.37007874015748854 ) ;
#1917 = CARTESIAN_POINT ( 'NONE',  ( -8.145227278524757253, -3.099999999999999201, -1.770000000000000018 ) ) ;
#1918 = EDGE_CURVE ( 'NONE', #2979, #890, #1820, .T. ) ;
#1919 = VERTEX_POINT ( 'NONE', #3099 ) ;
#1920 = VECTOR ( 'NONE', #223, 39.37007874015748143 ) ;
#1921 = CARTESIAN_POINT ( 'NONE',  ( 6.299999999999990941, 1.354772721475252073, -1.719999999999999973 ) ) ;
#1922 = AXIS2_PLACEMENT_3D ( 'NONE', #1807, #2018, #744 ) ;
#1923 = VERTEX_POINT ( 'NONE', #2345 ) ;
#1924 = DIRECTION ( 'NONE',  ( -0.000000000000000000, -0.000000000000000000, -1.000000000000000000 ) ) ;
#1925 = PLANE ( 'NONE',  #2074 ) ;
#1926 = VECTOR ( 'NONE', #660, 39.37007874015748143 ) ;
#1927 = DIRECTION ( 'NONE',  ( -0.7071067811865476838, -0.7071067811865473507, 0.000000000000000000 ) ) ;
#1928 = VECTOR ( 'NONE', #2152, 39.37007874015748143 ) ;
#1929 = ORIENTED_EDGE ( 'NONE', *, *, #2772, .F. ) ;
#1930 = ORIENTED_EDGE ( 'NONE', *, *, #3164, .F. ) ;
#1931 = CARTESIAN_POINT ( 'NONE',  ( -1.845227278524757653, 3.250000000000000444, -1.770000000000000018 ) ) ;
#1932 = DIRECTION ( 'NONE',  ( 0.000000000000000000, -0.000000000000000000, -1.000000000000000000 ) ) ;
#1933 = VERTEX_POINT ( 'NONE', #1583 ) ;
#1934 = DIRECTION ( 'NONE',  ( -0.000000000000000000, -0.000000000000000000, -1.000000000000000000 ) ) ;
#1935 = CARTESIAN_POINT ( 'NONE',  ( -11.46220472440947269, -8.449999999999999289, -1.645000000000000018 ) ) ;
#1936 = EDGE_CURVE ( 'NONE', #1213, #381, #44, .T. ) ;
#1937 = ORIENTED_EDGE ( 'NONE', *, *, #3006, .T. ) ;
#1938 = VECTOR ( 'NONE', #3064, 39.37007874015748143 ) ;
#1939 = LINE ( 'NONE', #2442, #2199 ) ;
#1940 = VECTOR ( 'NONE', #2737, 39.37007874015748143 ) ;
#1941 = ORIENTED_EDGE ( 'NONE', *, *, #708, .T. ) ;
#1942 = PLANE ( 'NONE',  #1602 ) ;
#1943 = EDGE_CURVE ( 'NONE', #1218, #2380, #1779, .T. ) ;
#1944 = LINE ( 'NONE', #2994, #643 ) ;
#1945 = APPLICATION_PROTOCOL_DEFINITION ( 'draft international standard', 'automotive_design', 1998, #1641 ) ;
#1946 = VERTEX_POINT ( 'NONE', #306 ) ;
#1947 = CARTESIAN_POINT ( 'NONE',  ( 4.454772721475242392, -3.099999999999999201, -1.719999999999999973 ) ) ;
#1948 = CARTESIAN_POINT ( 'NONE',  ( -1.845227278524757653, 9.550000000000000711, -1.719999999999999973 ) ) ;
#1949 = CARTESIAN_POINT ( 'NONE',  ( 10.75477272147524310, 3.250000000000000444, -1.719999999999999973 ) ) ;
#1950 = VERTEX_POINT ( 'NONE', #2834 ) ;
#1951 = CARTESIAN_POINT ( 'NONE',  ( -1.845227278524757653, -3.149999999999998579, -1.770000000000000018 ) ) ;
#1952 = VERTEX_POINT ( 'NONE', #2545 ) ;
#1953 = EDGE_CURVE ( 'NONE', #3022, #3254, #61, .T. ) ;
#1954 = CARTESIAN_POINT ( 'NONE',  ( -11.73659041599845487, -8.468182305476803506, -1.770000000000000018 ) ) ;
#1955 = VERTEX_POINT ( 'NONE', #1798 ) ;
#1956 = LINE ( 'NONE', #2197, #647 ) ;
#1957 = CYLINDRICAL_SURFACE ( 'NONE', #2346, 0.1377952755905512972 ) ;
#1958 = ORIENTED_EDGE ( 'NONE', *, *, #2470, .F. ) ;
#1959 = ORIENTED_EDGE ( 'NONE', *, *, #2817, .T. ) ;
#1960 = CARTESIAN_POINT ( 'NONE',  ( -4.454772721475258379, 3.200000000000001954, -1.719999999999999973 ) ) ;
#1961 = DIRECTION ( 'NONE',  ( -0.7071067811865476838, -0.7071067811865473507, 0.000000000000000000 ) ) ;
#1962 = CYLINDRICAL_SURFACE ( 'NONE', #2516, 0.1377952755905512972 ) ;
#1963 = ORIENTED_EDGE ( 'NONE', *, *, #2869, .T. ) ;
#1964 = DIRECTION ( 'NONE',  ( -1.000000000000000000, -0.000000000000000000, -0.000000000000000000 ) ) ;
#1965 = VERTEX_POINT ( 'NONE', #1566 ) ;
#1966 = EDGE_CURVE ( 'NONE', #721, #1803, #294, .T. ) ;
#1967 = VECTOR ( 'NONE', #1304, 39.37007874015748143 ) ;
#1968 = VECTOR ( 'NONE', #305, 39.37007874015748143 ) ;
#1969 = ORIENTED_EDGE ( 'NONE', *, *, #1185, .T. ) ;
#1970 = DIRECTION ( 'NONE',  ( -0.000000000000000000, -0.000000000000000000, -1.000000000000000000 ) ) ;
#1971 = CARTESIAN_POINT ( 'NONE',  ( 6.299999999999995381, 5.095227278524752990, -1.719999999999999973 ) ) ;
#1972 = AXIS2_PLACEMENT_3D ( 'NONE', #734, #2514, #1731 ) ;
#1973 = ORIENTED_EDGE ( 'NONE', *, *, #2272, .F. ) ;
#1974 = VERTEX_POINT ( 'NONE', #783 ) ;
#1975 = VECTOR ( 'NONE', #2580, 39.37007874015748143 ) ;
#1976 = CARTESIAN_POINT ( 'NONE',  ( -10.75477272147525909, -3.149999999999997691, -1.719999999999999973 ) ) ;
#1977 = AXIS2_PLACEMENT_3D ( 'NONE', #2428, #1110, #2642 ) ;
#1978 = PLANE ( 'NONE',  #2564 ) ;
#1979 = ADVANCED_FACE ( 'NONE', ( #1065 ), #2814, .F. ) ;
#1980 = DIRECTION ( 'NONE',  ( -1.000000000000000000, 0.000000000000000000, 0.000000000000000000 ) ) ;
#1981 = VECTOR ( 'NONE', #1549, 39.37007874015748143 ) ;
#1982 = EDGE_CURVE ( 'NONE', #1218, #673, #1034, .T. ) ;
#1983 = ORIENTED_EDGE ( 'NONE', *, *, #2820, .T. ) ;
#1984 = EDGE_CURVE ( 'NONE', #1739, #599, #76, .T. ) ;
#1985 = EDGE_CURVE ( 'NONE', #1445, #1646, #1547, .T. ) ;
#1986 = ORIENTED_EDGE ( 'NONE', *, *, #418, .T. ) ;
#1987 = ORIENTED_EDGE ( 'NONE', *, *, #2031, .F. ) ;
#1988 = PLANE ( 'NONE',  #2888 ) ;
#1989 = DIRECTION ( 'NONE',  ( -1.000000000000000000, 0.000000000000000000, -0.000000000000000000 ) ) ;
#1990 = AXIS2_PLACEMENT_3D ( 'NONE', #2769, #1210, #3002 ) ;
#1991 = VERTEX_POINT ( 'NONE', #3113 ) ;
#1992 = CARTESIAN_POINT ( 'NONE',  ( -8.145227278524757253, 3.250000000000000444, -1.719999999999999973 ) ) ;
#1993 = CARTESIAN_POINT ( 'NONE',  ( -6.300000000000008704, 1.354772721475252073, -1.770000000000000018 ) ) ;
#1994 = AXIS2_PLACEMENT_3D ( 'NONE', #2871, #898, #584 ) ;
#1995 = ADVANCED_FACE ( 'NONE', ( #2061 ), #831, .F. ) ;
#1996 = LINE ( 'NONE', #465, #1604 ) ;
#1997 = CARTESIAN_POINT ( 'NONE',  ( 8.145227278524741266, -9.449999999999999289, -1.719999999999999973 ) ) ;
#1998 = VERTEX_POINT ( 'NONE', #766 ) ;
#1999 = DIRECTION ( 'NONE',  ( -0.000000000000000000, -0.000000000000000000, -1.000000000000000000 ) ) ;
#2000 = ORIENTED_EDGE ( 'NONE', *, *, #2287, .T. ) ;
#2001 = EDGE_CURVE ( 'NONE', #2166, #1696, #2799, .T. ) ;
#2002 = VECTOR ( 'NONE', #981, 39.37007874015748854 ) ;
#2003 = ORIENTED_EDGE ( 'NONE', *, *, #3006, .F. ) ;
#2004 = CARTESIAN_POINT ( 'NONE',  ( 6.299999999999995381, -7.604772721475247188, -1.719999999999999973 ) ) ;
#2005 = LINE ( 'NONE', #1971, #1756 ) ;
#2006 = ORIENTED_EDGE ( 'NONE', *, *, #1883, .F. ) ;
#2007 = DIRECTION ( 'NONE',  ( 0.000000000000000000, -0.000000000000000000, -1.000000000000000000 ) ) ;
#2008 = DIRECTION ( 'NONE',  ( -0.8571673007021122226, 0.000000000000000000, -0.5150380749100542666 ) ) ;
#2009 = DIRECTION ( 'NONE',  ( -0.000000000000000000, -0.000000000000000000, -1.000000000000000000 ) ) ;
#2010 = CARTESIAN_POINT ( 'NONE',  ( 6.299999999999990941, 7.704772721475252162, -1.719999999999999973 ) ) ;
#2011 = ORIENTED_EDGE ( 'NONE', *, *, #520, .T. ) ;
#2012 = LINE ( 'NONE', #3032, #547 ) ;
#2013 = DIRECTION ( 'NONE',  ( -0.7071067811865475727, 0.7071067811865475727, 0.000000000000000000 ) ) ;
#2014 = ORIENTED_EDGE ( 'NONE', *, *, #804, .T. ) ;
#2015 = EDGE_CURVE ( 'NONE', #1418, #2149, #256, .T. ) ;
#2016 = ADVANCED_FACE ( 'NONE', ( #2315 ), #2720, .F. ) ;
#2017 = VERTEX_POINT ( 'NONE', #665 ) ;
#2018 = DIRECTION ( 'NONE',  ( -0.000000000000000000, -0.000000000000000000, -1.000000000000000000 ) ) ;
#2019 = CARTESIAN_POINT ( 'NONE',  ( -8.145227278524757253, -9.449999999999999289, -1.719999999999999973 ) ) ;
#2020 = VECTOR ( 'NONE', #1468, 39.37007874015748143 ) ;
#2021 = ORIENTED_EDGE ( 'NONE', *, *, #2572, .F. ) ;
#2022 = DIRECTION ( 'NONE',  ( -0.7071067811865476838, -0.7071067811865473507, 0.000000000000000000 ) ) ;
#2023 = ADVANCED_FACE ( 'NONE', ( #1644 ), #2647, .F. ) ;
#2024 = CARTESIAN_POINT ( 'NONE',  ( 10.75477272147524310, -3.099999999999999201, -1.719999999999999973 ) ) ;
#2025 = AXIS2_PLACEMENT_3D ( 'NONE', #1948, #696, #2183 ) ;
#2026 = CARTESIAN_POINT ( 'NONE',  ( -1.845227278524757653, 3.250000000000000444, -1.770000000000000018 ) ) ;
#2027 = LINE ( 'NONE', #1732, #174 ) ;
#2028 = AXIS2_PLACEMENT_3D ( 'NONE', #1485, #1015, #950 ) ;
#2029 = VERTEX_POINT ( 'NONE', #2394 ) ;
#2030 = FACE_OUTER_BOUND ( 'NONE', #2429, .T. ) ;
#2031 = EDGE_CURVE ( 'NONE', #2166, #1203, #3159, .T. ) ;
#2032 = VECTOR ( 'NONE', #2064, 39.37007874015748143 ) ;
#2033 = ORIENTED_EDGE ( 'NONE', *, *, #1293, .T. ) ;
#2034 = DIRECTION ( 'NONE',  ( -0.000000000000000000, -0.000000000000000000, -1.000000000000000000 ) ) ;
#2035 = AXIS2_PLACEMENT_3D ( 'NONE', #1305, #832, #1066 ) ;
#2036 = ADVANCED_FACE ( 'NONE', ( #3178 ), #2699, .F. ) ;
#2037 = PLANE ( 'NONE',  #774 ) ;
#2038 = ORIENTED_EDGE ( 'NONE', *, *, #3227, .T. ) ;
#2039 = DIRECTION ( 'NONE',  ( -1.000000000000000000, 0.000000000000000000, 0.000000000000000000 ) ) ;
#2040 = LINE ( 'NONE', #1591, #1230 ) ;
#2041 = ORIENTED_EDGE ( 'NONE', *, *, #309, .F. ) ;
#2042 = CARTESIAN_POINT ( 'NONE',  ( 4.454772721475242392, -9.449999999999999289, -1.719999999999999973 ) ) ;
#2043 = EDGE_CURVE ( 'NONE', #2653, #2583, #646, .T. ) ;
#2044 = LINE ( 'NONE', #515, #1920 ) ;
#2045 = DIRECTION ( 'NONE',  ( -0.000000000000000000, -0.000000000000000000, -1.000000000000000000 ) ) ;
#2046 = VECTOR ( 'NONE', #253, 39.37007874015748143 ) ;
#2047 = DIRECTION ( 'NONE',  ( -1.000000000000000000, 0.000000000000000000, -0.000000000000000000 ) ) ;
#2048 = ORIENTED_EDGE ( 'NONE', *, *, #2224, .T. ) ;
#2049 = VECTOR ( 'NONE', #2114, 39.37007874015748143 ) ;
#2050 = LINE ( 'NONE', #3279, #3169 ) ;
#2051 = DIRECTION ( 'NONE',  ( -1.000000000000000000, 0.000000000000000000, 0.000000000000000000 ) ) ;
#2052 = VERTEX_POINT ( 'NONE', #1435 ) ;
#2053 = EDGE_CURVE ( 'NONE', #258, #2603, #2415, .T. ) ;
#2054 = DIRECTION ( 'NONE',  ( 2.093734754490789434E-16, 1.000000000000000000, -0.000000000000000000 ) ) ;
#2055 = ORIENTED_EDGE ( 'NONE', *, *, #475, .F. ) ;
#2056 = FACE_OUTER_BOUND ( 'NONE', #2924, .T. ) ;
#2057 = CARTESIAN_POINT ( 'NONE',  ( -12.60000000000000853, 1.354772721475252073, -1.770000000000000018 ) ) ;
#2058 = ORIENTED_EDGE ( 'NONE', *, *, #1608, .T. ) ;
#2059 = DIRECTION ( 'NONE',  ( 0.000000000000000000, -1.000000000000000000, 0.000000000000000000 ) ) ;
#2060 = PLANE ( 'NONE',  #378 ) ;
#2061 = FACE_OUTER_BOUND ( 'NONE', #2086, .T. ) ;
#2062 = FACE_OUTER_BOUND ( 'NONE', #2659, .T. ) ;
#2063 = ORIENTED_EDGE ( 'NONE', *, *, #2984, .F. ) ;
#2064 = DIRECTION ( 'NONE',  ( -0.000000000000000000, -0.000000000000000000, -1.000000000000000000 ) ) ;
#2065 = ORIENTED_EDGE ( 'NONE', *, *, #508, .F. ) ;
#2066 = LINE ( 'NONE', #2858, #2691 ) ;
#2067 = ORIENTED_EDGE ( 'NONE', *, *, #129, .T. ) ;
#2068 = CARTESIAN_POINT ( 'NONE',  ( -12.60000000000000497, -9.449999999999999289, -1.770000000000000018 ) ) ;
#2069 = PLANE ( 'NONE',  #2553 ) ;
#2070 = ORIENTED_EDGE ( 'NONE', *, *, #2477, .F. ) ;
#2071 = DIRECTION ( 'NONE',  ( 0.7071067811865476838, 0.7071067811865473507, -0.000000000000000000 ) ) ;
#2072 = CARTESIAN_POINT ( 'NONE',  ( -4.554772721475260688, 9.449999999999999289, -1.719999999999999973 ) ) ;
#2073 = CARTESIAN_POINT ( 'NONE',  ( -8.145227278524757253, 9.550000000000000711, -1.719999999999999973 ) ) ;
#2074 = AXIS2_PLACEMENT_3D ( 'NONE', #1628, #2431, #2124 ) ;
#2075 = DIRECTION ( 'NONE',  ( -0.7071067811865475727, 0.7071067811865475727, 0.000000000000000000 ) ) ;
#2076 = ORIENTED_EDGE ( 'NONE', *, *, #470, .F. ) ;
#2077 = VECTOR ( 'NONE', #2914, 39.37007874015748143 ) ;
#2078 = EDGE_CURVE ( 'NONE', #534, #1910, #1149, .T. ) ;
#2079 = DIRECTION ( 'NONE',  ( 1.000000000000000000, -2.093734754490789434E-16, 0.000000000000000000 ) ) ;
#2080 = AXIS2_PLACEMENT_3D ( 'NONE', #2757, #455, #740 ) ;
#2081 = ORIENTED_EDGE ( 'NONE', *, *, #2778, .T. ) ;
#2082 = EDGE_CURVE ( 'NONE', #154, #1058, #2683, .T. ) ;
#2083 = AXIS2_PLACEMENT_3D ( 'NONE', #1624, #1851, #339 ) ;
#2084 = DIRECTION ( 'NONE',  ( -0.7071067811865475727, 0.7071067811865475727, 0.000000000000000000 ) ) ;
#2085 = VECTOR ( 'NONE', #2785, 39.37007874015748143 ) ;
#2086 = EDGE_LOOP ( 'NONE', ( #1271, #462, #2830, #2849 ) ) ;
#2087 = CARTESIAN_POINT ( 'NONE',  ( -8.145227278524757253, -3.149999999999998579, -1.719999999999999973 ) ) ;
#2088 = ORIENTED_EDGE ( 'NONE', *, *, #967, .T. ) ;
#2089 = FACE_OUTER_BOUND ( 'NONE', #1237, .T. ) ;
#2090 = LINE ( 'NONE', #360, #912 ) ;
#2091 = DIRECTION ( 'NONE',  ( 0.8571673007021122226, 1.049727191138618449E-16, -0.5150380749100542666 ) ) ;
#2092 = CARTESIAN_POINT ( 'NONE',  ( -4.454772721475258379, 3.250000000000000444, -1.719999999999999973 ) ) ;
#2093 = ORIENTED_EDGE ( 'NONE', *, *, #103, .T. ) ;
#2094 = EDGE_CURVE ( 'NONE', #961, #301, #1855, .T. ) ;
#2095 = LINE ( 'NONE', #2902, #134 ) ;
#2096 = AXIS2_PLACEMENT_3D ( 'NONE', #1811, #1828, #1301 ) ;
#2097 = DIRECTION ( 'NONE',  ( -0.000000000000000000, -0.000000000000000000, -1.000000000000000000 ) ) ;
#2098 = AXIS2_PLACEMENT_3D ( 'NONE', #2958, #1603, #336 ) ;
#2099 = LINE ( 'NONE', #1042, #3005 ) ;
#2100 = EDGE_CURVE ( 'NONE', #2201, #3012, #345, .T. ) ;
#2101 = EDGE_LOOP ( 'NONE', ( #2384, #1580, #1911, #195 ) ) ;
#2102 = CARTESIAN_POINT ( 'NONE',  ( -6.300000000000004263, -1.254772721475247099, -1.719999999999999973 ) ) ;
#2103 = ORIENTED_EDGE ( 'NONE', *, *, #2369, .T. ) ;
#2104 = CARTESIAN_POINT ( 'NONE',  ( 11.60000000000002451, -8.449999999999999289, -1.719999999999999973 ) ) ;
#2105 = CARTESIAN_POINT ( 'NONE',  ( -8.741913579725642299E-15, -1.254772721475248209, -1.719999999999999973 ) ) ;
#2106 = EDGE_CURVE ( 'NONE', #1227, #2342, #596, .T. ) ;
#2107 = DIRECTION ( 'NONE',  ( 2.093734754490789434E-16, 1.000000000000000000, -0.000000000000000000 ) ) ;
#2108 = CARTESIAN_POINT ( 'NONE',  ( -11.60000000000002451, -8.449999999999999289, -1.645000000000000018 ) ) ;
#2109 = ORIENTED_EDGE ( 'NONE', *, *, #148, .F. ) ;
#2110 = EDGE_CURVE ( 'NONE', #1795, #2333, #629, .T. ) ;
#2111 = CARTESIAN_POINT ( 'NONE',  ( -12.60000000000000497, 9.449999999999999289, -1.770000000000000018 ) ) ;
#2112 = DIRECTION ( 'NONE',  ( -1.000000000000000000, 2.093734754490789434E-16, 0.000000000000000000 ) ) ;
#2113 = ORIENTED_EDGE ( 'NONE', *, *, #3213, .T. ) ;
#2114 = DIRECTION ( 'NONE',  ( 0.000000000000000000, 1.000000000000000000, 0.000000000000000000 ) ) ;
#2115 = ORIENTED_EDGE ( 'NONE', *, *, #2169, .F. ) ;
#2116 = CARTESIAN_POINT ( 'NONE',  ( 6.299999999999990941, -4.995227278524748016, -1.770000000000000018 ) ) ;
#2117 = EDGE_CURVE ( 'NONE', #3132, #235, #1132, .T. ) ;
#2118 = UNCERTAINTY_MEASURE_WITH_UNIT (LENGTH_MEASURE( 1.000000000000000082E-05 ), #666, 'distance_accuracy_value', 'NONE');
#2119 = CARTESIAN_POINT ( 'NONE',  ( 8.145227278524741266, -3.149999999999997691, -1.719999999999999973 ) ) ;
#2120 = ORIENTED_EDGE ( 'NONE', *, *, #902, .F. ) ;
#2121 = EDGE_CURVE ( 'NONE', #2333, #490, #1662, .T. ) ;
#2122 = CARTESIAN_POINT ( 'NONE',  ( 11.46220472440947269, 8.449999999999999289, -1.719999999999999973 ) ) ;
#2123 = DIRECTION ( 'NONE',  ( 1.000000000000000000, -2.093734754490789434E-16, 0.000000000000000000 ) ) ;
#2124 = DIRECTION ( 'NONE',  ( 0.7071067811865476838, 0.7071067811865473507, 0.000000000000000000 ) ) ;
#2125 = SHAPE_DEFINITION_REPRESENTATION ( #3073, #1209 ) ;
#2126 = EDGE_CURVE ( 'NONE', #2276, #2527, #1613, .T. ) ;
#2127 = ORIENTED_EDGE ( 'NONE', *, *, #3123, .T. ) ;
#2128 = ORIENTED_EDGE ( 'NONE', *, *, #2595, .T. ) ;
#2129 = DIRECTION ( 'NONE',  ( 0.000000000000000000, -0.000000000000000000, 1.000000000000000000 ) ) ;
#2130 = CIRCLE ( 'NONE', #908, 0.1377952755905512972 ) ;
#2131 = CARTESIAN_POINT ( 'NONE',  ( -11.60000000000002451, 8.449999999999999289, -0.9719999999999998641 ) ) ;
#2132 = AXIS2_PLACEMENT_3D ( 'NONE', #1182, #2164, #2445 ) ;
#2133 = ORIENTED_EDGE ( 'NONE', *, *, #2722, .F. ) ;
#2134 = LINE ( 'NONE', #2847, #1345 ) ;
#2135 = AXIS2_PLACEMENT_3D ( 'NONE', #716, #1438, #1729 ) ;
#2136 = CARTESIAN_POINT ( 'NONE',  ( 12.59999999999999609, -9.449999999999999289, -1.770000000000000018 ) ) ;
#2137 = CIRCLE ( 'NONE', #595, 0.1377952755905512972 ) ;
#2138 = ORIENTED_EDGE ( 'NONE', *, *, #1423, .T. ) ;
#2139 = CARTESIAN_POINT ( 'NONE',  ( -4.370956789862821150E-15, -4.995227278524752457, -1.719999999999999973 ) ) ;
#2140 = VECTOR ( 'NONE', #2154, 39.37007874015748143 ) ;
#2141 = ADVANCED_FACE ( 'NONE', ( #1115 ), #1925, .F. ) ;
#2142 = FACE_OUTER_BOUND ( 'NONE', #1689, .T. ) ;
#2143 = CIRCLE ( 'NONE', #2356, 0.1377952755905512972 ) ;
#2144 = ORIENTED_EDGE ( 'NONE', *, *, #1089, .T. ) ;
#2145 = DIRECTION ( 'NONE',  ( 0.000000000000000000, 1.000000000000000000, 0.000000000000000000 ) ) ;
#2146 = PRODUCT_DEFINITION_FORMATION_WITH_SPECIFIED_SOURCE ( 'ANY', '', #1287, .NOT_KNOWN. ) ;
#2147 = LINE ( 'NONE', #1709, #752 ) ;
#2148 = CARTESIAN_POINT ( 'NONE',  ( -12.60000000000000497, -9.449999999999999289, 0.000000000000000000 ) ) ;
#2149 = VERTEX_POINT ( 'NONE', #864 ) ;
#2150 = ADVANCED_FACE ( 'NONE', ( #911 ), #3194, .T. ) ;
#2151 = ORIENTED_EDGE ( 'NONE', *, *, #1266, .T. ) ;
#2152 = DIRECTION ( 'NONE',  ( -0.000000000000000000, -0.000000000000000000, -1.000000000000000000 ) ) ;
#2153 = AXIS2_PLACEMENT_3D ( 'NONE', #619, #2633, #131 ) ;
#2154 = DIRECTION ( 'NONE',  ( -1.000000000000000000, -0.000000000000000000, -0.000000000000000000 ) ) ;
#2155 = ORIENTED_EDGE ( 'NONE', *, *, #2191, .T. ) ;
#2156 = DIRECTION ( 'NONE',  ( -1.000000000000000000, 0.000000000000000000, -0.000000000000000000 ) ) ;
#2157 = AXIS2_PLACEMENT_3D ( 'NONE', #554, #571, #48 ) ;
#2158 = DIRECTION ( 'NONE',  ( 0.7071067811865473507, -0.7071067811865475727, 0.000000000000000000 ) ) ;
#2159 = ORIENTED_EDGE ( 'NONE', *, *, #2300, .T. ) ;
#2160 = VECTOR ( 'NONE', #80, 39.37007874015748143 ) ;
#2161 = LINE ( 'NONE', #2943, #1926 ) ;
#2162 = ORIENTED_EDGE ( 'NONE', *, *, #2570, .F. ) ;
#2163 = CARTESIAN_POINT ( 'NONE',  ( -4.454772721475258379, 3.250000000000000444, -1.770000000000000018 ) ) ;
#2164 = DIRECTION ( 'NONE',  ( -0.000000000000000000, -0.000000000000000000, -1.000000000000000000 ) ) ;
#2165 = CARTESIAN_POINT ( 'NONE',  ( -4.454772721475258379, -3.099999999999999201, -1.719999999999999973 ) ) ;
#2166 = VERTEX_POINT ( 'NONE', #1382 ) ;
#2167 = EDGE_LOOP ( 'NONE', ( #216, #1827, #1550, #2245 ) ) ;
#2168 = CARTESIAN_POINT ( 'NONE',  ( 4.554772721475242037, 9.449999999999999289, -1.719999999999999973 ) ) ;
#2169 = EDGE_CURVE ( 'NONE', #1747, #3105, #2147, .T. ) ;
#2170 = CARTESIAN_POINT ( 'NONE',  ( 8.145227278524741266, -3.149999999999997691, -1.719999999999999973 ) ) ;
#2171 = ORIENTED_EDGE ( 'NONE', *, *, #1492, .F. ) ;
#2172 = CYLINDRICAL_SURFACE ( 'NONE', #704, 0.1377952755905512972 ) ;
#2173 = DIRECTION ( 'NONE',  ( -0.000000000000000000, -0.000000000000000000, -1.000000000000000000 ) ) ;
#2174 = ORIENTED_EDGE ( 'NONE', *, *, #3298, .F. ) ;
#2175 = CARTESIAN_POINT ( 'NONE',  ( -8.741913579725642299E-15, -1.254772721475248209, -1.719999999999999973 ) ) ;
#2176 = FACE_OUTER_BOUND ( 'NONE', #1272, .T. ) ;
#2177 = ORIENTED_EDGE ( 'NONE', *, *, #2758, .F. ) ;
#2178 = CARTESIAN_POINT ( 'NONE',  ( -6.300000000000008704, -1.254772721475248209, -1.719999999999999973 ) ) ;
#2179 = CARTESIAN_POINT ( 'NONE',  ( 10.85477272147524275, 9.449999999999999289, -1.770000000000000018 ) ) ;
#2180 = DIRECTION ( 'NONE',  ( 1.000000000000000000, 0.000000000000000000, 0.000000000000000000 ) ) ;
#2181 = VERTEX_POINT ( 'NONE', #680 ) ;
#2182 = ORIENTED_EDGE ( 'NONE', *, *, #2791, .F. ) ;
#2183 = DIRECTION ( 'NONE',  ( -0.7071067811865473507, 0.7071067811865476838, 0.000000000000000000 ) ) ;
#2184 = EDGE_CURVE ( 'NONE', #41, #1324, #3214, .T. ) ;
#2185 = LINE ( 'NONE', #133, #2729 ) ;
#2186 = ORIENTED_EDGE ( 'NONE', *, *, #1385, .T. ) ;
#2187 = DIRECTION ( 'NONE',  ( -0.7071067811865473507, 0.7071067811865476838, 0.000000000000000000 ) ) ;
#2188 = VECTOR ( 'NONE', #1531, 39.37007874015748143 ) ;
#2189 = CARTESIAN_POINT ( 'NONE',  ( -12.60000000000000497, -9.449999999999999289, -1.770000000000000018 ) ) ;
#2190 = ORIENTED_EDGE ( 'NONE', *, *, #410, .F. ) ;
#2191 = EDGE_CURVE ( 'NONE', #1409, #351, #931, .T. ) ;
#2192 = CARTESIAN_POINT ( 'NONE',  ( 10.75477272147524310, -3.149999999999998579, -1.719999999999999973 ) ) ;
#2193 = VECTOR ( 'NONE', #944, 39.37007874015748143 ) ;
#2194 = FACE_OUTER_BOUND ( 'NONE', #1277, .T. ) ;
#2195 = AXIS2_PLACEMENT_3D ( 'NONE', #2225, #3039, #2505 ) ;
#2196 = ORIENTED_EDGE ( 'NONE', *, *, #3119, .T. ) ;
#2197 = CARTESIAN_POINT ( 'NONE',  ( -6.300000000000004263, 5.095227278524752990, -1.770000000000000018 ) ) ;
#2198 = DIRECTION ( 'NONE',  ( 0.000000000000000000, 1.000000000000000000, 0.000000000000000000 ) ) ;
#2199 = VECTOR ( 'NONE', #1285, 39.37007874015748854 ) ;
#2200 = DIRECTION ( 'NONE',  ( -0.000000000000000000, 0.000000000000000000, -1.000000000000000000 ) ) ;
#2201 = VERTEX_POINT ( 'NONE', #2214 ) ;
#2202 = LINE ( 'NONE', #3230, #2643 ) ;
#2203 = VECTOR ( 'NONE', #1567, 39.37007874015748854 ) ;
#2204 = CARTESIAN_POINT ( 'NONE',  ( -1.845227278524757653, -3.099999999999999201, -1.719999999999999973 ) ) ;
#2205 = DIRECTION ( 'NONE',  ( -0.000000000000000000, -0.000000000000000000, -1.000000000000000000 ) ) ;
#2206 = ORIENTED_EDGE ( 'NONE', *, *, #98, .F. ) ;
#2207 = EDGE_CURVE ( 'NONE', #21, #913, #2506, .T. ) ;
#2208 = LINE ( 'NONE', #1462, #1417 ) ;
#2209 = ORIENTED_EDGE ( 'NONE', *, *, #456, .F. ) ;
#2210 = VECTOR ( 'NONE', #300, 39.37007874015748143 ) ;
#2211 = VECTOR ( 'NONE', #1655, 39.37007874015748854 ) ;
#2212 = ORIENTED_EDGE ( 'NONE', *, *, #1598, .T. ) ;
#2213 = CARTESIAN_POINT ( 'NONE',  ( -10.75477272147525909, 3.250000000000000444, -1.719999999999999973 ) ) ;
#2214 = CARTESIAN_POINT ( 'NONE',  ( 6.299999999999995381, 1.354772721475247632, -1.770000000000000018 ) ) ;
#2215 = ORIENTED_EDGE ( 'NONE', *, *, #741, .T. ) ;
#2216 = ORIENTED_EDGE ( 'NONE', *, *, #2184, .F. ) ;
#2217 = FACE_OUTER_BOUND ( 'NONE', #1053, .T. ) ;
#2218 = DIRECTION ( 'NONE',  ( -0.7071067811865473507, 0.7071067811865476838, 0.000000000000000000 ) ) ;
#2219 = CARTESIAN_POINT ( 'NONE',  ( 12.59999999999999609, -9.449999999999999289, -1.770000000000000018 ) ) ;
#2220 = ORIENTED_EDGE ( 'NONE', *, *, #309, .T. ) ;
#2221 = CARTESIAN_POINT ( 'NONE',  ( -12.60000000000000853, 7.704772721475252162, -1.719999999999999973 ) ) ;
#2222 = EDGE_LOOP ( 'NONE', ( #2447, #130, #2577, #190 ) ) ;
#2223 = ORIENTED_EDGE ( 'NONE', *, *, #1157, .T. ) ;
#2224 = EDGE_CURVE ( 'NONE', #1752, #473, #1449, .T. ) ;
#2225 = CARTESIAN_POINT ( 'NONE',  ( 6.299999999999990941, -4.995227278524748016, -1.719999999999999973 ) ) ;
#2226 = DIRECTION ( 'NONE',  ( 0.7071067811865473507, -0.7071067811865476838, 0.000000000000000000 ) ) ;
#2227 = ADVANCED_FACE ( 'NONE', ( #219 ), #3228, .T. ) ;
#2228 = ORIENTED_EDGE ( 'NONE', *, *, #664, .T. ) ;
#2229 = CARTESIAN_POINT ( 'NONE',  ( -10.75477272147525909, -3.099999999999999201, -1.770000000000000018 ) ) ;
#2230 = EDGE_CURVE ( 'NONE', #711, #1965, #1246, .T. ) ;
#2231 = DIRECTION ( 'NONE',  ( -0.7071067811865474617, -0.7071067811865474617, 0.000000000000000000 ) ) ;
#2232 = DIRECTION ( 'NONE',  ( -0.000000000000000000, -0.000000000000000000, -1.000000000000000000 ) ) ;
#2233 = DIRECTION ( 'NONE',  ( 0.000000000000000000, 0.000000000000000000, -1.000000000000000000 ) ) ;
#2234 = ORIENTED_EDGE ( 'NONE', *, *, #2421, .F. ) ;
#2235 = PRESENTATION_STYLE_ASSIGNMENT (( #1224 ) ) ;
#2236 = ORIENTED_EDGE ( 'NONE', *, *, #841, .T. ) ;
#2237 = VECTOR ( 'NONE', #200, 39.37007874015748143 ) ;
#2238 = VECTOR ( 'NONE', #2732, 39.37007874015748143 ) ;
#2239 = VERTEX_POINT ( 'NONE', #2776 ) ;
#2240 = ADVANCED_FACE ( 'NONE', ( #730 ), #745, .F. ) ;
#2241 = DIRECTION ( 'NONE',  ( -0.7071067811865474617, -0.7071067811865474617, 0.000000000000000000 ) ) ;
#2242 = FACE_OUTER_BOUND ( 'NONE', #2475, .T. ) ;
#2243 = AXIS2_PLACEMENT_3D ( 'NONE', #474, #1561, #2574 ) ;
#2244 = EDGE_LOOP ( 'NONE', ( #1504, #1031, #2372, #96 ) ) ;
#2245 = ORIENTED_EDGE ( 'NONE', *, *, #2082, .T. ) ;
#2246 = AXIS2_PLACEMENT_3D ( 'NONE', #1353, #2331, #1830 ) ;
#2247 = CARTESIAN_POINT ( 'NONE',  ( 1.845227278524741221, -3.099999999999999201, -1.719999999999999973 ) ) ;
#2248 = AXIS2_PLACEMENT_3D ( 'NONE', #2802, #2960, #2696 ) ;
#2249 = PLANE ( 'NONE',  #2028 ) ;
#2250 = DIRECTION ( 'NONE',  ( -0.000000000000000000, 0.000000000000000000, -1.000000000000000000 ) ) ;
#2251 = ADVANCED_FACE ( 'NONE', ( #945 ), #1957, .F. ) ;
#2252 = ORIENTED_EDGE ( 'NONE', *, *, #1794, .T. ) ;
#2253 = DIRECTION ( 'NONE',  ( -0.000000000000000000, -0.000000000000000000, -1.000000000000000000 ) ) ;
#2254 = CARTESIAN_POINT ( 'NONE',  ( -12.60000000000000497, -9.449999999999999289, -1.770000000000000018 ) ) ;
#2255 = EDGE_LOOP ( 'NONE', ( #380, #2883, #449, #2900 ) ) ;
#2256 = ORIENTED_EDGE ( 'NONE', *, *, #1536, .T. ) ;
#2257 = ADVANCED_FACE ( 'NONE', ( #2242 ), #979, .T. ) ;
#2258 = CARTESIAN_POINT ( 'NONE',  ( -8.145227278524757253, -3.099999999999999201, -1.719999999999999973 ) ) ;
#2259 = CARTESIAN_POINT ( 'NONE',  ( -11.60000000000002451, 8.449999999999999289, -1.719999999999999973 ) ) ;
#2260 = VECTOR ( 'NONE', #121, 39.37007874015748143 ) ;
#2261 = VERTEX_POINT ( 'NONE', #1755 ) ;
#2262 = ORIENTED_EDGE ( 'NONE', *, *, #1174, .F. ) ;
#2263 = LINE ( 'NONE', #2798, #1863 ) ;
#2264 = CARTESIAN_POINT ( 'NONE',  ( 4.454772721475242392, 3.200000000000001510, -1.719999999999999973 ) ) ;
#2265 = DIRECTION ( 'NONE',  ( -1.000000000000000000, 0.000000000000000000, 0.000000000000000000 ) ) ;
#2266 = EDGE_LOOP ( 'NONE', ( #2000, #328, #1101, #3157 ) ) ;
#2267 = DIRECTION ( 'NONE',  ( 0.7071067811865473507, -0.7071067811865475727, 0.000000000000000000 ) ) ;
#2268 = ADVANCED_FACE ( 'NONE', ( #2524 ), #1513, .F. ) ;
#2269 = LINE ( 'NONE', #17, #489 ) ;
#2270 =( NAMED_UNIT ( * ) SI_UNIT ( $, .STERADIAN. ) SOLID_ANGLE_UNIT ( ) );
#2271 = ORIENTED_EDGE ( 'NONE', *, *, #2860, .F. ) ;
#2272 = EDGE_CURVE ( 'NONE', #772, #1176, #2130, .T. ) ;
#2273 = VERTEX_POINT ( 'NONE', #1494 ) ;
#2274 = LINE ( 'NONE', #1493, #915 ) ;
#2275 = DIRECTION ( 'NONE',  ( -0.7071067811865476838, -0.7071067811865473507, 0.000000000000000000 ) ) ;
#2276 = VERTEX_POINT ( 'NONE', #2978 ) ;
#2277 = LINE ( 'NONE', #2042, #1090 ) ;
#2278 = CARTESIAN_POINT ( 'NONE',  ( 11.46220472440947269, -8.449999999999999289, -1.645000000000000018 ) ) ;
#2279 = DIRECTION ( 'NONE',  ( -0.7071067811865473507, 0.7071067811865476838, 0.000000000000000000 ) ) ;
#2280 = LINE ( 'NONE', #3000, #1509 ) ;
#2281 = ORIENTED_EDGE ( 'NONE', *, *, #2421, .T. ) ;
#2282 = EDGE_CURVE ( 'NONE', #2312, #2874, #692, .T. ) ;
#2283 = CARTESIAN_POINT ( 'NONE',  ( 11.73659041599845843, -8.468182305476783966, -1.719999999999999973 ) ) ;
#2284 = CARTESIAN_POINT ( 'NONE',  ( 11.46220472440947269, -8.449999999999999289, -1.645000000000000018 ) ) ;
#2285 = ORIENTED_EDGE ( 'NONE', *, *, #824, .T. ) ;
#2286 = CARTESIAN_POINT ( 'NONE',  ( -4.454772721475258379, 3.250000000000000444, -1.770000000000000018 ) ) ;
#2287 = EDGE_CURVE ( 'NONE', #2149, #1955, #1944, .T. ) ;
#2288 = ORIENTED_EDGE ( 'NONE', *, *, #806, .F. ) ;
#2289 = DIRECTION ( 'NONE',  ( -0.7071067811865473507, 0.7071067811865476838, 0.000000000000000000 ) ) ;
#2290 = PLANE ( 'NONE',  #101 ) ;
#2291 = VECTOR ( 'NONE', #377, 39.37007874015748854 ) ;
#2292 = ORIENTED_EDGE ( 'NONE', *, *, #2470, .T. ) ;
#2293 = CARTESIAN_POINT ( 'NONE',  ( -12.60000000000000497, 9.449999999999999289, -1.719999999999999973 ) ) ;
#2294 = CARTESIAN_POINT ( 'NONE',  ( -11.46220472440947269, 8.449999999999999289, -1.719999999999999973 ) ) ;
#2295 = AXIS2_PLACEMENT_3D ( 'NONE', #1480, #2476, #424 ) ;
#2296 = CARTESIAN_POINT ( 'NONE',  ( 10.75477272147524310, -9.449999999999999289, -1.719999999999999973 ) ) ;
#2297 = LINE ( 'NONE', #1035, #1769 ) ;
#2298 = AXIS2_PLACEMENT_3D ( 'NONE', #1141, #1825, #2156 ) ;
#2299 = VERTEX_POINT ( 'NONE', #959 ) ;
#2300 = EDGE_CURVE ( 'NONE', #2479, #2649, #2005, .T. ) ;
#2301 = DIRECTION ( 'NONE',  ( -1.000000000000000000, 0.000000000000000000, 0.000000000000000000 ) ) ;
#2302 = VECTOR ( 'NONE', #1270, 39.37007874015748143 ) ;
#2303 = ORIENTED_EDGE ( 'NONE', *, *, #2631, .T. ) ;
#2304 = CARTESIAN_POINT ( 'NONE',  ( 12.59999999999999609, 9.449999999999999289, 0.000000000000000000 ) ) ;
#2305 = VECTOR ( 'NONE', #108, 39.37007874015748143 ) ;
#2306 = DIRECTION ( 'NONE',  ( -0.7071067811865473507, 0.7071067811865476838, 0.000000000000000000 ) ) ;
#2307 = ORIENTED_EDGE ( 'NONE', *, *, #321, .F. ) ;
#2308 = CARTESIAN_POINT ( 'NONE',  ( -1.845227278524757653, -3.149999999999998579, -1.719999999999999973 ) ) ;
#2309 = DIRECTION ( 'NONE',  ( -1.000000000000000000, 0.000000000000000000, 0.000000000000000000 ) ) ;
#2310 = EDGE_CURVE ( 'NONE', #183, #3246, #2761, .T. ) ;
#2311 = AXIS2_PLACEMENT_3D ( 'NONE', #1992, #2763, #478 ) ;
#2312 = VERTEX_POINT ( 'NONE', #5 ) ;
#2313 = DIRECTION ( 'NONE',  ( 0.7071067811865473507, -0.7071067811865475727, 0.000000000000000000 ) ) ;
#2314 = DIRECTION ( 'NONE',  ( 0.000000000000000000, -1.000000000000000000, 0.000000000000000000 ) ) ;
#2315 = FACE_OUTER_BOUND ( 'NONE', #240, .T. ) ;
#2316 = VECTOR ( 'NONE', #1264, 39.37007874015748143 ) ;
#2317 = LINE ( 'NONE', #1814, #2411 ) ;
#2318 = EDGE_CURVE ( 'NONE', #310, #1919, #527, .T. ) ;
#2319 = ORIENTED_EDGE ( 'NONE', *, *, #2381, .T. ) ;
#2320 = VECTOR ( 'NONE', #641, 39.37007874015748143 ) ;
#2321 = DIRECTION ( 'NONE',  ( 0.7071067811865476838, 0.7071067811865473507, 0.000000000000000000 ) ) ;
#2322 = CARTESIAN_POINT ( 'NONE',  ( -12.60000000000000497, 9.449999999999999289, -1.770000000000000018 ) ) ;
#2323 = EDGE_LOOP ( 'NONE', ( #1040, #1191, #501, #632 ) ) ;
#2324 = CARTESIAN_POINT ( 'NONE',  ( 12.59999999999999609, -4.995227278524752457, -1.770000000000000018 ) ) ;
#2325 = VERTEX_POINT ( 'NONE', #2087 ) ;
#2326 = PLANE ( 'NONE',  #2298 ) ;
#2327 = DIRECTION ( 'NONE',  ( -0.7071067811865476838, -0.7071067811865473507, 0.000000000000000000 ) ) ;
#2328 = EDGE_LOOP ( 'NONE', ( #348, #3008, #146, #1568, #1294, #644, #2930, #2093, #822, #2215, #695, #1937, #2697, #2796, #1597, #2569, #135, #2038, #1963, #1633, #3121, #2712, #1576, #2489, #2767, #3138 ) ) ;
#2329 = DIRECTION ( 'NONE',  ( -1.000000000000000000, 0.000000000000000000, -0.000000000000000000 ) ) ;
#2330 = LINE ( 'NONE', #1321, #1126 ) ;
#2331 = DIRECTION ( 'NONE',  ( -0.000000000000000000, -0.000000000000000000, -1.000000000000000000 ) ) ;
#2332 = CARTESIAN_POINT ( 'NONE',  ( 1.845227278524741221, -9.449999999999999289, -1.719999999999999973 ) ) ;
#2333 = VERTEX_POINT ( 'NONE', #2057 ) ;
#2334 = EDGE_CURVE ( 'NONE', #301, #1721, #589, .T. ) ;
#2335 = CARTESIAN_POINT ( 'NONE',  ( -6.300000000000004263, -7.604772721475247188, -1.770000000000000018 ) ) ;
#2336 = ORIENTED_EDGE ( 'NONE', *, *, #2518, .F. ) ;
#2337 = ORIENTED_EDGE ( 'NONE', *, *, #2964, .T. ) ;
#2338 = DIRECTION ( 'NONE',  ( -0.000000000000000000, -0.000000000000000000, -1.000000000000000000 ) ) ;
#2339 = VERTEX_POINT ( 'NONE', #1772 ) ;
#2340 = CARTESIAN_POINT ( 'NONE',  ( -6.300000000000008704, 5.095227278524751213, -1.719999999999999973 ) ) ;
#2341 = ADVANCED_FACE ( 'NONE', ( #3060 ), #2828, .F. ) ;
#2342 = VERTEX_POINT ( 'NONE', #1297 ) ;
#2343 = CARTESIAN_POINT ( 'NONE',  ( 11.60000000000002451, -8.449999999999999289, -1.770000000000000018 ) ) ;
#2344 = CARTESIAN_POINT ( 'NONE',  ( 12.59999999999999609, -1.254772721475247099, -1.719999999999999973 ) ) ;
#2345 = CARTESIAN_POINT ( 'NONE',  ( 6.299999999999990941, -4.995227278524748016, -1.719999999999999973 ) ) ;
#2346 = AXIS2_PLACEMENT_3D ( 'NONE', #1741, #492, #1229 ) ;
#2347 = LINE ( 'NONE', #2332, #1981 ) ;
#2348 = ORIENTED_EDGE ( 'NONE', *, *, #1061, .T. ) ;
#2349 = VECTOR ( 'NONE', #324, 39.37007874015748143 ) ;
#2350 = CARTESIAN_POINT ( 'NONE',  ( 6.299999999999990941, 7.704772721475252162, -1.770000000000000018 ) ) ;
#2351 = EDGE_CURVE ( 'NONE', #2804, #1075, #1562, .T. ) ;
#2352 = FACE_OUTER_BOUND ( 'NONE', #477, .T. ) ;
#2353 = VECTOR ( 'NONE', #2963, 39.37007874015748143 ) ;
#2354 = VECTOR ( 'NONE', #821, 39.37007874015748854 ) ;
#2355 = CARTESIAN_POINT ( 'NONE',  ( -11.60000000000002451, -8.449999999999999289, -1.719999999999999973 ) ) ;
#2356 = AXIS2_PLACEMENT_3D ( 'NONE', #1252, #2233, #1980 ) ;
#2357 = ORIENTED_EDGE ( 'NONE', *, *, #28, .F. ) ;
#2358 = CARTESIAN_POINT ( 'NONE',  ( -10.75477272147525909, 3.250000000000000444, -1.719999999999999973 ) ) ;
#2359 = ORIENTED_EDGE ( 'NONE', *, *, #1102, .F. ) ;
#2360 = LINE ( 'NONE', #2376, #283 ) ;
#2361 = LINE ( 'NONE', #75, #2193 ) ;
#2362 = DIRECTION ( 'NONE',  ( -0.7071067811865476838, -0.7071067811865473507, 0.000000000000000000 ) ) ;
#2363 = DIRECTION ( 'NONE',  ( -0.000000000000000000, -0.000000000000000000, -1.000000000000000000 ) ) ;
#2364 = ORIENTED_EDGE ( 'NONE', *, *, #3065, .F. ) ;
#2365 = DIRECTION ( 'NONE',  ( -1.000000000000000000, 0.000000000000000000, 0.000000000000000000 ) ) ;
#2366 = VECTOR ( 'NONE', #1841, 39.37007874015748143 ) ;
#2367 = CARTESIAN_POINT ( 'NONE',  ( 6.299999999999995381, -1.254772721475247099, -1.770000000000000018 ) ) ;
#2368 = EDGE_LOOP ( 'NONE', ( #249, #1043, #2128 ) ) ;
#2369 = EDGE_CURVE ( 'NONE', #437, #490, #2555, .T. ) ;
#2370 = ADVANCED_FACE ( 'NONE', ( #269 ), #2575, .F. ) ;
#2371 = LINE ( 'NONE', #2136, #2049 ) ;
#2372 = ORIENTED_EDGE ( 'NONE', *, *, #1068, .F. ) ;
#2373 = DIRECTION ( 'NONE',  ( 0.8571673007021125557, 1.049727191138618942E-16, -0.5150380749100536004 ) ) ;
#2374 = EDGE_CURVE ( 'NONE', #1269, #1023, #1543, .T. ) ;
#2375 = VERTEX_POINT ( 'NONE', #40 ) ;
#2376 = CARTESIAN_POINT ( 'NONE',  ( -8.741913579725642299E-15, 5.095227278524751213, -1.719999999999999973 ) ) ;
#2377 = CARTESIAN_POINT ( 'NONE',  ( 8.145227278524741266, 3.200000000000001954, -1.719999999999999973 ) ) ;
#2378 = CARTESIAN_POINT ( 'NONE',  ( 1.845227278524741221, 3.200000000000001954, -1.719999999999999973 ) ) ;
#2379 = DIRECTION ( 'NONE',  ( 0.7071067811865473507, -0.7071067811865476838, 0.000000000000000000 ) ) ;
#2380 = VERTEX_POINT ( 'NONE', #812 ) ;
#2381 = EDGE_CURVE ( 'NONE', #1803, #16, #1060, .T. ) ;
#2382 = CARTESIAN_POINT ( 'NONE',  ( 4.454772721475242392, 3.200000000000001510, -1.719999999999999973 ) ) ;
#2383 = CARTESIAN_POINT ( 'NONE',  ( -10.75477272147525909, -3.149999999999997691, -1.719999999999999973 ) ) ;
#2384 = ORIENTED_EDGE ( 'NONE', *, *, #2117, .T. ) ;
#2385 = ADVANCED_FACE ( 'NONE', ( #3109 ), #2069, .T. ) ;
#2386 = DIRECTION ( 'NONE',  ( -1.000000000000000000, 0.000000000000000000, 0.000000000000000000 ) ) ;
#2387 = LINE ( 'NONE', #873, #2795 ) ;
#2388 = ORIENTED_EDGE ( 'NONE', *, *, #3298, .T. ) ;
#2389 = FACE_OUTER_BOUND ( 'NONE', #299, .T. ) ;
#2390 = DIRECTION ( 'NONE',  ( -0.000000000000000000, -0.000000000000000000, -1.000000000000000000 ) ) ;
#2391 = EDGE_CURVE ( 'NONE', #473, #1409, #563, .T. ) ;
#2392 = ORIENTED_EDGE ( 'NONE', *, *, #639, .T. ) ;
#2393 = PLANE ( 'NONE',  #485 ) ;
#2394 = CARTESIAN_POINT ( 'NONE',  ( -6.300000000000004263, -4.995227278524752457, -1.719999999999999973 ) ) ;
#2395 = DIRECTION ( 'NONE',  ( -0.000000000000000000, -1.000000000000000000, -0.000000000000000000 ) ) ;
#2396 = ORIENTED_EDGE ( 'NONE', *, *, #2334, .F. ) ;
#2397 = ORIENTED_EDGE ( 'NONE', *, *, #742, .F. ) ;
#2398 = CARTESIAN_POINT ( 'NONE',  ( 6.299999999999995381, -1.254772721475247099, -1.719999999999999973 ) ) ;
#2399 = VECTOR ( 'NONE', #1076, 39.37007874015748143 ) ;
#2400 = CARTESIAN_POINT ( 'NONE',  ( 4.454772721475242392, -3.149999999999998579, -1.719999999999999973 ) ) ;
#2401 = CONICAL_SURFACE ( 'NONE', #539, 0.1377952755905512972, 1.029744258676655200 ) ;
#2402 = VERTEX_POINT ( 'NONE', #251 ) ;
#2403 = CARTESIAN_POINT ( 'NONE',  ( -12.60000000000000853, -7.604772721475248076, -1.770000000000000018 ) ) ;
#2404 = VECTOR ( 'NONE', #2218, 39.37007874015748143 ) ;
#2405 = CARTESIAN_POINT ( 'NONE',  ( 12.59999999999999609, -1.254772721475247099, -1.770000000000000018 ) ) ;
#2406 = AXIS2_PLACEMENT_3D ( 'NONE', #2264, #3276, #2734 ) ;
#2407 = VERTEX_POINT ( 'NONE', #302 ) ;
#2408 = DIRECTION ( 'NONE',  ( 0.7071067811865474617, 0.7071067811865474617, 0.000000000000000000 ) ) ;
#2409 = AXIS2_PLACEMENT_3D ( 'NONE', #468, #3017, #737 ) ;
#2410 = CARTESIAN_POINT ( 'NONE',  ( -8.145227278524757253, 3.200000000000001510, -1.770000000000000018 ) ) ;
#2411 = VECTOR ( 'NONE', #295, 39.37007874015748143 ) ;
#2412 = ORIENTED_EDGE ( 'NONE', *, *, #1423, .F. ) ;
#2413 = LINE ( 'NONE', #125, #266 ) ;
#2414 = EDGE_CURVE ( 'NONE', #506, #3081, #1276, .T. ) ;
#2415 = LINE ( 'NONE', #159, #2933 ) ;
#2416 = LINE ( 'NONE', #127, #2305 ) ;
#2417 = VERTEX_POINT ( 'NONE', #55 ) ;
#2418 = ORIENTED_EDGE ( 'NONE', *, *, #1982, .T. ) ;
#2419 = CARTESIAN_POINT ( 'NONE',  ( -11.46220472440947269, -8.449999999999999289, -1.645000000000000018 ) ) ;
#2420 = DIRECTION ( 'NONE',  ( -0.000000000000000000, -0.000000000000000000, -1.000000000000000000 ) ) ;
#2421 = EDGE_CURVE ( 'NONE', #443, #322, #2040, .T. ) ;
#2422 = ORIENTED_EDGE ( 'NONE', *, *, #631, .F. ) ;
#2423 = VECTOR ( 'NONE', #2528, 39.37007874015748854 ) ;
#2424 = VECTOR ( 'NONE', #2923, 39.37007874015748143 ) ;
#2425 = FACE_OUTER_BOUND ( 'NONE', #2650, .T. ) ;
#2426 = VERTEX_POINT ( 'NONE', #2862 ) ;
#2427 = CARTESIAN_POINT ( 'NONE',  ( 1.845227278524741221, -3.099999999999999201, -1.719999999999999973 ) ) ;
#2428 = CARTESIAN_POINT ( 'NONE',  ( 1.845227278524741221, -9.449999999999999289, -1.719999999999999973 ) ) ;
#2429 = EDGE_LOOP ( 'NONE', ( #3070, #1479, #1733, #1487 ) ) ;
#2430 = DIRECTION ( 'NONE',  ( -0.7071067811865476838, -0.7071067811865473507, 0.000000000000000000 ) ) ;
#2431 = DIRECTION ( 'NONE',  ( 0.7071067811865473507, -0.7071067811865476838, 0.000000000000000000 ) ) ;
#2432 = LINE ( 'NONE', #1695, #1874 ) ;
#2433 = ORIENTED_EDGE ( 'NONE', *, *, #279, .T. ) ;
#2434 = VERTEX_POINT ( 'NONE', #576 ) ;
#2435 = LINE ( 'NONE', #2247, #964 ) ;
#2436 = LINE ( 'NONE', #2704, #1030 ) ;
#2437 = ADVANCED_FACE ( 'NONE', ( #1262 ), #3286, .T. ) ;
#2438 = ORIENTED_EDGE ( 'NONE', *, *, #3133, .T. ) ;
#2439 = FACE_OUTER_BOUND ( 'NONE', #1400, .T. ) ;
#2440 = LINE ( 'NONE', #1175, #826 ) ;
#2441 = ORIENTED_EDGE ( 'NONE', *, *, #2791, .T. ) ;
#2442 = CARTESIAN_POINT ( 'NONE',  ( -8.741913579725642299E-15, -4.995227278524748016, -1.770000000000000018 ) ) ;
#2443 = ORIENTED_EDGE ( 'NONE', *, *, #1878, .T. ) ;
#2444 = DIRECTION ( 'NONE',  ( 0.7071067811865473507, -0.7071067811865476838, 0.000000000000000000 ) ) ;
#2445 = DIRECTION ( 'NONE',  ( -1.000000000000000000, 0.000000000000000000, 0.000000000000000000 ) ) ;
#2446 = ADVANCED_FACE ( 'NONE', ( #1029 ), #2290, .T. ) ;
#2447 = ORIENTED_EDGE ( 'NONE', *, *, #1774, .F. ) ;
#2448 = DIRECTION ( 'NONE',  ( -0.000000000000000000, -0.000000000000000000, -1.000000000000000000 ) ) ;
#2449 = FACE_OUTER_BOUND ( 'NONE', #1143, .T. ) ;
#2450 = FACE_OUTER_BOUND ( 'NONE', #1388, .T. ) ;
#2451 = ORIENTED_EDGE ( 'NONE', *, *, #1650, .F. ) ;
#2452 = AXIS2_PLACEMENT_3D ( 'NONE', #288, #1317, #511 ) ;
#2453 = DIRECTION ( 'NONE',  ( 1.000000000000000000, 0.000000000000000000, 0.000000000000000000 ) ) ;
#2454 = ORIENTED_EDGE ( 'NONE', *, *, #546, .T. ) ;
#2455 = AXIS2_PLACEMENT_3D ( 'NONE', #2977, #411, #2241 ) ;
#2456 = AXIS2_PLACEMENT_3D ( 'NONE', #712, #679, #3193 ) ;
#2457 = EDGE_CURVE ( 'NONE', #1017, #415, #2623, .T. ) ;
#2458 = ORIENTED_EDGE ( 'NONE', *, *, #1984, .F. ) ;
#2459 = LINE ( 'NONE', #1165, #6 ) ;
#2460 = CARTESIAN_POINT ( 'NONE',  ( 0.000000000000000000, 0.000000000000000000, -1.770000000000000018 ) ) ;
#2461 = VECTOR ( 'NONE', #1869, 39.37007874015748143 ) ;
#2462 = ORIENTED_EDGE ( 'NONE', *, *, #1320, .T. ) ;
#2463 = EDGE_LOOP ( 'NONE', ( #1384, #2454, #2787 ) ) ;
#2464 = AXIS2_PLACEMENT_3D ( 'NONE', #2108, #2582, #1856 ) ;
#2465 = CARTESIAN_POINT ( 'NONE',  ( -4.454772721475258379, -3.099999999999999201, -1.770000000000000018 ) ) ;
#2466 = DIRECTION ( 'NONE',  ( 0.000000000000000000, 0.000000000000000000, -1.000000000000000000 ) ) ;
#2467 = LINE ( 'NONE', #620, #2679 ) ;
#2468 = VERTEX_POINT ( 'NONE', #3156 ) ;
#2469 = FACE_OUTER_BOUND ( 'NONE', #2996, .T. ) ;
#2470 = EDGE_CURVE ( 'NONE', #2538, #2811, #609, .T. ) ;
#2471 = ORIENTED_EDGE ( 'NONE', *, *, #1327, .T. ) ;
#2472 = EDGE_CURVE ( 'NONE', #914, #1952, #2658, .T. ) ;
#2473 = EDGE_CURVE ( 'NONE', #1892, #1058, #1365, .T. ) ;
#2474 = VECTOR ( 'NONE', #2306, 39.37007874015748143 ) ;
#2475 = EDGE_LOOP ( 'NONE', ( #909, #2686, #1682, #583, #1318 ) ) ;
#2476 = DIRECTION ( 'NONE',  ( 0.000000000000000000, -1.000000000000000000, 0.000000000000000000 ) ) ;
#2477 = EDGE_CURVE ( 'NONE', #381, #3110, #3208, .T. ) ;
#2478 = CARTESIAN_POINT ( 'NONE',  ( 0.000000000000000000, 0.000000000000000000, -1.770000000000000018 ) ) ;
#2479 = VERTEX_POINT ( 'NONE', #876 ) ;
#2480 = VERTEX_POINT ( 'NONE', #1891 ) ;
#2481 = FACE_OUTER_BOUND ( 'NONE', #3038, .T. ) ;
#2482 = CARTESIAN_POINT ( 'NONE',  ( 8.145227278524741266, -3.099999999999999201, -1.719999999999999973 ) ) ;
#2483 = DIRECTION ( 'NONE',  ( -0.000000000000000000, -0.000000000000000000, -1.000000000000000000 ) ) ;
#2484 = ORIENTED_EDGE ( 'NONE', *, *, #3164, .T. ) ;
#2485 = DIRECTION ( 'NONE',  ( 0.7071067811865473507, -0.7071067811865475727, 0.000000000000000000 ) ) ;
#2486 = EDGE_CURVE ( 'NONE', #1991, #1366, #907, .T. ) ;
#2487 = VERTEX_POINT ( 'NONE', #1921 ) ;
#2488 = PLANE ( 'NONE',  #111 ) ;
#2489 = ORIENTED_EDGE ( 'NONE', *, *, #3283, .T. ) ;
#2490 = LINE ( 'NONE', #2698, #2833 ) ;
#2491 = ADVANCED_FACE ( 'NONE', ( #99 ), #892, .F. ) ;
#2492 = DIRECTION ( 'NONE',  ( -1.000000000000000000, 0.000000000000000000, -0.000000000000000000 ) ) ;
#2493 = EDGE_LOOP ( 'NONE', ( #1941, #1079, #1212, #1619 ) ) ;
#2494 = CARTESIAN_POINT ( 'NONE',  ( -1.845227278524757653, -3.149999999999998579, -1.719999999999999973 ) ) ;
#2495 = CARTESIAN_POINT ( 'NONE',  ( 4.454772721475242392, 3.250000000000000444, -1.719999999999999973 ) ) ;
#2496 = LINE ( 'NONE', #1267, #169 ) ;
#2497 = CARTESIAN_POINT ( 'NONE',  ( 11.73779527559057634, -8.449999999999999289, -1.719999999999999973 ) ) ;
#2498 = VERTEX_POINT ( 'NONE', #2876 ) ;
#2499 = CARTESIAN_POINT ( 'NONE',  ( -8.145227278524757253, -3.099999999999999201, -1.719999999999999973 ) ) ;
#2500 =( CONVERSION_BASED_UNIT ( 'INCH', #1720 ) LENGTH_UNIT ( ) NAMED_UNIT ( #1194 ) );
#2501 = VERTEX_POINT ( 'NONE', #2119 ) ;
#2502 = AXIS2_PLACEMENT_3D ( 'NONE', #2867, #2107, #2562 ) ;
#2503 = VECTOR ( 'NONE', #691, 39.37007874015748143 ) ;
#2504 = ORIENTED_EDGE ( 'NONE', *, *, #2839, .F. ) ;
#2505 = DIRECTION ( 'NONE',  ( -0.7071067811865474617, -0.7071067811865474617, 0.000000000000000000 ) ) ;
#2506 = LINE ( 'NONE', #3024, #2020 ) ;
#2507 = VECTOR ( 'NONE', #1296, 39.37007874015748143 ) ;
#2508 = VERTEX_POINT ( 'NONE', #2358 ) ;
#2509 = ADVANCED_FACE ( 'NONE', ( #590 ), #1416, .F. ) ;
#2510 = FACE_OUTER_BOUND ( 'NONE', #2748, .T. ) ;
#2511 = ADVANCED_FACE ( 'NONE', ( #2142 ), #2911, .F. ) ;
#2512 = DIRECTION ( 'NONE',  ( 0.7071067811865473507, -0.7071067811865475727, 0.000000000000000000 ) ) ;
#2513 = VECTOR ( 'NONE', #2079, 39.37007874015748143 ) ;
#2514 = DIRECTION ( 'NONE',  ( 0.7071067811865476838, 0.7071067811865473507, -0.000000000000000000 ) ) ;
#2515 = LINE ( 'NONE', #1002, #1082 ) ;
#2516 = AXIS2_PLACEMENT_3D ( 'NONE', #448, #517, #1746 ) ;
#2517 = VERTEX_POINT ( 'NONE', #1378 ) ;
#2518 = EDGE_CURVE ( 'NONE', #1955, #669, #1905, .T. ) ;
#2519 = CARTESIAN_POINT ( 'NONE',  ( -11.46220472440947269, 8.449999999999999289, -0.9719999999999998641 ) ) ;
#2520 = VERTEX_POINT ( 'NONE', #2410 ) ;
#2521 = EDGE_LOOP ( 'NONE', ( #2702, #854, #867, #3182 ) ) ;
#2522 = VECTOR ( 'NONE', #2812, 39.37007874015748143 ) ;
#2523 = CARTESIAN_POINT ( 'NONE',  ( -6.300000000000008704, 7.704772721475252162, -1.719999999999999973 ) ) ;
#2524 = FACE_OUTER_BOUND ( 'NONE', #179, .T. ) ;
#2525 = VECTOR ( 'NONE', #3134, 39.37007874015748143 ) ;
#2526 = EDGE_CURVE ( 'NONE', #2380, #2402, #2161, .T. ) ;
#2527 = VERTEX_POINT ( 'NONE', #1094 ) ;
#2528 = DIRECTION ( 'NONE',  ( 0.7071067811865473507, -0.7071067811865475727, 0.000000000000000000 ) ) ;
#2529 = CARTESIAN_POINT ( 'NONE',  ( -6.300000000000004263, 7.704772721475247721, -1.770000000000000018 ) ) ;
#2530 = DIRECTION ( 'NONE',  ( 0.7071067811865473507, -0.7071067811865476838, 0.000000000000000000 ) ) ;
#2531 = CARTESIAN_POINT ( 'NONE',  ( -10.75477272147525909, 3.250000000000000444, -1.719999999999999973 ) ) ;
#2532 = ORIENTED_EDGE ( 'NONE', *, *, #1498, .F. ) ;
#2533 = CARTESIAN_POINT ( 'NONE',  ( -11.73779527559057634, 8.449999999999999289, -1.719999999999999973 ) ) ;
#2534 = EDGE_CURVE ( 'NONE', #1253, #1560, #1657, .T. ) ;
#2535 = CARTESIAN_POINT ( 'NONE',  ( 10.75477272147524310, 3.200000000000001510, -1.770000000000000018 ) ) ;
#2536 = ORIENTED_EDGE ( 'NONE', *, *, #1464, .F. ) ;
#2537 = FACE_OUTER_BOUND ( 'NONE', #3163, .T. ) ;
#2538 = VERTEX_POINT ( 'NONE', #642 ) ;
#2539 = LINE ( 'NONE', #2004, #2725 ) ;
#2540 = DIRECTION ( 'NONE',  ( -1.000000000000000000, 0.000000000000000000, -0.000000000000000000 ) ) ;
#2541 = VERTEX_POINT ( 'NONE', #1606 ) ;
#2542 = CARTESIAN_POINT ( 'NONE',  ( 11.61818230547681097, -8.586590415998431425, -1.770000000000000018 ) ) ;
#2543 = DIRECTION ( 'NONE',  ( 1.000000000000000000, -2.093734754490789434E-16, 0.000000000000000000 ) ) ;
#2544 = ADVANCED_FACE ( 'NONE', ( #3175 ), #2678, .T. ) ;
#2545 = CARTESIAN_POINT ( 'NONE',  ( -4.370956789862821150E-15, -1.254772721475247099, -1.770000000000000018 ) ) ;
#2546 = CARTESIAN_POINT ( 'NONE',  ( -12.60000000000000853, -7.604772721475248076, -1.719999999999999973 ) ) ;
#2547 = VERTEX_POINT ( 'NONE', #1163 ) ;
#2548 = LINE ( 'NONE', #228, #2890 ) ;
#2549 = EDGE_LOOP ( 'NONE', ( #2905, #2966, #659, #998 ) ) ;
#2550 = DIRECTION ( 'NONE',  ( 0.7071067811865473507, -0.7071067811865475727, 0.000000000000000000 ) ) ;
#2551 = ORIENTED_EDGE ( 'NONE', *, *, #2758, .T. ) ;
#2552 = APPLICATION_CONTEXT ( 'automotive_design' ) ;
#2553 = AXIS2_PLACEMENT_3D ( 'NONE', #1527, #3093, #2540 ) ;
#2554 = DIRECTION ( 'NONE',  ( -0.000000000000000000, -0.000000000000000000, -1.000000000000000000 ) ) ;
#2555 = LINE ( 'NONE', #1045, #2399 ) ;
#2556 = VECTOR ( 'NONE', #2008, 39.37007874015748143 ) ;
#2557 = ORIENTED_EDGE ( 'NONE', *, *, #2334, .T. ) ;
#2558 = DIRECTION ( 'NONE',  ( -1.000000000000000000, 0.000000000000000000, 0.000000000000000000 ) ) ;
#2559 = CARTESIAN_POINT ( 'NONE',  ( 8.145227278524741266, -3.149999999999997691, -1.719999999999999973 ) ) ;
#2560 = AXIS2_PLACEMENT_3D ( 'NONE', #1219, #1714, #147 ) ;
#2561 = ADVANCED_FACE ( 'NONE', ( #2176 ), #319, .F. ) ;
#2562 = DIRECTION ( 'NONE',  ( -1.000000000000000000, 2.093734754490789434E-16, 0.000000000000000000 ) ) ;
#2563 = LINE ( 'NONE', #798, #2203 ) ;
#2564 = AXIS2_PLACEMENT_3D ( 'NONE', #3014, #2999, #238 ) ;
#2565 = ORIENTED_EDGE ( 'NONE', *, *, #3019, .F. ) ;
#2566 = VECTOR ( 'NONE', #2688, 39.37007874015748143 ) ;
#2567 = LINE ( 'NONE', #3103, #65 ) ;
#2568 = VECTOR ( 'NONE', #3245, 39.37007874015748854 ) ;
#2569 = ORIENTED_EDGE ( 'NONE', *, *, #1552, .T. ) ;
#2570 = EDGE_CURVE ( 'NONE', #3246, #2239, #2548, .T. ) ;
#2571 = DIRECTION ( 'NONE',  ( -1.000000000000000000, 2.093734754490789434E-16, 0.000000000000000000 ) ) ;
#2572 = EDGE_CURVE ( 'NONE', #1758, #2468, #1523, .T. ) ;
#2573 = ORIENTED_EDGE ( 'NONE', *, *, #1450, .T. ) ;
#2574 = DIRECTION ( 'NONE',  ( -1.000000000000000000, 0.000000000000000000, 0.000000000000000000 ) ) ;
#2575 = PLANE ( 'NONE',  #2452 ) ;
#2576 = EDGE_CURVE ( 'NONE', #183, #2508, #2269, .T. ) ;
#2577 = ORIENTED_EDGE ( 'NONE', *, *, #1444, .T. ) ;
#2578 = CARTESIAN_POINT ( 'NONE',  ( 10.85477272147523742, 9.450000000000002842, -1.770000000000000018 ) ) ;
#2579 = FACE_OUTER_BOUND ( 'NONE', #3124, .T. ) ;
#2580 = DIRECTION ( 'NONE',  ( -1.000000000000000000, 0.000000000000000000, 0.000000000000000000 ) ) ;
#2581 = AXIS2_PLACEMENT_3D ( 'NONE', #1570, #1284, #753 ) ;
#2582 = DIRECTION ( 'NONE',  ( -0.000000000000000000, -0.000000000000000000, -1.000000000000000000 ) ) ;
#2583 = VERTEX_POINT ( 'NONE', #261 ) ;
#2584 = AXIS2_PLACEMENT_3D ( 'NONE', #1858, #2687, #1372 ) ;
#2585 = LINE ( 'NONE', #1037, #724 ) ;
#2586 = DIRECTION ( 'NONE',  ( -1.000000000000000000, 0.000000000000000000, 0.000000000000000000 ) ) ;
#2587 = ORIENTED_EDGE ( 'NONE', *, *, #564, .F. ) ;
#2588 = EDGE_CURVE ( 'NONE', #1991, #1213, #2768, .T. ) ;
#2589 = FACE_OUTER_BOUND ( 'NONE', #1222, .T. ) ;
#2590 = CLOSED_SHELL ( 'NONE', ( #2023, #1047, #988, #1658, #259, #1688, #3219, #3033, #560, #1809, #2257, #2437, #2446, #1860, #172, #458, #1776, #1199, #2227, #2150, #2809, #2875, #79, #2544, #307, #3180, #1738, #1456, #1401, #1778, #1395, #1767, #905, #1790, #1590, #2863, #1885, #242, #839, #2370, #2944, #1111, #2491, #1848, #374, #2385, #598, #727, #36, #1290, #1880, #314, #957, #801, #1095, #2141, #2618, #2268, #2511, #69, #1215, #358, #1381, #3261, #791, #3161, #2823, #990, #3187, #1909, #2240, #1050, #3205, #1876, #2509, #927, #2695, #1008, #340, #2341, #1398, #2561, #1692, #586, #3141, #3080, #63, #2661, #1979, #1639, #2036, #1821, #1511, #1995, #3021, #2016, #1634, #2251, #1578, #105, #2750, #1540 ) ) ;
#2591 = ORIENTED_EDGE ( 'NONE', *, *, #2110, .T. ) ;
#2592 = DIRECTION ( 'NONE',  ( -1.000000000000000000, 0.000000000000000000, 0.000000000000000000 ) ) ;
#2593 = ORIENTED_EDGE ( 'NONE', *, *, #2318, .T. ) ;
#2594 = CARTESIAN_POINT ( 'NONE',  ( 8.145227278524741266, -3.149999999999997691, -1.770000000000000018 ) ) ;
#2595 = EDGE_CURVE ( 'NONE', #1213, #1366, #2942, .T. ) ;
#2596 = LINE ( 'NONE', #844, #1968 ) ;
#2597 = FACE_OUTER_BOUND ( 'NONE', #678, .T. ) ;
#2598 = CARTESIAN_POINT ( 'NONE',  ( -6.300000000000004263, -1.254772721475247099, -1.770000000000000018 ) ) ;
#2599 = ORIENTED_EDGE ( 'NONE', *, *, #3071, .F. ) ;
#2600 = LINE ( 'NONE', #536, #2513 ) ;
#2601 = ORIENTED_EDGE ( 'NONE', *, *, #1650, .T. ) ;
#2602 = DIRECTION ( 'NONE',  ( 2.093734754490789434E-16, 1.000000000000000000, -0.000000000000000000 ) ) ;
#2603 = VERTEX_POINT ( 'NONE', #2519 ) ;
#2604 = CARTESIAN_POINT ( 'NONE',  ( 12.59999999999999609, -9.449999999999999289, -1.770000000000000018 ) ) ;
#2605 = ORIENTED_EDGE ( 'NONE', *, *, #410, .T. ) ;
#2606 = CARTESIAN_POINT ( 'NONE',  ( 11.60000000000002451, -8.449999999999999289, -1.719999999999999973 ) ) ;
#2607 = DIRECTION ( 'NONE',  ( 0.7071067811865473507, -0.7071067811865476838, 0.000000000000000000 ) ) ;
#2608 = PLANE ( 'NONE',  #384 ) ;
#2609 = VECTOR ( 'NONE', #3079, 39.37007874015748143 ) ;
#2610 = PLANE ( 'NONE',  #2035 ) ;
#2611 = EDGE_CURVE ( 'NONE', #2538, #310, #3295, .T. ) ;
#2612 = ORIENTED_EDGE ( 'NONE', *, *, #866, .T. ) ;
#2613 = EDGE_CURVE ( 'NONE', #1923, #2501, #1748, .T. ) ;
#2614 = VECTOR ( 'NONE', #2123, 39.37007874015748143 ) ;
#2615 = CARTESIAN_POINT ( 'NONE',  ( -4.370956789862821150E-15, -1.254772721475247099, -1.719999999999999973 ) ) ;
#2616 = DIRECTION ( 'NONE',  ( -0.000000000000000000, -0.000000000000000000, -1.000000000000000000 ) ) ;
#2617 = VECTOR ( 'NONE', #1670, 39.37007874015748854 ) ;
#2618 = ADVANCED_FACE ( 'NONE', ( #1505 ), #3280, .F. ) ;
#2619 = VECTOR ( 'NONE', #298, 39.37007874015748143 ) ;
#2620 = LINE ( 'NONE', #1160, #132 ) ;
#2621 = VECTOR ( 'NONE', #1474, 39.37007874015748143 ) ;
#2622 = ORIENTED_EDGE ( 'NONE', *, *, #834, .T. ) ;
#2623 = LINE ( 'NONE', #1347, #960 ) ;
#2624 = EDGE_CURVE ( 'NONE', #2417, #1329, #1939, .T. ) ;
#2625 = LINE ( 'NONE', #1954, #3041 ) ;
#2626 = ORIENTED_EDGE ( 'NONE', *, *, #1918, .T. ) ;
#2627 = CARTESIAN_POINT ( 'NONE',  ( -11.60000000000002451, 8.449999999999999289, -0.8892042454095879789 ) ) ;
#2628 = CARTESIAN_POINT ( 'NONE',  ( 8.145227278524741266, 3.200000000000001954, -1.719999999999999973 ) ) ;
#2629 = DIRECTION ( 'NONE',  ( 0.7071067811865474617, 0.7071067811865474617, 0.000000000000000000 ) ) ;
#2630 = LINE ( 'NONE', #784, #332 ) ;
#2631 = EDGE_CURVE ( 'NONE', #941, #2739, #1005, .T. ) ;
#2632 = EDGE_LOOP ( 'NONE', ( #187, #2443, #2605, #2336, #3057, #212, #833, #141 ) ) ;
#2633 = DIRECTION ( 'NONE',  ( 0.000000000000000000, 0.000000000000000000, -1.000000000000000000 ) ) ;
#2634 = VECTOR ( 'NONE', #524, 39.37007874015748143 ) ;
#2635 = LINE ( 'NONE', #1325, #1718 ) ;
#2636 = VECTOR ( 'NONE', #2673, 39.37007874015748143 ) ;
#2637 = ORIENTED_EDGE ( 'NONE', *, *, #2845, .T. ) ;
#2638 = EDGE_CURVE ( 'NONE', #728, #2498, #2012, .T. ) ;
#2639 = DIRECTION ( 'NONE',  ( -0.000000000000000000, -0.000000000000000000, -1.000000000000000000 ) ) ;
#2640 = VERTEX_POINT ( 'NONE', #786 ) ;
#2641 = LINE ( 'NONE', #3190, #3061 ) ;
#2642 = DIRECTION ( 'NONE',  ( 0.7071067811865473507, -0.7071067811865476838, 0.000000000000000000 ) ) ;
#2643 = VECTOR ( 'NONE', #1437, 39.37007874015748143 ) ;
#2644 = ORIENTED_EDGE ( 'NONE', *, *, #508, .T. ) ;
#2645 = DIRECTION ( 'NONE',  ( 0.000000000000000000, 1.000000000000000000, 0.000000000000000000 ) ) ;
#2646 = LINE ( 'NONE', #862, #107 ) ;
#2647 = CYLINDRICAL_SURFACE ( 'NONE', #2132, 0.1377952755905512972 ) ;
#2648 = DIRECTION ( 'NONE',  ( 0.7071067811865474617, 0.7071067811865474617, 0.000000000000000000 ) ) ;
#2649 = VERTEX_POINT ( 'NONE', #1734 ) ;
#2650 = EDGE_LOOP ( 'NONE', ( #1027, #2065, #896 ) ) ;
#2651 = LINE ( 'NONE', #1846, #925 ) ;
#2652 = DIRECTION ( 'NONE',  ( -0.7071067811865476838, -0.7071067811865473507, 0.000000000000000000 ) ) ;
#2653 = VERTEX_POINT ( 'NONE', #1020 ) ;
#2654 = LINE ( 'NONE', #2068, #3098 ) ;
#2655 = DIRECTION ( 'NONE',  ( -1.000000000000000000, 0.000000000000000000, 0.000000000000000000 ) ) ;
#2656 = ORIENTED_EDGE ( 'NONE', *, *, #1167, .F. ) ;
#2657 = CARTESIAN_POINT ( 'NONE',  ( -6.300000000000008704, -7.604772721475248076, -1.719999999999999973 ) ) ;
#2658 = LINE ( 'NONE', #3191, #3092 ) ;
#2659 = EDGE_LOOP ( 'NONE', ( #2870, #371, #676, #2693 ) ) ;
#2660 = LINE ( 'NONE', #3140, #1183 ) ;
#2661 = ADVANCED_FACE ( 'NONE', ( #2030 ), #1038, .F. ) ;
#2662 = CARTESIAN_POINT ( 'NONE',  ( -12.60000000000000497, -9.449999999999999289, -1.770000000000000018 ) ) ;
#2663 = CARTESIAN_POINT ( 'NONE',  ( 8.145227278524741266, -9.449999999999999289, -1.719999999999999973 ) ) ;
#2664 = ORIENTED_EDGE ( 'NONE', *, *, #777, .T. ) ;
#2665 = ORIENTED_EDGE ( 'NONE', *, *, #2778, .F. ) ;
#2666 = DIRECTION ( 'NONE',  ( 0.7071067811865474617, 0.7071067811865474617, 0.000000000000000000 ) ) ;
#2667 = AXIS2_PLACEMENT_3D ( 'NONE', #793, #1808, #2309 ) ;
#2668 = DIRECTION ( 'NONE',  ( 0.7071067811865473507, -0.7071067811865475727, 0.000000000000000000 ) ) ;
#2669 = VECTOR ( 'NONE', #628, 39.37007874015748143 ) ;
#2670 = ORIENTED_EDGE ( 'NONE', *, *, #3287, .F. ) ;
#2671 = CARTESIAN_POINT ( 'NONE',  ( 10.75477272147524310, -3.149999999999998579, -1.719999999999999973 ) ) ;
#2672 = VECTOR ( 'NONE', #2760, 39.37007874015748143 ) ;
#2673 = DIRECTION ( 'NONE',  ( -0.7071067811865473507, 0.7071067811865476838, 0.000000000000000000 ) ) ;
#2674 = EDGE_LOOP ( 'NONE', ( #575, #1306, #3201, #1681 ) ) ;
#2675 = DIRECTION ( 'NONE',  ( -0.7071067811865476838, -0.7071067811865473507, 0.000000000000000000 ) ) ;
#2676 = VECTOR ( 'NONE', #432, 39.37007874015748143 ) ;
#2677 = EDGE_CURVE ( 'NONE', #828, #2487, #3052, .T. ) ;
#2678 = PLANE ( 'NONE',  #868 ) ;
#2679 = VECTOR ( 'NONE', #2420, 39.37007874015748143 ) ;
#2680 = ORIENTED_EDGE ( 'NONE', *, *, #1801, .T. ) ;
#2681 = DIRECTION ( 'NONE',  ( -0.000000000000000000, -0.000000000000000000, -1.000000000000000000 ) ) ;
#2682 = EDGE_CURVE ( 'NONE', #2181, #553, #770, .T. ) ;
#2683 = LINE ( 'NONE', #1908, #537 ) ;
#2684 = FACE_OUTER_BOUND ( 'NONE', #683, .T. ) ;
#2685 = ORIENTED_EDGE ( 'NONE', *, *, #311, .T. ) ;
#2686 = ORIENTED_EDGE ( 'NONE', *, *, #2287, .F. ) ;
#2687 = DIRECTION ( 'NONE',  ( 0.000000000000000000, 0.000000000000000000, -1.000000000000000000 ) ) ;
#2688 = DIRECTION ( 'NONE',  ( 0.000000000000000000, 1.000000000000000000, 0.000000000000000000 ) ) ;
#2689 = ORIENTED_EDGE ( 'NONE', *, *, #2318, .F. ) ;
#2690 = DIRECTION ( 'NONE',  ( -1.000000000000000000, 0.000000000000000000, 0.000000000000000000 ) ) ;
#2691 = VECTOR ( 'NONE', #2844, 39.37007874015748143 ) ;
#2692 = CARTESIAN_POINT ( 'NONE',  ( 8.145227278524741266, 3.200000000000001954, -1.719999999999999973 ) ) ;
#2693 = ORIENTED_EDGE ( 'NONE', *, *, #2962, .T. ) ;
#2694 = CARTESIAN_POINT ( 'NONE',  ( -6.300000000000008704, -4.995227278524748016, -1.770000000000000018 ) ) ;
#2695 = ADVANCED_FACE ( 'NONE', ( #2194 ), #926, .F. ) ;
#2696 = DIRECTION ( 'NONE',  ( -0.7071067811865473507, 0.7071067811865476838, 0.000000000000000000 ) ) ;
#2697 = ORIENTED_EDGE ( 'NONE', *, *, #3248, .T. ) ;
#2698 = CARTESIAN_POINT ( 'NONE',  ( 1.845227278524741221, 3.250000000000000444, -1.719999999999999973 ) ) ;
#2699 = PLANE ( 'NONE',  #3036 ) ;
#2700 = EDGE_LOOP ( 'NONE', ( #2916, #525, #3116, #2303 ) ) ;
#2701 = EDGE_CURVE ( 'NONE', #1803, #1418, #521, .T. ) ;
#2702 = ORIENTED_EDGE ( 'NONE', *, *, #1749, .T. ) ;
#2703 = DIRECTION ( 'NONE',  ( -0.000000000000000000, -0.000000000000000000, -1.000000000000000000 ) ) ;
#2704 = CARTESIAN_POINT ( 'NONE',  ( 1.845227278524741221, 3.250000000000000444, -1.770000000000000018 ) ) ;
#2705 = EDGE_LOOP ( 'NONE', ( #2281, #2471, #633, #976 ) ) ;
#2706 = CARTESIAN_POINT ( 'NONE',  ( -8.145227278524757253, 3.200000000000001510, -1.719999999999999973 ) ) ;
#2707 = VERTEX_POINT ( 'NONE', #723 ) ;
#2708 = EDGE_CURVE ( 'NONE', #673, #2517, #209, .T. ) ;
#2709 = ORIENTED_EDGE ( 'NONE', *, *, #353, .F. ) ;
#2710 = FACE_OUTER_BOUND ( 'NONE', #2493, .T. ) ;
#2711 = DIRECTION ( 'NONE',  ( 0.7071067811865474617, 0.7071067811865474617, 0.000000000000000000 ) ) ;
#2712 = ORIENTED_EDGE ( 'NONE', *, *, #2716, .T. ) ;
#2713 = CARTESIAN_POINT ( 'NONE',  ( -4.454772721475258379, 3.250000000000000444, -1.719999999999999973 ) ) ;
#2714 = CARTESIAN_POINT ( 'NONE',  ( -12.60000000000000853, -7.604772721475248076, -1.719999999999999973 ) ) ;
#2715 = FACE_OUTER_BOUND ( 'NONE', #32, .T. ) ;
#2716 = EDGE_CURVE ( 'NONE', #1324, #1253, #2600, .T. ) ;
#2717 = LINE ( 'NONE', #938, #1133 ) ;
#2718 = EDGE_CURVE ( 'NONE', #1742, #506, #2635, .T. ) ;
#2719 = ORIENTED_EDGE ( 'NONE', *, *, #3074, .F. ) ;
#2720 = CONICAL_SURFACE ( 'NONE', #2881, 0.1377952755905512972, 1.029744258676655200 ) ;
#2721 = LINE ( 'NONE', #452, #1726 ) ;
#2722 = EDGE_CURVE ( 'NONE', #973, #506, #331, .T. ) ;
#2723 = EDGE_LOOP ( 'NONE', ( #2177, #1819, #1172 ) ) ;
#2724 = AXIS2_PLACEMENT_3D ( 'NONE', #3217, #400, #2231 ) ;
#2725 = VECTOR ( 'NONE', #3270, 39.37007874015748143 ) ;
#2726 = ORIENTED_EDGE ( 'NONE', *, *, #2351, .F. ) ;
#2727 = DIRECTION ( 'NONE',  ( -0.7071067811865476838, -0.7071067811865473507, 0.000000000000000000 ) ) ;
#2728 = DIRECTION ( 'NONE',  ( 0.000000000000000000, 0.000000000000000000, -1.000000000000000000 ) ) ;
#2729 = VECTOR ( 'NONE', #182, 39.37007874015748143 ) ;
#2730 = ORIENTED_EDGE ( 'NONE', *, *, #1736, .F. ) ;
#2731 = CARTESIAN_POINT ( 'NONE',  ( 4.454772721475242392, -9.449999999999999289, -1.719999999999999973 ) ) ;
#2732 = DIRECTION ( 'NONE',  ( -1.000000000000000000, 0.000000000000000000, 0.000000000000000000 ) ) ;
#2733 = EDGE_CURVE ( 'NONE', #3225, #1950, #1833, .T. ) ;
#2734 = DIRECTION ( 'NONE',  ( -0.7071067811865473507, 0.7071067811865476838, 0.000000000000000000 ) ) ;
#2735 = CARTESIAN_POINT ( 'NONE',  ( 8.145227278524741266, 3.200000000000001954, -1.770000000000000018 ) ) ;
#2736 = ORIENTED_EDGE ( 'NONE', *, *, #2722, .T. ) ;
#2737 = DIRECTION ( 'NONE',  ( -0.7071067811865476838, -0.7071067811865473507, 0.000000000000000000 ) ) ;
#2738 = CIRCLE ( 'NONE', #1308, 0.1377952755905512972 ) ;
#2739 = VERTEX_POINT ( 'NONE', #2367 ) ;
#2740 = CARTESIAN_POINT ( 'NONE',  ( 8.145227278524741266, -3.149999999999997691, -1.719999999999999973 ) ) ;
#2741 = EDGE_CURVE ( 'NONE', #1346, #2325, #1069, .T. ) ;
#2742 = VECTOR ( 'NONE', #2485, 39.37007874015748854 ) ;
#2743 = COLOUR_RGB ( '',0.7921568627450980005, 0.8196078431372548767, 0.9333333333333333481 ) ;
#2744 = ORIENTED_EDGE ( 'NONE', *, *, #2094, .F. ) ;
#2745 = CARTESIAN_POINT ( 'NONE',  ( 10.75477272147524310, -3.149999999999998579, -1.719999999999999973 ) ) ;
#2746 = CARTESIAN_POINT ( 'NONE',  ( -6.300000000000008704, 1.354772721475252073, -1.719999999999999973 ) ) ;
#2747 = ORIENTED_EDGE ( 'NONE', *, *, #2391, .T. ) ;
#2748 = EDGE_LOOP ( 'NONE', ( #939, #759, #980, #814 ) ) ;
#2749 = DIRECTION ( 'NONE',  ( 0.7071067811865474617, 0.7071067811865474617, 0.000000000000000000 ) ) ;
#2750 = ADVANCED_FACE ( 'NONE', ( #34 ), #271, .F. ) ;
#2751 = CARTESIAN_POINT ( 'NONE',  ( -11.46220472440947269, -8.449999999999999289, -1.719999999999999973 ) ) ;
#2752 = PLANE ( 'NONE',  #3104 ) ;
#2753 = ORIENTED_EDGE ( 'NONE', *, *, #1690, .T. ) ;
#2754 = DIRECTION ( 'NONE',  ( -0.7071067811865473507, 0.7071067811865476838, 0.000000000000000000 ) ) ;
#2755 = PLANE ( 'NONE',  #1472 ) ;
#2756 = ORIENTED_EDGE ( 'NONE', *, *, #2078, .F. ) ;
#2757 = CARTESIAN_POINT ( 'NONE',  ( -11.60000000000002451, 8.449999999999999289, -0.9719999999999998641 ) ) ;
#2758 = EDGE_CURVE ( 'NONE', #2547, #16, #350, .T. ) ;
#2759 = EDGE_LOOP ( 'NONE', ( #2736, #919, #2565, #542 ) ) ;
#2760 = DIRECTION ( 'NONE',  ( -0.000000000000000000, -0.000000000000000000, -1.000000000000000000 ) ) ;
#2761 = LINE ( 'NONE', #1694, #318 ) ;
#2762 = ORIENTED_EDGE ( 'NONE', *, *, #100, .F. ) ;
#2763 = DIRECTION ( 'NONE',  ( 0.000000000000000000, -1.000000000000000000, 0.000000000000000000 ) ) ;
#2764 = DIRECTION ( 'NONE',  ( -1.000000000000000000, 0.000000000000000000, 0.000000000000000000 ) ) ;
#2765 = CARTESIAN_POINT ( 'NONE',  ( -12.60000000000000853, 5.095227278524751213, -1.770000000000000018 ) ) ;
#2766 = DIRECTION ( 'NONE',  ( 1.000000000000000000, 0.000000000000000000, 0.000000000000000000 ) ) ;
#2767 = ORIENTED_EDGE ( 'NONE', *, *, #1902, .T. ) ;
#2768 = LINE ( 'NONE', #2284, #3046 ) ;
#2769 = CARTESIAN_POINT ( 'NONE',  ( -10.75477272147525909, 3.200000000000001954, -1.719999999999999973 ) ) ;
#2770 = ORIENTED_EDGE ( 'NONE', *, *, #1636, .F. ) ;
#2771 = VECTOR ( 'NONE', #2198, 39.37007874015748143 ) ;
#2772 = EDGE_CURVE ( 'NONE', #2479, #2276, #2567, .T. ) ;
#2773 = VECTOR ( 'NONE', #1683, 39.37007874015748143 ) ;
#2774 = ORIENTED_EDGE ( 'NONE', *, *, #579, .F. ) ;
#2775 = CARTESIAN_POINT ( 'NONE',  ( 12.59999999999999609, -7.604772721475247188, -1.719999999999999973 ) ) ;
#2776 = CARTESIAN_POINT ( 'NONE',  ( -10.75477272147525909, 3.250000000000000444, -1.770000000000000018 ) ) ;
#2777 = VECTOR ( 'NONE', #2289, 39.37007874015748143 ) ;
#2778 = EDGE_CURVE ( 'NONE', #2375, #874, #1600, .T. ) ;
#2779 = ORIENTED_EDGE ( 'NONE', *, *, #1431, .F. ) ;
#2780 = ORIENTED_EDGE ( 'NONE', *, *, #1061, .F. ) ;
#2781 = EDGE_CURVE ( 'NONE', #838, #2541, #1817, .T. ) ;
#2782 = CARTESIAN_POINT ( 'NONE',  ( -4.454772721475258379, 3.200000000000001954, -1.770000000000000018 ) ) ;
#2783 = AXIS2_PLACEMENT_3D ( 'NONE', #67, #93, #1119 ) ;
#2784 = CARTESIAN_POINT ( 'NONE',  ( -1.845227278524757653, -3.099999999999999201, -1.770000000000000018 ) ) ;
#2785 = DIRECTION ( 'NONE',  ( -0.000000000000000000, -0.000000000000000000, -1.000000000000000000 ) ) ;
#2786 = VECTOR ( 'NONE', #3100, 39.37007874015748143 ) ;
#2787 = ORIENTED_EDGE ( 'NONE', *, *, #929, .T. ) ;
#2788 = DIRECTION ( 'NONE',  ( 0.7071067811865474617, 0.7071067811865474617, 0.000000000000000000 ) ) ;
#2789 = ORIENTED_EDGE ( 'NONE', *, *, #2121, .F. ) ;
#2790 = ORIENTED_EDGE ( 'NONE', *, *, #453, .T. ) ;
#2791 = EDGE_CURVE ( 'NONE', #636, #2927, #2841, .T. ) ;
#2792 = VECTOR ( 'NONE', #1333, 39.37007874015748854 ) ;
#2793 = FACE_OUTER_BOUND ( 'NONE', #1609, .T. ) ;
#2794 = DIRECTION ( 'NONE',  ( -0.000000000000000000, -0.000000000000000000, -1.000000000000000000 ) ) ;
#2795 = VECTOR ( 'NONE', #3172, 39.37007874015748143 ) ;
#2796 = ORIENTED_EDGE ( 'NONE', *, *, #353, .T. ) ;
#2797 = CARTESIAN_POINT ( 'NONE',  ( -8.145227278524757253, -3.149999999999998579, -1.719999999999999973 ) ) ;
#2798 = CARTESIAN_POINT ( 'NONE',  ( 4.454772721475242392, 3.200000000000001510, -1.770000000000000018 ) ) ;
#2799 = LINE ( 'NONE', #581, #208 ) ;
#2800 = CARTESIAN_POINT ( 'NONE',  ( 6.299999999999995381, -4.995227278524752457, -1.770000000000000018 ) ) ;
#2801 = EDGE_LOOP ( 'NONE', ( #2151, #893, #2006, #799 ) ) ;
#2802 = CARTESIAN_POINT ( 'NONE',  ( -1.845227278524757653, 3.200000000000001510, -1.719999999999999973 ) ) ;
#2803 = ORIENTED_EDGE ( 'NONE', *, *, #1441, .F. ) ;
#2804 = VERTEX_POINT ( 'NONE', #1341 ) ;
#2805 = CARTESIAN_POINT ( 'NONE',  ( 10.75477272147524310, 3.200000000000001510, -1.770000000000000018 ) ) ;
#2806 = CARTESIAN_POINT ( 'NONE',  ( 10.75477272147524310, -3.099999999999999201, -1.719999999999999973 ) ) ;
#2807 = ORIENTED_EDGE ( 'NONE', *, *, #3053, .T. ) ;
#2808 = DIRECTION ( 'NONE',  ( -0.000000000000000000, -0.000000000000000000, -1.000000000000000000 ) ) ;
#2809 = ADVANCED_FACE ( 'NONE', ( #2352 ), #3088, .T. ) ;
#2810 = DIRECTION ( 'NONE',  ( -1.000000000000000000, 0.000000000000000000, -0.000000000000000000 ) ) ;
#2811 = VERTEX_POINT ( 'NONE', #3148 ) ;
#2812 = DIRECTION ( 'NONE',  ( 1.000000000000000000, -2.093734754490789434E-16, 0.000000000000000000 ) ) ;
#2813 = LINE ( 'NONE', #2294, #433 ) ;
#2814 = PLANE ( 'NONE',  #1495 ) ;
#2815 = CARTESIAN_POINT ( 'NONE',  ( -12.60000000000000497, 9.449999999999999289, -1.770000000000000018 ) ) ;
#2816 = ORIENTED_EDGE ( 'NONE', *, *, #1558, .T. ) ;
#2817 = EDGE_CURVE ( 'NONE', #2864, #2603, #1026, .T. ) ;
#2818 = DIRECTION ( 'NONE',  ( -0.000000000000000000, -0.000000000000000000, -1.000000000000000000 ) ) ;
#2819 = EDGE_CURVE ( 'NONE', #109, #227, #1087, .T. ) ;
#2820 = EDGE_CURVE ( 'NONE', #1056, #2380, #1309, .T. ) ;
#2821 = ORIENTED_EDGE ( 'NONE', *, *, #1569, .F. ) ;
#2822 = ORIENTED_EDGE ( 'NONE', *, *, #579, .T. ) ;
#2823 = ADVANCED_FACE ( 'NONE', ( #836 ), #1847, .F. ) ;
#2824 = CARTESIAN_POINT ( 'NONE',  ( -6.300000000000004263, 5.095227278524752990, -1.719999999999999973 ) ) ;
#2825 = VERTEX_POINT ( 'NONE', #3131 ) ;
#2826 = VECTOR ( 'NONE', #626, 39.37007874015748143 ) ;
#2827 = CARTESIAN_POINT ( 'NONE',  ( 11.60000000000002451, -8.449999999999999289, -1.770000000000000018 ) ) ;
#2828 = PLANE ( 'NONE',  #262 ) ;
#2829 = VECTOR ( 'NONE', #2512, 39.37007874015748854 ) ;
#2830 = ORIENTED_EDGE ( 'NONE', *, *, #2741, .F. ) ;
#2831 = PLANE ( 'NONE',  #450 ) ;
#2832 = PLANE ( 'NONE',  #1816 ) ;
#2833 = VECTOR ( 'NONE', #199, 39.37007874015748143 ) ;
#2834 = CARTESIAN_POINT ( 'NONE',  ( -12.60000000000000497, 9.449999999999999289, 0.000000000000000000 ) ) ;
#2835 = CARTESIAN_POINT ( 'NONE',  ( 8.145227278524741266, 3.250000000000000444, -1.719999999999999973 ) ) ;
#2836 = VECTOR ( 'NONE', #193, 39.37007874015748143 ) ;
#2837 = ORIENTED_EDGE ( 'NONE', *, *, #1078, .F. ) ;
#2838 = VECTOR ( 'NONE', #2586, 39.37007874015748143 ) ;
#2839 = EDGE_CURVE ( 'NONE', #1787, #3155, #1571, .T. ) ;
#2840 = DIRECTION ( 'NONE',  ( 1.000000000000000000, -2.093734754490789434E-16, 0.000000000000000000 ) ) ;
#2841 = LINE ( 'NONE', #49, #2032 ) ;
#2842 = VECTOR ( 'NONE', #2200, 39.37007874015748143 ) ;
#2843 = ORIENTED_EDGE ( 'NONE', *, *, #1355, .T. ) ;
#2844 = DIRECTION ( 'NONE',  ( 0.000000000000000000, -0.000000000000000000, 1.000000000000000000 ) ) ;
#2845 = EDGE_CURVE ( 'NONE', #2917, #310, #1859, .T. ) ;
#2846 = ORIENTED_EDGE ( 'NONE', *, *, #2817, .F. ) ;
#2847 = CARTESIAN_POINT ( 'NONE',  ( -12.60000000000000853, 1.354772721475252073, -1.719999999999999973 ) ) ;
#2848 = CARTESIAN_POINT ( 'NONE',  ( -4.370956789862821150E-15, -1.254772721475247099, -1.719999999999999973 ) ) ;
#2849 = ORIENTED_EDGE ( 'NONE', *, *, #1022, .T. ) ;
#2850 = CARTESIAN_POINT ( 'NONE',  ( 1.845227278524741221, -9.449999999999999289, -1.719999999999999973 ) ) ;
#2851 = CARTESIAN_POINT ( 'NONE',  ( 10.75477272147524310, -9.449999999999999289, -1.770000000000000018 ) ) ;
#2852 = CARTESIAN_POINT ( 'NONE',  ( 11.46220472440947269, -8.449999999999999289, -1.770000000000000018 ) ) ;
#2853 = VECTOR ( 'NONE', #3188, 39.37007874015748854 ) ;
#2854 = FACE_OUTER_BOUND ( 'NONE', #138, .T. ) ;
#2855 = EDGE_LOOP ( 'NONE', ( #746, #1904, #1197, #755 ) ) ;
#2856 = EDGE_CURVE ( 'NONE', #2649, #2527, #1618, .T. ) ;
#2857 = CARTESIAN_POINT ( 'NONE',  ( 11.60000000000002451, 8.449999999999999289, -0.9719999999999998641 ) ) ;
#2858 = CARTESIAN_POINT ( 'NONE',  ( 1.745227278524738468, 9.449999999999999289, -1.770000000000000018 ) ) ;
#2859 = ORIENTED_EDGE ( 'NONE', *, *, #1492, .T. ) ;
#2860 = EDGE_CURVE ( 'NONE', #1923, #3089, #1171, .T. ) ;
#2861 = UNCERTAINTY_MEASURE_WITH_UNIT (LENGTH_MEASURE( 1.000000000000000082E-05 ), #2500, 'distance_accuracy_value', 'NONE');
#2862 = CARTESIAN_POINT ( 'NONE',  ( -6.300000000000004263, -1.254772721475247099, -1.770000000000000018 ) ) ;
#2863 = ADVANCED_FACE ( 'NONE', ( #417 ), #2919, .F. ) ;
#2864 = VERTEX_POINT ( 'NONE', #383 ) ;
#2865 = DIRECTION ( 'NONE',  ( 0.000000000000000000, -0.000000000000000000, 1.000000000000000000 ) ) ;
#2866 = CARTESIAN_POINT ( 'NONE',  ( 10.15238636073762457, 10.15238636073762102, -1.770000000000000018 ) ) ;
#2867 = CARTESIAN_POINT ( 'NONE',  ( -10.75477272147525909, -3.149999999999997691, -1.719999999999999973 ) ) ;
#2868 = CARTESIAN_POINT ( 'NONE',  ( 11.61818230547681097, -8.586590415998431425, -1.719999999999999973 ) ) ;
#2869 = EDGE_CURVE ( 'NONE', #437, #1006, #2185, .T. ) ;
#2870 = ORIENTED_EDGE ( 'NONE', *, *, #28, .T. ) ;
#2871 = CARTESIAN_POINT ( 'NONE',  ( -11.60000000000002451, -8.449999999999999289, -1.719999999999999973 ) ) ;
#2872 = CARTESIAN_POINT ( 'NONE',  ( -4.454772721475258379, -3.149999999999997691, -1.719999999999999973 ) ) ;
#2873 = CARTESIAN_POINT ( 'NONE',  ( -4.370956789862821150E-15, 5.095227278524752990, -1.770000000000000018 ) ) ;
#2874 = VERTEX_POINT ( 'NONE', #1440 ) ;
#2875 = ADVANCED_FACE ( 'NONE', ( #2450 ), #3218, .T. ) ;
#2876 = CARTESIAN_POINT ( 'NONE',  ( 1.845227278524741221, -3.149999999999997691, -1.719999999999999973 ) ) ;
#2877 = EDGE_LOOP ( 'NONE', ( #1153, #2337, #2212, #2744 ) ) ;
#2878 = DIRECTION ( 'NONE',  ( -1.000000000000000000, 0.000000000000000000, 0.000000000000000000 ) ) ;
#2879 = CARTESIAN_POINT ( 'NONE',  ( -11.73779527559057634, -8.449999999999999289, -1.719999999999999973 ) ) ;
#2880 = DIRECTION ( 'NONE',  ( 0.7071067811865473507, -0.7071067811865476838, 0.000000000000000000 ) ) ;
#2881 = AXIS2_PLACEMENT_3D ( 'NONE', #3084, #1680, #845 ) ;
#2882 = PLANE ( 'NONE',  #493 ) ;
#2883 = ORIENTED_EDGE ( 'NONE', *, *, #497, .F. ) ;
#2884 = EDGE_CURVE ( 'NONE', #1747, #2468, #3199, .T. ) ;
#2885 = CONICAL_SURFACE ( 'NONE', #2135, 0.1377952755905512972, 1.029744258676654312 ) ;
#2886 = LINE ( 'NONE', #1616, #1465 ) ;
#2887 = CARTESIAN_POINT ( 'NONE',  ( 10.75477272147524310, -3.149999999999998579, -1.770000000000000018 ) ) ;
#2888 = AXIS2_PLACEMENT_3D ( 'NONE', #1792, #233, #3255 ) ;
#2889 = ORIENTED_EDGE ( 'NONE', *, *, #1754, .T. ) ;
#2890 = VECTOR ( 'NONE', #1488, 39.37007874015748143 ) ;
#2891 = CARTESIAN_POINT ( 'NONE',  ( 8.145227278524741266, 3.250000000000000444, -1.719999999999999973 ) ) ;
#2892 = AXIS2_PLACEMENT_3D ( 'NONE', #1407, #1927, #2379 ) ;
#2893 = EDGE_LOOP ( 'NONE', ( #2285, #1528, #2441, #1282 ) ) ;
#2894 = DIRECTION ( 'NONE',  ( -1.000000000000000000, 0.000000000000000000, 0.000000000000000000 ) ) ;
#2895 = ORIENTED_EDGE ( 'NONE', *, *, #1155, .F. ) ;
#2896 = FACE_OUTER_BOUND ( 'NONE', #3, .T. ) ;
#2897 = CARTESIAN_POINT ( 'NONE',  ( -1.845227278524757653, -9.449999999999999289, -1.719999999999999973 ) ) ;
#2898 = CARTESIAN_POINT ( 'NONE',  ( 6.299999999999995381, 5.095227278524752990, -1.770000000000000018 ) ) ;
#2899 = CARTESIAN_POINT ( 'NONE',  ( -8.145227278524757253, 3.250000000000000444, -1.770000000000000018 ) ) ;
#2900 = ORIENTED_EDGE ( 'NONE', *, *, #334, .T. ) ;
#2901 = ORIENTED_EDGE ( 'NONE', *, *, #2682, .F. ) ;
#2902 = CARTESIAN_POINT ( 'NONE',  ( 10.75477272147524310, 3.200000000000001510, -1.719999999999999973 ) ) ;
#2903 = DIRECTION ( 'NONE',  ( 0.7071067811865473507, -0.7071067811865476838, 0.000000000000000000 ) ) ;
#2904 = VECTOR ( 'NONE', #2158, 39.37007874015748854 ) ;
#2905 = ORIENTED_EDGE ( 'NONE', *, *, #2126, .T. ) ;
#2906 = DIRECTION ( 'NONE',  ( -0.000000000000000000, -0.000000000000000000, -1.000000000000000000 ) ) ;
#2907 = DIRECTION ( 'NONE',  ( -0.7071067811865476838, -0.7071067811865473507, 0.000000000000000000 ) ) ;
#2908 = EDGE_CURVE ( 'NONE', #1120, #2375, #1139, .T. ) ;
#2909 = EDGE_LOOP ( 'NONE', ( #2396, #1723 ) ) ;
#2910 = LINE ( 'NONE', #1673, #2957 ) ;
#2911 = PLANE ( 'NONE',  #1977 ) ;
#2912 = VECTOR ( 'NONE', #2448, 39.37007874015748143 ) ;
#2913 = ORIENTED_EDGE ( 'NONE', *, *, #2884, .F. ) ;
#2914 = DIRECTION ( 'NONE',  ( 0.000000000000000000, 0.000000000000000000, 1.000000000000000000 ) ) ;
#2915 = DIRECTION ( 'NONE',  ( -0.7071067811865476838, -0.7071067811865473507, 0.000000000000000000 ) ) ;
#2916 = ORIENTED_EDGE ( 'NONE', *, *, #1736, .T. ) ;
#2917 = VERTEX_POINT ( 'NONE', #113 ) ;
#2918 = DIRECTION ( 'NONE',  ( 0.000000000000000000, 1.000000000000000000, 0.000000000000000000 ) ) ;
#2919 = PLANE ( 'NONE',  #438 ) ;
#2920 = EDGE_LOOP ( 'NONE', ( #1832, #577, #1067, #2557 ) ) ;
#2921 = EDGE_CURVE ( 'NONE', #2501, #389, #1156, .T. ) ;
#2922 = CARTESIAN_POINT ( 'NONE',  ( -4.454772721475258379, -3.149999999999997691, -1.770000000000000018 ) ) ;
#2923 = DIRECTION ( 'NONE',  ( -0.000000000000000000, -0.000000000000000000, -1.000000000000000000 ) ) ;
#2924 = EDGE_LOOP ( 'NONE', ( #1850, #694, #1959 ) ) ;
#2925 = EDGE_CURVE ( 'NONE', #2468, #415, #3184, .T. ) ;
#2926 = CARTESIAN_POINT ( 'NONE',  ( -1.845227278524757653, 3.200000000000001510, -1.719999999999999973 ) ) ;
#2927 = VERTEX_POINT ( 'NONE', #3167 ) ;
#2928 = LINE ( 'NONE', #142, #2503 ) ;
#2929 = DIRECTION ( 'NONE',  ( -0.000000000000000000, 0.000000000000000000, -1.000000000000000000 ) ) ;
#2930 = ORIENTED_EDGE ( 'NONE', *, *, #1883, .T. ) ;
#2931 = ORIENTED_EDGE ( 'NONE', *, *, #1685, .F. ) ;
#2932 = CARTESIAN_POINT ( 'NONE',  ( -8.145227278524757253, 3.200000000000001510, -1.719999999999999973 ) ) ;
#2933 = VECTOR ( 'NONE', #106, 39.37007874015748143 ) ;
#2934 = CARTESIAN_POINT ( 'NONE',  ( -4.370956789862821150E-15, -7.604772721475247188, -1.719999999999999973 ) ) ;
#2935 = AXIS2_PLACEMENT_3D ( 'NONE', #2998, #2703, #949 ) ;
#2936 = ORIENTED_EDGE ( 'NONE', *, *, #453, .F. ) ;
#2937 = EDGE_CURVE ( 'NONE', #1120, #617, #2717, .T. ) ;
#2938 = CARTESIAN_POINT ( 'NONE',  ( -12.60000000000000497, -9.449999999999999289, 0.000000000000000000 ) ) ;
#2939 = AXIS2_PLACEMENT_3D ( 'NONE', #887, #1159, #562 ) ;
#2940 = CARTESIAN_POINT ( 'NONE',  ( 12.59999999999999609, -1.254772721475247099, -1.719999999999999973 ) ) ;
#2941 = ORIENTED_EDGE ( 'NONE', *, *, #2624, .T. ) ;
#2942 = CIRCLE ( 'NONE', #2409, 0.1377952755905512972 ) ;
#2943 = CARTESIAN_POINT ( 'NONE',  ( -12.60000000000000497, -9.449999999999999289, -1.770000000000000018 ) ) ;
#2944 = ADVANCED_FACE ( 'NONE', ( #2969 ), #1458, .F. ) ;
#2945 = VECTOR ( 'NONE', #2250, 39.37007874015748143 ) ;
#2946 = ORIENTED_EDGE ( 'NONE', *, *, #605, .F. ) ;
#2947 = LINE ( 'NONE', #2213, #859 ) ;
#2948 = CARTESIAN_POINT ( 'NONE',  ( 0.000000000000000000, 0.000000000000000000, -1.770000000000000018 ) ) ;
#2949 = ORIENTED_EDGE ( 'NONE', *, *, #2921, .F. ) ;
#2950 = ORIENTED_EDGE ( 'NONE', *, *, #699, .T. ) ;
#2951 = CARTESIAN_POINT ( 'NONE',  ( 8.145227278524741266, -3.099999999999999201, -1.719999999999999973 ) ) ;
#2952 = DIRECTION ( 'NONE',  ( -0.7071067811865476838, -0.7071067811865473507, 0.000000000000000000 ) ) ;
#2953 = ORIENTED_EDGE ( 'NONE', *, *, #387, .T. ) ;
#2954 = EDGE_CURVE ( 'NONE', #2520, #303, #917, .T. ) ;
#2955 = VECTOR ( 'NONE', #1350, 39.37007874015748143 ) ;
#2956 = PLANE ( 'NONE',  #325 ) ;
#2957 = VECTOR ( 'NONE', #2408, 39.37007874015748854 ) ;
#2958 = CARTESIAN_POINT ( 'NONE',  ( 12.59999999999999609, -7.604772721475247188, -1.719999999999999973 ) ) ;
#2959 = ORIENTED_EDGE ( 'NONE', *, *, #564, .T. ) ;
#2960 = DIRECTION ( 'NONE',  ( 0.7071067811865476838, 0.7071067811865473507, -0.000000000000000000 ) ) ;
#2961 = EDGE_LOOP ( 'NONE', ( #1140, #1510, #3234, #714 ) ) ;
#2962 = EDGE_CURVE ( 'NONE', #51, #599, #1913, .T. ) ;
#2963 = DIRECTION ( 'NONE',  ( 1.000000000000000000, -2.093734754490789434E-16, 0.000000000000000000 ) ) ;
#2964 = EDGE_CURVE ( 'NONE', #1646, #1721, #2467, .T. ) ;
#2965 = DIRECTION ( 'NONE',  ( 0.000000000000000000, -1.000000000000000000, 0.000000000000000000 ) ) ;
#2966 = ORIENTED_EDGE ( 'NONE', *, *, #2856, .F. ) ;
#2967 = FACE_OUTER_BOUND ( 'NONE', #222, .T. ) ;
#2968 = PLANE ( 'NONE',  #2025 ) ;
#2969 = FACE_OUTER_BOUND ( 'NONE', #2801, .T. ) ;
#2970 = EDGE_CURVE ( 'NONE', #762, #1218, #1632, .T. ) ;
#2971 = VERTEX_POINT ( 'NONE', #366 ) ;
#2972 = CARTESIAN_POINT ( 'NONE',  ( 12.59999999999999609, 5.095227278524752990, -1.719999999999999973 ) ) ;
#2973 = ORIENTED_EDGE ( 'NONE', *, *, #2110, .F. ) ;
#2974 = EDGE_CURVE ( 'NONE', #2971, #1923, #1387, .T. ) ;
#2975 = ORIENTED_EDGE ( 'NONE', *, *, #245, .T. ) ;
#2976 = EDGE_CURVE ( 'NONE', #961, #1646, #710, .T. ) ;
#2977 = CARTESIAN_POINT ( 'NONE',  ( -6.300000000000008704, -4.995227278524748016, -1.719999999999999973 ) ) ;
#2978 = CARTESIAN_POINT ( 'NONE',  ( 6.299999999999995381, 5.095227278524752990, -1.770000000000000018 ) ) ;
#2979 = VERTEX_POINT ( 'NONE', #402 ) ;
#2980 = DIRECTION ( 'NONE',  ( -0.7071067811865473507, 0.7071067811865476838, 0.000000000000000000 ) ) ;
#2981 = DIRECTION ( 'NONE',  ( 2.093734754490789434E-16, 1.000000000000000000, -0.000000000000000000 ) ) ;
#2982 = DIRECTION ( 'NONE',  ( 0.7071067811865473507, -0.7071067811865476838, 0.000000000000000000 ) ) ;
#2983 = CARTESIAN_POINT ( 'NONE',  ( 10.75477272147524310, 3.250000000000000444, -1.770000000000000018 ) ) ;
#2984 = EDGE_CURVE ( 'NONE', #627, #487, #2436, .T. ) ;
#2985 = ORIENTED_EDGE ( 'NONE', *, *, #2611, .T. ) ;
#2986 = VECTOR ( 'NONE', #2275, 39.37007874015748143 ) ;
#2987 = VECTOR ( 'NONE', #1049, 39.37007874015748143 ) ;
#2988 = CARTESIAN_POINT ( 'NONE',  ( -12.60000000000000853, -4.995227278524748016, -1.770000000000000018 ) ) ;
#2989 = ORIENTED_EDGE ( 'NONE', *, *, #1302, .T. ) ;
#2990 = CIRCLE ( 'NONE', #2080, 0.1377952755905512972 ) ;
#2991 = VECTOR ( 'NONE', #2373, 39.37007874015748854 ) ;
#2992 = ORIENTED_EDGE ( 'NONE', *, *, #1259, .F. ) ;
#2993 = DIRECTION ( 'NONE',  ( 0.000000000000000000, 1.000000000000000000, 0.000000000000000000 ) ) ;
#2994 = CARTESIAN_POINT ( 'NONE',  ( -10.75477272147525909, -9.449999999999999289, -1.770000000000000018 ) ) ;
#2995 = AXIS2_PLACEMENT_3D ( 'NONE', #1354, #2075, #62 ) ;
#2996 = EDGE_LOOP ( 'NONE', ( #2433, #1248, #1300, #2103 ) ) ;
#2997 = EDGE_LOOP ( 'NONE', ( #3269, #883, #942, #35 ) ) ;
#2998 = CARTESIAN_POINT ( 'NONE',  ( 11.60000000000002451, 8.449999999999999289, -0.9719999999999998641 ) ) ;
#2999 = DIRECTION ( 'NONE',  ( -0.7071067811865475727, 0.7071067811865475727, 0.000000000000000000 ) ) ;
#3000 = CARTESIAN_POINT ( 'NONE',  ( -12.60000000000000853, 7.704772721475252162, -1.770000000000000018 ) ) ;
#3001 = ORIENTED_EDGE ( 'NONE', *, *, #788, .T. ) ;
#3002 = DIRECTION ( 'NONE',  ( -1.000000000000000000, 2.093734754490789434E-16, 0.000000000000000000 ) ) ;
#3003 = EDGE_CURVE ( 'NONE', #3081, #973, #767, .T. ) ;
#3004 = ORIENTED_EDGE ( 'NONE', *, *, #153, .T. ) ;
#3005 = VECTOR ( 'NONE', #2550, 39.37007874015748854 ) ;
#3006 = EDGE_CURVE ( 'NONE', #1023, #154, #1781, .T. ) ;
#3007 = VECTOR ( 'NONE', #849, 39.37007874015748854 ) ;
#3008 = ORIENTED_EDGE ( 'NONE', *, *, #1255, .T. ) ;
#3009 = CARTESIAN_POINT ( 'NONE',  ( 10.75477272147524310, 3.250000000000000444, -1.770000000000000018 ) ) ;
#3010 = DIRECTION ( 'NONE',  ( -1.000000000000000000, 0.000000000000000000, 0.000000000000000000 ) ) ;
#3011 = ORIENTED_EDGE ( 'NONE', *, *, #852, .F. ) ;
#3012 = VERTEX_POINT ( 'NONE', #3262 ) ;
#3013 = LINE ( 'NONE', #3197, #3249 ) ;
#3014 = CARTESIAN_POINT ( 'NONE',  ( 6.299999999999990941, 7.704772721475252162, -1.719999999999999973 ) ) ;
#3015 = DIRECTION ( 'NONE',  ( -0.7071067811865473507, 0.7071067811865476838, 0.000000000000000000 ) ) ;
#3016 = ORIENTED_EDGE ( 'NONE', *, *, #1022, .F. ) ;
#3017 = DIRECTION ( 'NONE',  ( -0.000000000000000000, -0.000000000000000000, -1.000000000000000000 ) ) ;
#3018 = SURFACE_STYLE_FILL_AREA ( #421 ) ;
#3019 = EDGE_CURVE ( 'NONE', #3254, #1742, #984, .T. ) ;
#3020 = ORIENTED_EDGE ( 'NONE', *, *, #757, .F. ) ;
#3021 = ADVANCED_FACE ( 'NONE', ( #3233 ), #1962, .F. ) ;
#3022 = VERTEX_POINT ( 'NONE', #500 ) ;
#3023 = CYLINDRICAL_SURFACE ( 'NONE', #1922, 0.1377952755905512972 ) ;
#3024 = CARTESIAN_POINT ( 'NONE',  ( -10.75477272147525909, -3.099999999999999201, -1.770000000000000018 ) ) ;
#3025 = ORIENTED_EDGE ( 'NONE', *, *, #1295, .F. ) ;
#3026 = CARTESIAN_POINT ( 'NONE',  ( 6.299999999999995381, -7.604772721475247188, -1.719999999999999973 ) ) ;
#3027 = DIRECTION ( 'NONE',  ( -0.000000000000000000, -0.000000000000000000, -1.000000000000000000 ) ) ;
#3028 = CARTESIAN_POINT ( 'NONE',  ( 12.59999999999999609, 5.095227278524752990, -1.719999999999999973 ) ) ;
#3029 = DIRECTION ( 'NONE',  ( 0.7071067811865474617, 0.7071067811865474617, 0.000000000000000000 ) ) ;
#3030 = ORIENTED_EDGE ( 'NONE', *, *, #2015, .F. ) ;
#3031 = CARTESIAN_POINT ( 'NONE',  ( 1.845227278524741221, -3.149999999999997691, -1.719999999999999973 ) ) ;
#3032 = CARTESIAN_POINT ( 'NONE',  ( -8.741913579725642299E-15, -4.995227278524748016, -1.719999999999999973 ) ) ;
#3033 = ADVANCED_FACE ( 'NONE', ( #1486 ), #481, .F. ) ;
#3034 = ORIENTED_EDGE ( 'NONE', *, *, #3168, .T. ) ;
#3035 = DIRECTION ( 'NONE',  ( -0.7071067811865476838, -0.7071067811865473507, 0.000000000000000000 ) ) ;
#3036 = AXIS2_PLACEMENT_3D ( 'NONE', #412, #2915, #2880 ) ;
#3037 = VECTOR ( 'NONE', #188, 39.37007874015748143 ) ;
#3038 = EDGE_LOOP ( 'NONE', ( #3272, #427, #1105, #1424 ) ) ;
#3039 = DIRECTION ( 'NONE',  ( -0.7071067811865475727, 0.7071067811865475727, 0.000000000000000000 ) ) ;
#3040 = DIRECTION ( 'NONE',  ( -1.000000000000000000, 0.000000000000000000, -0.000000000000000000 ) ) ;
#3041 = VECTOR ( 'NONE', #25, 39.37007874015748143 ) ;
#3042 = EDGE_LOOP ( 'NONE', ( #2637, #1615, #1806, #71 ) ) ;
#3043 = EDGE_CURVE ( 'NONE', #1324, #1147, #2515, .T. ) ;
#3044 = LINE ( 'NONE', #3289, #2423 ) ;
#3045 = LINE ( 'NONE', #1565, #1760 ) ;
#3046 = VECTOR ( 'NONE', #484, 39.37007874015748854 ) ;
#3047 = FACE_OUTER_BOUND ( 'NONE', #3091, .T. ) ;
#3048 = LINE ( 'NONE', #720, #3049 ) ;
#3049 = VECTOR ( 'NONE', #966, 39.37007874015748143 ) ;
#3050 = EDGE_CURVE ( 'NONE', #2480, #914, #3048, .T. ) ;
#3051 = ORIENTED_EDGE ( 'NONE', *, *, #1464, .T. ) ;
#3052 = LINE ( 'NONE', #1178, #1607 ) ;
#3053 = EDGE_CURVE ( 'NONE', #1466, #1998, #225, .T. ) ;
#3054 = ORIENTED_EDGE ( 'NONE', *, *, #1004, .T. ) ;
#3055 = ORIENTED_EDGE ( 'NONE', *, *, #1299, .T. ) ;
#3056 = DIRECTION ( 'NONE',  ( -1.000000000000000000, 2.093734754490789434E-16, 0.000000000000000000 ) ) ;
#3057 = ORIENTED_EDGE ( 'NONE', *, *, #1211, .T. ) ;
#3058 = AXIS2_PLACEMENT_3D ( 'NONE', #1073, #2084, #284 ) ;
#3059 = FACE_OUTER_BOUND ( 'NONE', #3192, .T. ) ;
#3060 = FACE_OUTER_BOUND ( 'NONE', #1573, .T. ) ;
#3061 = VECTOR ( 'NONE', #356, 39.37007874015748143 ) ;
#3062 = ORIENTED_EDGE ( 'NONE', *, *, #943, .T. ) ;
#3063 = EDGE_CURVE ( 'NONE', #1062, #2299, #1519, .T. ) ;
#3064 = DIRECTION ( 'NONE',  ( -1.000000000000000000, 0.000000000000000000, 0.000000000000000000 ) ) ;
#3065 = EDGE_CURVE ( 'NONE', #1225, #1867, #2143, .T. ) ;
#3066 = CARTESIAN_POINT ( 'NONE',  ( 12.59999999999999609, 7.704772721475247721, -1.719999999999999973 ) ) ;
#3067 = EDGE_CURVE ( 'NONE', #2541, #617, #3277, .T. ) ;
#3068 = LINE ( 'NONE', #551, #114 ) ;
#3069 = CARTESIAN_POINT ( 'NONE',  ( -11.73659041599845310, -8.468182305476803506, -1.719999999999999973 ) ) ;
#3070 = ORIENTED_EDGE ( 'NONE', *, *, #1361, .T. ) ;
#3071 = EDGE_CURVE ( 'NONE', #2927, #1946, #2280, .T. ) ;
#3072 = CARTESIAN_POINT ( 'NONE',  ( 6.299999999999990941, -1.254772721475248209, -1.719999999999999973 ) ) ;
#3073 = PRODUCT_DEFINITION_SHAPE ( 'NONE', 'NONE',  #393 ) ;
#3074 = EDGE_CURVE ( 'NONE', #2487, #2201, #750, .T. ) ;
#3075 = ORIENTED_EDGE ( 'NONE', *, *, #3213, .F. ) ;
#3076 = CARTESIAN_POINT ( 'NONE',  ( 1.845227278524741221, -3.149999999999997691, -1.719999999999999973 ) ) ;
#3077 = ORIENTED_EDGE ( 'NONE', *, *, #3275, .T. ) ;
#3078 = DIRECTION ( 'NONE',  ( -0.000000000000000000, -0.000000000000000000, -1.000000000000000000 ) ) ;
#3079 = DIRECTION ( 'NONE',  ( 0.000000000000000000, 1.000000000000000000, 0.000000000000000000 ) ) ;
#3080 = ADVANCED_FACE ( 'NONE', ( #700 ), #2752, .F. ) ;
#3081 = VERTEX_POINT ( 'NONE', #3292 ) ;
#3082 = LINE ( 'NONE', #1545, #1674 ) ;
#3083 = CARTESIAN_POINT ( 'NONE',  ( 0.000000000000000000, 0.000000000000000000, -1.770000000000000018 ) ) ;
#3084 = CARTESIAN_POINT ( 'NONE',  ( -11.60000000000002451, -8.449999999999999289, -1.645000000000000018 ) ) ;
#3085 = DIRECTION ( 'NONE',  ( 0.7071067811865474617, 0.7071067811865474617, 0.000000000000000000 ) ) ;
#3086 = ORIENTED_EDGE ( 'NONE', *, *, #841, .F. ) ;
#3087 = EDGE_CURVE ( 'NONE', #3012, #1758, #1717, .T. ) ;
#3088 = PLANE ( 'NONE',  #2783 ) ;
#3089 = VERTEX_POINT ( 'NONE', #2800 ) ;
#3090 = DIRECTION ( 'NONE',  ( -0.000000000000000000, 0.000000000000000000, -1.000000000000000000 ) ) ;
#3091 = EDGE_LOOP ( 'NONE', ( #2599, #703, #668 ) ) ;
#3092 = VECTOR ( 'NONE', #3137, 39.37007874015748143 ) ;
#3093 = DIRECTION ( 'NONE',  ( 0.000000000000000000, 0.000000000000000000, -1.000000000000000000 ) ) ;
#3094 = VECTOR ( 'NONE', #1842, 39.37007874015748143 ) ;
#3095 = EDGE_LOOP ( 'NONE', ( #690, #3250, #736, #1630, #315, #221, #398, #1475, #2182, #2412, #2127, #2591, #842, #3293, #1589, #1463 ) ) ;
#3096 = CARTESIAN_POINT ( 'NONE',  ( -8.145227278524757253, 3.250000000000000444, -1.719999999999999973 ) ) ;
#3097 = CARTESIAN_POINT ( 'NONE',  ( -11.60000000000002451, -8.449999999999999289, -1.770000000000000018 ) ) ;
#3098 = VECTOR ( 'NONE', #117, 39.37007874015748143 ) ;
#3099 = CARTESIAN_POINT ( 'NONE',  ( 12.59999999999999609, -1.254772721475247099, -1.770000000000000018 ) ) ;
#3100 = DIRECTION ( 'NONE',  ( -0.7071067811865473507, 0.7071067811865476838, 0.000000000000000000 ) ) ;
#3101 = ORIENTED_EDGE ( 'NONE', *, *, #1078, .T. ) ;
#3102 = VECTOR ( 'NONE', #1999, 39.37007874015748143 ) ;
#3103 = CARTESIAN_POINT ( 'NONE',  ( 6.299999999999990941, 5.095227278524751213, -1.719999999999999973 ) ) ;
#3104 = AXIS2_PLACEMENT_3D ( 'NONE', #2531, #239, #1532 ) ;
#3105 = VERTEX_POINT ( 'NONE', #257 ) ;
#3106 = EDGE_CURVE ( 'NONE', #913, #2052, #2027, .T. ) ;
#3107 = CARTESIAN_POINT ( 'NONE',  ( 11.73659041599845843, -8.468182305476783966, -1.770000000000000018 ) ) ;
#3108 = ORIENTED_EDGE ( 'NONE', *, *, #1068, .T. ) ;
#3109 = FACE_OUTER_BOUND ( 'NONE', #2328, .T. ) ;
#3110 = VERTEX_POINT ( 'NONE', #2497 ) ;
#3111 = LINE ( 'NONE', #2293, #1938 ) ;
#3112 = LINE ( 'NONE', #2628, #2614 ) ;
#3113 = CARTESIAN_POINT ( 'NONE',  ( 11.60000000000002451, -8.449999999999999289, -1.562204245409588355 ) ) ;
#3114 = VECTOR ( 'NONE', #972, 39.37007874015748854 ) ;
#3115 = CARTESIAN_POINT ( 'NONE',  ( 10.85477272147524275, 9.449999999999999289, -1.719999999999999973 ) ) ;
#3116 = ORIENTED_EDGE ( 'NONE', *, *, #103, .F. ) ;
#3117 = PLANE ( 'NONE',  #2153 ) ;
#3118 = CARTESIAN_POINT ( 'NONE',  ( -4.370956789862821150E-15, -7.604772721475247188, -1.770000000000000018 ) ) ;
#3119 = EDGE_CURVE ( 'NONE', #2166, #2653, #206, .T. ) ;
#3120 = DIRECTION ( 'NONE',  ( -1.000000000000000000, 0.000000000000000000, 0.000000000000000000 ) ) ;
#3121 = ORIENTED_EDGE ( 'NONE', *, *, #2184, .T. ) ;
#3122 = DIRECTION ( 'NONE',  ( 0.7071067811865473507, -0.7071067811865476838, 0.000000000000000000 ) ) ;
#3123 = EDGE_CURVE ( 'NONE', #1727, #1795, #31, .T. ) ;
#3124 = EDGE_LOOP ( 'NONE', ( #1669, #2133, #538 ) ) ;
#3125 = DIRECTION ( 'NONE',  ( 0.000000000000000000, 0.000000000000000000, -1.000000000000000000 ) ) ;
#3126 = CARTESIAN_POINT ( 'NONE',  ( 11.61818230547681097, -8.586590415998433201, -1.770000000000000018 ) ) ;
#3127 = DIRECTION ( 'NONE',  ( -1.000000000000000000, 0.000000000000000000, 0.000000000000000000 ) ) ;
#3128 = LINE ( 'NONE', #2598, #1137 ) ;
#3129 = EDGE_LOOP ( 'NONE', ( #2206, #3196, #1012 ) ) ;
#3130 = LINE ( 'NONE', #2350, #1730 ) ;
#3131 = CARTESIAN_POINT ( 'NONE',  ( 4.454772721475242392, -9.449999999999999289, -1.719999999999999973 ) ) ;
#3132 = VERTEX_POINT ( 'NONE', #3115 ) ;
#3133 = EDGE_CURVE ( 'NONE', #2426, #444, #3128, .T. ) ;
#3134 = DIRECTION ( 'NONE',  ( -0.000000000000000000, -0.000000000000000000, -1.000000000000000000 ) ) ;
#3135 = ORIENTED_EDGE ( 'NONE', *, *, #3287, .T. ) ;
#3136 = LINE ( 'NONE', #2192, #2320 ) ;
#3137 = DIRECTION ( 'NONE',  ( -0.7071067811865473507, 0.7071067811865476838, 0.000000000000000000 ) ) ;
#3138 = ORIENTED_EDGE ( 'NONE', *, *, #2677, .T. ) ;
#3139 = LINE ( 'NONE', #343, #341 ) ;
#3140 = CARTESIAN_POINT ( 'NONE',  ( 12.59999999999999609, -9.449999999999999289, -1.770000000000000018 ) ) ;
#3141 = ADVANCED_FACE ( 'NONE', ( #14 ), #1614, .F. ) ;
#3142 = DIRECTION ( 'NONE',  ( -0.000000000000000000, -0.000000000000000000, -1.000000000000000000 ) ) ;
#3143 = AXIS2_PLACEMENT_3D ( 'NONE', #1481, #2226, #996 ) ;
#3144 = ORIENTED_EDGE ( 'NONE', *, *, #764, .T. ) ;
#3145 = ORIENTED_EDGE ( 'NONE', *, *, #289, .T. ) ;
#3146 = VECTOR ( 'NONE', #2543, 39.37007874015748143 ) ;
#3147 = CARTESIAN_POINT ( 'NONE',  ( -8.045227278524757608, 9.449999999999999289, -1.719999999999999973 ) ) ;
#3148 = CARTESIAN_POINT ( 'NONE',  ( 12.59999999999999609, -7.604772721475247188, -1.719999999999999973 ) ) ;
#3149 = VECTOR ( 'NONE', #1886, 39.37007874015748143 ) ;
#3150 = VECTOR ( 'NONE', #81, 39.37007874015748143 ) ;
#3151 = EDGE_LOOP ( 'NONE', ( #1914, #3241, #662, #1508 ) ) ;
#3152 = VECTOR ( 'NONE', #1190, 39.37007874015748143 ) ;
#3153 = CARTESIAN_POINT ( 'NONE',  ( 10.75477272147524310, 3.200000000000001510, -1.719999999999999973 ) ) ;
#3154 = VECTOR ( 'NONE', #160, 39.37007874015748143 ) ;
#3155 = VERTEX_POINT ( 'NONE', #2835 ) ;
#3156 = CARTESIAN_POINT ( 'NONE',  ( 12.59999999999999609, 1.354772721475247632, -1.770000000000000018 ) ) ;
#3157 = ORIENTED_EDGE ( 'NONE', *, *, #2015, .T. ) ;
#3158 = LINE ( 'NONE', #2866, #56 ) ;
#3159 = LINE ( 'NONE', #126, #1179 ) ;
#3160 = PLANE ( 'NONE',  #2892 ) ;
#3161 = ADVANCED_FACE ( 'NONE', ( #2062 ), #569, .F. ) ;
#3162 = VERTEX_POINT ( 'NONE', #2868 ) ;
#3163 = EDGE_LOOP ( 'NONE', ( #805, #2536, #570, #2388 ) ) ;
#3164 = EDGE_CURVE ( 'NONE', #91, #762, #2347, .T. ) ;
#3165 = DIRECTION ( 'NONE',  ( -0.000000000000000000, -1.000000000000000000, -0.000000000000000000 ) ) ;
#3166 = VECTOR ( 'NONE', #2907, 39.37007874015748143 ) ;
#3167 = CARTESIAN_POINT ( 'NONE',  ( -12.60000000000000853, 7.704772721475252162, -1.770000000000000018 ) ) ;
#3168 = EDGE_CURVE ( 'NONE', #73, #2480, #2297, .T. ) ;
#3169 = VECTOR ( 'NONE', #2129, 39.37007874015748143 ) ;
#3170 = EDGE_LOOP ( 'NONE', ( #709, #84, #2946, #2422 ) ) ;
#3171 = FACE_OUTER_BOUND ( 'NONE', #886, .T. ) ;
#3172 = DIRECTION ( 'NONE',  ( -1.000000000000000000, -0.000000000000000000, -0.000000000000000000 ) ) ;
#3173 = ORIENTED_EDGE ( 'NONE', *, *, #129, .F. ) ;
#3174 = DIRECTION ( 'NONE',  ( -0.7071067811865473507, 0.7071067811865476838, 0.000000000000000000 ) ) ;
#3175 = FACE_OUTER_BOUND ( 'NONE', #3095, .T. ) ;
#3176 = EDGE_LOOP ( 'NONE', ( #2807, #1202, #2504, #650 ) ) ;
#3177 = LINE ( 'NONE', #613, #2349 ) ;
#3178 = FACE_OUTER_BOUND ( 'NONE', #2266, .T. ) ;
#3179 = LENGTH_MEASURE_WITH_UNIT ( LENGTH_MEASURE( 0.02539999999999999897 ), #932 );
#3180 = ADVANCED_FACE ( 'NONE', ( #2854 ), #2882, .T. ) ;
#3181 = ORIENTED_EDGE ( 'NONE', *, *, #2839, .T. ) ;
#3182 = ORIENTED_EDGE ( 'NONE', *, *, #742, .T. ) ;
#3183 = DIRECTION ( 'NONE',  ( 0.7071067811865474617, 0.7071067811865474617, 0.000000000000000000 ) ) ;
#3184 = LINE ( 'NONE', #2219, #2566 ) ;
#3185 = ORIENTED_EDGE ( 'NONE', *, *, #2781, .F. ) ;
#3186 = CARTESIAN_POINT ( 'NONE',  ( 11.60000000000002451, -8.449999999999999289, -1.770000000000000018 ) ) ;
#3187 = ADVANCED_FACE ( 'NONE', ( #1336 ), #45, .F. ) ;
#3188 = DIRECTION ( 'NONE',  ( 0.8571673007021125557, 1.049727191138618942E-16, -0.5150380749100536004 ) ) ;
#3189 = ORIENTED_EDGE ( 'NONE', *, *, #658, .T. ) ;
#3190 = CARTESIAN_POINT ( 'NONE',  ( 12.59999999999999609, -7.604772721475247188, -1.719999999999999973 ) ) ;
#3191 = CARTESIAN_POINT ( 'NONE',  ( 1.845227278524741221, -3.099999999999999201, -1.770000000000000018 ) ) ;
#3192 = EDGE_LOOP ( 'NONE', ( #82, #1929, #2076, #2033 ) ) ;
#3193 = DIRECTION ( 'NONE',  ( -1.000000000000000000, 0.000000000000000000, 0.000000000000000000 ) ) ;
#3194 = PLANE ( 'NONE',  #1446 ) ;
#3195 = VERTEX_POINT ( 'NONE', #3069 ) ;
#3196 = ORIENTED_EDGE ( 'NONE', *, *, #834, .F. ) ;
#3197 = CARTESIAN_POINT ( 'NONE',  ( -4.454772721475258379, -3.149999999999997691, -1.719999999999999973 ) ) ;
#3198 = VECTOR ( 'NONE', #2091, 39.37007874015748143 ) ;
#3199 = LINE ( 'NONE', #166, #3152 ) ;
#3200 = AXIS2_PLACEMENT_3D ( 'NONE', #1759, #2314, #29 ) ;
#3201 = ORIENTED_EDGE ( 'NONE', *, *, #495, .F. ) ;
#3202 = LINE ( 'NONE', #1577, #435 ) ;
#3203 = VECTOR ( 'NONE', #3285, 39.37007874015748143 ) ;
#3204 = CARTESIAN_POINT ( 'NONE',  ( 10.75477272147524310, -3.099999999999999201, -1.770000000000000018 ) ) ;
#3205 = ADVANCED_FACE ( 'NONE', ( #1596 ), #2610, .F. ) ;
#3206 = ORIENTED_EDGE ( 'NONE', *, *, #804, .F. ) ;
#3207 = EDGE_CURVE ( 'NONE', #1058, #2426, #327, .T. ) ;
#3208 = CIRCLE ( 'NONE', #2083, 0.1377952755905512972 ) ;
#3209 = DIRECTION ( 'NONE',  ( 0.7071067811865473507, -0.7071067811865475727, 0.000000000000000000 ) ) ;
#3210 = AXIS2_PLACEMENT_3D ( 'NONE', #194, #1502, #1221 ) ;
#3211 = ORIENTED_EDGE ( 'NONE', *, *, #847, .F. ) ;
#3212 = CARTESIAN_POINT ( 'NONE',  ( 1.845227278524741221, -3.149999999999997691, -1.770000000000000018 ) ) ;
#3213 = EDGE_CURVE ( 'NONE', #227, #1933, #1100, .T. ) ;
#3214 = LINE ( 'NONE', #2746, #1916 ) ;
#3215 = ORIENTED_EDGE ( 'NONE', *, *, #997, .T. ) ;
#3216 = CARTESIAN_POINT ( 'NONE',  ( -6.300000000000004263, 1.354772721475247632, -1.719999999999999973 ) ) ;
#3217 = CARTESIAN_POINT ( 'NONE',  ( -6.300000000000008704, 7.704772721475252162, -1.719999999999999973 ) ) ;
#3218 = PLANE ( 'NONE',  #1292 ) ;
#3219 = ADVANCED_FACE ( 'NONE', ( #818 ), #220, .F. ) ;
#3220 = VERTEX_POINT ( 'NONE', #597 ) ;
#3221 = CIRCLE ( 'NONE', #667, 0.1377952755905512972 ) ;
#3222 = LINE ( 'NONE', #1507, #1834 ) ;
#3223 = EDGE_CURVE ( 'NONE', #1217, #2342, #2630, .T. ) ;
#3224 = ORIENTED_EDGE ( 'NONE', *, *, #1785, .T. ) ;
#3225 = VERTEX_POINT ( 'NONE', #2815 ) ;
#3226 = LINE ( 'NONE', #2178, #167 ) ;
#3227 = EDGE_CURVE ( 'NONE', #2874, #437, #2563, .T. ) ;
#3228 = PLANE ( 'NONE',  #1861 ) ;
#3229 = VERTEX_POINT ( 'NONE', #276 ) ;
#3230 = CARTESIAN_POINT ( 'NONE',  ( -6.300000000000008704, 1.354772721475252073, -1.719999999999999973 ) ) ;
#3231 = DIRECTION ( 'NONE',  ( 0.7071067811865474617, 0.7071067811865474617, 0.000000000000000000 ) ) ;
#3232 = DIRECTION ( 'NONE',  ( -0.7071067811865476838, -0.7071067811865473507, 0.000000000000000000 ) ) ;
#3233 = FACE_OUTER_BOUND ( 'NONE', #64, .T. ) ;
#3234 = ORIENTED_EDGE ( 'NONE', *, *, #2716, .F. ) ;
#3235 = EDGE_CURVE ( 'NONE', #621, #588, #2317, .T. ) ;
#3236 = LINE ( 'NONE', #196, #2742 ) ;
#3237 = ORIENTED_EDGE ( 'NONE', *, *, #1444, .F. ) ;
#3238 = VERTEX_POINT ( 'NONE', #1323 ) ;
#3239 = CARTESIAN_POINT ( 'NONE',  ( 11.73779527559057634, -8.449999999999999289, -1.645000000000000018 ) ) ;
#3240 = CARTESIAN_POINT ( 'NONE',  ( -8.741913579725642299E-15, -4.995227278524748016, -1.719999999999999973 ) ) ;
#3241 = ORIENTED_EDGE ( 'NONE', *, *, #2369, .F. ) ;
#3242 = CARTESIAN_POINT ( 'NONE',  ( -1.845227278524757653, -3.149999999999998579, -1.770000000000000018 ) ) ;
#3243 = FACE_OUTER_BOUND ( 'NONE', #2961, .T. ) ;
#3244 = FACE_OUTER_BOUND ( 'NONE', #787, .T. ) ;
#3245 = DIRECTION ( 'NONE',  ( 0.7071067811865474617, 0.7071067811865474617, 0.000000000000000000 ) ) ;
#3246 = VERTEX_POINT ( 'NONE', #2899 ) ;
#3247 = VECTOR ( 'NONE', #90, 39.37007874015748143 ) ;
#3248 = EDGE_CURVE ( 'NONE', #154, #1974, #681, .T. ) ;
#3249 = VECTOR ( 'NONE', #916, 39.37007874015748143 ) ;
#3250 = ORIENTED_EDGE ( 'NONE', *, *, #3063, .F. ) ;
#3251 = CARTESIAN_POINT ( 'NONE',  ( -1.845227278524757653, -3.099999999999999201, -1.719999999999999973 ) ) ;
#3252 = VECTOR ( 'NONE', #1335, 39.37007874015748143 ) ;
#3253 = AXIS2_PLACEMENT_3D ( 'NONE', #2872, #585, #2112 ) ;
#3254 = VERTEX_POINT ( 'NONE', #2663 ) ;
#3255 = DIRECTION ( 'NONE',  ( 0.7071067811865473507, -0.7071067811865476838, 0.000000000000000000 ) ) ;
#3256 = DIRECTION ( 'NONE',  ( 0.000000000000000000, 0.000000000000000000, 1.000000000000000000 ) ) ;
#3257 = ORIENTED_EDGE ( 'NONE', *, *, #1339, .F. ) ;
#3258 = LINE ( 'NONE', #2731, #2912 ) ;
#3259 = CARTESIAN_POINT ( 'NONE',  ( -4.370956789862821150E-15, -7.604772721475247188, -1.770000000000000018 ) ) ;
#3260 = FACE_OUTER_BOUND ( 'NONE', #2167, .T. ) ;
#3261 = ADVANCED_FACE ( 'NONE', ( #2684 ), #3160, .F. ) ;
#3262 = CARTESIAN_POINT ( 'NONE',  ( 8.145227278524741266, 3.200000000000001954, -1.770000000000000018 ) ) ;
#3263 = ORIENTED_EDGE ( 'NONE', *, *, #122, .T. ) ;
#3264 = EDGE_CURVE ( 'NONE', #1950, #588, #1184, .T. ) ;
#3265 = DIRECTION ( 'NONE',  ( 0.7071067811865476838, 0.7071067811865473507, 0.000000000000000000 ) ) ;
#3266 =( NAMED_UNIT ( * ) PLANE_ANGLE_UNIT ( ) SI_UNIT ( $, .RADIAN. ) );
#3267 = ORIENTED_EDGE ( 'NONE', *, *, #2534, .T. ) ;
#3268 = VECTOR ( 'NONE', #3174, 39.37007874015748143 ) ;
#3269 = ORIENTED_EDGE ( 'NONE', *, *, #3223, .T. ) ;
#3270 = DIRECTION ( 'NONE',  ( -0.7071067811865476838, -0.7071067811865473507, 0.000000000000000000 ) ) ;
#3271 = CARTESIAN_POINT ( 'NONE',  ( -4.370956789862821150E-15, 5.095227278524752990, -1.719999999999999973 ) ) ;
#3272 = ORIENTED_EDGE ( 'NONE', *, *, #321, .T. ) ;
#3273 = DIRECTION ( 'NONE',  ( 0.000000000000000000, -1.000000000000000000, 0.000000000000000000 ) ) ;
#3274 = LINE ( 'NONE', #550, #3146 ) ;
#3275 = EDGE_CURVE ( 'NONE', #1768, #1950, #397, .T. ) ;
#3276 = DIRECTION ( 'NONE',  ( 0.7071067811865476838, 0.7071067811865473507, -0.000000000000000000 ) ) ;
#3277 = LINE ( 'NONE', #2010, #2568 ) ;
#3278 = ORIENTED_EDGE ( 'NONE', *, *, #10, .T. ) ;
#3279 = CARTESIAN_POINT ( 'NONE',  ( -10.85477272147525873, 9.449999999999999289, -1.770000000000000018 ) ) ;
#3280 = PLANE ( 'NONE',  #1663 ) ;
#3281 = FILL_AREA_STYLE_COLOUR ( '', #2743 ) ;
#3282 = ORIENTED_EDGE ( 'NONE', *, *, #616, .F. ) ;
#3283 = EDGE_CURVE ( 'NONE', #2339, #1227, #2432, .T. ) ;
#3284 = ORIENTED_EDGE ( 'NONE', *, *, #1255, .F. ) ;
#3285 = DIRECTION ( 'NONE',  ( -0.000000000000000000, -0.000000000000000000, -1.000000000000000000 ) ) ;
#3286 = PLANE ( 'NONE',  #1548 ) ;
#3287 = EDGE_CURVE ( 'NONE', #838, #2375, #379, .T. ) ;
#3288 = ORIENTED_EDGE ( 'NONE', *, *, #2381, .F. ) ;
#3289 = CARTESIAN_POINT ( 'NONE',  ( -8.145227278524757253, 9.550000000000000711, -1.770000000000000018 ) ) ;
#3290 = PLANE ( 'NONE',  #807 ) ;
#3291 = PLANE ( 'NONE',  #1128 ) ;
#3292 = CARTESIAN_POINT ( 'NONE',  ( 4.454772721475242392, -9.449999999999999289, -1.770000000000000018 ) ) ;
#3293 = ORIENTED_EDGE ( 'NONE', *, *, #2282, .F. ) ;
#3294 = FACE_OUTER_BOUND ( 'NONE', #2323, .T. ) ;
#3295 = LINE ( 'NONE', #754, #3102 ) ;
#3296 = ORIENTED_EDGE ( 'NONE', *, *, #10, .F. ) ;
#3297 = VECTOR ( 'NONE', #2794, 39.37007874015748143 ) ;
#3298 = EDGE_CURVE ( 'NONE', #2498, #1329, #2416, .T. ) ;
#3299 = DIRECTION ( 'NONE',  ( -0.7071067811865476838, -0.7071067811865473507, 0.000000000000000000 ) ) ;
ENDSEC;
END-ISO-10303-21;
