ISO-10303-21;
HEADER;
FILE_DESCRIPTION (( 'STEP AP214' ),
    '1' );
FILE_NAME ('LED iPoster -RH Back Support.STEP',
    '2025-09-11T15:59:27',
    ( '' ),
    ( '' ),
    'SwSTEP 2.0',
    'SolidWorks 2025',
    '' );
FILE_SCHEMA (( 'AUTOMOTIVE_DESIGN' ));
ENDSEC;

DATA;
#1 = LINE ( 'NONE', #149, #1092 ) ;
#2 = CARTESIAN_POINT ( 'NONE',  ( 7.849041308284765428, 2.173733356870180877, -0.04417476407600460370 ) ) ;
#3 = EDGE_CURVE ( 'NONE', #799, #859, #1400, .T. ) ;
#4 = VERTEX_POINT ( 'NONE', #1570 ) ;
#5 = AXIS2_PLACEMENT_3D ( 'NONE', #461, #614, #1254 ) ;
#6 = ADVANCED_FACE ( 'NONE', ( #641, #384, #1419, #1313 ), #911, .T. ) ;
#7 = ORIENTED_EDGE ( 'NONE', *, *, #627, .F. ) ;
#8 = CARTESIAN_POINT ( 'NONE',  ( 1.409999999999976161, 23.14000000000000412, -1.999999999999983569 ) ) ;
#9 = VECTOR ( 'NONE', #703, 39.37007874015748143 ) ;
#10 = CARTESIAN_POINT ( 'NONE',  ( 2.344645669291333778, 2.250000000000005329, -1.009645669291335590 ) ) ;
#11 = DIRECTION ( 'NONE',  ( -3.304235192336789711E-15, 0.000000000000000000, -1.000000000000000000 ) ) ;
#12 = ORIENTED_EDGE ( 'NONE', *, *, #839, .F. ) ;
#13 = ORIENTED_EDGE ( 'NONE', *, *, #1089, .T. ) ;
#14 = ORIENTED_EDGE ( 'NONE', *, *, #920, .T. ) ;
#15 = CARTESIAN_POINT ( 'NONE',  ( 2.409394568923568070, 23.00194783241069629, -0.2500000000000000000 ) ) ;
#16 = EDGE_CURVE ( 'NONE', #1536, #1231, #1054, .T. ) ;
#17 = LINE ( 'NONE', #655, #116 ) ;
#18 = LINE ( 'NONE', #1595, #687 ) ;
#19 = DIRECTION ( 'NONE',  ( 0.000000000000000000, 0.000000000000000000, 1.000000000000000000 ) ) ;
#20 = ORIENTED_EDGE ( 'NONE', *, *, #673, .F. ) ;
#21 =( BOUNDED_CURVE ( )  B_SPLINE_CURVE ( 3, ( #956, #1355, #965, #702 ),
 .UNSPECIFIED., .F., .T. ) 
 B_SPLINE_CURVE_WITH_KNOTS ( ( 4, 4 ),
 ( 3.141592653589793116, 6.283185307179586232 ),
 .UNSPECIFIED. ) 
 CURVE ( )  GEOMETRIC_REPRESENTATION_ITEM ( )  RATIONAL_B_SPLINE_CURVE ( ( 1.000000000000000000, 0.3333333333333333703, 0.3333333333333333703, 1.000000000000000000 ) ) 
 REPRESENTATION_ITEM ( '' )  );
#22 = VERTEX_POINT ( 'NONE', #366 ) ;
#23 = AXIS2_PLACEMENT_3D ( 'NONE', #289, #1337, #1033 ) ;
#24 = DIRECTION ( 'NONE',  ( -3.304235192336779062E-15, 0.000000000000000000, -1.000000000000000000 ) ) ;
#25 = PLANE ( 'NONE',  #567 ) ;
#26 = EDGE_CURVE ( 'NONE', #1443, #1583, #1256, .T. ) ;
#27 = DIRECTION ( 'NONE',  ( 0.000000000000000000, -1.000000000000000000, 0.000000000000000000 ) ) ;
#28 = FACE_OUTER_BOUND ( 'NONE', #775, .T. ) ;
#29 = VERTEX_POINT ( 'NONE', #796 ) ;
#30 = EDGE_LOOP ( 'NONE', ( #1651, #455, #643, #1599 ) ) ;
#31 = CIRCLE ( 'NONE', #143, 0.1000000000000000194 ) ;
#32 = CARTESIAN_POINT ( 'NONE',  ( 1.409999999999983267, 0.000000000000000000, 1.311287036958846345E-14 ) ) ;
#33 = AXIS2_PLACEMENT_3D ( 'NONE', #1065, #1188, #409 ) ;
#34 = LINE ( 'NONE', #560, #322 ) ;
#35 = CARTESIAN_POINT ( 'NONE',  ( 4.187864042533941067, 15.64893697419836904, -0.2500000000000000555 ) ) ;
#36 = VECTOR ( 'NONE', #892, 39.37007874015748143 ) ;
#37 = FACE_OUTER_BOUND ( 'NONE', #1021, .T. ) ;
#38 = FACE_BOUND ( 'NONE', #589, .T. ) ;
#39 = EDGE_CURVE ( 'NONE', #1359, #1477, #667, .T. ) ;
#40 = ORIENTED_EDGE ( 'NONE', *, *, #1447, .F. ) ;
#41 = ORIENTED_EDGE ( 'NONE', *, *, #1213, .T. ) ;
#42 = DIRECTION ( 'NONE',  ( -1.361676060502509788E-31, 1.000000000000000000, -3.876794692995643179E-17 ) ) ;
#43 = DIRECTION ( 'NONE',  ( -3.304235192336789711E-15, 0.000000000000000000, -1.000000000000000000 ) ) ;
#44 = CYLINDRICAL_SURFACE ( 'NONE', #1319, 0.1653543307086607073 ) ;
#45 = EDGE_CURVE ( 'NONE', #80, #883, #1, .T. ) ;
#46 = ORIENTED_EDGE ( 'NONE', *, *, #1269, .F. ) ;
#47 = ORIENTED_EDGE ( 'NONE', *, *, #1437, .T. ) ;
#48 = CARTESIAN_POINT ( 'NONE',  ( 2.344645669291333778, 1.999374015748022870, -1.009645669291334480 ) ) ;
#49 = LINE ( 'NONE', #1487, #1322 ) ;
#50 = AXIS2_PLACEMENT_3D ( 'NONE', #1224, #296, #718 ) ;
#51 = DIRECTION ( 'NONE',  ( -0.000000000000000000, -1.000000000000000000, -0.000000000000000000 ) ) ;
#52 = CARTESIAN_POINT ( 'NONE',  ( 1.159999999999981934, 2.000000000000001776, -0.3499999999999816591 ) ) ;
#53 = ORIENTED_EDGE ( 'NONE', *, *, #967, .T. ) ;
#54 = ORIENTED_EDGE ( 'NONE', *, *, #611, .T. ) ;
#55 = ADVANCED_FACE ( 'NONE', ( #38, #1332, #421, #1627, #1203 ), #164, .F. ) ;
#56 = CARTESIAN_POINT ( 'NONE',  ( 1.159999999999973275, 19.90000000000002345, -0.8346456692913223341 ) ) ;
#57 = CARTESIAN_POINT ( 'NONE',  ( 7.857260327071193373, 2.009109563166085355, -0.2583882404742477990 ) ) ;
#58 = AXIS2_PLACEMENT_3D ( 'NONE', #1169, #908, #631 ) ;
#59 = FACE_OUTER_BOUND ( 'NONE', #623, .T. ) ;
#60 = AXIS2_PLACEMENT_3D ( 'NONE', #185, #331, #1107 ) ;
#61 = SURFACE_STYLE_FILL_AREA ( #1636 ) ;
#62 = ORIENTED_EDGE ( 'NONE', *, *, #817, .F. ) ;
#63 = CARTESIAN_POINT ( 'NONE',  ( 7.860000000000003872, 2.249999999999997780, -0.3499999999999968137 ) ) ;
#64 = ORIENTED_EDGE ( 'NONE', *, *, #266, .T. ) ;
#65 = CARTESIAN_POINT ( 'NONE',  ( 1.790872624858488305, 16.70033416803600801, -0.2500000000000000555 ) ) ;
#66 = EDGE_CURVE ( 'NONE', #774, #423, #556, .T. ) ;
#67 = CARTESIAN_POINT ( 'NONE',  ( 4.675354330708657358, 2.249999999999999556, -1.340354330708658503 ) ) ;
#68 = CARTESIAN_POINT ( 'NONE',  ( 1.409999999999979714, 19.90000000000002345, -0.9999999999999839018 ) ) ;
#69 = DIRECTION ( 'NONE',  ( -3.304235192336779062E-15, 0.000000000000000000, -1.000000000000000000 ) ) ;
#70 = ORIENTED_EDGE ( 'NONE', *, *, #984, .F. ) ;
#71 = EDGE_LOOP ( 'NONE', ( #397, #1187, #747, #81, #40 ) ) ;
#72 = CARTESIAN_POINT ( 'NONE',  ( 7.860000000000003872, 2.249999999999997780, -0.3499999999999968137 ) ) ;
#73 = DIRECTION ( 'NONE',  ( 0.000000000000000000, 3.304235192336773540E-15, 1.000000000000000000 ) ) ;
#74 = EDGE_CURVE ( 'NONE', #1055, #29, #1463, .T. ) ;
#75 = FACE_OUTER_BOUND ( 'NONE', #225, .T. ) ;
#76 = ORIENTED_EDGE ( 'NONE', *, *, #716, .F. ) ;
#77 =( BOUNDED_CURVE ( )  B_SPLINE_CURVE ( 3, ( #510, #1189, #674, #638 ),
 .UNSPECIFIED., .F., .F. ) 
 B_SPLINE_CURVE_WITH_KNOTS ( ( 4, 4 ),
 ( 3.141592653589793116, 6.283185307179586232 ),
 .UNSPECIFIED. ) 
 CURVE ( )  GEOMETRIC_REPRESENTATION_ITEM ( )  RATIONAL_B_SPLINE_CURVE ( ( 1.000000000000000000, 0.3333333333333333703, 0.3333333333333333703, 1.000000000000000000 ) ) 
 REPRESENTATION_ITEM ( '' )  );
#78 = CARTESIAN_POINT ( 'NONE',  ( 4.676780981213570776, 2.037077157614649359, -2.000000000000001332 ) ) ;
#79 = VECTOR ( 'NONE', #724, 39.37007874015748143 ) ;
#80 = VERTEX_POINT ( 'NONE', #446 ) ;
#81 = ORIENTED_EDGE ( 'NONE', *, *, #737, .F. ) ;
#82 = DIRECTION ( 'NONE',  ( 0.000000000000000000, 0.000000000000000000, 1.000000000000000000 ) ) ;
#83 = FACE_OUTER_BOUND ( 'NONE', #414, .T. ) ;
#84 = DIRECTION ( 'NONE',  ( -2.731847993664263218E-17, -1.000000000000000000, 0.000000000000000000 ) ) ;
#85 = DIRECTION ( 'NONE',  ( 0.000000000000000000, 0.000000000000000000, 1.000000000000000000 ) ) ;
#86 = MECHANICAL_DESIGN_GEOMETRIC_PRESENTATION_REPRESENTATION (  '', ( #629 ), #302 ) ;
#87 = VECTOR ( 'NONE', #1609, 39.37007874015748143 ) ;
#88 = ORIENTED_EDGE ( 'NONE', *, *, #39, .T. ) ;
#89 = EDGE_CURVE ( 'NONE', #772, #80, #968, .T. ) ;
#90 = ORIENTED_EDGE ( 'NONE', *, *, #608, .T. ) ;
#91 = DIRECTION ( 'NONE',  ( 0.000000000000000000, -1.000000000000000000, 3.590428791673030081E-15 ) ) ;
#92 = DIRECTION ( 'NONE',  ( 0.000000000000000000, 0.000000000000000000, 1.000000000000000000 ) ) ;
#93 = CARTESIAN_POINT ( 'NONE',  ( 1.159999999999979714, 23.14000000000000412, -0.9999999999999835687 ) ) ;
#94 = DIRECTION ( 'NONE',  ( 3.551402391763537648E-15, 3.876794692995643179E-17, 1.000000000000000000 ) ) ;
#95 = ORIENTED_EDGE ( 'NONE', *, *, #204, .F. ) ;
#96 = ADVANCED_FACE ( 'NONE', ( #830 ), #1210, .F. ) ;
#97 = EDGE_LOOP ( 'NONE', ( #1411, #1605, #566, #757 ) ) ;
#98 = CARTESIAN_POINT ( 'NONE',  ( 4.344645669291333334, 2.000000000000000888, -1.174999999999995826 ) ) ;
#99 = CARTESIAN_POINT ( 'NONE',  ( 6.344645669291334222, 1.999999999999997335, -1.009645669291334258 ) ) ;
#100 = CARTESIAN_POINT ( 'NONE',  ( 4.187864042533941067, 15.64893697419836904, 0.000000000000000000 ) ) ;
#101 = FACE_OUTER_BOUND ( 'NONE', #1306, .T. ) ;
#102 = VECTOR ( 'NONE', #419, 39.37007874015748143 ) ;
#103 = ORIENTED_EDGE ( 'NONE', *, *, #367, .T. ) ;
#104 = LINE ( 'NONE', #755, #170 ) ;
#105 = ORIENTED_EDGE ( 'NONE', *, *, #1695, .T. ) ;
#106 = DIRECTION ( 'NONE',  ( 1.000000000000000000, -1.892934042853975138E-15, 8.646343036883340567E-31 ) ) ;
#107 = DIRECTION ( 'NONE',  ( 0.000000000000000000, 3.304235192336770779E-15, 1.000000000000000000 ) ) ;
#108 = ADVANCED_FACE ( 'NONE', ( #1467 ), #173, .F. ) ;
#109 = CARTESIAN_POINT ( 'NONE',  ( 1.159999999999972164, 21.90000000000001990, -1.165354330708643582 ) ) ;
#110 = CARTESIAN_POINT ( 'NONE',  ( 4.187864042533941067, 15.64893697419836904, -0.2500000000000000555 ) ) ;
#111 = VECTOR ( 'NONE', #804, 39.37007874015748143 ) ;
#112 = CARTESIAN_POINT ( 'NONE',  ( 2.420580475199245019, 19.71186723724616385, -0.2500000000000000555 ) ) ;
#113 = VECTOR ( 'NONE', #896, 39.37007874015748143 ) ;
#114 = CARTESIAN_POINT ( 'NONE',  ( 7.844932043193940885, 2.336907696089907116, -0.2499999999999946709 ) ) ;
#115 = VERTEX_POINT ( 'NONE', #1193 ) ;
#116 = VECTOR ( 'NONE', #534, 39.37007874015748143 ) ;
#117 = CARTESIAN_POINT ( 'NONE',  ( 1.509999999999995124, 23.14000000000000412, -0.3500000000000005884 ) ) ;
#118 = CARTESIAN_POINT ( 'NONE',  ( 1.159999999999976383, 2.000000000000001776, -1.999999999999982681 ) ) ;
#119 = CARTESIAN_POINT ( 'NONE',  ( 7.755526866610956915, 6.260566922747311303, 0.000000000000000000 ) ) ;
#120 = EDGE_CURVE ( 'NONE', #1316, #464, #1174, .T. ) ;
#121 = CARTESIAN_POINT ( 'NONE',  ( 7.176780981213570776, 2.781713543831470403, 0.000000000000000000 ) ) ;
#122 = ORIENTED_EDGE ( 'NONE', *, *, #1303, .T. ) ;
#123 = CARTESIAN_POINT ( 'NONE',  ( 1.509999999999995124, 2.349999999999996536, -5.463695987328526437E-16 ) ) ;
#124 = VERTEX_POINT ( 'NONE', #951 ) ;
#125 =( CONVERSION_BASED_UNIT ( 'INCH', #653 ) LENGTH_UNIT ( ) NAMED_UNIT ( #670 ) );
#126 = ORIENTED_EDGE ( 'NONE', *, *, #937, .F. ) ;
#127 = CYLINDRICAL_SURFACE ( 'NONE', #1286, 0.1653543307086612346 ) ;
#128 = FACE_OUTER_BOUND ( 'NONE', #1003, .T. ) ;
#129 = EDGE_CURVE ( 'NONE', #1369, #4, #316, .T. ) ;
#130 = CARTESIAN_POINT ( 'NONE',  ( 4.259101596421455401E-15, 2.250000000000013323, -3.824587191129968111E-15 ) ) ;
#131 = ADVANCED_FACE ( 'NONE', ( #28 ), #44, .F. ) ;
#132 = FACE_OUTER_BOUND ( 'NONE', #497, .T. ) ;
#133 = ORIENTED_EDGE ( 'NONE', *, *, #976, .T. ) ;
#134 = CIRCLE ( 'NONE', #1249, 0.1653543307086616510 ) ;
#135 = EDGE_CURVE ( 'NONE', #1135, #505, #1350, .T. ) ;
#136 = ORIENTED_EDGE ( 'NONE', *, *, #45, .T. ) ;
#137 = LINE ( 'NONE', #751, #279 ) ;
#138 = LINE ( 'NONE', #1183, #800 ) ;
#139 = CARTESIAN_POINT ( 'NONE',  ( 2.344645669291334222, 2.250000000000003997, -1.340354330708658726 ) ) ;
#140 = ORIENTED_EDGE ( 'NONE', *, *, #918, .F. ) ;
#141 = EDGE_CURVE ( 'NONE', #559, #1257, #285, .T. ) ;
#142 = ORIENTED_EDGE ( 'NONE', *, *, #120, .T. ) ;
#143 = AXIS2_PLACEMENT_3D ( 'NONE', #975, #728, #746 ) ;
#144 = VECTOR ( 'NONE', #483, 39.37007874015748143 ) ;
#145 = ORIENTED_EDGE ( 'NONE', *, *, #266, .F. ) ;
#146 = DIRECTION ( 'NONE',  ( -3.304235192336779062E-15, 0.000000000000000000, -1.000000000000000000 ) ) ;
#147 = VECTOR ( 'NONE', #802, 39.37007874015748143 ) ;
#148 = LINE ( 'NONE', #803, #1044 ) ;
#149 = CARTESIAN_POINT ( 'NONE',  ( 7.860000000000005649, 2.249999999999991118, -1.999999999999997558 ) ) ;
#150 = ORIENTED_EDGE ( 'NONE', *, *, #432, .T. ) ;
#151 = ADVANCED_FACE ( 'NONE', ( #428 ), #437, .T. ) ;
#152 = ORIENTED_EDGE ( 'NONE', *, *, #1468, .F. ) ;
#153 = PLANE ( 'NONE',  #717 ) ;
#154 = DIRECTION ( 'NONE',  ( 1.000000000000000000, -0.000000000000000000, -0.000000000000000000 ) ) ;
#155 = CYLINDRICAL_SURFACE ( 'NONE', #303, 0.2500000000000027756 ) ;
#156 = DIRECTION ( 'NONE',  ( -1.000000000000000000, -0.000000000000000000, 3.613946018757868503E-15 ) ) ;
#157 = ORIENTED_EDGE ( 'NONE', *, *, #430, .F. ) ;
#158 = VERTEX_POINT ( 'NONE', #1219 ) ;
#159 = CIRCLE ( 'NONE', #374, 0.3500000000000000333 ) ;
#160 = FACE_OUTER_BOUND ( 'NONE', #1614, .T. ) ;
#161 = EDGE_CURVE ( 'NONE', #505, #1257, #546, .T. ) ;
#162 = CARTESIAN_POINT ( 'NONE',  ( 5.984739045710472105, 5.904211647661679052, -2.000000000000001332 ) ) ;
#163 = CARTESIAN_POINT ( 'NONE',  ( 5.984739045710472105, 5.904211647661679052, 0.000000000000000000 ) ) ;
#164 = PLANE ( 'NONE',  #1317 ) ;
#165 = ORIENTED_EDGE ( 'NONE', *, *, #326, .T. ) ;
#166 = VERTEX_POINT ( 'NONE', #571 ) ;
#167 = AXIS2_PLACEMENT_3D ( 'NONE', #459, #834, #981 ) ;
#168 = CARTESIAN_POINT ( 'NONE',  ( 1.509999999999994236, 2.000000000000010658, -1.639108796198557931E-15 ) ) ;
#169 = DIRECTION ( 'NONE',  ( 0.000000000000000000, 3.304235192336770779E-15, 1.000000000000000000 ) ) ;
#170 = VECTOR ( 'NONE', #1027, 39.37007874015748143 ) ;
#171 = EDGE_CURVE ( 'NONE', #267, #921, #840, .T. ) ;
#172 = DIRECTION ( 'NONE',  ( -0.000000000000000000, -0.000000000000000000, 1.000000000000000000 ) ) ;
#173 = PLANE ( 'NONE',  #465 ) ;
#174 = EDGE_LOOP ( 'NONE', ( #947, #564, #1130, #1325 ) ) ;
#175 = VERTEX_POINT ( 'NONE', #712 ) ;
#176 = CARTESIAN_POINT ( 'NONE',  ( 2.420580475199245019, 19.71186723724616385, -0.2500000000000000555 ) ) ;
#177 = DIRECTION ( 'NONE',  ( 1.000000000000000000, 0.000000000000000000, 0.000000000000000000 ) ) ;
#178 = DIRECTION ( 'NONE',  ( 0.000000000000000000, 0.000000000000000000, 1.000000000000000000 ) ) ;
#179 = CARTESIAN_POINT ( 'NONE',  ( 11.04152073871359185, 2.349999999999996092, -0.3499999999999947042 ) ) ;
#180 = ADVANCED_FACE ( 'NONE', ( #994 ), #864, .F. ) ;
#181 = ORIENTED_EDGE ( 'NONE', *, *, #346, .T. ) ;
#182 = EDGE_CURVE ( 'NONE', #772, #1316, #31, .T. ) ;
#183 = EDGE_LOOP ( 'NONE', ( #475, #987, #1572, #1689 ) ) ;
#184 = CARTESIAN_POINT ( 'NONE',  ( 2.185860046268665258, 23.14000000000000412, -0.2500000000000000000 ) ) ;
#185 = CARTESIAN_POINT ( 'NONE',  ( 6.344645669291334222, 1.999374015748013989, -1.340354330708657615 ) ) ;
#186 = CIRCLE ( 'NONE', #592, 2.608540463109217278 ) ;
#187 = LINE ( 'NONE', #966, #470 ) ;
#188 = CARTESIAN_POINT ( 'NONE',  ( 2.417076221633456257, 14.47682303524409697, 0.000000000000000000 ) ) ;
#189 = ORIENTED_EDGE ( 'NONE', *, *, #1421, .T. ) ;
#190 = DIRECTION ( 'NONE',  ( 1.892934042853975533E-15, 1.000000000000000000, -3.590428791673030081E-15 ) ) ;
#191 = ADVANCED_FACE ( 'NONE', ( #846, #1642, #1134, #1247 ), #1667, .F. ) ;
#192 = ORIENTED_EDGE ( 'NONE', *, *, #26, .T. ) ;
#193 = VECTOR ( 'NONE', #1684, 39.37007874015748143 ) ;
#194 = DIRECTION ( 'NONE',  ( 0.000000000000000000, 0.000000000000000000, 1.000000000000000000 ) ) ;
#195 = CARTESIAN_POINT ( 'NONE',  ( 7.853150817677980733, 2.070116605160632339, -0.1349086480087751394 ) ) ;
#196 = AXIS2_PLACEMENT_3D ( 'NONE', #1427, #1292, #1017 ) ;
#197 = CYLINDRICAL_SURFACE ( 'NONE', #771, 0.1653543307086607073 ) ;
#198 = AXIS2_PLACEMENT_3D ( 'NONE', #1243, #1633, #1512 ) ;
#199 =( BOUNDED_CURVE ( )  B_SPLINE_CURVE ( 3, ( #619, #1289, #1139, #1548 ),
 .UNSPECIFIED., .F., .T. ) 
 B_SPLINE_CURVE_WITH_KNOTS ( ( 4, 4 ),
 ( 0.000000000000000000, 3.141592653589793116 ),
 .UNSPECIFIED. ) 
 CURVE ( )  GEOMETRIC_REPRESENTATION_ITEM ( )  RATIONAL_B_SPLINE_CURVE ( ( 1.000000000000000000, 0.3333333333333333703, 0.3333333333333333703, 1.000000000000000000 ) ) 
 REPRESENTATION_ITEM ( '' )  );
#200 = SURFACE_SIDE_STYLE ('',( #61 ) ) ;
#201 = B_SPLINE_SURFACE_WITH_KNOTS ( 'NONE', 1, 3, ( 
 ( #514, #241, #642, #2, #249, #498, #1554, #765, #624, #1581 ),
 ( #386, #114, #1161, #396, #884, #1274, #1571, #922, #555, #1413 ) ),
 .UNSPECIFIED., .F., .F., .F.,
 ( 2, 2 ),
 ( 4, 2, 2, 2, 4 ),
 ( 0.000000000000000000, 1.000000000000000000 ),
 ( 0.000000000000000000, 0.2500000000000000000, 0.5000000000000000000, 0.7500000000000000000, 1.000000000000000000 ),
 .UNSPECIFIED. ) ;
#202 = ORIENTED_EDGE ( 'NONE', *, *, #1059, .T. ) ;
#203 = ORIENTED_EDGE ( 'NONE', *, *, #463, .F. ) ;
#204 = EDGE_CURVE ( 'NONE', #507, #1561, #349, .T. ) ;
#205 = DIRECTION ( 'NONE',  ( -0.000000000000000000, 1.000000000000000000, 0.000000000000000000 ) ) ;
#206 = DIRECTION ( 'NONE',  ( -1.000000000000000000, 1.892934042853975138E-15, -8.646343036883249483E-31 ) ) ;
#207 = DIRECTION ( 'NONE',  ( -1.000000000000000000, 0.000000000000000000, 0.000000000000000000 ) ) ;
#208 = EDGE_CURVE ( 'NONE', #423, #1686, #1227, .T. ) ;
#209 = ORIENTED_EDGE ( 'NONE', *, *, #182, .F. ) ;
#210 = ORIENTED_EDGE ( 'NONE', *, *, #161, .F. ) ;
#211 = CARTESIAN_POINT ( 'NONE',  ( 7.843561962427146206, 2.349999999999996092, 5.327103587645313572E-15 ) ) ;
#212 = CARTESIAN_POINT ( 'NONE',  ( 4.344645669291333334, 1.999374015748017763, -1.340354330708657615 ) ) ;
#213 = DIRECTION ( 'NONE',  ( -1.000000000000000000, 1.652117596168388150E-15, -0.000000000000000000 ) ) ;
#214 = ADVANCED_FACE ( 'NONE', ( #1525 ), #342, .T. ) ;
#215 = FACE_OUTER_BOUND ( 'NONE', #1352, .T. ) ;
#216 = PRODUCT_DEFINITION_FORMATION_WITH_SPECIFIED_SOURCE ( 'ANY', '', #659, .NOT_KNOWN. ) ;
#217 = ORIENTED_EDGE ( 'NONE', *, *, #1119, .F. ) ;
#218 = ORIENTED_EDGE ( 'NONE', *, *, #432, .F. ) ;
#219 = CARTESIAN_POINT ( 'NONE',  ( 7.860000000000005649, 1.999999999999991562, -1.999999999999996669 ) ) ;
#220 = PLANE ( 'NONE',  #248 ) ;
#221 = CARTESIAN_POINT ( 'NONE',  ( 5.984739045710472105, 5.904211647661679052, 0.000000000000000000 ) ) ;
#222 = DIRECTION ( 'NONE',  ( -0.000000000000000000, -0.000000000000000000, 1.000000000000000000 ) ) ;
#223 = EDGE_CURVE ( 'NONE', #1103, #507, #329, .T. ) ;
#224 = AXIS2_PLACEMENT_3D ( 'NONE', #651, #268, #260 ) ;
#225 = EDGE_LOOP ( 'NONE', ( #311, #105, #95, #462 ) ) ;
#226 = VECTOR ( 'NONE', #819, 39.37007874015748143 ) ;
#227 = VERTEX_POINT ( 'NONE', #486 ) ;
#228 = DIRECTION ( 'NONE',  ( -1.892934042853972772E-15, -1.000000000000000000, 0.000000000000000000 ) ) ;
#229 = CARTESIAN_POINT ( 'NONE',  ( -44.04411790607416322, -0.2623335308197394244, 0.000000000000000000 ) ) ;
#230 = DIRECTION ( 'NONE',  ( 1.000000000000000000, -1.892934042853974744E-15, 8.604245649336249508E-17 ) ) ;
#231 = ORIENTED_EDGE ( 'NONE', *, *, #1457, .F. ) ;
#232 = LINE ( 'NONE', #1153, #36 ) ;
#233 = EDGE_LOOP ( 'NONE', ( #1178, #1580, #671, #730 ) ) ;
#234 = CARTESIAN_POINT ( 'NONE',  ( 1.509999999999995568, 2.349999999999996092, -0.3499999999999947042 ) ) ;
#235 = CARTESIAN_POINT ( 'NONE',  ( 1.159999999999972831, 21.90000000000001990, -0.9999999999999829026 ) ) ;
#236 = CARTESIAN_POINT ( 'NONE',  ( 7.755526866610956915, 6.260566922747311303, -0.2500000000000000555 ) ) ;
#237 = PLANE ( 'NONE',  #656 ) ;
#238 = CIRCLE ( 'NONE', #620, 0.3500000000000000333 ) ;
#239 = ORIENTED_EDGE ( 'NONE', *, *, #1509, .F. ) ;
#240 = APPLICATION_CONTEXT ( 'automotive_design' ) ;
#241 = CARTESIAN_POINT ( 'NONE',  ( 7.844932045648741692, 2.304176854212597991, 5.323896892284433265E-15 ) ) ;
#242 = EDGE_LOOP ( 'NONE', ( #1655, #1475, #429 ) ) ;
#243 = EDGE_CURVE ( 'NONE', #22, #807, #1544, .T. ) ;
#244 = DIRECTION ( 'NONE',  ( -0.000000000000000000, -0.000000000000000000, 1.000000000000000000 ) ) ;
#245 = DIRECTION ( 'NONE',  ( 1.892934042853975533E-15, 1.000000000000000000, -3.590428791673030081E-15 ) ) ;
#246 = VECTOR ( 'NONE', #1398, 39.37007874015748143 ) ;
#247 = ORIENTED_EDGE ( 'NONE', *, *, #587, .T. ) ;
#248 = AXIS2_PLACEMENT_3D ( 'NONE', #467, #601, #1115 ) ;
#249 = CARTESIAN_POINT ( 'NONE',  ( 7.850411144749170234, 2.134908648008775334, -0.07011660516063200621 ) ) ;
#250 = ORIENTED_EDGE ( 'NONE', *, *, #1233, .F. ) ;
#251 = VECTOR ( 'NONE', #1382, 39.37007874015748143 ) ;
#252 =( BOUNDED_CURVE ( )  B_SPLINE_CURVE ( 3, ( #1666, #478, #1559, #100 ),
 .UNSPECIFIED., .F., .F. ) 
 B_SPLINE_CURVE_WITH_KNOTS ( ( 4, 4 ),
 ( 0.000000000000000000, 3.141592653589793116 ),
 .UNSPECIFIED. ) 
 CURVE ( )  GEOMETRIC_REPRESENTATION_ITEM ( )  RATIONAL_B_SPLINE_CURVE ( ( 1.000000000000000000, 0.3333333333333333703, 0.3333333333333333703, 1.000000000000000000 ) ) 
 REPRESENTATION_ITEM ( '' )  );
#253 =( LENGTH_UNIT ( ) NAMED_UNIT ( * ) SI_UNIT ( $, .METRE. ) );
#254 = EDGE_LOOP ( 'NONE', ( #791, #417 ) ) ;
#255 = ADVANCED_FACE ( 'NONE', ( #215 ), #588, .F. ) ;
#256 = FACE_BOUND ( 'NONE', #1294, .T. ) ;
#257 = FACE_OUTER_BOUND ( 'NONE', #1154, .T. ) ;
#258 = CARTESIAN_POINT ( 'NONE',  ( 4.344645669291333334, 2.000000000000000888, -1.009645669291334480 ) ) ;
#259 = EDGE_LOOP ( 'NONE', ( #1391, #1555, #1212, #1075 ) ) ;
#260 = DIRECTION ( 'NONE',  ( 0.000000000000000000, 3.304235192336773540E-15, 1.000000000000000000 ) ) ;
#261 = ORIENTED_EDGE ( 'NONE', *, *, #1412, .T. ) ;
#262 = EDGE_LOOP ( 'NONE', ( #1638, #1483 ) ) ;
#263 = CARTESIAN_POINT ( 'NONE',  ( 1.409999999999979714, 3.000000000000023537, -0.9999999999999844569 ) ) ;
#264 = CARTESIAN_POINT ( 'NONE',  ( -44.04411790607416322, -0.2623335308197394244, -0.2500000000000000000 ) ) ;
#265 = LINE ( 'NONE', #394, #193 ) ;
#266 = EDGE_CURVE ( 'NONE', #29, #739, #1373, .T. ) ;
#267 = VERTEX_POINT ( 'NONE', #1515 ) ;
#268 = DIRECTION ( 'NONE',  ( 1.892934042853975533E-15, 1.000000000000000000, -3.590428791673030081E-15 ) ) ;
#269 = EDGE_LOOP ( 'NONE', ( #1631, #1239, #1590, #930 ) ) ;
#270 = AXIS2_PLACEMENT_3D ( 'NONE', #1344, #1354, #816 ) ;
#271 =( NAMED_UNIT ( * ) SI_UNIT ( $, .STERADIAN. ) SOLID_ANGLE_UNIT ( ) );
#272 = ORIENTED_EDGE ( 'NONE', *, *, #1129, .F. ) ;
#273 = LINE ( 'NONE', #1057, #743 ) ;
#274 = LINE ( 'NONE', #1578, #579 ) ;
#275 = CARTESIAN_POINT ( 'NONE',  ( 7.860000000000003872, 2.249999999999997780, -0.3499999999999968137 ) ) ;
#276 = CARTESIAN_POINT ( 'NONE',  ( 1.159999999999972831, 19.90000000000002345, -0.9999999999999830136 ) ) ;
#277 = EDGE_CURVE ( 'NONE', #1583, #660, #1541, .T. ) ;
#278 = ORIENTED_EDGE ( 'NONE', *, *, #1170, .F. ) ;
#279 = VECTOR ( 'NONE', #1425, 39.37007874015748143 ) ;
#280 = MANIFOLD_SOLID_BREP ( 'LPattern1', #686 ) ;
#281 = ORIENTED_EDGE ( 'NONE', *, *, #16, .F. ) ;
#282 = FACE_OUTER_BOUND ( 'NONE', #1553, .T. ) ;
#283 = DIRECTION ( 'NONE',  ( 1.000000000000000000, 0.000000000000000000, 0.000000000000000000 ) ) ;
#284 = CARTESIAN_POINT ( 'NONE',  ( 1.509999999999994014, 2.000000000000009326, -0.3499999999999959810 ) ) ;
#285 = LINE ( 'NONE', #412, #111 ) ;
#286 = VERTEX_POINT ( 'NONE', #511 ) ;
#287 = ORIENTED_EDGE ( 'NONE', *, *, #204, .T. ) ;
#288 = CARTESIAN_POINT ( 'NONE',  ( 2.417076221633455813, 14.47682303524409875, -0.2500000000000000555 ) ) ;
#289 = CARTESIAN_POINT ( 'NONE',  ( -6.924606895954950936, 11.70033416803600801, -2.000000000000001332 ) ) ;
#290 = CARTESIAN_POINT ( 'NONE',  ( 1.509999999999995124, 2.349999999999996536, -0.3500000000000005884 ) ) ;
#291 = CARTESIAN_POINT ( 'NONE',  ( 1.409999999999979714, 19.90000000000002345, -0.9999999999999839018 ) ) ;
#292 = VERTEX_POINT ( 'NONE', #1176 ) ;
#293 = ORIENTED_EDGE ( 'NONE', *, *, #705, .F. ) ;
#294 = VECTOR ( 'NONE', #106, 39.37007874015748143 ) ;
#295 = ADVANCED_FACE ( 'NONE', ( #1660 ), #237, .F. ) ;
#296 = DIRECTION ( 'NONE',  ( 1.892934042853975138E-15, 1.000000000000000000, -3.590428791673030081E-15 ) ) ;
#297 = CYLINDRICAL_SURFACE ( 'NONE', #938, 0.1653543307086616510 ) ;
#298 = CARTESIAN_POINT ( 'NONE',  ( 3.785868085707956587E-15, 2.000000000000009770, -1.009645669291334480 ) ) ;
#299 = DIRECTION ( 'NONE',  ( -1.000000000000000000, 2.731847993664263218E-17, 0.000000000000000000 ) ) ;
#300 = AXIS2_PLACEMENT_3D ( 'NONE', #130, #649, #764 ) ;
#301 = ORIENTED_EDGE ( 'NONE', *, *, #1099, .T. ) ;
#302 =( GEOMETRIC_REPRESENTATION_CONTEXT ( 3 ) GLOBAL_UNCERTAINTY_ASSIGNED_CONTEXT ( ( #485 ) ) GLOBAL_UNIT_ASSIGNED_CONTEXT ( ( #1237, #1117, #1418 ) ) REPRESENTATION_CONTEXT ( 'NONE', 'WORKASPACE' ) );
#303 = AXIS2_PLACEMENT_3D ( 'NONE', #1338, #934, #177 ) ;
#304 = LINE ( 'NONE', #48, #487 ) ;
#305 = ADVANCED_FACE ( 'NONE', ( #1158 ), #1550, .F. ) ;
#306 = DIRECTION ( 'NONE',  ( 1.000000000000000000, -0.000000000000000000, -3.512375991854053104E-15 ) ) ;
#307 = AXIS2_PLACEMENT_3D ( 'NONE', #1363, #1356, #1489 ) ;
#308 = PLANE ( 'NONE',  #1290 ) ;
#309 = EDGE_CURVE ( 'NONE', #883, #885, #265, .T. ) ;
#310 = DIRECTION ( 'NONE',  ( 7.805279981897893924E-16, -3.590428791673031659E-15, -1.000000000000000000 ) ) ;
#311 = ORIENTED_EDGE ( 'NONE', *, *, #1159, .T. ) ;
#312 = EDGE_LOOP ( 'NONE', ( #969, #1620, #894, #390 ) ) ;
#313 = CYLINDRICAL_SURFACE ( 'NONE', #1643, 0.1000000000000000194 ) ;
#314 = FACE_BOUND ( 'NONE', #778, .T. ) ;
#315 = PLANE ( 'NONE',  #307 ) ;
#316 = LINE ( 'NONE', #820, #1402 ) ;
#317 = ADVANCED_FACE ( 'NONE', ( #1025 ), #365, .F. ) ;
#318 = ORIENTED_EDGE ( 'NONE', *, *, #484, .T. ) ;
#319 = CARTESIAN_POINT ( 'NONE',  ( 5.984739045710472105, 5.904211647661679052, 0.000000000000000000 ) ) ;
#320 = EDGE_LOOP ( 'NONE', ( #1093, #218, #657, #358 ) ) ;
#321 = LINE ( 'NONE', #442, #1220 ) ;
#322 = VECTOR ( 'NONE', #1207, 39.37007874015748143 ) ;
#323 = FACE_BOUND ( 'NONE', #1333, .T. ) ;
#324 = FACE_OUTER_BOUND ( 'NONE', #525, .T. ) ;
#325 = CARTESIAN_POINT ( 'NONE',  ( -1.406901716737095587E-14, -1.356878142548454590E-17, -0.3499999999999774403 ) ) ;
#326 = EDGE_CURVE ( 'NONE', #1404, #29, #889, .T. ) ;
#327 = ORIENTED_EDGE ( 'NONE', *, *, #3, .T. ) ;
#328 = ORIENTED_EDGE ( 'NONE', *, *, #1233, .T. ) ;
#329 = CIRCLE ( 'NONE', #5, 0.1000000000000000194 ) ;
#330 = DIRECTION ( 'NONE',  ( -0.000000000000000000, -0.000000000000000000, 1.000000000000000000 ) ) ;
#331 = DIRECTION ( 'NONE',  ( -5.931810584512617103E-30, -3.590428791673030081E-15, -1.000000000000000000 ) ) ;
#332 = VECTOR ( 'NONE', #1321, 39.37007874015748143 ) ;
#333 = CARTESIAN_POINT ( 'NONE',  ( 3.123257716872914980, 11.70033416803600801, -0.2500000000000000555 ) ) ;
#334 = CIRCLE ( 'NONE', #1519, 0.1653543307086607073 ) ;
#335 = DIRECTION ( 'NONE',  ( -0.000000000000000000, -0.000000000000000000, 1.000000000000000000 ) ) ;
#336 = EDGE_LOOP ( 'NONE', ( #669, #126 ) ) ;
#337 = ORIENTED_EDGE ( 'NONE', *, *, #1150, .F. ) ;
#338 = ADVANCED_FACE ( 'NONE', ( #763 ), #1015, .F. ) ;
#339 = DIRECTION ( 'NONE',  ( 1.892934042853975138E-15, 1.000000000000000000, -3.590428791673030081E-15 ) ) ;
#340 = DIRECTION ( 'NONE',  ( 0.000000000000000000, -1.000000000000000000, 3.590428791673030081E-15 ) ) ;
#341 = FACE_BOUND ( 'NONE', #254, .T. ) ;
#342 = PLANE ( 'NONE',  #440 ) ;
#343 = ORIENTED_EDGE ( 'NONE', *, *, #422, .T. ) ;
#344 = VERTEX_POINT ( 'NONE', #258 ) ;
#345 = DIRECTION ( 'NONE',  ( 0.000000000000000000, -1.000000000000000000, 3.491481338843132961E-15 ) ) ;
#346 = EDGE_CURVE ( 'NONE', #1508, #1240, #355, .T. ) ;
#347 = CARTESIAN_POINT ( 'NONE',  ( 6.344645669291334222, 2.249999999999996447, -1.340354330708658503 ) ) ;
#348 = FACE_OUTER_BOUND ( 'NONE', #616, .T. ) ;
#349 = LINE ( 'NONE', #1507, #1120 ) ;
#350 = ORIENTED_EDGE ( 'NONE', *, *, #1288, .T. ) ;
#351 = ORIENTED_EDGE ( 'NONE', *, *, #45, .F. ) ;
#352 = FACE_OUTER_BOUND ( 'NONE', #312, .T. ) ;
#353 = CARTESIAN_POINT ( 'NONE',  ( 1.790872624858488082, 6.700334168036006233, 0.000000000000000000 ) ) ;
#354 = CARTESIAN_POINT ( 'NONE',  ( 1.409999999999979270, 19.90000000000002345, -1.165354330708644470 ) ) ;
#355 = CIRCLE ( 'NONE', #848, 0.1653543307086615122 ) ;
#356 = EDGE_CURVE ( 'NONE', #1376, #1088, #1488, .T. ) ;
#357 = AXIS2_PLACEMENT_3D ( 'NONE', #528, #932, #24 ) ;
#358 = ORIENTED_EDGE ( 'NONE', *, *, #1200, .T. ) ;
#359 = VECTOR ( 'NONE', #51, 39.37007874015748143 ) ;
#360 = CARTESIAN_POINT ( 'NONE',  ( 1.790872624858488082, 6.700334168036005345, -0.2500000000000000000 ) ) ;
#361 = EDGE_LOOP ( 'NONE', ( #518, #343, #408, #558 ) ) ;
#362 = DIRECTION ( 'NONE',  ( -1.000000000000000000, 1.892934042853975138E-15, -8.646343036883249483E-31 ) ) ;
#363 = FACE_OUTER_BOUND ( 'NONE', #1110, .T. ) ;
#364 = LINE ( 'NONE', #898, #1072 ) ;
#365 = PLANE ( 'NONE',  #1432 ) ;
#366 = CARTESIAN_POINT ( 'NONE',  ( 1.409999999999979270, 21.90000000000001990, -1.165354330708644470 ) ) ;
#367 = EDGE_CURVE ( 'NONE', #1205, #22, #402, .T. ) ;
#368 = DIRECTION ( 'NONE',  ( 1.892934042853975533E-15, 1.000000000000000000, -3.590428791673030081E-15 ) ) ;
#369 = EDGE_LOOP ( 'NONE', ( #1267, #53, #1048, #679 ) ) ;
#370 = FACE_OUTER_BOUND ( 'NONE', #1534, .T. ) ;
#371 = CARTESIAN_POINT ( 'NONE',  ( 2.344645669291334222, 2.250000000000004885, -1.174999999999996936 ) ) ;
#372 = LINE ( 'NONE', #492, #388 ) ;
#373 = DIRECTION ( 'NONE',  ( -0.000000000000000000, -0.000000000000000000, 1.000000000000000000 ) ) ;
#374 = AXIS2_PLACEMENT_3D ( 'NONE', #234, #610, #600 ) ;
#375 = DIRECTION ( 'NONE',  ( -3.304235192336789711E-15, 0.000000000000000000, -1.000000000000000000 ) ) ;
#376 = CARTESIAN_POINT ( 'NONE',  ( 2.675354330708656470, 1.999374015748021094, -1.340354330708657837 ) ) ;
#377 = EDGE_CURVE ( 'NONE', #1477, #115, #1043, .T. ) ;
#378 = EDGE_LOOP ( 'NONE', ( #1461, #1670, #572, #1452 ) ) ;
#379 = DIRECTION ( 'NONE',  ( 0.000000000000000000, 0.000000000000000000, 1.000000000000000000 ) ) ;
#380 = EDGE_LOOP ( 'NONE', ( #979, #963, #189, #1002 ) ) ;
#381 = DIRECTION ( 'NONE',  ( 1.000000000000000000, 0.000000000000000000, 0.000000000000000000 ) ) ;
#382 = CARTESIAN_POINT ( 'NONE',  ( 1.159999999999979492, 3.000000000000023537, -0.9999999999999835687 ) ) ;
#383 = CARTESIAN_POINT ( 'NONE',  ( 7.846301635355955817, 2.323825211564067850, -0.2526027323331631047 ) ) ;
#384 = FACE_BOUND ( 'NONE', #183, .T. ) ;
#385 = AXIS2_PLACEMENT_3D ( 'NONE', #235, #628, #646 ) ;
#386 = CARTESIAN_POINT ( 'NONE',  ( 7.843561962427146206, 2.349999999999996092, -0.2499999999999946709 ) ) ;
#387 = VERTEX_POINT ( 'NONE', #139 ) ;
#388 = VECTOR ( 'NONE', #888, 39.37007874015748143 ) ;
#389 = DIRECTION ( 'NONE',  ( -0.000000000000000000, 1.000000000000000000, -0.000000000000000000 ) ) ;
#390 = ORIENTED_EDGE ( 'NONE', *, *, #309, .T. ) ;
#391 = LINE ( 'NONE', #1682, #524 ) ;
#392 = EDGE_CURVE ( 'NONE', #1353, #158, #1516, .T. ) ;
#393 = CARTESIAN_POINT ( 'NONE',  ( 6.344645669291334222, 2.249999999999996447, -1.340354330708658503 ) ) ;
#394 = CARTESIAN_POINT ( 'NONE',  ( 7.860000000000003872, 2.249999999999997780, -0.2499999999999965028 ) ) ;
#395 = ORIENTED_EDGE ( 'NONE', *, *, #1635, .F. ) ;
#396 = CARTESIAN_POINT ( 'NONE',  ( 7.849041308284765428, 2.299638101962905967, -0.2626213611645689672 ) ) ;
#397 = ORIENTED_EDGE ( 'NONE', *, *, #1303, .F. ) ;
#398 = VERTEX_POINT ( 'NONE', #1272 ) ;
#399 = FACE_OUTER_BOUND ( 'NONE', #233, .T. ) ;
#400 = DIRECTION ( 'NONE',  ( 0.000000000000000000, -1.000000000000000000, 0.000000000000000000 ) ) ;
#401 = ADVANCED_FACE ( 'NONE', ( #101 ), #494, .F. ) ;
#402 = LINE ( 'NONE', #1151, #1011 ) ;
#403 = VERTEX_POINT ( 'NONE', #121 ) ;
#404 = AXIS2_PLACEMENT_3D ( 'NONE', #219, #1529, #345 ) ;
#405 = ORIENTED_EDGE ( 'NONE', *, *, #141, .F. ) ;
#406 = AXIS2_PLACEMENT_3D ( 'NONE', #98, #339, #867 ) ;
#407 =( NAMED_UNIT ( * ) PLANE_ANGLE_UNIT ( ) SI_UNIT ( $, .RADIAN. ) );
#408 = ORIENTED_EDGE ( 'NONE', *, *, #1596, .T. ) ;
#409 = DIRECTION ( 'NONE',  ( 0.000000000000000000, 3.304235192336770779E-15, 1.000000000000000000 ) ) ;
#410 = CARTESIAN_POINT ( 'NONE',  ( 6.675354330708657358, 2.249999999999996891, -1.009645669291334924 ) ) ;
#411 = DIRECTION ( 'NONE',  ( -3.512375991854052315E-15, 0.000000000000000000, -1.000000000000000000 ) ) ;
#412 = CARTESIAN_POINT ( 'NONE',  ( 1.159999999999981934, 2.000000000000001776, -0.3499999999999816591 ) ) ;
#413 = EDGE_CURVE ( 'NONE', #398, #885, #1302, .T. ) ;
#414 = EDGE_LOOP ( 'NONE', ( #203, #1246, #328, #499 ) ) ;
#415 = CIRCLE ( 'NONE', #385, 0.1653543307086607073 ) ;
#416 = VECTOR ( 'NONE', #1496, 39.37007874015748143 ) ;
#417 = ORIENTED_EDGE ( 'NONE', *, *, #920, .F. ) ;
#418 = CARTESIAN_POINT ( 'NONE',  ( 4.187864042533941067, 15.64893697419836904, 0.000000000000000000 ) ) ;
#419 = DIRECTION ( 'NONE',  ( 1.892934042853975533E-15, 1.000000000000000000, -3.590428791673030081E-15 ) ) ;
#420 = CARTESIAN_POINT ( 'NONE',  ( 7.853150817677982509, 2.270033315760178194, -0.2885453280025034872 ) ) ;
#421 = FACE_BOUND ( 'NONE', #242, .T. ) ;
#422 = EDGE_CURVE ( 'NONE', #924, #559, #935, .T. ) ;
#423 = VERTEX_POINT ( 'NONE', #1083 ) ;
#424 = ORIENTED_EDGE ( 'NONE', *, *, #893, .F. ) ;
#425 = CARTESIAN_POINT ( 'NONE',  ( 1.409999999999979714, 3.000000000000023537, -0.9999999999999844569 ) ) ;
#426 = LINE ( 'NONE', #1067, #87 ) ;
#427 = LINE ( 'NONE', #1348, #226 ) ;
#428 = FACE_OUTER_BOUND ( 'NONE', #488, .T. ) ;
#429 = ORIENTED_EDGE ( 'NONE', *, *, #1255, .T. ) ;
#430 = EDGE_CURVE ( 'NONE', #668, #590, #1473, .T. ) ;
#431 = ORIENTED_EDGE ( 'NONE', *, *, #557, .F. ) ;
#432 = EDGE_CURVE ( 'NONE', #1477, #1359, #1552, .T. ) ;
#433 = DIRECTION ( 'NONE',  ( 0.000000000000000000, 0.000000000000000000, 1.000000000000000000 ) ) ;
#434 = FACE_OUTER_BOUND ( 'NONE', #1030, .T. ) ;
#435 = EDGE_CURVE ( 'NONE', #885, #772, #18, .T. ) ;
#436 = CARTESIAN_POINT ( 'NONE',  ( 1.409999999999982601, 23.14000000000000412, -0.3499999999999950373 ) ) ;
#437 = CYLINDRICAL_SURFACE ( 'NONE', #599, 0.3500000000000000333 ) ;
#438 = EDGE_LOOP ( 'NONE', ( #993, #192 ) ) ;
#439 = VERTEX_POINT ( 'NONE', #1623 ) ;
#440 = AXIS2_PLACEMENT_3D ( 'NONE', #325, #94, #872 ) ;
#441 = CIRCLE ( 'NONE', #549, 0.1653543307086615122 ) ;
#442 = CARTESIAN_POINT ( 'NONE',  ( 4.187864042533941067, 15.64893697419836904, -2.000000000000001332 ) ) ;
#443 = EDGE_CURVE ( 'NONE', #1298, #439, #906, .T. ) ;
#444 = FACE_OUTER_BOUND ( 'NONE', #699, .T. ) ;
#445 = LINE ( 'NONE', #1236, #1123 ) ;
#446 = CARTESIAN_POINT ( 'NONE',  ( 1.509999999999996456, 2.250000000000003109, -1.999999999999998002 ) ) ;
#447 = EDGE_LOOP ( 'NONE', ( #165, #64, #431, #278 ) ) ;
#448 = CARTESIAN_POINT ( 'NONE',  ( 4.187864042533941067, 14.83317831032973011, 0.000000000000000000 ) ) ;
#449 = ORIENTED_EDGE ( 'NONE', *, *, #871, .F. ) ;
#450 = DIRECTION ( 'NONE',  ( 0.000000000000000000, 0.000000000000000000, 1.000000000000000000 ) ) ;
#451 = DIRECTION ( 'NONE',  ( -1.000000000000000000, 1.652117596168388150E-15, -0.000000000000000000 ) ) ;
#452 = EDGE_CURVE ( 'NONE', #1422, #175, #569, .T. ) ;
#453 = DIRECTION ( 'NONE',  ( -1.000000000000000000, 1.892934042853975138E-15, -8.646343036883249483E-31 ) ) ;
#454 = CARTESIAN_POINT ( 'NONE',  ( 1.409999999999979714, 21.90000000000001990, -0.9999999999999836797 ) ) ;
#455 = ORIENTED_EDGE ( 'NONE', *, *, #1476, .T. ) ;
#456 = VERTEX_POINT ( 'NONE', #1346 ) ;
#457 = CARTESIAN_POINT ( 'NONE',  ( 7.843561962427146206, 2.349999999999996092, -0.2499999999999946709 ) ) ;
#458 = AXIS2_PLACEMENT_3D ( 'NONE', #1485, #1216, #1361 ) ;
#459 = CARTESIAN_POINT ( 'NONE',  ( 4.675354330708657358, 2.000000000000000444, -1.174999999999995826 ) ) ;
#460 = LINE ( 'NONE', #298, #251 ) ;
#461 = CARTESIAN_POINT ( 'NONE',  ( 1.509999999999995124, 23.14000000000000412, -0.3500000000000005884 ) ) ;
#462 = ORIENTED_EDGE ( 'NONE', *, *, #223, .F. ) ;
#463 = EDGE_CURVE ( 'NONE', #471, #678, #426, .T. ) ;
#464 = VERTEX_POINT ( 'NONE', #949 ) ;
#465 = AXIS2_PLACEMENT_3D ( 'NONE', #1604, #299, #1357 ) ;
#466 = CARTESIAN_POINT ( 'NONE',  ( 2.185860046268665258, 22.89000000000000412, 0.000000000000000000 ) ) ;
#467 = CARTESIAN_POINT ( 'NONE',  ( 3.785868085707962109E-15, 2.000000000000013323, -3.005032793030689343E-15 ) ) ;
#468 = AXIS2_PLACEMENT_3D ( 'NONE', #1699, #916, #381 ) ;
#469 = DIRECTION ( 'NONE',  ( 1.892934042853975138E-15, 1.000000000000000000, -3.491481338843132961E-15 ) ) ;
#470 = VECTOR ( 'NONE', #1498, 39.37007874015748143 ) ;
#471 = VERTEX_POINT ( 'NONE', #284 ) ;
#472 = CARTESIAN_POINT ( 'NONE',  ( 1.409999999999979714, 3.000000000000023537, -0.9999999999999844569 ) ) ;
#473 = ORIENTED_EDGE ( 'NONE', *, *, #1150, .T. ) ;
#474 = EDGE_CURVE ( 'NONE', #1422, #286, #148, .T. ) ;
#475 = ORIENTED_EDGE ( 'NONE', *, *, #356, .F. ) ;
#476 = CARTESIAN_POINT ( 'NONE',  ( 1.159999999999981934, 2.349999999999996536, -0.3499999999999816591 ) ) ;
#477 = CARTESIAN_POINT ( 'NONE',  ( 1.159999999999981934, 23.14000000000000412, -0.3499999999999824918 ) ) ;
#478 = CARTESIAN_POINT ( 'NONE',  ( 1.209354858209618300, 19.18501125138071828, 0.000000000000000000 ) ) ;
#479 = ORIENTED_EDGE ( 'NONE', *, *, #161, .T. ) ;
#480 = EDGE_LOOP ( 'NONE', ( #914, #1429 ) ) ;
#481 = ADVANCED_FACE ( 'NONE', ( #444 ), #155, .T. ) ;
#482 = DIRECTION ( 'NONE',  ( -1.892934042853975138E-15, -1.000000000000000000, 3.613946018757868503E-15 ) ) ;
#483 = DIRECTION ( 'NONE',  ( 1.000000000000000000, 0.000000000000000000, 0.000000000000000000 ) ) ;
#484 = EDGE_CURVE ( 'NONE', #581, #1195, #49, .T. ) ;
#485 = UNCERTAINTY_MEASURE_WITH_UNIT (LENGTH_MEASURE( 1.000000000000000082E-05 ), #1237, 'distance_accuracy_value', 'NONE');
#486 = CARTESIAN_POINT ( 'NONE',  ( 1.509999999999995568, 2.000000000000003553, -1.999999999999997335 ) ) ;
#487 = VECTOR ( 'NONE', #568, 39.37007874015748143 ) ;
#488 = EDGE_LOOP ( 'NONE', ( #449, #971, #1518, #1064 ) ) ;
#489 = VERTEX_POINT ( 'NONE', #1060 ) ;
#490 = CARTESIAN_POINT ( 'NONE',  ( 7.860000000000003872, 2.083333333333330817, -0.3499999999999958145 ) ) ;
#491 = CARTESIAN_POINT ( 'NONE',  ( 1.159999999999980158, 3.000000000000023537, -0.8346456692913223341 ) ) ;
#492 = CARTESIAN_POINT ( 'NONE',  ( 6.675354330708656470, 1.999374015748014655, -1.009645669291334036 ) ) ;
#493 = EDGE_CURVE ( 'NONE', #456, #921, #1602, .T. ) ;
#494 = PLANE ( 'NONE',  #196 ) ;
#495 = VECTOR ( 'NONE', #373, 39.37007874015748143 ) ;
#496 = VECTOR ( 'NONE', #869, 39.37007874015748143 ) ;
#497 = EDGE_LOOP ( 'NONE', ( #1074, #1308, #140, #1136 ) ) ;
#498 = CARTESIAN_POINT ( 'NONE',  ( 7.853150817677980733, 2.070116605160632339, -0.1349086480087751394 ) ) ;
#499 = ORIENTED_EDGE ( 'NONE', *, *, #1211, .T. ) ;
#500 = DIRECTION ( 'NONE',  ( 1.000000000000000000, -0.000000000000000000, -3.512375991854052315E-15 ) ) ;
#501 = CARTESIAN_POINT ( 'NONE',  ( 4.675354330708656470, 2.000000000000000888, -1.340354330708657615 ) ) ;
#502 = DIRECTION ( 'NONE',  ( -2.483624881916826908E-15, -0.7071067811865472397, -0.7071067811865477948 ) ) ;
#503 = DIRECTION ( 'NONE',  ( 0.000000000000000000, 0.000000000000000000, 1.000000000000000000 ) ) ;
#504 = ADVANCED_FACE ( 'NONE', ( #1479 ), #297, .F. ) ;
#505 = VERTEX_POINT ( 'NONE', #694 ) ;
#506 = LINE ( 'NONE', #1625, #690 ) ;
#507 = VERTEX_POINT ( 'NONE', #1208 ) ;
#508 = EDGE_LOOP ( 'NONE', ( #1206, #1038, #1384, #1080 ) ) ;
#509 = CARTESIAN_POINT ( 'NONE',  ( 2.176780981213570332, 2.781713543831470403, -2.000000000000001332 ) ) ;
#510 = CARTESIAN_POINT ( 'NONE',  ( 5.984739045710472105, 5.904211647661679052, -0.2500000000000000555 ) ) ;
#511 = CARTESIAN_POINT ( 'NONE',  ( 1.409999999999976383, 22.14000000000000412, -1.999999999999983569 ) ) ;
#512 = CIRCLE ( 'NONE', #813, 0.2500000000000027756 ) ;
#513 = ORIENTED_EDGE ( 'NONE', *, *, #1459, .T. ) ;
#514 = CARTESIAN_POINT ( 'NONE',  ( 7.843561962427146206, 2.349999999999996092, 5.327103587645313572E-15 ) ) ;
#515 = EDGE_CURVE ( 'NONE', #858, #115, #21, .T. ) ;
#516 = ORIENTED_EDGE ( 'NONE', *, *, #171, .T. ) ;
#517 = CARTESIAN_POINT ( 'NONE',  ( 1.409999999999980380, 3.000000000000023537, -0.8346456692913232223 ) ) ;
#518 = ORIENTED_EDGE ( 'NONE', *, *, #1509, .T. ) ;
#519 = DIRECTION ( 'NONE',  ( -1.000000000000000000, 0.000000000000000000, 0.000000000000000000 ) ) ;
#520 = CARTESIAN_POINT ( 'NONE',  ( 1.509999999999995124, 23.14000000000000412, -0.2500000000000005551 ) ) ;
#521 = AXIS2_PLACEMENT_3D ( 'NONE', #276, #890, #375 ) ;
#522 = AXIS2_PLACEMENT_3D ( 'NONE', #1085, #696, #1474 ) ;
#523 = CARTESIAN_POINT ( 'NONE',  ( 4.187864042533941067, 15.64893697419836904, -0.2500000000000000555 ) ) ;
#524 = VECTOR ( 'NONE', #1558, 39.37007874015748143 ) ;
#525 = EDGE_LOOP ( 'NONE', ( #722, #90, #1223, #663 ) ) ;
#526 = ADVANCED_FACE ( 'NONE', ( #434 ), #1217, .F. ) ;
#527 = ORIENTED_EDGE ( 'NONE', *, *, #443, .F. ) ;
#528 = CARTESIAN_POINT ( 'NONE',  ( 1.159999999999979492, 3.000000000000023537, -0.9999999999999835687 ) ) ;
#529 = CARTESIAN_POINT ( 'NONE',  ( 1.209354858209618300, 19.18501125138071828, -0.2500000000000000555 ) ) ;
#530 = ORIENTED_EDGE ( 'NONE', *, *, #1657, .T. ) ;
#531 = VERTEX_POINT ( 'NONE', #719 ) ;
#532 = VERTEX_POINT ( 'NONE', #67 ) ;
#533 = DIRECTION ( 'NONE',  ( 3.491481338843132961E-15, 0.000000000000000000, 1.000000000000000000 ) ) ;
#534 = DIRECTION ( 'NONE',  ( 1.000000000000000000, -0.000000000000000000, -3.512375991854052315E-15 ) ) ;
#535 = EDGE_CURVE ( 'NONE', #1566, #678, #809, .T. ) ;
#536 = CARTESIAN_POINT ( 'NONE',  ( 7.854520654142387315, 2.262621361164570466, -0.2996381019629050235 ) ) ;
#537 = CARTESIAN_POINT ( 'NONE',  ( 4.187864042533941067, 14.83317831032973011, 0.000000000000000000 ) ) ;
#538 = AXIS2_PLACEMENT_3D ( 'NONE', #1022, #1557, #228 ) ;
#539 = ORIENTED_EDGE ( 'NONE', *, *, #737, .T. ) ;
#540 = B_SPLINE_CURVE_WITH_KNOTS ( 'NONE', 1,
 ( #457, #980 ),
 .UNSPECIFIED., .F., .F.,
 ( 2, 2 ),
 ( 0.000000000000000000, 1.000000000000000000 ),
 .UNSPECIFIED. ) ;
#541 = ORIENTED_EDGE ( 'NONE', *, *, #1366, .T. ) ;
#542 = PLANE ( 'NONE',  #689 ) ;
#543 = CARTESIAN_POINT ( 'NONE',  ( 2.344645669291333778, 1.999374015748021760, -1.340354330708657837 ) ) ;
#544 = DIRECTION ( 'NONE',  ( 0.000000000000000000, 0.000000000000000000, 1.000000000000000000 ) ) ;
#545 = ADVANCED_FACE ( 'NONE', ( #1504, #323, #314, #83 ), #220, .F. ) ;
#546 = LINE ( 'NONE', #52, #1068 ) ;
#547 = VECTOR ( 'NONE', #836, 39.37007874015748143 ) ;
#548 = ORIENTED_EDGE ( 'NONE', *, *, #277, .T. ) ;
#549 = AXIS2_PLACEMENT_3D ( 'NONE', #1690, #1416, #1279 ) ;
#550 = VECTOR ( 'NONE', #1253, 39.37007874015748143 ) ;
#551 = ORIENTED_EDGE ( 'NONE', *, *, #135, .F. ) ;
#552 = CARTESIAN_POINT ( 'NONE',  ( 1.409999999999980380, 21.90000000000001990, -0.8346456692913230002 ) ) ;
#553 = FACE_OUTER_BOUND ( 'NONE', #1343, .T. ) ;
#554 = CARTESIAN_POINT ( 'NONE',  ( 2.344645669291333778, 2.000000000000004441, -1.174999999999996048 ) ) ;
#555 = CARTESIAN_POINT ( 'NONE',  ( 7.858629919233210082, 2.249999999999996003, -0.3369076960899067275 ) ) ;
#556 = LINE ( 'NONE', #676, #1542 ) ;
#557 = EDGE_CURVE ( 'NONE', #902, #739, #585, .T. ) ;
#558 = ORIENTED_EDGE ( 'NONE', *, *, #120, .F. ) ;
#559 = VERTEX_POINT ( 'NONE', #1388 ) ;
#560 = CARTESIAN_POINT ( 'NONE',  ( 1.159999999999995257, 23.14000000000000412, 0.000000000000000000 ) ) ;
#561 = DIRECTION ( 'NONE',  ( 1.892934042853975533E-15, 1.000000000000000000, -3.590428791673030081E-15 ) ) ;
#562 = CARTESIAN_POINT ( 'NONE',  ( 1.509999999999995124, 23.14000000000000412, -0.3500000000000005884 ) ) ;
#563 = DIRECTION ( 'NONE',  ( 1.000000000000000000, -0.000000000000000000, -3.512375991854052315E-15 ) ) ;
#564 = ORIENTED_EDGE ( 'NONE', *, *, #1277, .T. ) ;
#565 = EDGE_CURVE ( 'NONE', #1612, #1376, #991, .T. ) ;
#566 = ORIENTED_EDGE ( 'NONE', *, *, #860, .F. ) ;
#567 = AXIS2_PLACEMENT_3D ( 'NONE', #810, #1446, #1586 ) ;
#568 = DIRECTION ( 'NONE',  ( 1.892934042853975533E-15, 1.000000000000000000, -3.590428791673030081E-15 ) ) ;
#569 = LINE ( 'NONE', #1077, #332 ) ;
#570 = LINE ( 'NONE', #1506, #9 ) ;
#571 = CARTESIAN_POINT ( 'NONE',  ( 7.176780981213570776, 2.781713543831469071, -0.2500000000000000000 ) ) ;
#572 = ORIENTED_EDGE ( 'NONE', *, *, #1366, .F. ) ;
#573 = ORIENTED_EDGE ( 'NONE', *, *, #1573, .T. ) ;
#574 = COLOUR_RGB ( '',0.7921568627450980005, 0.8196078431372548767, 0.9333333333333333481 ) ;
#575 = ADVANCED_FACE ( 'NONE', ( #844 ), #1658, .F. ) ;
#576 = VECTOR ( 'NONE', #1673, 39.37007874015748143 ) ;
#577 = CARTESIAN_POINT ( 'NONE',  ( 1.509999999999995124, -8.049506778971739607, -0.3500000000000005884 ) ) ;
#578 = CARTESIAN_POINT ( 'NONE',  ( 2.344645669291333778, 1.999374015748022204, -1.174999999999996048 ) ) ;
#579 = VECTOR ( 'NONE', #154, 39.37007874015748143 ) ;
#580 = CARTESIAN_POINT ( 'NONE',  ( 1.409999999999976161, 2.000000000000001776, -1.999999999999983569 ) ) ;
#581 = VERTEX_POINT ( 'NONE', #477 ) ;
#582 = CARTESIAN_POINT ( 'NONE',  ( 1.509999999999995568, 2.000000000000003553, -1.999999999999997335 ) ) ;
#583 = ORIENTED_EDGE ( 'NONE', *, *, #26, .F. ) ;
#584 = DIRECTION ( 'NONE',  ( 1.000000000000000000, 0.000000000000000000, 0.000000000000000000 ) ) ;
#585 = LINE ( 'NONE', #742, #658 ) ;
#586 = DIRECTION ( 'NONE',  ( 0.000000000000000000, 0.000000000000000000, -1.000000000000000000 ) ) ;
#587 = EDGE_CURVE ( 'NONE', #489, #652, #1517, .T. ) ;
#588 = CYLINDRICAL_SURFACE ( 'NONE', #740, 2.608540463109217278 ) ;
#589 = EDGE_LOOP ( 'NONE', ( #1259, #1494 ) ) ;
#590 = VERTEX_POINT ( 'NONE', #999 ) ;
#591 = PLANE ( 'NONE',  #404 ) ;
#592 = AXIS2_PLACEMENT_3D ( 'NONE', #709, #82, #1647 ) ;
#593 = FACE_OUTER_BOUND ( 'NONE', #369, .T. ) ;
#594 = DIRECTION ( 'NONE',  ( 1.000000000000000000, -0.000000000000000000, -3.512375991854052315E-15 ) ) ;
#595 = DIRECTION ( 'NONE',  ( 1.000000000000000000, -0.000000000000000000, -3.512375991854052315E-15 ) ) ;
#596 = EDGE_CURVE ( 'NONE', #1221, #668, #797, .T. ) ;
#597 = VERTEX_POINT ( 'NONE', #347 ) ;
#598 = EDGE_LOOP ( 'NONE', ( #1444, #1484 ) ) ;
#599 = AXIS2_PLACEMENT_3D ( 'NONE', #179, #1364, #1491 ) ;
#600 = DIRECTION ( 'NONE',  ( 0.000000000000000000, 0.000000000000000000, 1.000000000000000000 ) ) ;
#601 = DIRECTION ( 'NONE',  ( 1.892934042853975138E-15, 1.000000000000000000, -3.590428791673030081E-15 ) ) ;
#602 = VECTOR ( 'NONE', #1270, 39.37007874015748143 ) ;
#603 = FACE_BOUND ( 'NONE', #598, .T. ) ;
#604 = AXIS2_PLACEMENT_3D ( 'NONE', #630, #1426, #1149 ) ;
#605 = CARTESIAN_POINT ( 'NONE',  ( -6.924606895954950936, 11.70033416803600801, -2.000000000000001332 ) ) ;
#606 = EDGE_CURVE ( 'NONE', #780, #1686, #854, .T. ) ;
#607 = ORIENTED_EDGE ( 'NONE', *, *, #443, .T. ) ;
#608 = EDGE_CURVE ( 'NONE', #532, #1376, #1262, .T. ) ;
#609 = ORIENTED_EDGE ( 'NONE', *, *, #918, .T. ) ;
#610 = DIRECTION ( 'NONE',  ( -1.000000000000000000, 0.000000000000000000, 0.000000000000000000 ) ) ;
#611 = EDGE_CURVE ( 'NONE', #1240, #1298, #1225, .T. ) ;
#612 = DIRECTION ( 'NONE',  ( 1.000000000000000000, 0.000000000000000000, 0.000000000000000000 ) ) ;
#613 = FACE_BOUND ( 'NONE', #977, .T. ) ;
#614 = DIRECTION ( 'NONE',  ( 0.000000000000000000, 1.000000000000000000, 0.000000000000000000 ) ) ;
#615 = ORIENTED_EDGE ( 'NONE', *, *, #435, .F. ) ;
#616 = EDGE_LOOP ( 'NONE', ( #1186, #873, #1393, #1451, #1619 ) ) ;
#617 = ADVANCED_FACE ( 'NONE', ( #593 ), #1648, .F. ) ;
#618 = CARTESIAN_POINT ( 'NONE',  ( 1.409999999999979714, 21.90000000000001990, -0.9999999999999836797 ) ) ;
#619 = CARTESIAN_POINT ( 'NONE',  ( 4.187864042533941067, 14.83317831032973011, -0.2500000000000000555 ) ) ;
#620 = AXIS2_PLACEMENT_3D ( 'NONE', #117, #1287, #379 ) ;
#621 = CARTESIAN_POINT ( 'NONE',  ( 1.159999999999940856, 12.07000000000000917, -12.06999999999998430 ) ) ;
#622 = CARTESIAN_POINT ( 'NONE',  ( 2.420580475199245019, 19.71186723724616385, -2.000000000000001332 ) ) ;
#623 = EDGE_LOOP ( 'NONE', ( #513, #287, #152, #281 ) ) ;
#624 = CARTESIAN_POINT ( 'NONE',  ( 7.858629916778408386, 1.999999999999995559, -0.3041768542125987684 ) ) ;
#625 = ORIENTED_EDGE ( 'NONE', *, *, #1087, .T. ) ;
#626 = PLANE ( 'NONE',  #538 ) ;
#627 = EDGE_CURVE ( 'NONE', #166, #1469, #1626, .T. ) ;
#628 = DIRECTION ( 'NONE',  ( 1.000000000000000000, -0.000000000000000000, -3.512375991854052315E-15 ) ) ;
#629 = STYLED_ITEM ( 'NONE', ( #1001 ), #280 ) ;
#630 = CARTESIAN_POINT ( 'NONE',  ( 1.509999999999995568, 2.349999999999996092, -0.3499999999999947042 ) ) ;
#631 = DIRECTION ( 'NONE',  ( 0.000000000000000000, 3.304235192336773540E-15, 1.000000000000000000 ) ) ;
#632 = AXIS2_PLACEMENT_3D ( 'NONE', #680, #1471, #146 ) ;
#633 = AXIS2_PLACEMENT_3D ( 'NONE', #1617, #178, #207 ) ;
#634 = ORIENTED_EDGE ( 'NONE', *, *, #1497, .F. ) ;
#635 = FACE_OUTER_BOUND ( 'NONE', #30, .T. ) ;
#636 = ORIENTED_EDGE ( 'NONE', *, *, #997, .F. ) ;
#637 = DIRECTION ( 'NONE',  ( 0.000000000000000000, -0.000000000000000000, -1.000000000000000000 ) ) ;
#638 = CARTESIAN_POINT ( 'NONE',  ( 4.187864042533941067, 14.83317831032973011, -0.2500000000000000555 ) ) ;
#639 = CARTESIAN_POINT ( 'NONE',  ( 7.843561962427146206, 2.349999999999996092, -0.2499999999999946709 ) ) ;
#640 = EDGE_CURVE ( 'NONE', #1360, #403, #1132, .T. ) ;
#641 = FACE_BOUND ( 'NONE', #923, .T. ) ;
#642 = CARTESIAN_POINT ( 'NONE',  ( 7.846301635355956705, 2.258388240474247688, -0.009109563166084249861 ) ) ;
#643 = ORIENTED_EDGE ( 'NONE', *, *, #515, .T. ) ;
#644 = CYLINDRICAL_SURFACE ( 'NONE', #1192, 0.1000000000000000194 ) ;
#645 = ORIENTED_EDGE ( 'NONE', *, *, #535, .T. ) ;
#646 = DIRECTION ( 'NONE',  ( -3.304235192336789711E-15, 0.000000000000000000, -1.000000000000000000 ) ) ;
#647 = DIRECTION ( 'NONE',  ( 0.000000000000000000, 0.000000000000000000, 1.000000000000000000 ) ) ;
#648 = CARTESIAN_POINT ( 'NONE',  ( 1.209354858209618300, 19.18501125138071828, 0.000000000000000000 ) ) ;
#649 = DIRECTION ( 'NONE',  ( 1.892934042853975138E-15, 1.000000000000000000, -3.590428791673030081E-15 ) ) ;
#650 = EDGE_CURVE ( 'NONE', #175, #1135, #1408, .T. ) ;
#651 = CARTESIAN_POINT ( 'NONE',  ( 2.675354330708657358, 1.999374015748021760, -1.174999999999996048 ) ) ;
#652 = VERTEX_POINT ( 'NONE', #501 ) ;
#653 = LENGTH_MEASURE_WITH_UNIT ( LENGTH_MEASURE( 0.02539999999999999897 ), #253 );
#654 = ORIENTED_EDGE ( 'NONE', *, *, #1288, .F. ) ;
#655 = CARTESIAN_POINT ( 'NONE',  ( 1.409999999999980380, 19.90000000000002345, -0.8346456692913232223 ) ) ;
#656 = AXIS2_PLACEMENT_3D ( 'NONE', #753, #919, #503 ) ;
#657 = ORIENTED_EDGE ( 'NONE', *, *, #377, .T. ) ;
#658 = VECTOR ( 'NONE', #1125, 39.37007874015748143 ) ;
#659 = PRODUCT ( 'LED iPoster -RH Back Support', 'LED iPoster -RH Back Support', '', ( #1460 ) ) ;
#660 = VERTEX_POINT ( 'NONE', #1156 ) ;
#661 = AXIS2_PLACEMENT_3D ( 'NONE', #68, #950, #43 ) ;
#662 = ADVANCED_FACE ( 'NONE', ( #363 ), #127, .F. ) ;
#663 = ORIENTED_EDGE ( 'NONE', *, *, #1587, .F. ) ;
#664 = CYLINDRICAL_SURFACE ( 'NONE', #33, 0.1653543307086616510 ) ;
#665 = DIRECTION ( 'NONE',  ( -3.304235192336779062E-15, 0.000000000000000000, -1.000000000000000000 ) ) ;
#666 = DIRECTION ( 'NONE',  ( 1.892934042853975533E-15, 1.000000000000000000, -3.590428791673030081E-15 ) ) ;
#667 =( BOUNDED_CURVE ( )  B_SPLINE_CURVE ( 3, ( #523, #1046, #1324, #112 ),
 .UNSPECIFIED., .F., .F. ) 
 B_SPLINE_CURVE_WITH_KNOTS ( ( 4, 4 ),
 ( 3.141592653589793116, 6.283185307179586232 ),
 .UNSPECIFIED. ) 
 CURVE ( )  GEOMETRIC_REPRESENTATION_ITEM ( )  RATIONAL_B_SPLINE_CURVE ( ( 1.000000000000000000, 0.3333333333333333703, 0.3333333333333333703, 1.000000000000000000 ) ) 
 REPRESENTATION_ITEM ( '' )  );
#668 = VERTEX_POINT ( 'NONE', #99 ) ;
#669 = ORIENTED_EDGE ( 'NONE', *, *, #243, .F. ) ;
#670 = DIMENSIONAL_EXPONENTS ( 1.000000000000000000, 0.000000000000000000, 0.000000000000000000, 0.000000000000000000, 0.000000000000000000, 0.000000000000000000, 0.000000000000000000 ) ;
#671 = ORIENTED_EDGE ( 'NONE', *, *, #1129, .T. ) ;
#672 = DIRECTION ( 'NONE',  ( 1.000000000000000000, -0.000000000000000000, -3.512375991854052315E-15 ) ) ;
#673 = EDGE_CURVE ( 'NONE', #581, #559, #391, .T. ) ;
#674 = CARTESIAN_POINT ( 'NONE',  ( 5.958651863434425877, 15.18953358541536147, -0.2500000000000000555 ) ) ;
#675 = CARTESIAN_POINT ( 'NONE',  ( 7.850411144749170234, 2.288545328002504764, -0.2700333157601768064 ) ) ;
#676 = CARTESIAN_POINT ( 'NONE',  ( 1.409999999999979270, 3.000000000000023537, -1.165354330708645580 ) ) ;
#677 = CIRCLE ( 'NONE', #1392, 0.1653543307086612346 ) ;
#678 = VERTEX_POINT ( 'NONE', #1040 ) ;
#679 = ORIENTED_EDGE ( 'NONE', *, *, #1652, .F. ) ;
#680 = CARTESIAN_POINT ( 'NONE',  ( 1.409999999999979714, 3.000000000000023537, -0.9999999999999844569 ) ) ;
#681 = LINE ( 'NONE', #701, #1111 ) ;
#682 = EDGE_CURVE ( 'NONE', #531, #532, #441, .T. ) ;
#683 = CARTESIAN_POINT ( 'NONE',  ( 2.420580475199245019, 19.71186723724616385, -0.2500000000000000555 ) ) ;
#684 = CARTESIAN_POINT ( 'NONE',  ( 5.958651863434425877, 15.18953358541536147, 0.000000000000000000 ) ) ;
#685 = DIRECTION ( 'NONE',  ( 1.000000000000000000, -1.652117596168385587E-15, 0.000000000000000000 ) ) ;
#686 = CLOSED_SHELL ( 'NONE', ( #828, #1006, #131, #1215, #180, #903, #55, #1180, #1108, #481, #1266, #338, #1379, #108, #882, #255, #734, #1245, #946, #1486, #151, #1607, #6, #1672, #545, #1528, #1018, #1621, #1685, #1396, #849, #295, #1345, #806, #214, #191, #1071, #305, #1584, #662, #526, #317, #915, #401, #1190, #1112, #504, #1644, #842, #575, #96, #617 ) ) ;
#687 = VECTOR ( 'NONE', #943, 39.37007874015748143 ) ;
#688 = ORIENTED_EDGE ( 'NONE', *, *, #954, .F. ) ;
#689 = AXIS2_PLACEMENT_3D ( 'NONE', #1600, #533, #1453 ) ;
#690 = VECTOR ( 'NONE', #1226, 39.37007874015748143 ) ;
#691 = ORIENTED_EDGE ( 'NONE', *, *, #557, .T. ) ;
#692 = PRODUCT_DEFINITION_SHAPE ( 'NONE', 'NONE',  #1163 ) ;
#693 = CARTESIAN_POINT ( 'NONE',  ( 11.04152073871359185, 2.349999999999996092, -0.3499999999999947042 ) ) ;
#694 = CARTESIAN_POINT ( 'NONE',  ( 1.409999999999982601, 2.000000000000002665, -0.3499999999999829914 ) ) ;
#695 = CARTESIAN_POINT ( 'NONE',  ( 3.123257716872914980, 11.70033416803600801, 0.000000000000000000 ) ) ;
#696 = DIRECTION ( 'NONE',  ( 0.000000000000000000, -1.000000000000000000, 0.000000000000000000 ) ) ;
#697 = DIMENSIONAL_EXPONENTS ( 1.000000000000000000, 0.000000000000000000, 0.000000000000000000, 0.000000000000000000, 0.000000000000000000, 0.000000000000000000, 0.000000000000000000 ) ;
#698 = EDGE_CURVE ( 'NONE', #865, #267, #1173, .T. ) ;
#699 = EDGE_LOOP ( 'NONE', ( #723, #1086, #539, #1582 ) ) ;
#700 = EDGE_LOOP ( 'NONE', ( #636, #12, #103, #1145 ) ) ;
#701 = CARTESIAN_POINT ( 'NONE',  ( 4.675354330708657358, 1.999374015748018429, -1.009645669291334258 ) ) ;
#702 = CARTESIAN_POINT ( 'NONE',  ( 2.420580475199245019, 19.71186723724616385, 0.000000000000000000 ) ) ;
#703 = DIRECTION ( 'NONE',  ( -2.481152237738077125E-15, -0.7071067811865472397, -0.7071067811865477948 ) ) ;
#704 = DIRECTION ( 'NONE',  ( 0.000000000000000000, 3.304235192336770779E-15, 1.000000000000000000 ) ) ;
#705 = EDGE_CURVE ( 'NONE', #1327, #1205, #415, .T. ) ;
#706 = ORIENTED_EDGE ( 'NONE', *, *, #223, .T. ) ;
#707 = ORIENTED_EDGE ( 'NONE', *, *, #596, .T. ) ;
#708 = VECTOR ( 'NONE', #433, 39.37007874015748143 ) ;
#709 = CARTESIAN_POINT ( 'NONE',  ( 4.676780981213570776, 2.037077157614649359, 0.000000000000000000 ) ) ;
#710 = CARTESIAN_POINT ( 'NONE',  ( 7.850411144749170234, 2.134908648008775334, -0.07011660516063200621 ) ) ;
#711 = LINE ( 'NONE', #845, #880 ) ;
#712 = CARTESIAN_POINT ( 'NONE',  ( 1.159999999999976383, 2.000000000000001776, -1.999999999999982681 ) ) ;
#713 = EDGE_LOOP ( 'NONE', ( #814, #1028, #1113, #1645 ) ) ;
#714 = CARTESIAN_POINT ( 'NONE',  ( 2.417076221633455813, 14.47682303524409875, 0.000000000000000000 ) ) ;
#715 = ORIENTED_EDGE ( 'NONE', *, *, #129, .T. ) ;
#716 = EDGE_CURVE ( 'NONE', #1679, #1195, #1023, .T. ) ;
#717 = AXIS2_PLACEMENT_3D ( 'NONE', #32, #970, #1094 ) ;
#718 = DIRECTION ( 'NONE',  ( 0.000000000000000000, 3.304235192336773540E-15, 1.000000000000000000 ) ) ;
#719 = CARTESIAN_POINT ( 'NONE',  ( 4.675354330708657358, 2.250000000000000888, -1.009645669291335146 ) ) ;
#720 = FACE_OUTER_BOUND ( 'NONE', #508, .T. ) ;
#721 = LENGTH_MEASURE_WITH_UNIT ( LENGTH_MEASURE( 0.02539999999999999897 ), #1533 );
#722 = ORIENTED_EDGE ( 'NONE', *, *, #756, .T. ) ;
#723 = ORIENTED_EDGE ( 'NONE', *, *, #1551, .F. ) ;
#724 = DIRECTION ( 'NONE',  ( 1.000000000000000000, 0.000000000000000000, -3.551402391763537648E-15 ) ) ;
#725 = EDGE_CURVE ( 'NONE', #1103, #1679, #783, .T. ) ;
#726 = CARTESIAN_POINT ( 'NONE',  ( 1.409999999999980380, 3.000000000000023537, -0.8346456692913232223 ) ) ;
#727 = CARTESIAN_POINT ( 'NONE',  ( 1.409999999999979714, 21.90000000000001990, -0.9999999999999836797 ) ) ;
#728 = DIRECTION ( 'NONE',  ( -1.000000000000000000, 0.000000000000000000, 0.000000000000000000 ) ) ;
#729 = ORIENTED_EDGE ( 'NONE', *, *, #565, .T. ) ;
#730 = ORIENTED_EDGE ( 'NONE', *, *, #650, .F. ) ;
#731 = DIRECTION ( 'NONE',  ( 5.931810584512607995E-30, 3.590428791673030081E-15, 1.000000000000000000 ) ) ;
#732 = AXIS2_PLACEMENT_3D ( 'NONE', #618, #1394, #1124 ) ;
#733 = CARTESIAN_POINT ( 'NONE',  ( 7.843561962427146206, 2.349999999999996092, 5.327103587645313572E-15 ) ) ;
#734 = ADVANCED_FACE ( 'NONE', ( #776 ), #1445, .F. ) ;
#735 = LINE ( 'NONE', #1116, #1654 ) ;
#736 = CARTESIAN_POINT ( 'NONE',  ( 1.790872624858488305, 16.70033416803600801, 0.000000000000000000 ) ) ;
#737 = EDGE_CURVE ( 'NONE', #856, #1536, #1014, .T. ) ;
#738 = ORIENTED_EDGE ( 'NONE', *, *, #725, .F. ) ;
#739 = VERTEX_POINT ( 'NONE', #353 ) ;
#740 = AXIS2_PLACEMENT_3D ( 'NONE', #78, #335, #1102 ) ;
#741 = PLANE ( 'NONE',  #1365 ) ;
#742 = CARTESIAN_POINT ( 'NONE',  ( 1.790872624858488082, 6.700334168036006233, -2.000000000000001332 ) ) ;
#743 = VECTOR ( 'NONE', #190, 39.37007874015748143 ) ;
#744 = CARTESIAN_POINT ( 'NONE',  ( 5.958651863434425877, 15.18953358541536147, 0.000000000000000000 ) ) ;
#745 = VECTOR ( 'NONE', #926, 39.37007874015748143 ) ;
#746 = DIRECTION ( 'NONE',  ( 0.000000000000000000, 0.000000000000000000, 1.000000000000000000 ) ) ;
#747 = ORIENTED_EDGE ( 'NONE', *, *, #1459, .F. ) ;
#748 = EDGE_CURVE ( 'NONE', #387, #1369, #961, .T. ) ;
#749 = ORIENTED_EDGE ( 'NONE', *, *, #1497, .T. ) ;
#750 = CARTESIAN_POINT ( 'NONE',  ( 2.675354330708657802, 2.250000000000003997, -1.174999999999996936 ) ) ;
#751 = CARTESIAN_POINT ( 'NONE',  ( 4.675354330708656470, 1.999374015748017319, -1.340354330708657615 ) ) ;
#752 = PLANE ( 'NONE',  #1438 ) ;
#753 = CARTESIAN_POINT ( 'NONE',  ( 1.159999999999982379, 2.000000000000001776, -0.2499999999999817646 ) ) ;
#754 = VERTEX_POINT ( 'NONE', #1148 ) ;
#755 = CARTESIAN_POINT ( 'NONE',  ( 2.000000000000003997, 2.000000000000005773, -1.009645669291334480 ) ) ;
#756 = EDGE_CURVE ( 'NONE', #652, #532, #137, .T. ) ;
#757 = ORIENTED_EDGE ( 'NONE', *, *, #3, .F. ) ;
#758 = FACE_OUTER_BOUND ( 'NONE', #174, .T. ) ;
#759 = CARTESIAN_POINT ( 'NONE',  ( 3.123257716872914980, 11.70033416803600801, -2.000000000000001332 ) ) ;
#760 =( GEOMETRIC_REPRESENTATION_CONTEXT ( 3 ) GLOBAL_UNCERTAINTY_ASSIGNED_CONTEXT ( ( #1330 ) ) GLOBAL_UNIT_ASSIGNED_CONTEXT ( ( #125, #407, #271 ) ) REPRESENTATION_CONTEXT ( 'NONE', 'WORKASPACE' ) );
#761 = LINE ( 'NONE', #1532, #550 ) ;
#762 = PRODUCT_DEFINITION_CONTEXT ( 'detailed design', #1232, 'design' ) ;
#763 = FACE_OUTER_BOUND ( 'NONE', #320, .T. ) ;
#764 = DIRECTION ( 'NONE',  ( 0.000000000000000000, 3.590428791673030081E-15, 1.000000000000000000 ) ) ;
#765 = CARTESIAN_POINT ( 'NONE',  ( 7.857260327071193373, 2.009109563166085355, -0.2583882404742477990 ) ) ;
#766 = ORIENTED_EDGE ( 'NONE', *, *, #1596, .F. ) ;
#767 = CARTESIAN_POINT ( 'NONE',  ( 6.675354330708657358, 1.999999999999997335, -1.009645669291334258 ) ) ;
#768 = VECTOR ( 'NONE', #561, 39.37007874015748143 ) ;
#769 = CARTESIAN_POINT ( 'NONE',  ( 1.790872624858488305, 16.70033416803600801, -2.000000000000001332 ) ) ;
#770 = VECTOR ( 'NONE', #1013, 39.37007874015748143 ) ;
#771 = AXIS2_PLACEMENT_3D ( 'NONE', #727, #1244, #1481 ) ;
#772 = VERTEX_POINT ( 'NONE', #1031 ) ;
#773 = CARTESIAN_POINT ( 'NONE',  ( 1.409999999999982601, 2.000000000000001776, -0.3499999999999826028 ) ) ;
#774 = VERTEX_POINT ( 'NONE', #877 ) ;
#775 = EDGE_LOOP ( 'NONE', ( #583, #1171, #202, #801 ) ) ;
#776 = FACE_OUTER_BOUND ( 'NONE', #269, .T. ) ;
#777 = FACE_OUTER_BOUND ( 'NONE', #1431, .T. ) ;
#778 = EDGE_LOOP ( 'NONE', ( #54, #607, #13, #181 ) ) ;
#779 = CARTESIAN_POINT ( 'NONE',  ( 3.631806092188872181, 20.23872322311160943, -0.2500000000000000555 ) ) ;
#780 = VERTEX_POINT ( 'NONE', #491 ) ;
#781 = CARTESIAN_POINT ( 'NONE',  ( 1.509999999999995124, -8.049506778971739607, -0.3500000000000005884 ) ) ;
#782 = ORIENTED_EDGE ( 'NONE', *, *, #141, .T. ) ;
#783 = LINE ( 'NONE', #8, #576 ) ;
#784 = CARTESIAN_POINT ( 'NONE',  ( 4.344645669291333334, 1.999374015748018873, -1.009645669291334480 ) ) ;
#785 = DIRECTION ( 'NONE',  ( -5.931810584512617103E-30, -3.590428791673030081E-15, -1.000000000000000000 ) ) ;
#786 = EDGE_CURVE ( 'NONE', #1566, #754, #1230, .T. ) ;
#787 = EDGE_LOOP ( 'NONE', ( #1591, #866, #548, #1661 ) ) ;
#788 = EDGE_CURVE ( 'NONE', #865, #456, #199, .T. ) ;
#789 = CARTESIAN_POINT ( 'NONE',  ( 1.409999999999979714, 21.90000000000001990, -0.9999999999999836797 ) ) ;
#790 = EDGE_LOOP ( 'NONE', ( #217, #738, #634, #688, #551, #272 ) ) ;
#791 = ORIENTED_EDGE ( 'NONE', *, *, #171, .F. ) ;
#792 = LINE ( 'NONE', #1318, #1349 ) ;
#793 = LINE ( 'NONE', #393, #745 ) ;
#794 = DIRECTION ( 'NONE',  ( 0.000000000000000000, 3.304235192336773540E-15, 1.000000000000000000 ) ) ;
#795 = AXIS2_PLACEMENT_3D ( 'NONE', #1448, #1579, #11 ) ;
#796 = CARTESIAN_POINT ( 'NONE',  ( 1.790872624858488305, 16.70033416803600801, 0.000000000000000000 ) ) ;
#797 = CIRCLE ( 'NONE', #198, 0.1653543307086616510 ) ;
#798 = EDGE_CURVE ( 'NONE', #1081, #1055, #1576, .T. ) ;
#799 = VERTEX_POINT ( 'NONE', #767 ) ;
#800 = VECTOR ( 'NONE', #400, 39.37007874015748143 ) ;
#801 = ORIENTED_EDGE ( 'NONE', *, *, #277, .F. ) ;
#802 = DIRECTION ( 'NONE',  ( 1.000000000000000000, -1.652117596168385587E-15, 0.000000000000000000 ) ) ;
#803 = CARTESIAN_POINT ( 'NONE',  ( 1.159374015747961062, 22.14000000000000412, -1.999999999999982458 ) ) ;
#804 = DIRECTION ( 'NONE',  ( 1.361676060502509788E-31, -1.000000000000000000, 3.876794692995643179E-17 ) ) ;
#805 = ORIENTED_EDGE ( 'NONE', *, *, #309, .F. ) ;
#806 = ADVANCED_FACE ( 'NONE', ( #905, #1436, #256, #1328 ), #153, .T. ) ;
#807 = VERTEX_POINT ( 'NONE', #552 ) ;
#808 = CARTESIAN_POINT ( 'NONE',  ( 4.213951224809987295, 5.547856372576045025, -0.2500000000000000555 ) ) ;
#809 = B_SPLINE_CURVE_WITH_KNOTS ( 'NONE', 3,
 ( #733, #1100, #1252, #1530, #710, #195, #1640, #57, #1235, #973 ),
 .UNSPECIFIED., .F., .F.,
 ( 4, 2, 2, 2, 4 ),
 ( 0.000000000000000000, 0.2500000000000000000, 0.5000000000000000000, 0.7500000000000000000, 1.000000000000000000 ),
 .UNSPECIFIED. ) ;
#810 = CARTESIAN_POINT ( 'NONE',  ( 1.159374015747964615, 23.14000000000000412, -0.9999999999999826805 ) ) ;
#811 = CARTESIAN_POINT ( 'NONE',  ( 2.976638425544313016, 15.12208098833292702, -0.2500000000000000555 ) ) ;
#812 = DIRECTION ( 'NONE',  ( 1.000000000000000000, -0.000000000000000000, -3.512375991854052315E-15 ) ) ;
#813 = AXIS2_PLACEMENT_3D ( 'NONE', #466, #1137, #1114 ) ;
#814 = ORIENTED_EDGE ( 'NONE', *, *, #422, .F. ) ;
#815 = ORIENTED_EDGE ( 'NONE', *, *, #705, .T. ) ;
#816 = DIRECTION ( 'NONE',  ( -1.000000000000000000, 0.000000000000000000, 0.000000000000000000 ) ) ;
#817 = EDGE_CURVE ( 'NONE', #774, #780, #1490, .T. ) ;
#818 = CARTESIAN_POINT ( 'NONE',  ( 4.675354330708657358, 1.999374015748017763, -1.174999999999995826 ) ) ;
#819 = DIRECTION ( 'NONE',  ( 3.512375991854052315E-15, 0.000000000000000000, 1.000000000000000000 ) ) ;
#820 = CARTESIAN_POINT ( 'NONE',  ( 2.344645669291334222, 2.250000000000005329, -1.009645669291335590 ) ) ;
#821 = VECTOR ( 'NONE', #595, 39.37007874015748143 ) ;
#822 = ORIENTED_EDGE ( 'NONE', *, *, #698, .F. ) ;
#823 = VECTOR ( 'NONE', #1696, 39.37007874015748143 ) ;
#824 = CIRCLE ( 'NONE', #661, 0.1653543307086607073 ) ;
#825 = ORIENTED_EDGE ( 'NONE', *, *, #788, .F. ) ;
#826 = LINE ( 'NONE', #1076, #708 ) ;
#827 = DIRECTION ( 'NONE',  ( -0.000000000000000000, -0.000000000000000000, 1.000000000000000000 ) ) ;
#828 = ADVANCED_FACE ( 'NONE', ( #1368 ), #1182, .F. ) ;
#829 = CARTESIAN_POINT ( 'NONE',  ( 1.159999999999972831, 19.90000000000002345, -0.9999999999999830136 ) ) ;
#830 = FACE_OUTER_BOUND ( 'NONE', #97, .T. ) ;
#831 = EDGE_LOOP ( 'NONE', ( #945, #1637 ) ) ;
#832 = ORIENTED_EDGE ( 'NONE', *, *, #587, .F. ) ;
#833 = CARTESIAN_POINT ( 'NONE',  ( 2.675354330708657358, 2.250000000000003553, -1.340354330708658726 ) ) ;
#834 = DIRECTION ( 'NONE',  ( 1.892934042853975138E-15, 1.000000000000000000, -3.590428791673030081E-15 ) ) ;
#835 = DIRECTION ( 'NONE',  ( 0.000000000000000000, 0.000000000000000000, -1.000000000000000000 ) ) ;
#836 = DIRECTION ( 'NONE',  ( 3.512375991854052315E-15, -0.000000000000000000, 1.000000000000000000 ) ) ;
#837 = ORIENTED_EDGE ( 'NONE', *, *, #135, .T. ) ;
#838 = CARTESIAN_POINT ( 'NONE',  ( 6.675354330708656470, 1.999999999999996891, -1.340354330708657615 ) ) ;
#839 = EDGE_CURVE ( 'NONE', #1205, #1327, #1433, .T. ) ;
#840 =( BOUNDED_CURVE ( )  B_SPLINE_CURVE ( 3, ( #537, #188, #1062, #1597 ),
 .UNSPECIFIED., .F., .T. ) 
 B_SPLINE_CURVE_WITH_KNOTS ( ( 4, 4 ),
 ( 0.000000000000000000, 3.141592653589793116 ),
 .UNSPECIFIED. ) 
 CURVE ( )  GEOMETRIC_REPRESENTATION_ITEM ( )  RATIONAL_B_SPLINE_CURVE ( ( 1.000000000000000000, 0.3333333333333333703, 0.3333333333333333703, 1.000000000000000000 ) ) 
 REPRESENTATION_ITEM ( '' )  );
#841 = ORIENTED_EDGE ( 'NONE', *, *, #1059, .F. ) ;
#842 = ADVANCED_FACE ( 'NONE', ( #160 ), #664, .F. ) ;
#843 = CARTESIAN_POINT ( 'NONE',  ( 1.159999999999979714, 22.14000000000000412, -1.999999999999982458 ) ) ;
#844 = FACE_OUTER_BOUND ( 'NONE', #378, .T. ) ;
#845 = CARTESIAN_POINT ( 'NONE',  ( 4.000000000000003553, 2.000000000000000888, -1.340354330708657615 ) ) ;
#846 = FACE_BOUND ( 'NONE', #940, .T. ) ;
#847 = ORIENTED_EDGE ( 'NONE', *, *, #1663, .F. ) ;
#848 = AXIS2_PLACEMENT_3D ( 'NONE', #1053, #1301, #1588 ) ;
#849 = ADVANCED_FACE ( 'NONE', ( #399 ), #542, .F. ) ;
#850 = EDGE_LOOP ( 'NONE', ( #530, #573, #239, #209 ) ) ;
#851 = VECTOR ( 'NONE', #244, 39.37007874015748143 ) ;
#852 = AXIS2_PLACEMENT_3D ( 'NONE', #382, #1594, #665 ) ;
#853 = DIRECTION ( 'NONE',  ( -1.000000000000000000, -0.000000000000000000, -0.000000000000000000 ) ) ;
#854 = LINE ( 'NONE', #726, #496 ) ;
#855 = CARTESIAN_POINT ( 'NONE',  ( 4.344645669291333334, 2.250000000000001776, -1.009645669291335368 ) ) ;
#856 = VERTEX_POINT ( 'NONE', #15 ) ;
#857 = SURFACE_STYLE_USAGE ( .BOTH. , #200 ) ;
#858 = VERTEX_POINT ( 'NONE', #418 ) ;
#859 = VERTEX_POINT ( 'NONE', #838 ) ;
#860 = EDGE_CURVE ( 'NONE', #859, #158, #273, .T. ) ;
#861 = CARTESIAN_POINT ( 'NONE',  ( 1.509999999999995124, 2.349999999999996536, -0.3500000000000005884 ) ) ;
#862 = CARTESIAN_POINT ( 'NONE',  ( 4.676780981213570776, 2.037077157614649359, -0.2500000000000000555 ) ) ;
#863 = FACE_OUTER_BOUND ( 'NONE', #1493, .T. ) ;
#864 = CYLINDRICAL_SURFACE ( 'NONE', #1199, 10.04786461282786547 ) ;
#865 = VERTEX_POINT ( 'NONE', #1593 ) ;
#866 = ORIENTED_EDGE ( 'NONE', *, *, #1051, .F. ) ;
#867 = DIRECTION ( 'NONE',  ( 0.000000000000000000, 3.304235192336770779E-15, 1.000000000000000000 ) ) ;
#868 = VECTOR ( 'NONE', #362, 39.37007874015748143 ) ;
#869 = DIRECTION ( 'NONE',  ( 1.000000000000000000, -0.000000000000000000, -3.512375991854052315E-15 ) ) ;
#870 = LINE ( 'NONE', #621, #1628 ) ;
#871 = EDGE_CURVE ( 'NONE', #924, #1566, #1104, .T. ) ;
#872 = DIRECTION ( 'NONE',  ( 1.000000000000000000, 0.000000000000000000, -3.551402391763537648E-15 ) ) ;
#873 = ORIENTED_EDGE ( 'NONE', *, *, #871, .T. ) ;
#874 = ORIENTED_EDGE ( 'NONE', *, *, #839, .T. ) ;
#875 = AXIS2_PLACEMENT_3D ( 'NONE', #472, #1008, #69 ) ;
#876 = FACE_OUTER_BOUND ( 'NONE', #361, .T. ) ;
#877 = CARTESIAN_POINT ( 'NONE',  ( 1.159999999999979048, 3.000000000000023537, -1.165354330708644914 ) ) ;
#878 = AXIS2_PLACEMENT_3D ( 'NONE', #862, #92, #612 ) ;
#879 = CARTESIAN_POINT ( 'NONE',  ( 6.344645669291334222, 1.999999999999996225, -1.340354330708657615 ) ) ;
#880 = VECTOR ( 'NONE', #453, 39.37007874015748143 ) ;
#881 = FILL_AREA_STYLE_COLOUR ( '', #574 ) ;
#882 = ADVANCED_FACE ( 'NONE', ( #282 ), #1505, .F. ) ;
#883 = VERTEX_POINT ( 'NONE', #1335 ) ;
#884 = CARTESIAN_POINT ( 'NONE',  ( 7.850411144749170234, 2.288545328002504320, -0.2700333157601768064 ) ) ;
#885 = VERTEX_POINT ( 'NONE', #63 ) ;
#886 = CARTESIAN_POINT ( 'NONE',  ( 1.409999999999979714, 19.90000000000002345, -0.9999999999999839018 ) ) ;
#887 = DIRECTION ( 'NONE',  ( 0.000000000000000000, 0.000000000000000000, 1.000000000000000000 ) ) ;
#888 = DIRECTION ( 'NONE',  ( 1.892934042853975533E-15, 1.000000000000000000, -3.590428791673030081E-15 ) ) ;
#889 = LINE ( 'NONE', #769, #986 ) ;
#890 = DIRECTION ( 'NONE',  ( 1.000000000000000000, -0.000000000000000000, -3.512375991854052315E-15 ) ) ;
#891 = B_SPLINE_CURVE_WITH_KNOTS ( 'NONE', 3,
 ( #72, #1131, #490, #1671 ),
 .UNSPECIFIED., .F., .F.,
 ( 4, 4 ),
 ( 0.000000000000000000, 1.000000000000000000 ),
 .UNSPECIFIED. ) ;
#892 = DIRECTION ( 'NONE',  ( 1.000000000000000000, -1.652117596168385587E-15, 0.000000000000000000 ) ) ;
#893 = EDGE_CURVE ( 'NONE', #227, #80, #1196, .T. ) ;
#894 = ORIENTED_EDGE ( 'NONE', *, *, #1222, .T. ) ;
#895 = EDGE_CURVE ( 'NONE', #1469, #166, #792, .T. ) ;
#896 = DIRECTION ( 'NONE',  ( 1.000000000000000000, 0.000000000000000000, -3.491481338843132961E-15 ) ) ;
#897 = VECTOR ( 'NONE', #853, 39.37007874015748143 ) ;
#898 = CARTESIAN_POINT ( 'NONE',  ( 1.790872624858488527, 22.89000000000000412, -0.2500000000000000000 ) ) ;
#899 = DIRECTION ( 'NONE',  ( 0.000000000000000000, 3.304235192336773540E-15, 1.000000000000000000 ) ) ;
#900 = ORIENTED_EDGE ( 'NONE', *, *, #1652, .T. ) ;
#901 = CARTESIAN_POINT ( 'NONE',  ( 4.187864042533941067, 14.83317831032973011, 0.000000000000000000 ) ) ;
#902 = VERTEX_POINT ( 'NONE', #360 ) ;
#903 = ADVANCED_FACE ( 'NONE', ( #635 ), #1073, .F. ) ;
#904 = VECTOR ( 'NONE', #1282, 39.37007874015748143 ) ;
#905 = FACE_BOUND ( 'NONE', #262, .T. ) ;
#906 = CIRCLE ( 'NONE', #1405, 0.1653543307086615122 ) ;
#907 = CARTESIAN_POINT ( 'NONE',  ( 4.344645669291334222, 2.250000000000000444, -1.340354330708658503 ) ) ;
#908 = DIRECTION ( 'NONE',  ( 1.892934042853975138E-15, 1.000000000000000000, -3.590428791673030081E-15 ) ) ;
#909 = VECTOR ( 'NONE', #925, 39.37007874015748143 ) ;
#910 = CIRCLE ( 'NONE', #633, 10.04786461282786547 ) ;
#911 = PLANE ( 'NONE',  #300 ) ;
#912 = CARTESIAN_POINT ( 'NONE',  ( 7.755526866610956915, 6.260566922747311303, 0.000000000000000000 ) ) ;
#913 = ORIENTED_EDGE ( 'NONE', *, *, #1447, .T. ) ;
#914 = ORIENTED_EDGE ( 'NONE', *, *, #788, .T. ) ;
#915 = ADVANCED_FACE ( 'NONE', ( #132 ), #1442, .F. ) ;
#916 = DIRECTION ( 'NONE',  ( 0.000000000000000000, 0.000000000000000000, 1.000000000000000000 ) ) ;
#917 = CARTESIAN_POINT ( 'NONE',  ( 1.509999999999995346, 2.349999999999996536, -0.2500000000000005551 ) ) ;
#918 = EDGE_CURVE ( 'NONE', #1240, #1500, #1036, .T. ) ;
#919 = DIRECTION ( 'NONE',  ( 0.000000000000000000, 1.000000000000000000, 0.000000000000000000 ) ) ;
#920 = EDGE_CURVE ( 'NONE', #921, #267, #1241, .T. ) ;
#921 = VERTEX_POINT ( 'NONE', #1430 ) ;
#922 = CARTESIAN_POINT ( 'NONE',  ( 7.857260327071194261, 2.252602732333164326, -0.3238252115640670170 ) ) ;
#923 = EDGE_LOOP ( 'NONE', ( #1646, #46, #1284, #1181 ) ) ;
#924 = VERTEX_POINT ( 'NONE', #123 ) ;
#925 = DIRECTION ( 'NONE',  ( 1.892934042853975138E-15, 1.000000000000000000, -3.491481338843132961E-15 ) ) ;
#926 = DIRECTION ( 'NONE',  ( -1.000000000000000000, 1.652117596168388150E-15, -0.000000000000000000 ) ) ;
#927 = CARTESIAN_POINT ( 'NONE',  ( 6.675354330708657358, 2.249999999999996447, -1.174999999999996714 ) ) ;
#928 = VECTOR ( 'NONE', #948, 39.37007874015748143 ) ;
#929 = CARTESIAN_POINT ( 'NONE',  ( 2.185860046268665258, 23.14000000000000412, -0.2500000000000000000 ) ) ;
#930 = ORIENTED_EDGE ( 'NONE', *, *, #895, .F. ) ;
#931 = ORIENTED_EDGE ( 'NONE', *, *, #1213, .F. ) ;
#932 = DIRECTION ( 'NONE',  ( 1.000000000000000000, 0.000000000000000000, -3.512375991854052315E-15 ) ) ;
#933 = DIRECTION ( 'NONE',  ( 1.892934042853975533E-15, 1.000000000000000000, -3.590428791673030081E-15 ) ) ;
#934 = DIRECTION ( 'NONE',  ( 0.000000000000000000, 0.000000000000000000, 1.000000000000000000 ) ) ;
#935 = CIRCLE ( 'NONE', #1285, 0.3500000000000000333 ) ;
#936 = DIRECTION ( 'NONE',  ( 0.000000000000000000, 0.000000000000000000, 1.000000000000000000 ) ) ;
#937 = EDGE_CURVE ( 'NONE', #807, #22, #334, .T. ) ;
#938 = AXIS2_PLACEMENT_3D ( 'NONE', #818, #666, #169 ) ;
#939 = ORIENTED_EDGE ( 'NONE', *, *, #893, .T. ) ;
#940 = EDGE_LOOP ( 'NONE', ( #1248, #1194 ) ) ;
#941 = CARTESIAN_POINT ( 'NONE',  ( 1.509999999999994458, 2.349999999999996092, 5.327103587645313572E-15 ) ) ;
#942 = CARTESIAN_POINT ( 'NONE',  ( 6.344645669291334222, 1.999374015748013989, -1.340354330708657615 ) ) ;
#943 = DIRECTION ( 'NONE',  ( -1.000000000000000000, 1.892934042853974744E-15, -8.604245649336219925E-17 ) ) ;
#944 = DIRECTION ( 'NONE',  ( -1.000000000000000000, 0.000000000000000000, 0.000000000000000000 ) ) ;
#945 = ORIENTED_EDGE ( 'NONE', *, *, #1200, .F. ) ;
#946 = ADVANCED_FACE ( 'NONE', ( #37 ), #201, .F. ) ;
#947 = ORIENTED_EDGE ( 'NONE', *, *, #1358, .T. ) ;
#948 = DIRECTION ( 'NONE',  ( 7.805279981897893924E-16, -3.590428791673031659E-15, -1.000000000000000000 ) ) ;
#949 = CARTESIAN_POINT ( 'NONE',  ( 1.409999999999995035, 2.349999999999996536, -0.3499999999999950373 ) ) ;
#950 = DIRECTION ( 'NONE',  ( 1.000000000000000000, -0.000000000000000000, -3.512375991854052315E-15 ) ) ;
#951 = CARTESIAN_POINT ( 'NONE',  ( 7.860000000000005649, 1.999999999999991562, -1.999999999999996669 ) ) ;
#952 = ORIENTED_EDGE ( 'NONE', *, *, #1520, .T. ) ;
#953 = EDGE_LOOP ( 'NONE', ( #1694, #615, #805, #351 ) ) ;
#954 = EDGE_CURVE ( 'NONE', #505, #464, #1450, .T. ) ;
#955 = CARTESIAN_POINT ( 'NONE',  ( 1.409999999999982601, 2.000000000000001776, -0.3499999999999826028 ) ) ;
#956 = CARTESIAN_POINT ( 'NONE',  ( 4.187864042533941067, 15.64893697419836904, 0.000000000000000000 ) ) ;
#957 = DIRECTION ( 'NONE',  ( 0.000000000000000000, 1.000000000000000000, 0.000000000000000000 ) ) ;
#958 = DIRECTION ( 'NONE',  ( 1.892934042853975533E-15, 1.000000000000000000, -3.590428791673030081E-15 ) ) ;
#959 = AXIS2_PLACEMENT_3D ( 'NONE', #1390, #1127, #1264 ) ;
#960 = ORIENTED_EDGE ( 'NONE', *, *, #748, .F. ) ;
#961 = CIRCLE ( 'NONE', #1095, 0.1653543307086616510 ) ;
#962 = VECTOR ( 'NONE', #1389, 39.37007874015748143 ) ;
#963 = ORIENTED_EDGE ( 'NONE', *, *, #606, .T. ) ;
#964 = DIRECTION ( 'NONE',  ( 0.000000000000000000, 0.000000000000000000, 1.000000000000000000 ) ) ;
#965 = CARTESIAN_POINT ( 'NONE',  ( 3.631806092188872181, 20.23872322311160943, 0.000000000000000000 ) ) ;
#966 = CARTESIAN_POINT ( 'NONE',  ( 2.409394568923568070, 23.00194783241069629, -0.2500000000000000000 ) ) ;
#967 = EDGE_CURVE ( 'NONE', #590, #1353, #232, .T. ) ;
#968 = LINE ( 'NONE', #1070, #1347 ) ;
#969 = ORIENTED_EDGE ( 'NONE', *, *, #1563, .T. ) ;
#970 = DIRECTION ( 'NONE',  ( 1.000000000000000000, 0.000000000000000000, -3.512375991854052315E-15 ) ) ;
#971 = ORIENTED_EDGE ( 'NONE', *, *, #1573, .F. ) ;
#972 = DIRECTION ( 'NONE',  ( 1.000000000000000000, -0.000000000000000000, -3.512375991854052315E-15 ) ) ;
#973 = CARTESIAN_POINT ( 'NONE',  ( 7.860000000000003872, 1.999999999999997335, -0.3499999999999959810 ) ) ;
#974 = DIRECTION ( 'NONE',  ( 0.000000000000000000, -0.000000000000000000, 1.000000000000000000 ) ) ;
#975 = CARTESIAN_POINT ( 'NONE',  ( 1.509999999999995568, 2.349999999999996092, -0.3499999999999947042 ) ) ;
#976 = EDGE_CURVE ( 'NONE', #344, #489, #104, .T. ) ;
#977 = EDGE_LOOP ( 'NONE', ( #1414, #145, #1662 ) ) ;
#978 = AXIS2_PLACEMENT_3D ( 'NONE', #1098, #450, #584 ) ;
#979 = ORIENTED_EDGE ( 'NONE', *, *, #1326, .F. ) ;
#980 = CARTESIAN_POINT ( 'NONE',  ( 7.843561962427146206, 2.349999999999996092, 5.327103587645313572E-15 ) ) ;
#981 = DIRECTION ( 'NONE',  ( 0.000000000000000000, 3.304235192336770779E-15, 1.000000000000000000 ) ) ;
#982 = CARTESIAN_POINT ( 'NONE',  ( 2.344645669291334222, 2.250000000000003997, -1.340354330708658726 ) ) ;
#983 = DIRECTION ( 'NONE',  ( 1.000000000000000000, -0.000000000000000000, -3.512375991854052315E-15 ) ) ;
#984 = EDGE_CURVE ( 'NONE', #1508, #4, #1144, .T. ) ;
#985 = ORIENTED_EDGE ( 'NONE', *, *, #1403, .T. ) ;
#986 = VECTOR ( 'NONE', #1440, 39.37007874015748143 ) ;
#987 = ORIENTED_EDGE ( 'NONE', *, *, #608, .F. ) ;
#988 = VECTOR ( 'NONE', #1462, 39.37007874015748143 ) ;
#989 = AXIS2_PLACEMENT_3D ( 'NONE', #562, #1513, #835 ) ;
#990 = CARTESIAN_POINT ( 'NONE',  ( 4.344645669291333334, 2.000000000000000000, -1.340354330708657615 ) ) ;
#991 = LINE ( 'NONE', #212, #416 ) ;
#992 = CARTESIAN_POINT ( 'NONE',  ( 2.185860046268665258, 23.14000000000000412, 0.000000000000000000 ) ) ;
#993 = ORIENTED_EDGE ( 'NONE', *, *, #1051, .T. ) ;
#994 = FACE_OUTER_BOUND ( 'NONE', #259, .T. ) ;
#995 = ORIENTED_EDGE ( 'NONE', *, *, #1657, .F. ) ;
#996 = ORIENTED_EDGE ( 'NONE', *, *, #611, .F. ) ;
#997 = EDGE_CURVE ( 'NONE', #1327, #807, #506, .T. ) ;
#998 = FACE_OUTER_BOUND ( 'NONE', #1629, .T. ) ;
#999 = CARTESIAN_POINT ( 'NONE',  ( 6.344645669291334222, 2.249999999999997780, -1.009645669291335146 ) ) ;
#1000 = LINE ( 'NONE', #1650, #962 ) ;
#1001 = PRESENTATION_STYLE_ASSIGNMENT (( #857 ) ) ;
#1002 = ORIENTED_EDGE ( 'NONE', *, *, #66, .F. ) ;
#1003 = EDGE_LOOP ( 'NONE', ( #1009, #231, #691, #301 ) ) ;
#1004 = DIRECTION ( 'NONE',  ( 0.000000000000000000, 3.304235192336770779E-15, 1.000000000000000000 ) ) ;
#1005 = CIRCLE ( 'NONE', #270, 51.95339843179001349 ) ;
#1006 = ADVANCED_FACE ( 'NONE', ( #1209 ), #197, .F. ) ;
#1007 = DIRECTION ( 'NONE',  ( 1.892934042853975138E-15, 1.000000000000000000, -3.590428791673030081E-15 ) ) ;
#1008 = DIRECTION ( 'NONE',  ( 1.000000000000000000, -0.000000000000000000, -3.512375991854052315E-15 ) ) ;
#1009 = ORIENTED_EDGE ( 'NONE', *, *, #798, .F. ) ;
#1010 = ORIENTED_EDGE ( 'NONE', *, *, #698, .T. ) ;
#1011 = VECTOR ( 'NONE', #1560, 39.37007874015748143 ) ;
#1012 = LINE ( 'NONE', #1681, #868 ) ;
#1013 = DIRECTION ( 'NONE',  ( -0.000000000000000000, -0.000000000000000000, 1.000000000000000000 ) ) ;
#1014 = CIRCLE ( 'NONE', #468, 0.2500000000000027756 ) ;
#1015 =( BOUNDED_SURFACE ( )  B_SPLINE_SURFACE ( 3, 1, ( 
 ( #1281, #1312 ),
 ( #529, #648 ),
 ( #1675, #1142 ),
 ( #110, #1701 ) ),
 .UNSPECIFIED., .F., .F., .F. ) 
 B_SPLINE_SURFACE_WITH_KNOTS ( ( 4, 4 ),
 ( 2, 2 ),
 ( 0.000000000000000000, 1.000000000000000000 ),
 ( 0.000000000000000000, 1.000000000000000000 ),
 .UNSPECIFIED. ) 
 GEOMETRIC_REPRESENTATION_ITEM ( )  RATIONAL_B_SPLINE_SURFACE ( (
 ( 1.000000000000000000, 1.000000000000000000),
 ( 0.3333333333333333703, 0.3333333333333333703),
 ( 0.3333333333333333703, 0.3333333333333333703),
 ( 1.000000000000000000, 1.000000000000000000) ) ) 
 REPRESENTATION_ITEM ( '' )  SURFACE ( )  );
#1016 = CARTESIAN_POINT ( 'NONE',  ( 2.675354330708656470, 2.000000000000004441, -1.340354330708657837 ) ) ;
#1017 = DIRECTION ( 'NONE',  ( 0.000000000000000000, -1.000000000000000000, 3.590428791673030081E-15 ) ) ;
#1018 = ADVANCED_FACE ( 'NONE', ( #75 ), #1091, .F. ) ;
#1019 = ORIENTED_EDGE ( 'NONE', *, *, #1613, .T. ) ;
#1020 = DIRECTION ( 'NONE',  ( 1.000000000000000000, -0.000000000000000000, -3.512375991854052315E-15 ) ) ;
#1021 = EDGE_LOOP ( 'NONE', ( #645, #1435, #1097, #952 ) ) ;
#1022 = CARTESIAN_POINT ( 'NONE',  ( 7.860000000000003872, 1.999999999999997780, -0.2499999999999956979 ) ) ;
#1023 = LINE ( 'NONE', #1166, #602 ) ;
#1024 = CARTESIAN_POINT ( 'NONE',  ( 4.187864042533941067, 14.83317831032973011, -0.2500000000000000555 ) ) ;
#1025 = FACE_OUTER_BOUND ( 'NONE', #1128, .T. ) ;
#1026 = EDGE_CURVE ( 'NONE', #175, #1257, #427, .T. ) ;
#1027 = DIRECTION ( 'NONE',  ( 1.000000000000000000, -1.892934042853975138E-15, 8.646343036883340567E-31 ) ) ;
#1028 = ORIENTED_EDGE ( 'NONE', *, *, #1314, .F. ) ;
#1029 = DIRECTION ( 'NONE',  ( 1.000000000000000000, 0.000000000000000000, 0.000000000000000000 ) ) ;
#1030 = EDGE_LOOP ( 'NONE', ( #350, #1143, #1342, #527 ) ) ;
#1031 = CARTESIAN_POINT ( 'NONE',  ( 1.509999999999995568, 2.249999999999996003, -0.3499999999999943712 ) ) ;
#1032 = AXIS2_PLACEMENT_3D ( 'NONE', #577, #1495, #964 ) ;
#1033 = DIRECTION ( 'NONE',  ( 1.000000000000000000, 0.000000000000000000, 0.000000000000000000 ) ) ;
#1034 = CARTESIAN_POINT ( 'NONE',  ( 2.344645669291333778, 1.999374015748021760, -1.340354330708657837 ) ) ;
#1035 = ORIENTED_EDGE ( 'NONE', *, *, #1037, .F. ) ;
#1036 = LINE ( 'NONE', #376, #823 ) ;
#1037 = EDGE_CURVE ( 'NONE', #1469, #1360, #445, .T. ) ;
#1038 = ORIENTED_EDGE ( 'NONE', *, *, #716, .T. ) ;
#1039 = ORIENTED_EDGE ( 'NONE', *, *, #1358, .F. ) ;
#1040 = CARTESIAN_POINT ( 'NONE',  ( 7.860000000000003872, 1.999999999999997335, -0.3499999999999959810 ) ) ;
#1041 = AXIS2_PLACEMENT_3D ( 'NONE', #1611, #19, #944 ) ;
#1042 = DIRECTION ( 'NONE',  ( 0.000000000000000000, -1.000000000000000000, 0.000000000000000000 ) ) ;
#1043 = LINE ( 'NONE', #622, #495 ) ;
#1044 = VECTOR ( 'NONE', #306, 39.37007874015748143 ) ;
#1045 = AXIS2_PLACEMENT_3D ( 'NONE', #1417, #245, #1291 ) ;
#1046 = CARTESIAN_POINT ( 'NONE',  ( 5.399089659523567342, 16.17579296006381639, -0.2500000000000000555 ) ) ;
#1047 = CARTESIAN_POINT ( 'NONE',  ( 4.187864042533941067, 15.64893697419836904, 0.000000000000000000 ) ) ;
#1048 = ORIENTED_EDGE ( 'NONE', *, *, #1238, .F. ) ;
#1049 = ORIENTED_EDGE ( 'NONE', *, *, #1222, .F. ) ;
#1050 = DIRECTION ( 'NONE',  ( -3.304235192336789711E-15, 0.000000000000000000, -1.000000000000000000 ) ) ;
#1051 = EDGE_CURVE ( 'NONE', #1583, #1443, #1577, .T. ) ;
#1052 = CYLINDRICAL_SURFACE ( 'NONE', #1032, 0.3500000000000000333 ) ;
#1053 = CARTESIAN_POINT ( 'NONE',  ( 2.675354330708657358, 2.000000000000003997, -1.174999999999996048 ) ) ;
#1054 = LINE ( 'NONE', #929, #904 ) ;
#1055 = VERTEX_POINT ( 'NONE', #695 ) ;
#1056 = EDGE_LOOP ( 'NONE', ( #874, #815 ) ) ;
#1057 = CARTESIAN_POINT ( 'NONE',  ( 6.675354330708656470, 1.999374015748013544, -1.340354330708657615 ) ) ;
#1058 = CARTESIAN_POINT ( 'NONE',  ( 1.159999999999982156, 2.000000000000002665, -0.3499999999999820477 ) ) ;
#1059 = EDGE_CURVE ( 'NONE', #292, #660, #824, .T. ) ;
#1060 = CARTESIAN_POINT ( 'NONE',  ( 4.675354330708657358, 2.000000000000000888, -1.009645669291334480 ) ) ;
#1061 = AXIS2_PLACEMENT_3D ( 'NONE', #1522, #731, #91 ) ;
#1062 = CARTESIAN_POINT ( 'NONE',  ( 4.213951224809987295, 5.547856372576045025, 0.000000000000000000 ) ) ;
#1063 = ORIENTED_EDGE ( 'NONE', *, *, #1531, .T. ) ;
#1064 = ORIENTED_EDGE ( 'NONE', *, *, #535, .F. ) ;
#1065 = CARTESIAN_POINT ( 'NONE',  ( 6.344645669291334222, 1.999374015748014655, -1.174999999999995604 ) ) ;
#1066 = CARTESIAN_POINT ( 'NONE',  ( 1.159999999999973275, 21.90000000000001990, -0.8346456692913222231 ) ) ;
#1067 = CARTESIAN_POINT ( 'NONE',  ( 7.860000000000003872, 1.999999999999997335, -0.3499999999999954259 ) ) ;
#1068 = VECTOR ( 'NONE', #156, 39.37007874015748143 ) ;
#1069 = VECTOR ( 'NONE', #451, 39.37007874015748143 ) ;
#1070 = CARTESIAN_POINT ( 'NONE',  ( 1.509999999999996456, 2.250000000000003109, -1.999999999999998002 ) ) ;
#1071 = ADVANCED_FACE ( 'NONE', ( #720 ), #308, .F. ) ;
#1072 = VECTOR ( 'NONE', #84, 39.37007874015748143 ) ;
#1073 =( BOUNDED_SURFACE ( )  B_SPLINE_SURFACE ( 3, 1, ( 
 ( #1305, #1047 ),
 ( #1420, #1562 ),
 ( #779, #1295 ),
 ( #1078, #1340 ) ),
 .UNSPECIFIED., .F., .F., .T. ) 
 B_SPLINE_SURFACE_WITH_KNOTS ( ( 4, 4 ),
 ( 2, 2 ),
 ( 0.000000000000000000, 1.000000000000000000 ),
 ( 0.000000000000000000, 1.000000000000000000 ),
 .UNSPECIFIED. ) 
 GEOMETRIC_REPRESENTATION_ITEM ( )  RATIONAL_B_SPLINE_SURFACE ( (
 ( 1.000000000000000000, 1.000000000000000000),
 ( 0.3333333333333333703, 0.3333333333333333703),
 ( 0.3333333333333333703, 0.3333333333333333703),
 ( 1.000000000000000000, 1.000000000000000000) ) ) 
 REPRESENTATION_ITEM ( '' )  SURFACE ( )  );
#1074 = ORIENTED_EDGE ( 'NONE', *, *, #984, .T. ) ;
#1075 = ORIENTED_EDGE ( 'NONE', *, *, #326, .F. ) ;
#1076 = CARTESIAN_POINT ( 'NONE',  ( 1.509999999999995124, 2.349999999999996092, -0.2499999999999946709 ) ) ;
#1077 = CARTESIAN_POINT ( 'NONE',  ( 1.159999999999976383, 0.000000000000000000, -1.999999999999982681 ) ) ;
#1078 = CARTESIAN_POINT ( 'NONE',  ( 2.420580475199245019, 19.71186723724616385, -0.2500000000000000555 ) ) ;
#1079 = DIRECTION ( 'NONE',  ( 1.000000000000000000, 0.000000000000000000, -0.000000000000000000 ) ) ;
#1080 = ORIENTED_EDGE ( 'NONE', *, *, #1159, .F. ) ;
#1081 = VERTEX_POINT ( 'NONE', #333 ) ;
#1082 = LINE ( 'NONE', #1090, #1480 ) ;
#1083 = CARTESIAN_POINT ( 'NONE',  ( 1.409999999999979270, 3.000000000000023537, -1.165354330708645580 ) ) ;
#1084 = CARTESIAN_POINT ( 'NONE',  ( 1.159999999999976383, 23.14000000000000412, -1.999999999999982681 ) ) ;
#1085 = CARTESIAN_POINT ( 'NONE',  ( 1.509999999999995124, 2.349999999999996536, -0.3500000000000005884 ) ) ;
#1086 = ORIENTED_EDGE ( 'NONE', *, *, #1087, .F. ) ;
#1087 = EDGE_CURVE ( 'NONE', #856, #754, #187, .T. ) ;
#1088 = VERTEX_POINT ( 'NONE', #855 ) ;
#1089 = EDGE_CURVE ( 'NONE', #439, #1508, #460, .T. ) ;
#1090 = CARTESIAN_POINT ( 'NONE',  ( 7.176780981213570776, 2.781713543831470403, -2.000000000000001332 ) ) ;
#1091 = PLANE ( 'NONE',  #989 ) ;
#1092 = VECTOR ( 'NONE', #1185, 39.37007874015748143 ) ;
#1093 = ORIENTED_EDGE ( 'NONE', *, *, #1476, .F. ) ;
#1094 = DIRECTION ( 'NONE',  ( -3.512375991854052315E-15, 0.000000000000000000, -1.000000000000000000 ) ) ;
#1095 = AXIS2_PLACEMENT_3D ( 'NONE', #371, #1007, #107 ) ;
#1096 = VECTOR ( 'NONE', #1329, 39.37007874015748143 ) ;
#1097 = ORIENTED_EDGE ( 'NONE', *, *, #413, .F. ) ;
#1098 = CARTESIAN_POINT ( 'NONE',  ( -6.924606895954950936, 11.70033416803600801, -0.2500000000000000555 ) ) ;
#1099 = EDGE_CURVE ( 'NONE', #739, #1055, #910, .T. ) ;
#1100 = CARTESIAN_POINT ( 'NONE',  ( 7.844932045648741692, 2.304176854212597991, 5.323896892284433265E-15 ) ) ;
#1101 = CARTESIAN_POINT ( 'NONE',  ( 1.409999999999976161, 2.000000000000001776, -1.999999999999983569 ) ) ;
#1102 = DIRECTION ( 'NONE',  ( 1.000000000000000000, 0.000000000000000000, 0.000000000000000000 ) ) ;
#1103 = VERTEX_POINT ( 'NONE', #436 ) ;
#1104 = LINE ( 'NONE', #941, #988 ) ;
#1105 = ORIENTED_EDGE ( 'NONE', *, *, #596, .F. ) ;
#1106 = CARTESIAN_POINT ( 'NONE',  ( 2.675354330708657802, 2.000000000000004441, -1.009645669291334480 ) ) ;
#1107 = DIRECTION ( 'NONE',  ( 0.000000000000000000, 1.000000000000000000, -3.590428791673030081E-15 ) ) ;
#1108 = ADVANCED_FACE ( 'NONE', ( #59 ), #1218, .T. ) ;
#1109 = CARTESIAN_POINT ( 'NONE',  ( 1.159999999999995257, 23.14000000000000412, -0.2500000000000000000 ) ) ;
#1110 = EDGE_LOOP ( 'NONE', ( #1606, #62, #1296, #1543 ) ) ;
#1111 = VECTOR ( 'NONE', #1615, 39.37007874015748143 ) ;
#1112 = ADVANCED_FACE ( 'NONE', ( #324 ), #315, .F. ) ;
#1113 = ORIENTED_EDGE ( 'NONE', *, *, #1695, .F. ) ;
#1114 = DIRECTION ( 'NONE',  ( 1.000000000000000000, 0.000000000000000000, 0.000000000000000000 ) ) ;
#1115 = DIRECTION ( 'NONE',  ( 0.000000000000000000, 3.590428791673030081E-15, 1.000000000000000000 ) ) ;
#1116 = CARTESIAN_POINT ( 'NONE',  ( 7.860000000000005649, 1.999999999999991784, -1.999999999999996669 ) ) ;
#1117 =( NAMED_UNIT ( * ) PLANE_ANGLE_UNIT ( ) SI_UNIT ( $, .RADIAN. ) );
#1118 = ORIENTED_EDGE ( 'NONE', *, *, #493, .F. ) ;
#1119 = EDGE_CURVE ( 'NONE', #1679, #286, #570, .T. ) ;
#1120 = VECTOR ( 'NONE', #85, 39.37007874015748143 ) ;
#1121 = ORIENTED_EDGE ( 'NONE', *, *, #435, .T. ) ;
#1122 = VECTOR ( 'NONE', #827, 39.37007874015748143 ) ;
#1123 = VECTOR ( 'NONE', #172, 39.37007874015748143 ) ;
#1124 = DIRECTION ( 'NONE',  ( -3.304235192336789711E-15, 0.000000000000000000, -1.000000000000000000 ) ) ;
#1125 = DIRECTION ( 'NONE',  ( -0.000000000000000000, -0.000000000000000000, 1.000000000000000000 ) ) ;
#1126 = FACE_BOUND ( 'NONE', #831, .T. ) ;
#1127 = DIRECTION ( 'NONE',  ( 1.000000000000000000, 0.000000000000000000, -3.512375991854052315E-15 ) ) ;
#1128 = EDGE_LOOP ( 'NONE', ( #609, #473, #654, #996 ) ) ;
#1129 = EDGE_CURVE ( 'NONE', #286, #1135, #1634, .T. ) ;
#1130 = ORIENTED_EDGE ( 'NONE', *, *, #1412, .F. ) ;
#1131 = CARTESIAN_POINT ( 'NONE',  ( 7.860000000000003872, 2.166666666666663854, -0.3499999999999961475 ) ) ;
#1132 = LINE ( 'NONE', #1665, #144 ) ;
#1133 = FACE_OUTER_BOUND ( 'NONE', #1275, .T. ) ;
#1134 = FACE_BOUND ( 'NONE', #438, .T. ) ;
#1135 = VERTEX_POINT ( 'NONE', #580 ) ;
#1136 = ORIENTED_EDGE ( 'NONE', *, *, #346, .F. ) ;
#1137 = DIRECTION ( 'NONE',  ( 0.000000000000000000, 0.000000000000000000, 1.000000000000000000 ) ) ;
#1138 = CIRCLE ( 'NONE', #406, 0.1653543307086616510 ) ;
#1139 = CARTESIAN_POINT ( 'NONE',  ( 4.213951224809987295, 5.547856372576045025, -0.2500000000000000555 ) ) ;
#1140 = EDGE_CURVE ( 'NONE', #859, #1221, #711, .T. ) ;
#1141 = CARTESIAN_POINT ( 'NONE',  ( 4.187864042533941067, 14.83317831032973011, 0.000000000000000000 ) ) ;
#1142 = CARTESIAN_POINT ( 'NONE',  ( 2.976638425544313016, 15.12208098833292702, 0.000000000000000000 ) ) ;
#1143 = ORIENTED_EDGE ( 'NONE', *, *, #748, .T. ) ;
#1144 = LINE ( 'NONE', #1678, #1204 ) ;
#1145 = ORIENTED_EDGE ( 'NONE', *, *, #243, .T. ) ;
#1146 = AXIS2_PLACEMENT_3D ( 'NONE', #1523, #1362, #340 ) ;
#1147 = CARTESIAN_POINT ( 'NONE',  ( 1.509999999999995124, 23.14000000000000412, -5.463695987328526437E-16 ) ) ;
#1148 = CARTESIAN_POINT ( 'NONE',  ( 2.409394568923568070, 23.00194783241069629, 0.000000000000000000 ) ) ;
#1149 = DIRECTION ( 'NONE',  ( -0.000000000000000000, 0.000000000000000000, -1.000000000000000000 ) ) ;
#1150 = EDGE_CURVE ( 'NONE', #1500, #387, #1372, .T. ) ;
#1151 = CARTESIAN_POINT ( 'NONE',  ( 1.409999999999979270, 21.90000000000001990, -1.165354330708644470 ) ) ;
#1152 = EDGE_LOOP ( 'NONE', ( #150, #88 ) ) ;
#1153 = CARTESIAN_POINT ( 'NONE',  ( 6.344645669291334222, 2.249999999999997780, -1.009645669291335146 ) ) ;
#1154 = EDGE_LOOP ( 'NONE', ( #1470, #913, #625, #1228 ) ) ;
#1155 = DIRECTION ( 'NONE',  ( 0.000000000000000000, 0.000000000000000000, 1.000000000000000000 ) ) ;
#1156 = CARTESIAN_POINT ( 'NONE',  ( 1.409999999999979270, 19.90000000000002345, -1.165354330708644470 ) ) ;
#1157 = LINE ( 'NONE', #784, #1535 ) ;
#1158 = FACE_OUTER_BOUND ( 'NONE', #787, .T. ) ;
#1159 = EDGE_CURVE ( 'NONE', #1103, #581, #761, .T. ) ;
#1160 = DIRECTION ( 'NONE',  ( 1.892934042853975138E-15, 1.000000000000000000, -3.590428791673030081E-15 ) ) ;
#1161 = CARTESIAN_POINT ( 'NONE',  ( 7.846301635355956705, 2.323825211564067850, -0.2526027323331631602 ) ) ;
#1162 = ORIENTED_EDGE ( 'NONE', *, *, #1293, .F. ) ;
#1163 = PRODUCT_DEFINITION ( 'UNKNOWN', '', #216, #762 ) ;
#1164 = SHAPE_DEFINITION_REPRESENTATION ( #692, #1693 ) ;
#1165 = ORIENTED_EDGE ( 'NONE', *, *, #89, .T. ) ;
#1166 = CARTESIAN_POINT ( 'NONE',  ( 1.159999999999979936, 23.14000000000000412, -0.9999999999999826805 ) ) ;
#1167 = VECTOR ( 'NONE', #482, 39.37007874015748143 ) ;
#1168 = LINE ( 'NONE', #942, #102 ) ;
#1169 = CARTESIAN_POINT ( 'NONE',  ( 4.344645669291334222, 2.250000000000000888, -1.174999999999996936 ) ) ;
#1170 = EDGE_CURVE ( 'NONE', #1404, #902, #364, .T. ) ;
#1171 = ORIENTED_EDGE ( 'NONE', *, *, #1336, .T. ) ;
#1172 = ORIENTED_EDGE ( 'NONE', *, *, #1119, .T. ) ;
#1173 = LINE ( 'NONE', #1538, #851 ) ;
#1174 = CIRCLE ( 'NONE', #522, 0.1000000000000000194 ) ;
#1175 = CYLINDRICAL_SURFACE ( 'NONE', #1492, 51.95339843179001349 ) ;
#1176 = CARTESIAN_POINT ( 'NONE',  ( 1.409999999999980380, 19.90000000000002345, -0.8346456692913232223 ) ) ;
#1177 = VECTOR ( 'NONE', #230, 39.37007874015748143 ) ;
#1178 = ORIENTED_EDGE ( 'NONE', *, *, #452, .F. ) ;
#1179 = ORIENTED_EDGE ( 'NONE', *, *, #954, .T. ) ;
#1180 = ADVANCED_FACE ( 'NONE', ( #603, #341, #613, #1126, #348 ), #752, .T. ) ;
#1181 = ORIENTED_EDGE ( 'NONE', *, *, #967, .F. ) ;
#1182 = CYLINDRICAL_SURFACE ( 'NONE', #632, 0.1653543307086612346 ) ;
#1183 = CARTESIAN_POINT ( 'NONE',  ( 1.509999999999995124, 23.14000000000000412, -5.463695987328526437E-16 ) ) ;
#1184 = CARTESIAN_POINT ( 'NONE',  ( 7.849041308284768093, 2.299638101962905967, -0.2626213611645689672 ) ) ;
#1185 = DIRECTION ( 'NONE',  ( 1.000000000000000000, -1.892934042853974744E-15, 8.604245649336249508E-17 ) ) ;
#1186 = ORIENTED_EDGE ( 'NONE', *, *, #1314, .T. ) ;
#1187 = ORIENTED_EDGE ( 'NONE', *, *, #1387, .F. ) ;
#1188 = DIRECTION ( 'NONE',  ( 1.892934042853975533E-15, 1.000000000000000000, -3.590428791673030081E-15 ) ) ;
#1189 = CARTESIAN_POINT ( 'NONE',  ( 7.755526866610956915, 6.260566922747311303, -0.2500000000000000555 ) ) ;
#1190 = ADVANCED_FACE ( 'NONE', ( #1133 ), #1271, .F. ) ;
#1191 = CARTESIAN_POINT ( 'NONE',  ( 7.857260327071192485, 2.252602732333163882, -0.3238252115640670170 ) ) ;
#1192 = AXIS2_PLACEMENT_3D ( 'NONE', #781, #389, #1297 ) ;
#1193 = CARTESIAN_POINT ( 'NONE',  ( 2.420580475199245019, 19.71186723724616385, 0.000000000000000000 ) ) ;
#1194 = ORIENTED_EDGE ( 'NONE', *, *, #1326, .T. ) ;
#1195 = VERTEX_POINT ( 'NONE', #93 ) ;
#1196 = LINE ( 'NONE', #582, #909 ) ;
#1197 = CARTESIAN_POINT ( 'NONE',  ( 1.159999999999995257, 23.14000000000000412, -0.2500000000000000000 ) ) ;
#1198 = CARTESIAN_POINT ( 'NONE',  ( 6.344645669291334222, 1.999374015748015099, -1.009645669291334258 ) ) ;
#1199 = AXIS2_PLACEMENT_3D ( 'NONE', #605, #222, #1410 ) ;
#1200 = EDGE_CURVE ( 'NONE', #115, #858, #252, .T. ) ;
#1201 = DIRECTION ( 'NONE',  ( -3.304235192336789711E-15, 0.000000000000000000, -1.000000000000000000 ) ) ;
#1202 = AXIS2_PLACEMENT_3D ( 'NONE', #509, #1299, #637 ) ;
#1203 = FACE_OUTER_BOUND ( 'NONE', #71, .T. ) ;
#1204 = VECTOR ( 'NONE', #368, 39.37007874015748143 ) ;
#1205 = VERTEX_POINT ( 'NONE', #109 ) ;
#1206 = ORIENTED_EDGE ( 'NONE', *, *, #725, .T. ) ;
#1207 = DIRECTION ( 'NONE',  ( -1.000000000000000000, -0.000000000000000000, -0.000000000000000000 ) ) ;
#1208 = CARTESIAN_POINT ( 'NONE',  ( 1.509999999999995124, 23.14000000000000412, -0.2500000000000005551 ) ) ;
#1209 = FACE_OUTER_BOUND ( 'NONE', #1688, .T. ) ;
#1210 = CYLINDRICAL_SURFACE ( 'NONE', #1258, 0.1653543307086616510 ) ;
#1211 = EDGE_CURVE ( 'NONE', #124, #678, #1000, .T. ) ;
#1212 = ORIENTED_EDGE ( 'NONE', *, *, #74, .T. ) ;
#1213 = EDGE_CURVE ( 'NONE', #1195, #1422, #870, .T. ) ;
#1214 = ORIENTED_EDGE ( 'NONE', *, *, #682, .T. ) ;
#1215 = ADVANCED_FACE ( 'NONE', ( #863 ), #1428, .F. ) ;
#1216 = DIRECTION ( 'NONE',  ( 1.000000000000000000, -1.892934042853972377E-15, 7.805279981897960977E-16 ) ) ;
#1217 = CYLINDRICAL_SURFACE ( 'NONE', #1680, 0.1653543307086615122 ) ;
#1218 = PLANE ( 'NONE',  #1351 ) ;
#1219 = CARTESIAN_POINT ( 'NONE',  ( 6.675354330708656470, 2.249999999999996003, -1.340354330708658503 ) ) ;
#1220 = VECTOR ( 'NONE', #330, 39.37007874015748143 ) ;
#1221 = VERTEX_POINT ( 'NONE', #879 ) ;
#1222 = EDGE_CURVE ( 'NONE', #124, #883, #735, .T. ) ;
#1223 = ORIENTED_EDGE ( 'NONE', *, *, #565, .F. ) ;
#1224 = CARTESIAN_POINT ( 'NONE',  ( 6.344645669291334222, 2.249999999999996891, -1.174999999999996714 ) ) ;
#1225 = LINE ( 'NONE', #1371, #1466 ) ;
#1226 = DIRECTION ( 'NONE',  ( 1.000000000000000000, -0.000000000000000000, -3.512375991854052315E-15 ) ) ;
#1227 = CIRCLE ( 'NONE', #875, 0.1653543307086612346 ) ;
#1228 = ORIENTED_EDGE ( 'NONE', *, *, #786, .F. ) ;
#1229 = CARTESIAN_POINT ( 'NONE',  ( 5.984739045710472105, 5.904211647661679052, -0.2500000000000000555 ) ) ;
#1230 = CIRCLE ( 'NONE', #1574, 51.95339843179001349 ) ;
#1231 = VERTEX_POINT ( 'NONE', #992 ) ;
#1232 = APPLICATION_CONTEXT ( 'automotive_design' ) ;
#1233 = EDGE_CURVE ( 'NONE', #227, #124, #1263, .T. ) ;
#1234 = LINE ( 'NONE', #955, #1592 ) ;
#1235 = CARTESIAN_POINT ( 'NONE',  ( 7.858629916778408386, 1.999999999999995559, -0.3041768542125987684 ) ) ;
#1236 = CARTESIAN_POINT ( 'NONE',  ( 2.176780981213570332, 2.781713543831470403, -2.000000000000001332 ) ) ;
#1237 =( CONVERSION_BASED_UNIT ( 'INCH', #721 ) LENGTH_UNIT ( ) NAMED_UNIT ( #697 ) );
#1238 = EDGE_CURVE ( 'NONE', #799, #1353, #372, .T. ) ;
#1239 = ORIENTED_EDGE ( 'NONE', *, *, #640, .T. ) ;
#1240 = VERTEX_POINT ( 'NONE', #1016 ) ;
#1241 =( BOUNDED_CURVE ( )  B_SPLINE_CURVE ( 3, ( #163, #912, #684, #901 ),
 .UNSPECIFIED., .F., .F. ) 
 B_SPLINE_CURVE_WITH_KNOTS ( ( 4, 4 ),
 ( 3.141592653589793116, 6.283185307179586232 ),
 .UNSPECIFIED. ) 
 CURVE ( )  GEOMETRIC_REPRESENTATION_ITEM ( )  RATIONAL_B_SPLINE_CURVE ( ( 1.000000000000000000, 0.3333333333333333703, 0.3333333333333333703, 1.000000000000000000 ) ) 
 REPRESENTATION_ITEM ( '' )  );
#1242 = CARTESIAN_POINT ( 'NONE',  ( 1.509999999999994458, 2.250000000000009770, -0.3499999999999970912 ) ) ;
#1243 = CARTESIAN_POINT ( 'NONE',  ( 6.344645669291334222, 1.999999999999996891, -1.174999999999995604 ) ) ;
#1244 = DIRECTION ( 'NONE',  ( 1.000000000000000000, -0.000000000000000000, -3.512375991854052315E-15 ) ) ;
#1245 = ADVANCED_FACE ( 'NONE', ( #1549 ), #1280, .F. ) ;
#1246 = ORIENTED_EDGE ( 'NONE', *, *, #1399, .T. ) ;
#1247 = FACE_OUTER_BOUND ( 'NONE', #1401, .T. ) ;
#1248 = ORIENTED_EDGE ( 'NONE', *, *, #817, .T. ) ;
#1249 = AXIS2_PLACEMENT_3D ( 'NONE', #750, #1407, #1004 ) ;
#1250 = ORIENTED_EDGE ( 'NONE', *, *, #650, .T. ) ;
#1251 = LINE ( 'NONE', #1664, #294 ) ;
#1252 = CARTESIAN_POINT ( 'NONE',  ( 7.846301635355956705, 2.258388240474247688, -0.009109563166084249861 ) ) ;
#1253 = DIRECTION ( 'NONE',  ( -1.000000000000000000, 0.000000000000000000, 3.613946018757868503E-15 ) ) ;
#1254 = DIRECTION ( 'NONE',  ( 0.000000000000000000, 0.000000000000000000, 1.000000000000000000 ) ) ;
#1255 = EDGE_CURVE ( 'NONE', #1081, #1404, #1323, .T. ) ;
#1256 = CIRCLE ( 'NONE', #521, 0.1653543307086607073 ) ;
#1257 = VERTEX_POINT ( 'NONE', #1058 ) ;
#1258 = AXIS2_PLACEMENT_3D ( 'NONE', #1499, #958, #704 ) ;
#1259 = ORIENTED_EDGE ( 'NONE', *, *, #895, .T. ) ;
#1260 = AXIS2_PLACEMENT_3D ( 'NONE', #1683, #1700, #1464 ) ;
#1261 = DIRECTION ( 'NONE',  ( 0.000000000000000000, 0.000000000000000000, 1.000000000000000000 ) ) ;
#1262 = LINE ( 'NONE', #1381, #1069 ) ;
#1263 = LINE ( 'NONE', #1409, #1177 ) ;
#1264 = DIRECTION ( 'NONE',  ( -3.512375991854052315E-15, 0.000000000000000000, -1.000000000000000000 ) ) ;
#1265 = ORIENTED_EDGE ( 'NONE', *, *, #1140, .T. ) ;
#1266 = ADVANCED_FACE ( 'NONE', ( #257 ), #1175, .T. ) ;
#1267 = ORIENTED_EDGE ( 'NONE', *, *, #430, .T. ) ;
#1268 = CARTESIAN_POINT ( 'NONE',  ( 1.409999999999979714, 23.14000000000000412, -0.9999999999999835687 ) ) ;
#1269 = EDGE_CURVE ( 'NONE', #158, #597, #793, .T. ) ;
#1270 = DIRECTION ( 'NONE',  ( -1.000000000000000000, 0.000000000000000000, 3.512375991854053104E-15 ) ) ;
#1271 = CYLINDRICAL_SURFACE ( 'NONE', #1045, 0.1653543307086616510 ) ;
#1272 = CARTESIAN_POINT ( 'NONE',  ( 7.843561962427146206, 2.349999999999996092, -0.2499999999999946709 ) ) ;
#1273 = ORIENTED_EDGE ( 'NONE', *, *, #182, .T. ) ;
#1274 = CARTESIAN_POINT ( 'NONE',  ( 7.853150817677980733, 2.270033315760177750, -0.2885453280025033762 ) ) ;
#1275 = EDGE_LOOP ( 'NONE', ( #729, #1521, #1039, #1456 ) ) ;
#1276 = CIRCLE ( 'NONE', #978, 10.04786461282786547 ) ;
#1277 = EDGE_CURVE ( 'NONE', #1088, #531, #1439, .T. ) ;
#1278 = PLANE ( 'NONE',  #1061 ) ;
#1279 = DIRECTION ( 'NONE',  ( 0.000000000000000000, 3.304235192336773540E-15, 1.000000000000000000 ) ) ;
#1280 = PLANE ( 'NONE',  #604 ) ;
#1281 = CARTESIAN_POINT ( 'NONE',  ( 2.420580475199245019, 19.71186723724616385, -0.2500000000000000555 ) ) ;
#1282 = DIRECTION ( 'NONE',  ( 0.000000000000000000, 0.000000000000000000, 1.000000000000000000 ) ) ;
#1283 = DIRECTION ( 'NONE',  ( 1.000000000000000000, 0.000000000000000000, -0.000000000000000000 ) ) ;
#1284 = ORIENTED_EDGE ( 'NONE', *, *, #392, .F. ) ;
#1285 = AXIS2_PLACEMENT_3D ( 'NONE', #290, #27, #544 ) ;
#1286 = AXIS2_PLACEMENT_3D ( 'NONE', #263, #1567, #1309 ) ;
#1287 = DIRECTION ( 'NONE',  ( -0.000000000000000000, 1.000000000000000000, -0.000000000000000000 ) ) ;
#1288 = EDGE_CURVE ( 'NONE', #1298, #387, #1454, .T. ) ;
#1289 = CARTESIAN_POINT ( 'NONE',  ( 2.417076221633456257, 14.47682303524409697, -0.2500000000000000555 ) ) ;
#1290 = AXIS2_PLACEMENT_3D ( 'NONE', #1084, #1610, #586 ) ;
#1291 = DIRECTION ( 'NONE',  ( 0.000000000000000000, 3.304235192336770779E-15, 1.000000000000000000 ) ) ;
#1292 = DIRECTION ( 'NONE',  ( 5.931810584512607995E-30, 3.590428791673030081E-15, 1.000000000000000000 ) ) ;
#1293 = EDGE_CURVE ( 'NONE', #456, #865, #77, .T. ) ;
#1294 = EDGE_LOOP ( 'NONE', ( #395, #841 ) ) ;
#1295 = CARTESIAN_POINT ( 'NONE',  ( 3.631806092188872181, 20.23872322311160943, 0.000000000000000000 ) ) ;
#1296 = ORIENTED_EDGE ( 'NONE', *, *, #66, .T. ) ;
#1297 = DIRECTION ( 'NONE',  ( 0.000000000000000000, 0.000000000000000000, 1.000000000000000000 ) ) ;
#1298 = VERTEX_POINT ( 'NONE', #1300 ) ;
#1299 = DIRECTION ( 'NONE',  ( 0.000000000000000000, -1.000000000000000000, 0.000000000000000000 ) ) ;
#1300 = CARTESIAN_POINT ( 'NONE',  ( 2.344645669291333778, 2.000000000000003997, -1.340354330708657837 ) ) ;
#1301 = DIRECTION ( 'NONE',  ( 1.892934042853975138E-15, 1.000000000000000000, -3.590428791673030081E-15 ) ) ;
#1302 = B_SPLINE_CURVE_WITH_KNOTS ( 'NONE', 3,
 ( #639, #1692, #383, #1184, #675, #420, #536, #1191, #1465, #275 ),
 .UNSPECIFIED., .F., .F.,
 ( 4, 2, 2, 2, 4 ),
 ( 0.000000000000000000, 0.2500000000000001665, 0.5000000000000003331, 0.7500000000000004441, 1.000000000000000000 ),
 .UNSPECIFIED. ) ;
#1303 = EDGE_CURVE ( 'NONE', #1316, #398, #274, .T. ) ;
#1304 = DIRECTION ( 'NONE',  ( 0.000000000000000000, 3.304235192336770779E-15, 1.000000000000000000 ) ) ;
#1305 = CARTESIAN_POINT ( 'NONE',  ( 4.187864042533941067, 15.64893697419836904, -0.2500000000000000555 ) ) ;
#1306 = EDGE_LOOP ( 'NONE', ( #1063, #715, #70, #1598 ) ) ;
#1307 = APPLICATION_PROTOCOL_DEFINITION ( 'draft international standard', 'automotive_design', 1998, #240 ) ;
#1308 = ORIENTED_EDGE ( 'NONE', *, *, #1663, .T. ) ;
#1309 = DIRECTION ( 'NONE',  ( -3.304235192336779062E-15, 0.000000000000000000, -1.000000000000000000 ) ) ;
#1310 = AXIS2_PLACEMENT_3D ( 'NONE', #1434, #1155, #1029 ) ;
#1311 = FACE_OUTER_BOUND ( 'NONE', #713, .T. ) ;
#1312 = CARTESIAN_POINT ( 'NONE',  ( 2.420580475199245019, 19.71186723724616385, 0.000000000000000000 ) ) ;
#1313 = FACE_OUTER_BOUND ( 'NONE', #953, .T. ) ;
#1314 = EDGE_CURVE ( 'NONE', #1561, #924, #138, .T. ) ;
#1315 = ORIENTED_EDGE ( 'NONE', *, *, #1026, .F. ) ;
#1316 = VERTEX_POINT ( 'NONE', #917 ) ;
#1317 = AXIS2_PLACEMENT_3D ( 'NONE', #1482, #936, #1079 ) ;
#1318 = CARTESIAN_POINT ( 'NONE',  ( 2.185860046268665258, 2.781713543831469071, -0.2500000000000000000 ) ) ;
#1319 = AXIS2_PLACEMENT_3D ( 'NONE', #291, #812, #1341 ) ;
#1320 = CARTESIAN_POINT ( 'NONE',  ( 4.344645669291334222, 2.250000000000001332, -1.009645669291335368 ) ) ;
#1321 = DIRECTION ( 'NONE',  ( 0.000000000000000000, -1.000000000000000000, 0.000000000000000000 ) ) ;
#1322 = VECTOR ( 'NONE', #411, 39.37007874015748143 ) ;
#1323 = CIRCLE ( 'NONE', #1260, 10.04786461282786547 ) ;
#1324 = CARTESIAN_POINT ( 'NONE',  ( 3.631806092188872181, 20.23872322311160943, -0.2500000000000000555 ) ) ;
#1325 = ORIENTED_EDGE ( 'NONE', *, *, #976, .F. ) ;
#1326 = EDGE_CURVE ( 'NONE', #780, #774, #1546, .T. ) ;
#1327 = VERTEX_POINT ( 'NONE', #1066 ) ;
#1328 = FACE_OUTER_BOUND ( 'NONE', #790, .T. ) ;
#1329 = DIRECTION ( 'NONE',  ( 1.892934042853975533E-15, 1.000000000000000000, -3.590428791673030081E-15 ) ) ;
#1330 = UNCERTAINTY_MEASURE_WITH_UNIT (LENGTH_MEASURE( 1.000000000000000082E-05 ), #125, 'distance_accuracy_value', 'NONE');
#1331 = CARTESIAN_POINT ( 'NONE',  ( 1.209354858209618300, 19.18501125138071828, -0.2500000000000000555 ) ) ;
#1332 = FACE_BOUND ( 'NONE', #480, .T. ) ;
#1333 = EDGE_LOOP ( 'NONE', ( #1514, #1019, #133, #247 ) ) ;
#1334 = ORIENTED_EDGE ( 'NONE', *, *, #1026, .T. ) ;
#1335 = CARTESIAN_POINT ( 'NONE',  ( 7.860000000000005649, 2.249999999999991118, -1.999999999999997558 ) ) ;
#1336 = EDGE_CURVE ( 'NONE', #1443, #292, #17, .T. ) ;
#1337 = DIRECTION ( 'NONE',  ( -0.000000000000000000, -0.000000000000000000, 1.000000000000000000 ) ) ;
#1338 = CARTESIAN_POINT ( 'NONE',  ( 2.185860046268665258, 22.89000000000000412, -0.2500000000000000000 ) ) ;
#1339 = CIRCLE ( 'NONE', #1565, 0.1653543307086607073 ) ;
#1340 = CARTESIAN_POINT ( 'NONE',  ( 2.420580475199245019, 19.71186723724616385, 0.000000000000000000 ) ) ;
#1341 = DIRECTION ( 'NONE',  ( -3.304235192336789711E-15, 0.000000000000000000, -1.000000000000000000 ) ) ;
#1342 = ORIENTED_EDGE ( 'NONE', *, *, #1531, .F. ) ;
#1343 = EDGE_LOOP ( 'NONE', ( #122, #1697, #1121, #1273 ) ) ;
#1344 = CARTESIAN_POINT ( 'NONE',  ( -44.04411790607416322, -0.2623335308197394244, -0.2500000000000000000 ) ) ;
#1345 = ADVANCED_FACE ( 'NONE', ( #777 ), #25, .F. ) ;
#1346 = CARTESIAN_POINT ( 'NONE',  ( 5.984739045710472105, 5.904211647661679052, -0.2500000000000000555 ) ) ;
#1347 = VECTOR ( 'NONE', #310, 39.37007874015748143 ) ;
#1348 = CARTESIAN_POINT ( 'NONE',  ( 1.159999999999983045, 2.000000000000001776, 1.393242476768774222E-14 ) ) ;
#1349 = VECTOR ( 'NONE', #1283, 39.37007874015748143 ) ;
#1350 = LINE ( 'NONE', #1618, #547 ) ;
#1351 = AXIS2_PLACEMENT_3D ( 'NONE', #1109, #957, #974 ) ;
#1352 = EDGE_LOOP ( 'NONE', ( #985, #1575, #1035, #7 ) ) ;
#1353 = VERTEX_POINT ( 'NONE', #410 ) ;
#1354 = DIRECTION ( 'NONE',  ( 0.000000000000000000, 0.000000000000000000, 1.000000000000000000 ) ) ;
#1355 = CARTESIAN_POINT ( 'NONE',  ( 5.399089659523567342, 16.17579296006381639, 0.000000000000000000 ) ) ;
#1356 = DIRECTION ( 'NONE',  ( -5.931810584512617103E-30, -3.590428791673030081E-15, -1.000000000000000000 ) ) ;
#1357 = DIRECTION ( 'NONE',  ( -2.731847993664263218E-17, -1.000000000000000000, 0.000000000000000000 ) ) ;
#1358 = EDGE_CURVE ( 'NONE', #344, #1088, #1157, .T. ) ;
#1359 = VERTEX_POINT ( 'NONE', #1568 ) ;
#1360 = VERTEX_POINT ( 'NONE', #1601 ) ;
#1361 = DIRECTION ( 'NONE',  ( 1.892934042853972377E-15, 1.000000000000000000, 0.000000000000000000 ) ) ;
#1362 = DIRECTION ( 'NONE',  ( 5.931810584512607995E-30, 3.590428791673030081E-15, 1.000000000000000000 ) ) ;
#1363 = CARTESIAN_POINT ( 'NONE',  ( 4.344645669291333334, 1.999374015748017763, -1.340354330708657615 ) ) ;
#1364 = DIRECTION ( 'NONE',  ( -1.000000000000000000, 0.000000000000000000, 0.000000000000000000 ) ) ;
#1365 = AXIS2_PLACEMENT_3D ( 'NONE', #861, #205, #1261 ) ;
#1366 = EDGE_CURVE ( 'NONE', #1221, #597, #1168, .T. ) ;
#1367 = ORIENTED_EDGE ( 'NONE', *, *, #997, .T. ) ;
#1368 = FACE_OUTER_BOUND ( 'NONE', #380, .T. ) ;
#1369 = VERTEX_POINT ( 'NONE', #10 ) ;
#1370 = DIRECTION ( 'NONE',  ( -1.000000000000000000, 0.000000000000000000, 0.000000000000000000 ) ) ;
#1371 = CARTESIAN_POINT ( 'NONE',  ( 3.785868085707954221E-15, 2.000000000000008438, -1.340354330708657837 ) ) ;
#1372 = LINE ( 'NONE', #982, #1406 ) ;
#1373 = LINE ( 'NONE', #736, #246 ) ;
#1374 = PRESENTATION_LAYER_ASSIGNMENT (  '', '', ( #629 ) ) ;
#1375 = AXIS2_PLACEMENT_3D ( 'NONE', #1585, #672, #1050 ) ;
#1376 = VERTEX_POINT ( 'NONE', #907 ) ;
#1377 = VECTOR ( 'NONE', #1687, 39.37007874015748143 ) ;
#1378 = EDGE_LOOP ( 'NONE', ( #479, #1315, #1250, #837 ) ) ;
#1379 = ADVANCED_FACE ( 'NONE', ( #128 ), #1472, .F. ) ;
#1380 = CARTESIAN_POINT ( 'NONE',  ( 1.159999999999972164, 19.90000000000002345, -1.165354330708643804 ) ) ;
#1381 = CARTESIAN_POINT ( 'NONE',  ( 4.344645669291334222, 2.250000000000000444, -1.340354330708658503 ) ) ;
#1382 = DIRECTION ( 'NONE',  ( 1.000000000000000000, -1.892934042853975138E-15, 8.646343036883340567E-31 ) ) ;
#1383 = DIRECTION ( 'NONE',  ( -3.304235192336789711E-15, 0.000000000000000000, -1.000000000000000000 ) ) ;
#1384 = ORIENTED_EDGE ( 'NONE', *, *, #484, .F. ) ;
#1385 = EDGE_LOOP ( 'NONE', ( #766, #782, #210, #1179 ) ) ;
#1386 = DIRECTION ( 'NONE',  ( -3.304235192336789711E-15, 0.000000000000000000, -1.000000000000000000 ) ) ;
#1387 = EDGE_CURVE ( 'NONE', #507, #1316, #1691, .T. ) ;
#1388 = CARTESIAN_POINT ( 'NONE',  ( 1.159999999999981934, 2.349999999999996536, -0.3499999999999816591 ) ) ;
#1389 = DIRECTION ( 'NONE',  ( -6.244223985518313956E-16, 3.590428791673030870E-15, 1.000000000000000000 ) ) ;
#1390 = CARTESIAN_POINT ( 'NONE',  ( 1.159999999999983045, 0.000000000000000000, 1.393242476768774222E-14 ) ) ;
#1391 = ORIENTED_EDGE ( 'NONE', *, *, #1255, .F. ) ;
#1392 = AXIS2_PLACEMENT_3D ( 'NONE', #425, #972, #1478 ) ;
#1393 = ORIENTED_EDGE ( 'NONE', *, *, #786, .T. ) ;
#1394 = DIRECTION ( 'NONE',  ( 1.000000000000000000, -0.000000000000000000, -3.512375991854052315E-15 ) ) ;
#1395 = DIRECTION ( 'NONE',  ( 1.892934042853975533E-15, 1.000000000000000000, -3.590428791673030081E-15 ) ) ;
#1396 = ADVANCED_FACE ( 'NONE', ( #1311 ), #1052, .T. ) ;
#1397 = CARTESIAN_POINT ( 'NONE',  ( 5.984739045710472105, 5.904211647661679052, -0.2500000000000000555 ) ) ;
#1398 = DIRECTION ( 'NONE',  ( -2.731847993664263218E-17, -1.000000000000000000, 0.000000000000000000 ) ) ;
#1399 = EDGE_CURVE ( 'NONE', #471, #227, #1639, .T. ) ;
#1400 = CIRCLE ( 'NONE', #1649, 0.1653543307086616510 ) ;
#1401 = EDGE_LOOP ( 'NONE', ( #318, #41, #1441, #1334, #405, #20 ) ) ;
#1402 = VECTOR ( 'NONE', #685, 39.37007874015748143 ) ;
#1403 = EDGE_CURVE ( 'NONE', #166, #403, #1082, .T. ) ;
#1404 = VERTEX_POINT ( 'NONE', #65 ) ;
#1405 = AXIS2_PLACEMENT_3D ( 'NONE', #554, #1616, #794 ) ;
#1406 = VECTOR ( 'NONE', #213, 39.37007874015748143 ) ;
#1407 = DIRECTION ( 'NONE',  ( 1.892934042853975138E-15, 1.000000000000000000, -3.590428791673030081E-15 ) ) ;
#1408 = LINE ( 'NONE', #118, #113 ) ;
#1409 = CARTESIAN_POINT ( 'NONE',  ( 3.957952998694673245E-15, 2.000000000000006217, -1.999999999999997335 ) ) ;
#1410 = DIRECTION ( 'NONE',  ( 1.000000000000000000, 0.000000000000000000, 0.000000000000000000 ) ) ;
#1411 = ORIENTED_EDGE ( 'NONE', *, *, #1238, .T. ) ;
#1412 = EDGE_CURVE ( 'NONE', #489, #531, #681, .T. ) ;
#1413 = CARTESIAN_POINT ( 'NONE',  ( 7.860000000000003872, 2.249999999999996003, -0.3499999999999950373 ) ) ;
#1414 = ORIENTED_EDGE ( 'NONE', *, *, #1099, .F. ) ;
#1415 = CYLINDRICAL_SURFACE ( 'NONE', #732, 0.1653543307086607073 ) ;
#1416 = DIRECTION ( 'NONE',  ( 1.892934042853975138E-15, 1.000000000000000000, -3.590428791673030081E-15 ) ) ;
#1417 = CARTESIAN_POINT ( 'NONE',  ( 4.344645669291333334, 1.999374015748018429, -1.174999999999995826 ) ) ;
#1418 =( NAMED_UNIT ( * ) SI_UNIT ( $, .STERADIAN. ) SOLID_ANGLE_UNIT ( ) );
#1419 = FACE_BOUND ( 'NONE', #1527, .T. ) ;
#1420 = CARTESIAN_POINT ( 'NONE',  ( 5.399089659523567342, 16.17579296006381284, -0.2500000000000000555 ) ) ;
#1421 = EDGE_CURVE ( 'NONE', #1686, #423, #677, .T. ) ;
#1422 = VERTEX_POINT ( 'NONE', #843 ) ;
#1423 = VECTOR ( 'NONE', #1042, 39.37007874015748143 ) ;
#1424 = APPLICATION_PROTOCOL_DEFINITION ( 'draft international standard', 'automotive_design', 1998, #1232 ) ;
#1425 = DIRECTION ( 'NONE',  ( 1.892934042853975533E-15, 1.000000000000000000, -3.590428791673030081E-15 ) ) ;
#1426 = DIRECTION ( 'NONE',  ( 1.000000000000000000, 0.000000000000000000, -0.000000000000000000 ) ) ;
#1427 = CARTESIAN_POINT ( 'NONE',  ( 2.344645669291333778, 1.999374015748022870, -1.009645669291334480 ) ) ;
#1428 =( BOUNDED_SURFACE ( )  B_SPLINE_SURFACE ( 3, 1, ( 
 ( #1397, #221 ),
 ( #236, #119 ),
 ( #1674, #744 ),
 ( #1024, #1141 ) ),
 .UNSPECIFIED., .F., .F., .T. ) 
 B_SPLINE_SURFACE_WITH_KNOTS ( ( 4, 4 ),
 ( 2, 2 ),
 ( 0.000000000000000000, 1.000000000000000000 ),
 ( 0.000000000000000000, 1.000000000000000000 ),
 .UNSPECIFIED. ) 
 GEOMETRIC_REPRESENTATION_ITEM ( )  RATIONAL_B_SPLINE_SURFACE ( (
 ( 1.000000000000000000, 1.000000000000000000),
 ( 0.3333333333333333703, 0.3333333333333333703),
 ( 0.3333333333333333703, 0.3333333333333333703),
 ( 1.000000000000000000, 1.000000000000000000) ) ) 
 REPRESENTATION_ITEM ( '' )  SURFACE ( )  );
#1429 = ORIENTED_EDGE ( 'NONE', *, *, #1293, .T. ) ;
#1430 = CARTESIAN_POINT ( 'NONE',  ( 5.984739045710472105, 5.904211647661679052, 0.000000000000000000 ) ) ;
#1431 = EDGE_LOOP ( 'NONE', ( #76, #1172, #1458, #931 ) ) ;
#1432 = AXIS2_PLACEMENT_3D ( 'NONE', #1034, #785, #1569 ) ;
#1433 = CIRCLE ( 'NONE', #1375, 0.1653543307086607073 ) ;
#1434 = CARTESIAN_POINT ( 'NONE',  ( 0.000000000000000000, 0.000000000000000000, 0.000000000000000000 ) ) ;
#1435 = ORIENTED_EDGE ( 'NONE', *, *, #1563, .F. ) ;
#1436 = FACE_BOUND ( 'NONE', #336, .T. ) ;
#1437 = EDGE_CURVE ( 'NONE', #597, #590, #1669, .T. ) ;
#1438 = AXIS2_PLACEMENT_3D ( 'NONE', #1659, #1539, #1524 ) ;
#1439 = LINE ( 'NONE', #1320, #147 ) ;
#1440 = DIRECTION ( 'NONE',  ( -0.000000000000000000, -0.000000000000000000, 1.000000000000000000 ) ) ;
#1441 = ORIENTED_EDGE ( 'NONE', *, *, #452, .T. ) ;
#1442 = CYLINDRICAL_SURFACE ( 'NONE', #224, 0.1653543307086615122 ) ;
#1443 = VERTEX_POINT ( 'NONE', #56 ) ;
#1444 = ORIENTED_EDGE ( 'NONE', *, *, #1540, .F. ) ;
#1445 = PLANE ( 'NONE',  #1202 ) ;
#1446 = DIRECTION ( 'NONE',  ( 2.483624881916825330E-15, -0.7071067811865477948, 0.7071067811865472397 ) ) ;
#1447 = EDGE_CURVE ( 'NONE', #398, #856, #1005, .T. ) ;
#1448 = CARTESIAN_POINT ( 'NONE',  ( 1.409999999999979714, 19.90000000000002345, -0.9999999999999839018 ) ) ;
#1449 = CARTESIAN_POINT ( 'NONE',  ( 6.675354330708656470, 1.999999999999996447, -1.174999999999995604 ) ) ;
#1450 = LINE ( 'NONE', #773, #1377 ) ;
#1451 = ORIENTED_EDGE ( 'NONE', *, *, #1551, .T. ) ;
#1452 = ORIENTED_EDGE ( 'NONE', *, *, #1140, .F. ) ;
#1453 = DIRECTION ( 'NONE',  ( 1.000000000000000000, 0.000000000000000000, -3.491481338843132961E-15 ) ) ;
#1454 = LINE ( 'NONE', #543, #1096 ) ;
#1455 = DIRECTION ( 'NONE',  ( 1.892934042853975138E-15, 1.000000000000000000, -3.590428791673030081E-15 ) ) ;
#1456 = ORIENTED_EDGE ( 'NONE', *, *, #1613, .F. ) ;
#1457 = EDGE_CURVE ( 'NONE', #902, #1081, #1276, .T. ) ;
#1458 = ORIENTED_EDGE ( 'NONE', *, *, #474, .F. ) ;
#1459 = EDGE_CURVE ( 'NONE', #1536, #507, #1622, .T. ) ;
#1460 = PRODUCT_CONTEXT ( 'NONE', #240, 'mechanical' ) ;
#1461 = ORIENTED_EDGE ( 'NONE', *, *, #860, .T. ) ;
#1462 = DIRECTION ( 'NONE',  ( 1.000000000000000000, -0.000000000000000000, -0.000000000000000000 ) ) ;
#1463 = CIRCLE ( 'NONE', #1041, 10.04786461282786547 ) ;
#1464 = DIRECTION ( 'NONE',  ( 1.000000000000000000, 0.000000000000000000, 0.000000000000000000 ) ) ;
#1465 = CARTESIAN_POINT ( 'NONE',  ( 7.858630163535599955, 2.249999999999996003, -0.3369100306100374920 ) ) ;
#1466 = VECTOR ( 'NONE', #206, 39.37007874015748143 ) ;
#1467 = FACE_OUTER_BOUND ( 'NONE', #447, .T. ) ;
#1468 = EDGE_CURVE ( 'NONE', #1231, #1561, #34, .T. ) ;
#1469 = VERTEX_POINT ( 'NONE', #1503 ) ;
#1470 = ORIENTED_EDGE ( 'NONE', *, *, #1520, .F. ) ;
#1471 = DIRECTION ( 'NONE',  ( 1.000000000000000000, -0.000000000000000000, -3.512375991854052315E-15 ) ) ;
#1472 = CYLINDRICAL_SURFACE ( 'NONE', #23, 10.04786461282786547 ) ;
#1473 = LINE ( 'NONE', #1198, #768 ) ;
#1474 = DIRECTION ( 'NONE',  ( 0.000000000000000000, 0.000000000000000000, -1.000000000000000000 ) ) ;
#1475 = ORIENTED_EDGE ( 'NONE', *, *, #1457, .T. ) ;
#1476 = EDGE_CURVE ( 'NONE', #1359, #858, #321, .T. ) ;
#1477 = VERTEX_POINT ( 'NONE', #176 ) ;
#1478 = DIRECTION ( 'NONE',  ( -3.304235192336779062E-15, 0.000000000000000000, -1.000000000000000000 ) ) ;
#1479 = FACE_OUTER_BOUND ( 'NONE', #1564, .T. ) ;
#1480 = VECTOR ( 'NONE', #1632, 39.37007874015748143 ) ;
#1481 = DIRECTION ( 'NONE',  ( -3.304235192336789711E-15, 0.000000000000000000, -1.000000000000000000 ) ) ;
#1482 = CARTESIAN_POINT ( 'NONE',  ( 2.185860046268665258, 22.89000000000000412, -0.2500000000000000000 ) ) ;
#1483 = ORIENTED_EDGE ( 'NONE', *, *, #1421, .F. ) ;
#1484 = ORIENTED_EDGE ( 'NONE', *, *, #640, .F. ) ;
#1485 = CARTESIAN_POINT ( 'NONE',  ( 1.509999999999996012, 2.000000000000003553, -1.999999999999997335 ) ) ;
#1486 = ADVANCED_FACE ( 'NONE', ( #553 ), #313, .F. ) ;
#1487 = CARTESIAN_POINT ( 'NONE',  ( 1.159999999999983045, 23.14000000000000412, 1.393242476768774222E-14 ) ) ;
#1488 = CIRCLE ( 'NONE', #58, 0.1653543307086615122 ) ;
#1489 = DIRECTION ( 'NONE',  ( 0.000000000000000000, 1.000000000000000000, -3.590428791673030081E-15 ) ) ;
#1490 = CIRCLE ( 'NONE', #357, 0.1653543307086612346 ) ;
#1491 = DIRECTION ( 'NONE',  ( 0.000000000000000000, 0.000000000000000000, 1.000000000000000000 ) ) ;
#1492 = AXIS2_PLACEMENT_3D ( 'NONE', #264, #647, #283 ) ;
#1493 = EDGE_LOOP ( 'NONE', ( #1162, #1668, #14, #822 ) ) ;
#1494 = ORIENTED_EDGE ( 'NONE', *, *, #627, .T. ) ;
#1495 = DIRECTION ( 'NONE',  ( -0.000000000000000000, 1.000000000000000000, -0.000000000000000000 ) ) ;
#1496 = DIRECTION ( 'NONE',  ( 1.892934042853975533E-15, 1.000000000000000000, -3.590428791673030081E-15 ) ) ;
#1497 = EDGE_CURVE ( 'NONE', #464, #1103, #1234, .T. ) ;
#1498 = DIRECTION ( 'NONE',  ( 0.000000000000000000, 0.000000000000000000, 1.000000000000000000 ) ) ;
#1499 = CARTESIAN_POINT ( 'NONE',  ( 6.675354330708656470, 1.999374015748013989, -1.174999999999995604 ) ) ;
#1500 = VERTEX_POINT ( 'NONE', #833 ) ;
#1501 = CARTESIAN_POINT ( 'NONE',  ( 4.187864042533941067, 14.83317831032973011, -0.2500000000000000555 ) ) ;
#1502 = ORIENTED_EDGE ( 'NONE', *, *, #367, .F. ) ;
#1503 = CARTESIAN_POINT ( 'NONE',  ( 2.176780981213570332, 2.781713543831470403, -0.2500000000000000555 ) ) ;
#1504 = FACE_BOUND ( 'NONE', #1526, .T. ) ;
#1505 =( BOUNDED_SURFACE ( )  B_SPLINE_SURFACE ( 3, 1, ( 
 ( #1501, #448 ),
 ( #288, #714 ),
 ( #808, #1630 ),
 ( #1229, #319 ) ),
 .UNSPECIFIED., .F., .F., .T. ) 
 B_SPLINE_SURFACE_WITH_KNOTS ( ( 4, 4 ),
 ( 2, 2 ),
 ( 0.000000000000000000, 1.000000000000000000 ),
 ( 0.000000000000000000, 1.000000000000000000 ),
 .UNSPECIFIED. ) 
 GEOMETRIC_REPRESENTATION_ITEM ( )  RATIONAL_B_SPLINE_SURFACE ( (
 ( 1.000000000000000000, 1.000000000000000000),
 ( 0.3333333333333333703, 0.3333333333333333703),
 ( 0.3333333333333333703, 0.3333333333333333703),
 ( 1.000000000000000000, 1.000000000000000000) ) ) 
 REPRESENTATION_ITEM ( '' )  SURFACE ( )  );
#1506 = CARTESIAN_POINT ( 'NONE',  ( 1.409999999999979714, 23.14000000000000412, -0.9999999999999835687 ) ) ;
#1507 = CARTESIAN_POINT ( 'NONE',  ( 1.509999999999995124, 23.14000000000000412, -0.2500000000000005551 ) ) ;
#1508 = VERTEX_POINT ( 'NONE', #1106 ) ;
#1509 = EDGE_CURVE ( 'NONE', #1316, #924, #826, .T. ) ;
#1510 = ORIENTED_EDGE ( 'NONE', *, *, #1387, .T. ) ;
#1511 = FACE_OUTER_BOUND ( 'NONE', #1653, .T. ) ;
#1512 = DIRECTION ( 'NONE',  ( 0.000000000000000000, 3.304235192336770779E-15, 1.000000000000000000 ) ) ;
#1513 = DIRECTION ( 'NONE',  ( 0.000000000000000000, -1.000000000000000000, -0.000000000000000000 ) ) ;
#1514 = ORIENTED_EDGE ( 'NONE', *, *, #1587, .T. ) ;
#1515 = CARTESIAN_POINT ( 'NONE',  ( 4.187864042533941067, 14.83317831032973011, 0.000000000000000000 ) ) ;
#1516 = CIRCLE ( 'NONE', #1677, 0.1653543307086615122 ) ;
#1517 = CIRCLE ( 'NONE', #167, 0.1653543307086616510 ) ;
#1518 = ORIENTED_EDGE ( 'NONE', *, *, #463, .T. ) ;
#1519 = AXIS2_PLACEMENT_3D ( 'NONE', #789, #1020, #1201 ) ;
#1520 = EDGE_CURVE ( 'NONE', #398, #1566, #540, .T. ) ;
#1521 = ORIENTED_EDGE ( 'NONE', *, *, #356, .T. ) ;
#1522 = CARTESIAN_POINT ( 'NONE',  ( 4.344645669291333334, 1.999374015748018873, -1.009645669291334480 ) ) ;
#1523 = CARTESIAN_POINT ( 'NONE',  ( 6.344645669291334222, 1.999374015748015099, -1.009645669291334258 ) ) ;
#1524 = DIRECTION ( 'NONE',  ( 1.000000000000000000, 0.000000000000000000, -0.000000000000000000 ) ) ;
#1525 = FACE_OUTER_BOUND ( 'NONE', #1385, .T. ) ;
#1526 = EDGE_LOOP ( 'NONE', ( #1265, #707, #900, #327 ) ) ;
#1527 = EDGE_LOOP ( 'NONE', ( #960, #337, #847, #1545 ) ) ;
#1528 = ADVANCED_FACE ( 'NONE', ( #1511 ), #1608, .F. ) ;
#1529 = DIRECTION ( 'NONE',  ( -8.604245649335588837E-17, 3.491481338843132961E-15, 1.000000000000000000 ) ) ;
#1530 = CARTESIAN_POINT ( 'NONE',  ( 7.849041308284765428, 2.173733356870180877, -0.04417476407600460370 ) ) ;
#1531 = EDGE_CURVE ( 'NONE', #439, #1369, #304, .T. ) ;
#1532 = CARTESIAN_POINT ( 'NONE',  ( 1.409999999999982601, 23.14000000000000412, -0.3499999999999834355 ) ) ;
#1533 =( LENGTH_UNIT ( ) NAMED_UNIT ( * ) SI_UNIT ( $, .METRE. ) );
#1534 = EDGE_LOOP ( 'NONE', ( #142, #749, #706, #1510 ) ) ;
#1535 = VECTOR ( 'NONE', #933, 39.37007874015748143 ) ;
#1536 = VERTEX_POINT ( 'NONE', #184 ) ;
#1537 = LINE ( 'NONE', #1242, #1167 ) ;
#1538 = CARTESIAN_POINT ( 'NONE',  ( 4.187864042533941067, 14.83317831032973011, -2.000000000000001332 ) ) ;
#1539 = DIRECTION ( 'NONE',  ( 0.000000000000000000, 0.000000000000000000, 1.000000000000000000 ) ) ;
#1540 = EDGE_CURVE ( 'NONE', #403, #1360, #186, .T. ) ;
#1541 = LINE ( 'NONE', #354, #821 ) ;
#1542 = VECTOR ( 'NONE', #563, 39.37007874015748143 ) ;
#1543 = ORIENTED_EDGE ( 'NONE', *, *, #208, .T. ) ;
#1544 = CIRCLE ( 'NONE', #1624, 0.1653543307086607073 ) ;
#1545 = ORIENTED_EDGE ( 'NONE', *, *, #129, .F. ) ;
#1546 = CIRCLE ( 'NONE', #852, 0.1653543307086612346 ) ;
#1547 = FACE_OUTER_BOUND ( 'NONE', #700, .T. ) ;
#1548 = CARTESIAN_POINT ( 'NONE',  ( 5.984739045710472105, 5.904211647661679052, -0.2500000000000000555 ) ) ;
#1549 = FACE_OUTER_BOUND ( 'NONE', #850, .T. ) ;
#1550 = CYLINDRICAL_SURFACE ( 'NONE', #795, 0.1653543307086607073 ) ;
#1551 = EDGE_CURVE ( 'NONE', #754, #1231, #512, .T. ) ;
#1552 =( BOUNDED_CURVE ( )  B_SPLINE_CURVE ( 3, ( #683, #1331, #811, #35 ),
 .UNSPECIFIED., .F., .T. ) 
 B_SPLINE_CURVE_WITH_KNOTS ( ( 4, 4 ),
 ( 0.000000000000000000, 3.141592653589793116 ),
 .UNSPECIFIED. ) 
 CURVE ( )  GEOMETRIC_REPRESENTATION_ITEM ( )  RATIONAL_B_SPLINE_CURVE ( ( 1.000000000000000000, 0.3333333333333333703, 0.3333333333333333703, 1.000000000000000000 ) ) 
 REPRESENTATION_ITEM ( '' )  );
#1553 = EDGE_LOOP ( 'NONE', ( #1118, #825, #1010, #516 ) ) ;
#1554 = CARTESIAN_POINT ( 'NONE',  ( 7.854520654142384650, 2.044174764076005069, -0.1737333568701807107 ) ) ;
#1555 = ORIENTED_EDGE ( 'NONE', *, *, #798, .T. ) ;
#1556 = PRODUCT_RELATED_PRODUCT_CATEGORY ( 'part', '', ( #659 ) ) ;
#1557 = DIRECTION ( 'NONE',  ( -1.000000000000000000, 1.892934042853972772E-15, -6.244223985518381995E-16 ) ) ;
#1558 = DIRECTION ( 'NONE',  ( 1.361676060502509788E-31, -1.000000000000000000, 3.876794692995643179E-17 ) ) ;
#1559 = CARTESIAN_POINT ( 'NONE',  ( 2.976638425544313016, 15.12208098833292702, 0.000000000000000000 ) ) ;
#1560 = DIRECTION ( 'NONE',  ( 1.000000000000000000, -0.000000000000000000, -3.512375991854052315E-15 ) ) ;
#1561 = VERTEX_POINT ( 'NONE', #1147 ) ;
#1562 = CARTESIAN_POINT ( 'NONE',  ( 5.399089659523567342, 16.17579296006381284, 0.000000000000000000 ) ) ;
#1563 = EDGE_CURVE ( 'NONE', #885, #678, #891, .T. ) ;
#1564 = EDGE_LOOP ( 'NONE', ( #261, #1214, #1676, #832 ) ) ;
#1565 = AXIS2_PLACEMENT_3D ( 'NONE', #886, #500, #1386 ) ;
#1566 = VERTEX_POINT ( 'NONE', #211 ) ;
#1567 = DIRECTION ( 'NONE',  ( 1.000000000000000000, -0.000000000000000000, -3.512375991854052315E-15 ) ) ;
#1568 = CARTESIAN_POINT ( 'NONE',  ( 4.187864042533941067, 15.64893697419836904, -0.2500000000000000555 ) ) ;
#1569 = DIRECTION ( 'NONE',  ( 0.000000000000000000, 1.000000000000000000, -3.590428791673030081E-15 ) ) ;
#1570 = CARTESIAN_POINT ( 'NONE',  ( 2.675354330708657802, 2.250000000000004885, -1.009645669291335368 ) ) ;
#1571 = CARTESIAN_POINT ( 'NONE',  ( 7.854520654142383762, 2.262621361164570022, -0.2996381019629049680 ) ) ;
#1572 = ORIENTED_EDGE ( 'NONE', *, *, #682, .F. ) ;
#1573 = EDGE_CURVE ( 'NONE', #471, #924, #159, .T. ) ;
#1574 = AXIS2_PLACEMENT_3D ( 'NONE', #229, #887, #519 ) ;
#1575 = ORIENTED_EDGE ( 'NONE', *, *, #1540, .T. ) ;
#1576 = LINE ( 'NONE', #759, #770 ) ;
#1577 = CIRCLE ( 'NONE', #1603, 0.1653543307086607073 ) ;
#1578 = CARTESIAN_POINT ( 'NONE',  ( 1.509999999999994458, 2.349999999999996092, -0.2499999999999946709 ) ) ;
#1579 = DIRECTION ( 'NONE',  ( 1.000000000000000000, -0.000000000000000000, -3.512375991854052315E-15 ) ) ;
#1580 = ORIENTED_EDGE ( 'NONE', *, *, #474, .T. ) ;
#1581 = CARTESIAN_POINT ( 'NONE',  ( 7.860000000000003872, 1.999999999999995781, -0.3499999999999958700 ) ) ;
#1582 = ORIENTED_EDGE ( 'NONE', *, *, #16, .T. ) ;
#1583 = VERTEX_POINT ( 'NONE', #1380 ) ;
#1584 = ADVANCED_FACE ( 'NONE', ( #1547 ), #1415, .F. ) ;
#1585 = CARTESIAN_POINT ( 'NONE',  ( 1.159999999999972831, 21.90000000000001990, -0.9999999999999829026 ) ) ;
#1586 = DIRECTION ( 'NONE',  ( -2.468850131082266527E-15, 0.7071067811865472397, 0.7071067811865477948 ) ) ;
#1587 = EDGE_CURVE ( 'NONE', #652, #1612, #1012, .T. ) ;
#1588 = DIRECTION ( 'NONE',  ( 0.000000000000000000, 3.304235192336773540E-15, 1.000000000000000000 ) ) ;
#1589 = ORIENTED_EDGE ( 'NONE', *, *, #937, .T. ) ;
#1590 = ORIENTED_EDGE ( 'NONE', *, *, #1403, .F. ) ;
#1591 = ORIENTED_EDGE ( 'NONE', *, *, #1336, .F. ) ;
#1592 = VECTOR ( 'NONE', #42, 39.37007874015748143 ) ;
#1593 = CARTESIAN_POINT ( 'NONE',  ( 4.187864042533941067, 14.83317831032973011, -0.2500000000000000555 ) ) ;
#1594 = DIRECTION ( 'NONE',  ( 1.000000000000000000, 0.000000000000000000, -3.512375991854052315E-15 ) ) ;
#1595 = CARTESIAN_POINT ( 'NONE',  ( 7.860000000000003872, 2.249999999999997780, -0.3499999999999965361 ) ) ;
#1596 = EDGE_CURVE ( 'NONE', #559, #464, #1656, .T. ) ;
#1597 = CARTESIAN_POINT ( 'NONE',  ( 5.984739045710472105, 5.904211647661679052, 0.000000000000000000 ) ) ;
#1598 = ORIENTED_EDGE ( 'NONE', *, *, #1089, .F. ) ;
#1599 = ORIENTED_EDGE ( 'NONE', *, *, #377, .F. ) ;
#1600 = CARTESIAN_POINT ( 'NONE',  ( 1.159999999999976383, 2.000000000000001776, -1.999999999999982681 ) ) ;
#1601 = CARTESIAN_POINT ( 'NONE',  ( 2.176780981213570332, 2.781713543831469071, 0.000000000000000000 ) ) ;
#1602 = LINE ( 'NONE', #162, #1122 ) ;
#1603 = AXIS2_PLACEMENT_3D ( 'NONE', #829, #594, #1641 ) ;
#1604 = CARTESIAN_POINT ( 'NONE',  ( 1.790872624858488305, 16.70033416803600801, -2.000000000000001332 ) ) ;
#1605 = ORIENTED_EDGE ( 'NONE', *, *, #392, .T. ) ;
#1606 = ORIENTED_EDGE ( 'NONE', *, *, #606, .F. ) ;
#1607 = ADVANCED_FACE ( 'NONE', ( #998 ), #591, .F. ) ;
#1608 = PLANE ( 'NONE',  #458 ) ;
#1609 = DIRECTION ( 'NONE',  ( 1.000000000000000000, -1.892934042853974744E-15, 8.604245649336219925E-17 ) ) ;
#1610 = DIRECTION ( 'NONE',  ( 0.000000000000000000, -1.000000000000000000, 0.000000000000000000 ) ) ;
#1611 = CARTESIAN_POINT ( 'NONE',  ( -6.924606895954950936, 11.70033416803600801, 0.000000000000000000 ) ) ;
#1612 = VERTEX_POINT ( 'NONE', #990 ) ;
#1613 = EDGE_CURVE ( 'NONE', #1612, #344, #1138, .T. ) ;
#1614 = EDGE_LOOP ( 'NONE', ( #541, #47, #157, #1105 ) ) ;
#1615 = DIRECTION ( 'NONE',  ( 1.892934042853975533E-15, 1.000000000000000000, -3.590428791673030081E-15 ) ) ;
#1616 = DIRECTION ( 'NONE',  ( 1.892934042853975138E-15, 1.000000000000000000, -3.590428791673030081E-15 ) ) ;
#1617 = CARTESIAN_POINT ( 'NONE',  ( -6.924606895954950936, 11.70033416803600801, 0.000000000000000000 ) ) ;
#1618 = CARTESIAN_POINT ( 'NONE',  ( 1.409999999999982601, 2.000000000000001776, -0.2499999999999828471 ) ) ;
#1619 = ORIENTED_EDGE ( 'NONE', *, *, #1468, .T. ) ;
#1620 = ORIENTED_EDGE ( 'NONE', *, *, #1211, .F. ) ;
#1621 = ADVANCED_FACE ( 'NONE', ( #876 ), #741, .F. ) ;
#1622 = LINE ( 'NONE', #1197, #897 ) ;
#1623 = CARTESIAN_POINT ( 'NONE',  ( 2.344645669291333778, 2.000000000000004885, -1.009645669291334480 ) ) ;
#1624 = AXIS2_PLACEMENT_3D ( 'NONE', #454, #983, #1383 ) ;
#1625 = CARTESIAN_POINT ( 'NONE',  ( 1.409999999999980380, 21.90000000000001990, -0.8346456692913230002 ) ) ;
#1626 = CIRCLE ( 'NONE', #878, 2.608540463109217278 ) ;
#1627 = FACE_BOUND ( 'NONE', #1152, .T. ) ;
#1628 = VECTOR ( 'NONE', #502, 39.37007874015748143 ) ;
#1629 = EDGE_LOOP ( 'NONE', ( #136, #1049, #250, #939 ) ) ;
#1630 = CARTESIAN_POINT ( 'NONE',  ( 4.213951224809987295, 5.547856372576045025, 0.000000000000000000 ) ) ;
#1631 = ORIENTED_EDGE ( 'NONE', *, *, #1037, .T. ) ;
#1632 = DIRECTION ( 'NONE',  ( -0.000000000000000000, -0.000000000000000000, 1.000000000000000000 ) ) ;
#1633 = DIRECTION ( 'NONE',  ( 1.892934042853975138E-15, 1.000000000000000000, -3.590428791673030081E-15 ) ) ;
#1634 = LINE ( 'NONE', #1101, #359 ) ;
#1635 = EDGE_CURVE ( 'NONE', #660, #292, #1339, .T. ) ;
#1636 = FILL_AREA_STYLE ('',( #881 ) ) ;
#1637 = ORIENTED_EDGE ( 'NONE', *, *, #515, .F. ) ;
#1638 = ORIENTED_EDGE ( 'NONE', *, *, #208, .F. ) ;
#1639 = LINE ( 'NONE', #168, #928 ) ;
#1640 = CARTESIAN_POINT ( 'NONE',  ( 7.854520654142384650, 2.044174764076005069, -0.1737333568701807107 ) ) ;
#1641 = DIRECTION ( 'NONE',  ( -3.304235192336789711E-15, 0.000000000000000000, -1.000000000000000000 ) ) ;
#1642 = FACE_BOUND ( 'NONE', #1056, .T. ) ;
#1643 = AXIS2_PLACEMENT_3D ( 'NONE', #693, #1370, #194 ) ;
#1644 = ADVANCED_FACE ( 'NONE', ( #758 ), #1278, .F. ) ;
#1645 = ORIENTED_EDGE ( 'NONE', *, *, #673, .T. ) ;
#1646 = ORIENTED_EDGE ( 'NONE', *, *, #1437, .F. ) ;
#1647 = DIRECTION ( 'NONE',  ( -1.000000000000000000, 0.000000000000000000, 0.000000000000000000 ) ) ;
#1648 = PLANE ( 'NONE',  #1146 ) ;
#1649 = AXIS2_PLACEMENT_3D ( 'NONE', #1449, #1160, #1304 ) ;
#1650 = CARTESIAN_POINT ( 'NONE',  ( 7.860000000000003872, 1.999999999999998668, 1.912293595564984056E-15 ) ) ;
#1651 = ORIENTED_EDGE ( 'NONE', *, *, #39, .F. ) ;
#1652 = EDGE_CURVE ( 'NONE', #668, #799, #1251, .T. ) ;
#1653 = EDGE_LOOP ( 'NONE', ( #995, #1165, #424, #1698 ) ) ;
#1654 = VECTOR ( 'NONE', #469, 39.37007874015748143 ) ;
#1655 = ORIENTED_EDGE ( 'NONE', *, *, #1170, .T. ) ;
#1656 = LINE ( 'NONE', #476, #79 ) ;
#1657 = EDGE_CURVE ( 'NONE', #772, #471, #1537, .T. ) ;
#1658 = PLANE ( 'NONE',  #60 ) ;
#1659 = CARTESIAN_POINT ( 'NONE',  ( 2.185860046268665258, 22.89000000000000412, 0.000000000000000000 ) ) ;
#1660 = FACE_OUTER_BOUND ( 'NONE', #1378, .T. ) ;
#1661 = ORIENTED_EDGE ( 'NONE', *, *, #1635, .T. ) ;
#1662 = ORIENTED_EDGE ( 'NONE', *, *, #74, .F. ) ;
#1663 = EDGE_CURVE ( 'NONE', #4, #1500, #134, .T. ) ;
#1664 = CARTESIAN_POINT ( 'NONE',  ( 4.000000000000003553, 2.000000000000002220, -1.009645669291334258 ) ) ;
#1665 = CARTESIAN_POINT ( 'NONE',  ( 2.176780981213570332, 2.781713543831470403, 0.000000000000000000 ) ) ;
#1666 = CARTESIAN_POINT ( 'NONE',  ( 2.420580475199245019, 19.71186723724616385, 0.000000000000000000 ) ) ;
#1667 = PLANE ( 'NONE',  #959 ) ;
#1668 = ORIENTED_EDGE ( 'NONE', *, *, #493, .T. ) ;
#1669 = CIRCLE ( 'NONE', #50, 0.1653543307086615122 ) ;
#1670 = ORIENTED_EDGE ( 'NONE', *, *, #1269, .T. ) ;
#1671 = CARTESIAN_POINT ( 'NONE',  ( 7.860000000000003872, 1.999999999999997335, -0.3499999999999959810 ) ) ;
#1672 = ADVANCED_FACE ( 'NONE', ( #352 ), #626, .F. ) ;
#1673 = DIRECTION ( 'NONE',  ( -3.512375991854052315E-15, -0.000000000000000000, -1.000000000000000000 ) ) ;
#1674 = CARTESIAN_POINT ( 'NONE',  ( 5.958651863434425877, 15.18953358541536147, -0.2500000000000000555 ) ) ;
#1675 = CARTESIAN_POINT ( 'NONE',  ( 2.976638425544313016, 15.12208098833292702, -0.2500000000000000555 ) ) ;
#1676 = ORIENTED_EDGE ( 'NONE', *, *, #756, .F. ) ;
#1677 = AXIS2_PLACEMENT_3D ( 'NONE', #927, #1455, #899 ) ;
#1678 = CARTESIAN_POINT ( 'NONE',  ( 2.675354330708657358, 1.999374015748022204, -1.009645669291334480 ) ) ;
#1679 = VERTEX_POINT ( 'NONE', #1268 ) ;
#1680 = AXIS2_PLACEMENT_3D ( 'NONE', #578, #1395, #73 ) ;
#1681 = CARTESIAN_POINT ( 'NONE',  ( 2.000000000000003997, 2.000000000000004441, -1.340354330708657615 ) ) ;
#1682 = CARTESIAN_POINT ( 'NONE',  ( 1.159999999999981934, 2.000000000000001776, -0.3499999999999816591 ) ) ;
#1683 = CARTESIAN_POINT ( 'NONE',  ( -6.924606895954950936, 11.70033416803600801, -0.2500000000000000555 ) ) ;
#1684 = DIRECTION ( 'NONE',  ( -6.244223985518313956E-16, 3.590428791673030870E-15, 1.000000000000000000 ) ) ;
#1685 = ADVANCED_FACE ( 'NONE', ( #370 ), #644, .F. ) ;
#1686 = VERTEX_POINT ( 'NONE', #517 ) ;
#1687 = DIRECTION ( 'NONE',  ( -1.361676060502509788E-31, 1.000000000000000000, -3.876794692995643179E-17 ) ) ;
#1688 = EDGE_LOOP ( 'NONE', ( #293, #1367, #1589, #1502 ) ) ;
#1689 = ORIENTED_EDGE ( 'NONE', *, *, #1277, .F. ) ;
#1690 = CARTESIAN_POINT ( 'NONE',  ( 4.675354330708657358, 2.250000000000000444, -1.174999999999996936 ) ) ;
#1691 = LINE ( 'NONE', #520, #1423 ) ;
#1692 = CARTESIAN_POINT ( 'NONE',  ( 7.844931798891551900, 2.336910030610038103, -0.2499999999999946987 ) ) ;
#1693 = ADVANCED_BREP_SHAPE_REPRESENTATION ( 'LED iPoster -RH Back Support', ( #280, #1310 ), #760 ) ;
#1694 = ORIENTED_EDGE ( 'NONE', *, *, #89, .F. ) ;
#1695 = EDGE_CURVE ( 'NONE', #581, #1561, #238, .T. ) ;
#1696 = DIRECTION ( 'NONE',  ( 1.892934042853975533E-15, 1.000000000000000000, -3.590428791673030081E-15 ) ) ;
#1697 = ORIENTED_EDGE ( 'NONE', *, *, #413, .T. ) ;
#1698 = ORIENTED_EDGE ( 'NONE', *, *, #1399, .F. ) ;
#1699 = CARTESIAN_POINT ( 'NONE',  ( 2.185860046268665258, 22.89000000000000412, -0.2500000000000000000 ) ) ;
#1700 = DIRECTION ( 'NONE',  ( 0.000000000000000000, 0.000000000000000000, 1.000000000000000000 ) ) ;
#1701 = CARTESIAN_POINT ( 'NONE',  ( 4.187864042533941067, 15.64893697419836904, 0.000000000000000000 ) ) ;
ENDSEC;
END-ISO-10303-21;
