ISO-10303-21;
HEADER;
FILE_DESCRIPTION (( 'STEP AP214' ),
    '1' );
FILE_NAME ('LED iPoster -LH Back Support.STEP',
    '2025-09-11T16:00:31',
    ( '' ),
    ( '' ),
    'SwSTEP 2.0',
    'SolidWorks 2025',
    '' );
FILE_SCHEMA (( 'AUTOMOTIVE_DESIGN' ));
ENDSEC;

DATA;
#1 = LINE ( 'NONE', #1576, #50 ) ;
#2 = CARTESIAN_POINT ( 'NONE',  ( 7.853150817677981621, 2.070116605160632339, -0.1150913519912141192 ) ) ;
#3 = VERTEX_POINT ( 'NONE', #398 ) ;
#4 = LINE ( 'NONE', #945, #1118 ) ;
#5 = ADVANCED_FACE ( 'NONE', ( #1185 ), #246, .F. ) ;
#6 = EDGE_LOOP ( 'NONE', ( #1642, #1112 ) ) ;
#7 = DIRECTION ( 'NONE',  ( -1.000000000000000000, 1.720849129867250197E-15, -2.600906588039009626E-30 ) ) ;
#8 = FACE_OUTER_BOUND ( 'NONE', #587, .T. ) ;
#9 =( BOUNDED_CURVE ( )  B_SPLINE_CURVE ( 3, ( #530, #1311, #113, #397 ),
 .UNSPECIFIED., .F., .T. ) 
 B_SPLINE_CURVE_WITH_KNOTS ( ( 4, 4 ),
 ( 3.141592653589793116, 6.283185307179586232 ),
 .UNSPECIFIED. ) 
 CURVE ( )  GEOMETRIC_REPRESENTATION_ITEM ( )  RATIONAL_B_SPLINE_CURVE ( ( 1.000000000000000000, 0.3333333333333333703, 0.3333333333333333703, 1.000000000000000000 ) ) 
 REPRESENTATION_ITEM ( '' )  );
#10 = DIRECTION ( 'NONE',  ( -1.000000000000000000, 8.537024980200837349E-17, -3.512375991854052315E-15 ) ) ;
#11 = VERTEX_POINT ( 'NONE', #1459 ) ;
#12 = EDGE_LOOP ( 'NONE', ( #448, #937, #351, #770 ) ) ;
#13 = DIRECTION ( 'NONE',  ( -1.000000000000000000, 1.720849129867250197E-15, -2.600906588039009626E-30 ) ) ;
#14 = EDGE_CURVE ( 'NONE', #1301, #1513, #276, .T. ) ;
#15 = DIRECTION ( 'NONE',  ( -1.000000000000000000, 0.000000000000000000, 0.000000000000000000 ) ) ;
#16 = CARTESIAN_POINT ( 'NONE',  ( 1.509999999999995124, 23.14000000000000412, 0.1000000000000006023 ) ) ;
#17 = VERTEX_POINT ( 'NONE', #1158 ) ;
#18 = VERTEX_POINT ( 'NONE', #1681 ) ;
#19 = CARTESIAN_POINT ( 'NONE',  ( 1.409999999999995035, 2.000000000000002220, 0.1000000000000037109 ) ) ;
#20 = AXIS2_PLACEMENT_3D ( 'NONE', #1117, #1371, #1250 ) ;
#21 = AXIS2_PLACEMENT_3D ( 'NONE', #1047, #1298, #1166 ) ;
#22 = EDGE_CURVE ( 'NONE', #1409, #1139, #569, .T. ) ;
#23 = CARTESIAN_POINT ( 'NONE',  ( 1.159999999999991926, 3.000000000000055511, 0.9153543307086414726 ) ) ;
#24 = VECTOR ( 'NONE', #471, 39.37007874015748143 ) ;
#25 = AXIS2_PLACEMENT_3D ( 'NONE', #430, #950, #306 ) ;
#26 = EDGE_CURVE ( 'NONE', #1442, #1264, #1193, .T. ) ;
#27 = CARTESIAN_POINT ( 'NONE',  ( 4.213951224809987295, 5.547856372576045025, -0.2500000000000012212 ) ) ;
#28 =( NAMED_UNIT ( * ) SI_UNIT ( $, .STERADIAN. ) SOLID_ANGLE_UNIT ( ) );
#29 = FACE_OUTER_BOUND ( 'NONE', #1081, .T. ) ;
#30 = ORIENTED_EDGE ( 'NONE', *, *, #536, .T. ) ;
#31 = DIRECTION ( 'NONE',  ( -2.468850131082264555E-15, 0.7071067811865479058, -0.7071067811865472397 ) ) ;
#32 = FACE_OUTER_BOUND ( 'NONE', #728, .T. ) ;
#33 = CARTESIAN_POINT ( 'NONE',  ( 7.853150817677981621, 2.270033315760177750, 0.03854532800251424945 ) ) ;
#34 = DIRECTION ( 'NONE',  ( 0.000000000000000000, 0.000000000000000000, -1.000000000000000000 ) ) ;
#35 = EDGE_CURVE ( 'NONE', #887, #1253, #211, .T. ) ;
#36 = ORIENTED_EDGE ( 'NONE', *, *, #772, .T. ) ;
#37 = DIRECTION ( 'NONE',  ( 1.000000000000000000, -0.000000000000000000, 3.512375991854052315E-15 ) ) ;
#38 = ORIENTED_EDGE ( 'NONE', *, *, #73, .F. ) ;
#39 = MANIFOLD_SOLID_BREP ( 'LPattern1', #1142 ) ;
#40 = FACE_OUTER_BOUND ( 'NONE', #820, .T. ) ;
#41 = DIRECTION ( 'NONE',  ( 0.000000000000000000, 0.000000000000000000, -1.000000000000000000 ) ) ;
#42 = ADVANCED_FACE ( 'NONE', ( #655 ), #114, .T. ) ;
#43 = VERTEX_POINT ( 'NONE', #1176 ) ;
#44 = PLANE ( 'NONE',  #1480 ) ;
#45 = EDGE_CURVE ( 'NONE', #148, #1510, #1, .T. ) ;
#46 = ORIENTED_EDGE ( 'NONE', *, *, #1012, .F. ) ;
#47 = CARTESIAN_POINT ( 'NONE',  ( 1.790872624858488082, 6.700334168036005345, -0.2500000000000000000 ) ) ;
#48 = CARTESIAN_POINT ( 'NONE',  ( 2.000000000000004441, 2.000000000000005329, 0.7596456692913488018 ) ) ;
#49 = AXIS2_PLACEMENT_3D ( 'NONE', #1087, #1350, #1614 ) ;
#50 = VECTOR ( 'NONE', #791, 39.37007874015748143 ) ;
#51 = FACE_OUTER_BOUND ( 'NONE', #1068, .T. ) ;
#52 = CIRCLE ( 'NONE', #517, 0.3500000000000000888 ) ;
#53 = AXIS2_PLACEMENT_3D ( 'NONE', #690, #281, #1207 ) ;
#54 = CARTESIAN_POINT ( 'NONE',  ( 2.675354330708657358, 2.250000000000003553, 1.090354330708672492 ) ) ;
#55 = EDGE_LOOP ( 'NONE', ( #858, #1603, #88, #1331 ) ) ;
#56 = EDGE_CURVE ( 'NONE', #1442, #1645, #1314, .T. ) ;
#57 = FACE_OUTER_BOUND ( 'NONE', #1663, .T. ) ;
#58 = CARTESIAN_POINT ( 'NONE',  ( 6.344645669291333334, 1.999999999999997780, 0.9250000000000102585 ) ) ;
#59 = ORIENTED_EDGE ( 'NONE', *, *, #830, .T. ) ;
#60 = DIRECTION ( 'NONE',  ( -8.537024980200868164E-17, -1.000000000000000000, 8.537024980200896513E-17 ) ) ;
#61 = DIRECTION ( 'NONE',  ( -1.000000000000000000, 1.652117596168388150E-15, -0.000000000000000000 ) ) ;
#62 = DIRECTION ( 'NONE',  ( -2.731847993664263218E-17, -1.000000000000000000, 0.000000000000000000 ) ) ;
#63 = ORIENTED_EDGE ( 'NONE', *, *, #966, .T. ) ;
#64 = FACE_OUTER_BOUND ( 'NONE', #1489, .T. ) ;
#65 = DIRECTION ( 'NONE',  ( 1.000000000000000000, -0.000000000000000000, -0.000000000000000000 ) ) ;
#66 = ORIENTED_EDGE ( 'NONE', *, *, #1296, .F. ) ;
#67 = CARTESIAN_POINT ( 'NONE',  ( 2.976638425544313016, 15.12208098833292702, 0.000000000000000000 ) ) ;
#68 = ORIENTED_EDGE ( 'NONE', *, *, #22, .T. ) ;
#69 = DIRECTION ( 'NONE',  ( 0.000000000000000000, 0.000000000000000000, 1.000000000000000000 ) ) ;
#70 = ORIENTED_EDGE ( 'NONE', *, *, #558, .F. ) ;
#71 = DIRECTION ( 'NONE',  ( 0.000000000000000000, 0.000000000000000000, 1.000000000000000000 ) ) ;
#72 = FACE_OUTER_BOUND ( 'NONE', #756, .T. ) ;
#73 = EDGE_CURVE ( 'NONE', #1580, #689, #417, .T. ) ;
#74 = ORIENTED_EDGE ( 'NONE', *, *, #1191, .T. ) ;
#75 = CARTESIAN_POINT ( 'NONE',  ( 1.509999999999995124, -8.049506778971739607, 0.09999999999999793776 ) ) ;
#76 = EDGE_CURVE ( 'NONE', #200, #3, #267, .T. ) ;
#77 = ORIENTED_EDGE ( 'NONE', *, *, #199, .T. ) ;
#78 = AXIS2_PLACEMENT_3D ( 'NONE', #1571, #1536, #357 ) ;
#79 = VECTOR ( 'NONE', #1631, 39.37007874015748143 ) ;
#80 = FACE_BOUND ( 'NONE', #884, .T. ) ;
#81 = VECTOR ( 'NONE', #347, 39.37007874015748143 ) ;
#82 = ORIENTED_EDGE ( 'NONE', *, *, #611, .T. ) ;
#83 = DIRECTION ( 'NONE',  ( 0.000000000000000000, 0.000000000000000000, 1.000000000000000000 ) ) ;
#84 = CARTESIAN_POINT ( 'NONE',  ( 1.409999999999994147, 19.90000000000005542, 0.7500000000000381917 ) ) ;
#85 = CARTESIAN_POINT ( 'NONE',  ( 1.209354858209618300, 19.18501125138071828, -0.2500000000000012212 ) ) ;
#86 = ORIENTED_EDGE ( 'NONE', *, *, #1266, .T. ) ;
#87 = EDGE_CURVE ( 'NONE', #18, #1248, #925, .T. ) ;
#88 = ORIENTED_EDGE ( 'NONE', *, *, #14, .T. ) ;
#89 = CARTESIAN_POINT ( 'NONE',  ( 7.849041308284764540, 2.173733356870179989, -0.2058252359239844953 ) ) ;
#90 = CARTESIAN_POINT ( 'NONE',  ( 4.187864042533941067, 14.83317831032973011, 0.000000000000000000 ) ) ;
#91 = CARTESIAN_POINT ( 'NONE',  ( 4.187864042533941067, 15.64893697419836904, 0.000000000000000000 ) ) ;
#92 = APPLICATION_CONTEXT ( 'automotive_design' ) ;
#93 = ORIENTED_EDGE ( 'NONE', *, *, #1387, .T. ) ;
#94 = CARTESIAN_POINT ( 'NONE',  ( -6.924606895954950936, 11.70033416803600801, -0.2500000000000012212 ) ) ;
#95 = EDGE_CURVE ( 'NONE', #1003, #951, #1062, .T. ) ;
#96 = ORIENTED_EDGE ( 'NONE', *, *, #1530, .F. ) ;
#97 = DIRECTION ( 'NONE',  ( 0.000000000000000000, 0.000000000000000000, 1.000000000000000000 ) ) ;
#98 = EDGE_CURVE ( 'NONE', #145, #1351, #1479, .T. ) ;
#99 = CARTESIAN_POINT ( 'NONE',  ( 4.675354330708656470, 2.000000000000000888, 0.7596456692913488018 ) ) ;
#100 = CARTESIAN_POINT ( 'NONE',  ( 2.420580475199245019, 19.71186723724616385, 0.000000000000000000 ) ) ;
#101 = ORIENTED_EDGE ( 'NONE', *, *, #1315, .T. ) ;
#102 = AXIS2_PLACEMENT_3D ( 'NONE', #968, #716, #283 ) ;
#103 = FACE_OUTER_BOUND ( 'NONE', #848, .T. ) ;
#104 = LINE ( 'NONE', #163, #929 ) ;
#105 = ORIENTED_EDGE ( 'NONE', *, *, #1421, .F. ) ;
#106 = AXIS2_PLACEMENT_3D ( 'NONE', #1159, #1132, #497 ) ;
#107 = VECTOR ( 'NONE', #261, 39.37007874015748143 ) ;
#108 = DIRECTION ( 'NONE',  ( -1.561055996379578489E-16, -3.434323192035072183E-15, 1.000000000000000000 ) ) ;
#109 = AXIS2_PLACEMENT_3D ( 'NONE', #1334, #1364, #31 ) ;
#110 = ORIENTED_EDGE ( 'NONE', *, *, #1486, .T. ) ;
#111 = CARTESIAN_POINT ( 'NONE',  ( 7.850411144749171122, 2.288545328002504320, 0.02003331576018764840 ) ) ;
#112 = EDGE_CURVE ( 'NONE', #1442, #1383, #379, .T. ) ;
#113 = CARTESIAN_POINT ( 'NONE',  ( 3.631806092188872181, 20.23872322311160943, -0.2500000000000012212 ) ) ;
#114 = PLANE ( 'NONE',  #1588 ) ;
#115 = DIRECTION ( 'NONE',  ( -1.000000000000000000, 8.537024980200837349E-17, -3.512375991854052315E-15 ) ) ;
#116 = CARTESIAN_POINT ( 'NONE',  ( 1.790872624858488305, 16.70033416803600801, -0.2500000000000012212 ) ) ;
#117 = ORIENTED_EDGE ( 'NONE', *, *, #1144, .F. ) ;
#118 = LINE ( 'NONE', #1285, #1461 ) ;
#119 = ORIENTED_EDGE ( 'NONE', *, *, #443, .T. ) ;
#120 = DIRECTION ( 'NONE',  ( 1.720849129867250000E-15, 1.000000000000000000, 3.434323192035072971E-15 ) ) ;
#121 = ADVANCED_FACE ( 'NONE', ( #935, #815, #695, #682 ), #1496, .T. ) ;
#122 = DIRECTION ( 'NONE',  ( -0.000000000000000000, -0.000000000000000000, 1.000000000000000000 ) ) ;
#123 =( BOUNDED_CURVE ( )  B_SPLINE_CURVE ( 3, ( #1567, #909, #1437, #254 ),
 .UNSPECIFIED., .F., .T. ) 
 B_SPLINE_CURVE_WITH_KNOTS ( ( 4, 4 ),
 ( 0.000000000000000000, 3.141592653589793116 ),
 .UNSPECIFIED. ) 
 CURVE ( )  GEOMETRIC_REPRESENTATION_ITEM ( )  RATIONAL_B_SPLINE_CURVE ( ( 1.000000000000000000, 0.3333333333333333703, 0.3333333333333333703, 1.000000000000000000 ) ) 
 REPRESENTATION_ITEM ( '' )  );
#124 = EDGE_LOOP ( 'NONE', ( #105, #876, #1552, #961 ) ) ;
#125 = LINE ( 'NONE', #1648, #24 ) ;
#126 = DIRECTION ( 'NONE',  ( 0.000000000000000000, 1.000000000000000000, 3.434323192035072183E-15 ) ) ;
#127 = ORIENTED_EDGE ( 'NONE', *, *, #881, .F. ) ;
#128 = CARTESIAN_POINT ( 'NONE',  ( 1.509999999999995124, -8.049506778971739607, 0.09999999999999793776 ) ) ;
#129 = ORIENTED_EDGE ( 'NONE', *, *, #345, .F. ) ;
#130 = CARTESIAN_POINT ( 'NONE',  ( 1.509999999999994458, 2.349999999999996092, 5.531992187170133264E-15 ) ) ;
#131 = EDGE_CURVE ( 'NONE', #488, #1127, #313, .T. ) ;
#132 = CARTESIAN_POINT ( 'NONE',  ( 1.159999999999992593, 3.000000000000055511, 0.7499999999999805711 ) ) ;
#133 = VERTEX_POINT ( 'NONE', #1488 ) ;
#134 = DIRECTION ( 'NONE',  ( 1.000000000000000000, -1.720849129867250197E-15, -7.006492321624085355E-46 ) ) ;
#135 = AXIS2_PLACEMENT_3D ( 'NONE', #128, #482, #225 ) ;
#136 = VERTEX_POINT ( 'NONE', #1063 ) ;
#137 = DIRECTION ( 'NONE',  ( 1.000000000000000000, -0.000000000000000000, 3.512375991854052315E-15 ) ) ;
#138 = VECTOR ( 'NONE', #755, 39.37007874015748143 ) ;
#139 = CIRCLE ( 'NONE', #1667, 0.1653543307086613734 ) ;
#140 = DIRECTION ( 'NONE',  ( 8.537024980200868164E-17, 1.000000000000000000, -8.537024980200897746E-17 ) ) ;
#141 = CARTESIAN_POINT ( 'NONE',  ( 2.344645669291333778, 2.250000000000003997, 1.090354330708672492 ) ) ;
#142 = ADVANCED_FACE ( 'NONE', ( #51 ), #942, .F. ) ;
#143 = EDGE_LOOP ( 'NONE', ( #1473, #178, #1155, #1595 ) ) ;
#144 = CARTESIAN_POINT ( 'NONE',  ( 2.417076221633456257, 14.47682303524409697, 0.000000000000000000 ) ) ;
#145 = VERTEX_POINT ( 'NONE', #424 ) ;
#146 = DIRECTION ( 'NONE',  ( 1.000000000000000000, -0.000000000000000000, 3.512375991854052315E-15 ) ) ;
#147 = CARTESIAN_POINT ( 'NONE',  ( 1.409999999999995257, 2.000000000000001776, 9.288283178458495337E-15 ) ) ;
#148 = VERTEX_POINT ( 'NONE', #1354 ) ;
#149 = EDGE_CURVE ( 'NONE', #1264, #133, #52, .T. ) ;
#150 = FACE_BOUND ( 'NONE', #6, .T. ) ;
#151 = EDGE_LOOP ( 'NONE', ( #796, #1630, #1661, #70 ) ) ;
#152 = CARTESIAN_POINT ( 'NONE',  ( 11.04152073871359185, 2.349999999999996092, 0.1000000000000055567 ) ) ;
#153 = EDGE_CURVE ( 'NONE', #1383, #133, #1472, .T. ) ;
#154 = CARTESIAN_POINT ( 'NONE',  ( 1.409999999999997033, 23.14000000000000412, 7.649174382259936223E-15 ) ) ;
#155 = DIRECTION ( 'NONE',  ( 0.000000000000000000, 3.434323192035072971E-15, -1.000000000000000000 ) ) ;
#156 = DIRECTION ( 'NONE',  ( 1.720849129867250197E-15, 1.000000000000000000, 0.000000000000000000 ) ) ;
#157 = ORIENTED_EDGE ( 'NONE', *, *, #505, .F. ) ;
#158 = FACE_OUTER_BOUND ( 'NONE', #143, .T. ) ;
#159 = VECTOR ( 'NONE', #319, 39.37007874015748143 ) ;
#160 = ADVANCED_FACE ( 'NONE', ( #1339 ), #165, .T. ) ;
#161 = DIRECTION ( 'NONE',  ( -0.000000000000000000, -0.000000000000000000, 1.000000000000000000 ) ) ;
#162 = AXIS2_PLACEMENT_3D ( 'NONE', #670, #37, #286 ) ;
#163 = CARTESIAN_POINT ( 'NONE',  ( 7.860000000000005649, 2.249999999999998224, 1.666427276135200583E-14 ) ) ;
#164 = VECTOR ( 'NONE', #1551, 39.37007874015748143 ) ;
#165 = PLANE ( 'NONE',  #1591 ) ;
#166 = ORIENTED_EDGE ( 'NONE', *, *, #1574, .F. ) ;
#167 = CARTESIAN_POINT ( 'NONE',  ( 1.790872624858488305, 16.70033416803600801, -0.2500000000000012212 ) ) ;
#168 = ADVANCED_FACE ( 'NONE', ( #1605 ), #562, .F. ) ;
#169 = DIRECTION ( 'NONE',  ( 0.000000000000000000, -1.000000000000000000, 0.000000000000000000 ) ) ;
#170 = EDGE_CURVE ( 'NONE', #280, #1544, #949, .T. ) ;
#171 = DIRECTION ( 'NONE',  ( -1.000000000000000000, 8.537024980200837349E-17, -3.491481338843132961E-15 ) ) ;
#172 = ORIENTED_EDGE ( 'NONE', *, *, #946, .T. ) ;
#173 = FACE_BOUND ( 'NONE', #124, .T. ) ;
#174 = UNCERTAINTY_MEASURE_WITH_UNIT (LENGTH_MEASURE( 1.000000000000000082E-05 ), #496, 'distance_accuracy_value', 'NONE');
#175 = FACE_BOUND ( 'NONE', #893, .T. ) ;
#176 = CARTESIAN_POINT ( 'NONE',  ( -44.04411790607416322, -0.2623335308197394244, 0.000000000000000000 ) ) ;
#177 = LINE ( 'NONE', #1376, #350 ) ;
#178 = ORIENTED_EDGE ( 'NONE', *, *, #1133, .T. ) ;
#179 = DIRECTION ( 'NONE',  ( -3.512375991854052315E-15, 8.537024980200927328E-17, 1.000000000000000000 ) ) ;
#180 = CARTESIAN_POINT ( 'NONE',  ( 1.409999999999993703, 19.90000000000005542, 0.9153543307086988712 ) ) ;
#181 = ORIENTED_EDGE ( 'NONE', *, *, #938, .T. ) ;
#182 = AXIS2_PLACEMENT_3D ( 'NONE', #1228, #1097, #1516 ) ;
#183 = VECTOR ( 'NONE', #1223, 39.37007874015748854 ) ;
#184 = DIRECTION ( 'NONE',  ( 1.720849129867249803E-15, 1.000000000000000000, 3.434323192035072183E-15 ) ) ;
#185 = DIRECTION ( 'NONE',  ( -1.720849129867250000E-15, -1.000000000000000000, -3.434323192035072971E-15 ) ) ;
#186 = AXIS2_PLACEMENT_3D ( 'NONE', #1154, #1018, #217 ) ;
#187 = FACE_OUTER_BOUND ( 'NONE', #508, .T. ) ;
#188 = EDGE_CURVE ( 'NONE', #1462, #1333, #439, .T. ) ;
#189 = ORIENTED_EDGE ( 'NONE', *, *, #707, .T. ) ;
#190 = DIRECTION ( 'NONE',  ( -8.537024980200868164E-17, -1.000000000000000000, 8.537024980200896513E-17 ) ) ;
#191 = CARTESIAN_POINT ( 'NONE',  ( 3.123257716872914980, 11.70033416803600801, 0.000000000000000000 ) ) ;
#192 = EDGE_LOOP ( 'NONE', ( #863, #826 ) ) ;
#193 = CARTESIAN_POINT ( 'NONE',  ( 6.675354330708656470, 1.999374015748015987, 0.9250000000000102585 ) ) ;
#194 = ORIENTED_EDGE ( 'NONE', *, *, #1444, .F. ) ;
#195 = CARTESIAN_POINT ( 'NONE',  ( 6.344645669291333334, 1.999374015748015987, 1.090354330708671604 ) ) ;
#196 = EDGE_LOOP ( 'NONE', ( #525, #1317, #1524, #1586 ) ) ;
#197 = FACE_OUTER_BOUND ( 'NONE', #557, .T. ) ;
#198 = DIRECTION ( 'NONE',  ( 3.304235192336784584E-15, 0.000000000000000000, -1.000000000000000000 ) ) ;
#199 = EDGE_CURVE ( 'NONE', #1351, #1005, #469, .T. ) ;
#200 = VERTEX_POINT ( 'NONE', #1504 ) ;
#201 = LINE ( 'NONE', #477, #412 ) ;
#202 = ORIENTED_EDGE ( 'NONE', *, *, #475, .T. ) ;
#203 = PLANE ( 'NONE',  #818 ) ;
#204 = ORIENTED_EDGE ( 'NONE', *, *, #305, .F. ) ;
#205 = FACE_BOUND ( 'NONE', #659, .T. ) ;
#206 = PLANE ( 'NONE',  #1261 ) ;
#207 = EDGE_CURVE ( 'NONE', #321, #1373, #725, .T. ) ;
#208 = ORIENTED_EDGE ( 'NONE', *, *, #881, .T. ) ;
#209 = CARTESIAN_POINT ( 'NONE',  ( 2.420580475199245019, 19.71186723724616385, 0.000000000000000000 ) ) ;
#210 = AXIS2_PLACEMENT_3D ( 'NONE', #1558, #223, #775 ) ;
#211 = CIRCLE ( 'NONE', #1478, 0.1653543307086607073 ) ;
#212 = EDGE_LOOP ( 'NONE', ( #612, #499, #550, #602, #560 ) ) ;
#213 = AXIS2_PLACEMENT_3D ( 'NONE', #1184, #1556, #1582 ) ;
#214 = DIRECTION ( 'NONE',  ( 0.000000000000000000, -1.000000000000000000, 0.000000000000000000 ) ) ;
#215 = VECTOR ( 'NONE', #190, 39.37007874015748143 ) ;
#216 = VERTEX_POINT ( 'NONE', #608 ) ;
#217 = DIRECTION ( 'NONE',  ( 3.304235192336789711E-15, 0.000000000000000000, -1.000000000000000000 ) ) ;
#218 = DIRECTION ( 'NONE',  ( 0.000000000000000000, -1.000000000000000000, -3.434323192035072183E-15 ) ) ;
#219 = CARTESIAN_POINT ( 'NONE',  ( 4.187864042533941067, 15.64893697419836904, -0.2500000000000012212 ) ) ;
#220 = EDGE_CURVE ( 'NONE', #1534, #1301, #349, .T. ) ;
#221 = EDGE_LOOP ( 'NONE', ( #1584, #1412, #93, #1632 ) ) ;
#222 = ADVANCED_FACE ( 'NONE', ( #879 ), #616, .F. ) ;
#223 = DIRECTION ( 'NONE',  ( 1.720849129867250000E-15, 1.000000000000000000, 3.434323192035072971E-15 ) ) ;
#224 = EDGE_LOOP ( 'NONE', ( #288, #891, #745, #739 ) ) ;
#225 = DIRECTION ( 'NONE',  ( 0.000000000000000000, 0.000000000000000000, 1.000000000000000000 ) ) ;
#226 = CARTESIAN_POINT ( 'NONE',  ( 4.187864042533941067, 14.83317831032973011, -0.2500000000000012212 ) ) ;
#227 = CARTESIAN_POINT ( 'NONE',  ( 4.187864042533941067, 15.64893697419836904, -0.2500000000000012212 ) ) ;
#228 = EDGE_LOOP ( 'NONE', ( #724, #293 ) ) ;
#229 =( CONVERSION_BASED_UNIT ( 'INCH', #1543 ) LENGTH_UNIT ( ) NAMED_UNIT ( #653 ) );
#230 = CARTESIAN_POINT ( 'NONE',  ( 7.844932045648741692, 2.304176854212597991, -0.2499999999999944766 ) ) ;
#231 = EDGE_CURVE ( 'NONE', #11, #1544, #1265, .T. ) ;
#232 = EDGE_LOOP ( 'NONE', ( #842, #285, #1385, #595 ) ) ;
#233 = CARTESIAN_POINT ( 'NONE',  ( 7.850411144749172010, 2.134908648008774890, -0.1798833948393571414 ) ) ;
#234 = CARTESIAN_POINT ( 'NONE',  ( 7.846301635355955817, 2.323825211564067850, 0.002602732333173982289 ) ) ;
#235 = DIRECTION ( 'NONE',  ( 0.000000000000000000, 3.304235192336776301E-15, -1.000000000000000000 ) ) ;
#236 = AXIS2_PLACEMENT_3D ( 'NONE', #960, #1224, #548 ) ;
#237 = CARTESIAN_POINT ( 'NONE',  ( 4.344645669291333334, 1.999374015748019762, 0.9250000000000102585 ) ) ;
#238 = DIRECTION ( 'NONE',  ( 7.006492321624085355E-46, 3.434323192035072971E-15, -1.000000000000000000 ) ) ;
#239 = ORIENTED_EDGE ( 'NONE', *, *, #45, .T. ) ;
#240 = DIRECTION ( 'NONE',  ( 1.720849129867249803E-15, 1.000000000000000000, 3.434323192035072183E-15 ) ) ;
#241 = CIRCLE ( 'NONE', #1700, 0.1653543307086613734 ) ;
#242 = ORIENTED_EDGE ( 'NONE', *, *, #56, .T. ) ;
#243 = PRODUCT_DEFINITION_CONTEXT ( 'detailed design', #92, 'design' ) ;
#244 = LINE ( 'NONE', #1414, #1369 ) ;
#245 = DIRECTION ( 'NONE',  ( -1.720849129867250000E-15, -1.000000000000000000, -3.434323192035072971E-15 ) ) ;
#246 = CYLINDRICAL_SURFACE ( 'NONE', #21, 0.1653543307086613734 ) ;
#247 = CARTESIAN_POINT ( 'NONE',  ( 2.176780981213570332, 2.781713543831470403, -0.2500000000000012212 ) ) ;
#248 = CARTESIAN_POINT ( 'NONE',  ( 1.159999999999993925, 19.90000000000005542, 0.7500000000000373035 ) ) ;
#249 = VERTEX_POINT ( 'NONE', #460 ) ;
#250 = DIRECTION ( 'NONE',  ( 3.512375991854052315E-15, -8.537024980200927328E-17, -1.000000000000000000 ) ) ;
#251 = ORIENTED_EDGE ( 'NONE', *, *, #1402, .T. ) ;
#252 = LINE ( 'NONE', #1143, #873 ) ;
#253 = ADVANCED_FACE ( 'NONE', ( #1138 ), #1236, .F. ) ;
#254 = CARTESIAN_POINT ( 'NONE',  ( 5.984739045710472105, 5.904211647661679052, -0.2500000000000012212 ) ) ;
#255 = DIRECTION ( 'NONE',  ( -1.000000000000000000, 8.537024980200837349E-17, -3.491481338843132961E-15 ) ) ;
#256 = CARTESIAN_POINT ( 'NONE',  ( 7.857260327071196926, 2.009109563166085355, 0.008388240474258611482 ) ) ;
#257 = ORIENTED_EDGE ( 'NONE', *, *, #1436, .F. ) ;
#258 = CARTESIAN_POINT ( 'NONE',  ( 7.755526866610956915, 6.260566922747311303, 0.000000000000000000 ) ) ;
#259 = ORIENTED_EDGE ( 'NONE', *, *, #396, .T. ) ;
#260 = CARTESIAN_POINT ( 'NONE',  ( 1.159999999999953957, 11.94499999999998785, 11.94500000000000561 ) ) ;
#261 = DIRECTION ( 'NONE',  ( -0.000000000000000000, 1.000000000000000000, 8.537024980200866931E-17 ) ) ;
#262 = ADVANCED_FACE ( 'NONE', ( #1245 ), #1102, .F. ) ;
#263 = EDGE_LOOP ( 'NONE', ( #812, #1375, #1320, #1495 ) ) ;
#264 = APPLICATION_PROTOCOL_DEFINITION ( 'draft international standard', 'automotive_design', 1998, #92 ) ;
#265 = CARTESIAN_POINT ( 'NONE',  ( 7.843561962427146206, 2.349999999999996092, 5.531992187170133264E-15 ) ) ;
#266 = ORIENTED_EDGE ( 'NONE', *, *, #526, .F. ) ;
#267 = CIRCLE ( 'NONE', #1454, 51.95339843179001349 ) ;
#268 = CARTESIAN_POINT ( 'NONE',  ( 6.344645669291334222, 2.249999999999998224, 0.7596456692913496900 ) ) ;
#269 = CIRCLE ( 'NONE', #765, 10.04786461282786547 ) ;
#270 = ORIENTED_EDGE ( 'NONE', *, *, #1347, .F. ) ;
#271 = CARTESIAN_POINT ( 'NONE',  ( 4.675354330708656470, 2.250000000000001332, 0.7596456692913496900 ) ) ;
#272 = VECTOR ( 'NONE', #789, 39.37007874015748143 ) ;
#273 = AXIS2_PLACEMENT_3D ( 'NONE', #132, #513, #629 ) ;
#274 = CARTESIAN_POINT ( 'NONE',  ( 1.409999999999996811, 23.14000000000000412, 0.1000000000000033085 ) ) ;
#275 = ORIENTED_EDGE ( 'NONE', *, *, #1296, .T. ) ;
#276 = LINE ( 'NONE', #141, #1312 ) ;
#277 = ORIENTED_EDGE ( 'NONE', *, *, #1268, .T. ) ;
#278 = EDGE_CURVE ( 'NONE', #1503, #1021, #201, .T. ) ;
#279 = CARTESIAN_POINT ( 'NONE',  ( 5.984739045710472105, 5.904211647661679052, -0.2500000000000012212 ) ) ;
#280 = VERTEX_POINT ( 'NONE', #324 ) ;
#281 = DIRECTION ( 'NONE',  ( 1.000000000000000000, -0.000000000000000000, 3.512375991854052315E-15 ) ) ;
#282 = CARTESIAN_POINT ( 'NONE',  ( 2.185860046268665258, 22.89000000000000412, -0.2500000000000000000 ) ) ;
#283 = DIRECTION ( 'NONE',  ( 1.000000000000000000, 0.000000000000000000, 0.000000000000000000 ) ) ;
#284 = SHAPE_DEFINITION_REPRESENTATION ( #1249, #563 ) ;
#285 = ORIENTED_EDGE ( 'NONE', *, *, #188, .T. ) ;
#286 = DIRECTION ( 'NONE',  ( 3.304235192336789711E-15, 0.000000000000000000, -1.000000000000000000 ) ) ;
#287 = ADVANCED_FACE ( 'NONE', ( #1254 ), #1002, .F. ) ;
#288 = ORIENTED_EDGE ( 'NONE', *, *, #976, .T. ) ;
#289 = CARTESIAN_POINT ( 'NONE',  ( 1.790872624858488082, 6.700334168036006233, 0.000000000000000000 ) ) ;
#290 = DIRECTION ( 'NONE',  ( -1.000000000000000000, 0.000000000000000000, 0.000000000000000000 ) ) ;
#291 = CARTESIAN_POINT ( 'NONE',  ( 1.509999999999995124, 23.14000000000000412, 5.805176986536559586E-16 ) ) ;
#292 = CARTESIAN_POINT ( 'NONE',  ( 0.000000000000000000, 0.000000000000000000, 0.000000000000000000 ) ) ;
#293 = ORIENTED_EDGE ( 'NONE', *, *, #1517, .T. ) ;
#294 = CARTESIAN_POINT ( 'NONE',  ( 7.860000000000005649, 1.999999999999998002, 8.741913579725642299E-15 ) ) ;
#295 = VERTEX_POINT ( 'NONE', #872 ) ;
#296 = ADVANCED_FACE ( 'NONE', ( #1401 ), #662, .F. ) ;
#297 = MECHANICAL_DESIGN_GEOMETRIC_PRESENTATION_REPRESENTATION (  '', ( #816 ), #1636 ) ;
#298 = DIRECTION ( 'NONE',  ( 0.000000000000000000, 0.000000000000000000, 1.000000000000000000 ) ) ;
#299 = EDGE_CURVE ( 'NONE', #887, #43, #741, .T. ) ;
#300 = VECTOR ( 'NONE', #943, 39.37007874015748143 ) ;
#301 = AXIS2_PLACEMENT_3D ( 'NONE', #248, #776, #1300 ) ;
#302 = DIRECTION ( 'NONE',  ( -3.491481338843132961E-15, 8.537024980200927328E-17, 1.000000000000000000 ) ) ;
#303 = ORIENTED_EDGE ( 'NONE', *, *, #822, .F. ) ;
#304 = CARTESIAN_POINT ( 'NONE',  ( 1.409999999999993703, 21.90000000000005187, 0.9153543307087076419 ) ) ;
#305 = EDGE_CURVE ( 'NONE', #148, #216, #1457, .T. ) ;
#306 = DIRECTION ( 'NONE',  ( 0.000000000000000000, -3.304235192336776301E-15, 1.000000000000000000 ) ) ;
#307 = VERTEX_POINT ( 'NONE', #1028 ) ;
#308 = FACE_OUTER_BOUND ( 'NONE', #1225, .T. ) ;
#309 = ORIENTED_EDGE ( 'NONE', *, *, #760, .T. ) ;
#310 = CARTESIAN_POINT ( 'NONE',  ( 1.409999999999992593, 3.000000000000055511, 0.7499999999999813483 ) ) ;
#311 = CARTESIAN_POINT ( 'NONE',  ( 1.159374015748038333, 22.14000000000000412, 1.750000000000004663 ) ) ;
#312 = EDGE_LOOP ( 'NONE', ( #719, #202, #208, #1186 ) ) ;
#313 = LINE ( 'NONE', #837, #1064 ) ;
#314 = EDGE_CURVE ( 'NONE', #249, #280, #1575, .T. ) ;
#315 = ORIENTED_EDGE ( 'NONE', *, *, #14, .F. ) ;
#316 = DIRECTION ( 'NONE',  ( 1.000000000000000000, 0.000000000000000000, 0.000000000000000000 ) ) ;
#317 = CARTESIAN_POINT ( 'NONE',  ( 4.187864042533941067, 15.64893697419836904, 0.000000000000000000 ) ) ;
#318 = VERTEX_POINT ( 'NONE', #924 ) ;
#319 = DIRECTION ( 'NONE',  ( 1.000000000000000000, 0.000000000000000000, 0.000000000000000000 ) ) ;
#320 = CARTESIAN_POINT ( 'NONE',  ( 4.534437457200203316E-15, 2.000000000000007994, 1.090354330708671604 ) ) ;
#321 = VERTEX_POINT ( 'NONE', #918 ) ;
#322 = AXIS2_PLACEMENT_3D ( 'NONE', #1181, #1463, #913 ) ;
#323 = VECTOR ( 'NONE', #1272, 39.37007874015748143 ) ;
#324 = CARTESIAN_POINT ( 'NONE',  ( 2.420580475199245019, 19.71186723724616385, 0.000000000000000000 ) ) ;
#325 = CIRCLE ( 'NONE', #691, 0.1653543307086612346 ) ;
#326 = EDGE_LOOP ( 'NONE', ( #1522, #372, #1475, #1273 ) ) ;
#327 = FACE_OUTER_BOUND ( 'NONE', #708, .T. ) ;
#328 = VERTEX_POINT ( 'NONE', #1455 ) ;
#329 = DIRECTION ( 'NONE',  ( -0.000000000000000000, -0.000000000000000000, 1.000000000000000000 ) ) ;
#330 = CARTESIAN_POINT ( 'NONE',  ( 5.984739045710472105, 5.904211647661679052, -0.2500000000000012212 ) ) ;
#331 = ORIENTED_EDGE ( 'NONE', *, *, #1144, .T. ) ;
#332 = DIRECTION ( 'NONE',  ( 3.304235192336789711E-15, 0.000000000000000000, -1.000000000000000000 ) ) ;
#333 = ORIENTED_EDGE ( 'NONE', *, *, #1284, .F. ) ;
#334 = FACE_BOUND ( 'NONE', #865, .T. ) ;
#335 = ORIENTED_EDGE ( 'NONE', *, *, #231, .T. ) ;
#336 = EDGE_CURVE ( 'NONE', #1124, #133, #1445, .T. ) ;
#337 = CARTESIAN_POINT ( 'NONE',  ( 1.409999999999995035, 2.349999999999996536, 0.1000000000000042660 ) ) ;
#338 = LINE ( 'NONE', #712, #819 ) ;
#339 = EDGE_LOOP ( 'NONE', ( #928, #1182, #1114, #799 ) ) ;
#340 = DIRECTION ( 'NONE',  ( -0.000000000000000000, 1.000000000000000000, 8.537024980200866931E-17 ) ) ;
#341 = ORIENTED_EDGE ( 'NONE', *, *, #1520, .F. ) ;
#342 = CARTESIAN_POINT ( 'NONE',  ( 3.123257716872914980, 11.70033416803600801, -0.2500000000000012212 ) ) ;
#343 = EDGE_LOOP ( 'NONE', ( #777, #96, #1213, #1075 ) ) ;
#344 = FACE_BOUND ( 'NONE', #196, .T. ) ;
#345 = EDGE_CURVE ( 'NONE', #11, #249, #9, .T. ) ;
#346 = UNCERTAINTY_MEASURE_WITH_UNIT (LENGTH_MEASURE( 1.000000000000000082E-05 ), #229, 'distance_accuracy_value', 'NONE');
#347 = DIRECTION ( 'NONE',  ( -1.000000000000000000, -0.000000000000000000, -0.000000000000000000 ) ) ;
#348 = ADVANCED_FACE ( 'NONE', ( #762 ), #667, .F. ) ;
#349 = LINE ( 'NONE', #1541, #1313 ) ;
#350 = VECTOR ( 'NONE', #1367, 39.37007874015748143 ) ;
#351 = ORIENTED_EDGE ( 'NONE', *, *, #95, .T. ) ;
#352 =( GEOMETRIC_REPRESENTATION_CONTEXT ( 3 ) GLOBAL_UNCERTAINTY_ASSIGNED_CONTEXT ( ( #346 ) ) GLOBAL_UNIT_ASSIGNED_CONTEXT ( ( #229, #399, #28 ) ) REPRESENTATION_CONTEXT ( 'NONE', 'WORKASPACE' ) );
#353 = VECTOR ( 'NONE', #1046, 39.37007874015748143 ) ;
#354 = DIRECTION ( 'NONE',  ( 0.000000000000000000, -3.304235192336776301E-15, 1.000000000000000000 ) ) ;
#355 = VECTOR ( 'NONE', #7, 39.37007874015748143 ) ;
#356 = ORIENTED_EDGE ( 'NONE', *, *, #586, .F. ) ;
#357 = DIRECTION ( 'NONE',  ( 0.000000000000000000, -3.304235192336776301E-15, 1.000000000000000000 ) ) ;
#358 = DIRECTION ( 'NONE',  ( 3.304235192336779062E-15, 0.000000000000000000, -1.000000000000000000 ) ) ;
#359 = DIRECTION ( 'NONE',  ( -0.000000000000000000, -0.000000000000000000, 1.000000000000000000 ) ) ;
#360 =( BOUNDED_CURVE ( )  B_SPLINE_CURVE ( 3, ( #1214, #258, #786, #402 ),
 .UNSPECIFIED., .F., .T. ) 
 B_SPLINE_CURVE_WITH_KNOTS ( ( 4, 4 ),
 ( 3.141592653589793116, 6.283185307179586232 ),
 .UNSPECIFIED. ) 
 CURVE ( )  GEOMETRIC_REPRESENTATION_ITEM ( )  RATIONAL_B_SPLINE_CURVE ( ( 1.000000000000000000, 0.3333333333333333703, 0.3333333333333333703, 1.000000000000000000 ) ) 
 REPRESENTATION_ITEM ( '' )  );
#361 = ADVANCED_FACE ( 'NONE', ( #8 ), #781, .T. ) ;
#362 = VERTEX_POINT ( 'NONE', #1289 ) ;
#363 = CARTESIAN_POINT ( 'NONE',  ( 6.675354330708656470, 1.999999999999996447, 1.090354330708671604 ) ) ;
#364 = CARTESIAN_POINT ( 'NONE',  ( 4.675354330708656470, 1.999374015748019318, 0.9250000000000102585 ) ) ;
#365 = ORIENTED_EDGE ( 'NONE', *, *, #782, .T. ) ;
#366 = CARTESIAN_POINT ( 'NONE',  ( 6.344645669291334222, 2.249999999999997335, 1.090354330708672492 ) ) ;
#367 = DIRECTION ( 'NONE',  ( 0.000000000000000000, 3.304235192336776301E-15, -1.000000000000000000 ) ) ;
#368 = DIRECTION ( 'NONE',  ( -3.304235192336789711E-15, 0.000000000000000000, 1.000000000000000000 ) ) ;
#369 = EDGE_CURVE ( 'NONE', #1373, #979, #1428, .T. ) ;
#370 = CARTESIAN_POINT ( 'NONE',  ( 1.409999999999995035, 2.349999999999996536, 0.1000000000000042660 ) ) ;
#371 = CARTESIAN_POINT ( 'NONE',  ( 2.344645669291333334, 1.999374015748022870, 1.090354330708671604 ) ) ;
#372 = ORIENTED_EDGE ( 'NONE', *, *, #1355, .F. ) ;
#373 = PRODUCT ( 'LED iPoster -LH Back Support', 'LED iPoster -LH Back Support', '', ( #539 ) ) ;
#374 = LINE ( 'NONE', #1170, #415 ) ;
#375 = ORIENTED_EDGE ( 'NONE', *, *, #1212, .F. ) ;
#376 = CARTESIAN_POINT ( 'NONE',  ( 7.843561962427146206, 2.349999999999996092, 5.531992187170133264E-15 ) ) ;
#377 = DIRECTION ( 'NONE',  ( -1.720849129867250000E-15, -1.000000000000000000, -3.434323192035072971E-15 ) ) ;
#378 = CARTESIAN_POINT ( 'NONE',  ( 1.159999999999995257, 23.14000000000000412, -0.2500000000000000000 ) ) ;
#379 = CIRCLE ( 'NONE', #594, 0.1000000000000000194 ) ;
#380 = FACE_OUTER_BOUND ( 'NONE', #326, .T. ) ;
#381 = CARTESIAN_POINT ( 'NONE',  ( 6.344645669291333334, 1.999374015748017097, 0.7596456692913488018 ) ) ;
#382 = EDGE_LOOP ( 'NONE', ( #697, #971, #651, #181 ) ) ;
#383 = CIRCLE ( 'NONE', #486, 10.04786461282786547 ) ;
#384 = CIRCLE ( 'NONE', #571, 0.1000000000000000194 ) ;
#385 = LINE ( 'NONE', #905, #926 ) ;
#386 = EDGE_CURVE ( 'NONE', #552, #1196, #615, .T. ) ;
#387 = AXIS2_PLACEMENT_3D ( 'NONE', #371, #889, #555 ) ;
#388 = ORIENTED_EDGE ( 'NONE', *, *, #336, .F. ) ;
#389 = LINE ( 'NONE', #130, #1641 ) ;
#390 = CARTESIAN_POINT ( 'NONE',  ( 1.509999999999995124, 2.349999999999997424, -1.199452009718215757E-15 ) ) ;
#391 = FACE_OUTER_BOUND ( 'NONE', #1307, .T. ) ;
#392 = ORIENTED_EDGE ( 'NONE', *, *, #1275, .F. ) ;
#393 = CARTESIAN_POINT ( 'NONE',  ( 1.159999999999993703, 21.90000000000005187, 0.9153543307087067538 ) ) ;
#394 = EDGE_LOOP ( 'NONE', ( #787, #1637, #977, #1246 ) ) ;
#395 = CARTESIAN_POINT ( 'NONE',  ( 7.854520654142385538, 2.262621361164570022, 0.04963810196291581350 ) ) ;
#396 = EDGE_CURVE ( 'NONE', #1544, #280, #995, .T. ) ;
#397 = CARTESIAN_POINT ( 'NONE',  ( 2.420580475199245019, 19.71186723724616385, -0.2500000000000012212 ) ) ;
#398 = CARTESIAN_POINT ( 'NONE',  ( 2.409394568923568070, 23.00194783241069629, 0.000000000000000000 ) ) ;
#399 =( NAMED_UNIT ( * ) PLANE_ANGLE_UNIT ( ) SI_UNIT ( $, .RADIAN. ) );
#400 = DIRECTION ( 'NONE',  ( -1.000000000000000000, 1.720849129867250395E-15, -1.561055996379519324E-16 ) ) ;
#401 = EDGE_LOOP ( 'NONE', ( #251, #528, #1134, #575 ) ) ;
#402 = CARTESIAN_POINT ( 'NONE',  ( 4.187864042533941067, 14.83317831032973011, 0.000000000000000000 ) ) ;
#403 = ORIENTED_EDGE ( 'NONE', *, *, #742, .F. ) ;
#404 = CARTESIAN_POINT ( 'NONE',  ( 1.409999999999994147, 21.90000000000005187, 0.7500000000000469624 ) ) ;
#405 = ADVANCED_FACE ( 'NONE', ( #623 ), #1148, .T. ) ;
#406 = CARTESIAN_POINT ( 'NONE',  ( 4.187864042533941067, 15.64893697419836904, 0.000000000000000000 ) ) ;
#407 = CARTESIAN_POINT ( 'NONE',  ( 1.159999999999994147, 21.90000000000005187, 0.7500000000000460743 ) ) ;
#408 =( BOUNDED_CURVE ( )  B_SPLINE_CURVE ( 3, ( #1195, #144, #696, #541 ),
 .UNSPECIFIED., .F., .T. ) 
 B_SPLINE_CURVE_WITH_KNOTS ( ( 4, 4 ),
 ( 0.000000000000000000, 3.141592653589793116 ),
 .UNSPECIFIED. ) 
 CURVE ( )  GEOMETRIC_REPRESENTATION_ITEM ( )  RATIONAL_B_SPLINE_CURVE ( ( 1.000000000000000000, 0.3333333333333333703, 0.3333333333333333703, 1.000000000000000000 ) ) 
 REPRESENTATION_ITEM ( '' )  );
#409 = EDGE_LOOP ( 'NONE', ( #1239, #445, #419, #1231 ) ) ;
#410 = CARTESIAN_POINT ( 'NONE',  ( 4.964649739667014682E-15, 2.250000000000006217, 1.750000000000010658 ) ) ;
#411 = VECTOR ( 'NONE', #930, 39.37007874015748143 ) ;
#412 = VECTOR ( 'NONE', #1523, 39.37007874015748143 ) ;
#413 = ORIENTED_EDGE ( 'NONE', *, *, #707, .F. ) ;
#414 = CYLINDRICAL_SURFACE ( 'NONE', #53, 0.1653543307086607073 ) ;
#415 = VECTOR ( 'NONE', #892, 39.37007874015748143 ) ;
#416 = CARTESIAN_POINT ( 'NONE',  ( 4.344645669291333334, 1.999374015748020206, 0.7596456692913488018 ) ) ;
#417 = LINE ( 'NONE', #809, #485 ) ;
#418 = EDGE_CURVE ( 'NONE', #1017, #726, #487, .T. ) ;
#419 = ORIENTED_EDGE ( 'NONE', *, *, #1053, .F. ) ;
#420 = DIRECTION ( 'NONE',  ( -1.000000000000000000, 8.537024980200837349E-17, -3.512375991854052315E-15 ) ) ;
#421 = VERTEX_POINT ( 'NONE', #390 ) ;
#422 = CYLINDRICAL_SURFACE ( 'NONE', #798, 51.95339843179001349 ) ;
#423 = CARTESIAN_POINT ( 'NONE',  ( 2.675354330708656470, 1.999374015748022204, 1.090354330708671604 ) ) ;
#424 = CARTESIAN_POINT ( 'NONE',  ( 1.509999999999994458, 1.999999999999995781, 0.1000000000000041966 ) ) ;
#425 = EDGE_CURVE ( 'NONE', #200, #421, #886, .T. ) ;
#426 = ORIENTED_EDGE ( 'NONE', *, *, #1400, .T. ) ;
#427 = CARTESIAN_POINT ( 'NONE',  ( 1.409999999999996811, 23.14000000000000412, 0.1000000000000037109 ) ) ;
#428 = VERTEX_POINT ( 'NONE', #1679 ) ;
#429 = DIRECTION ( 'NONE',  ( 1.720849129867249803E-15, 1.000000000000000000, 3.434323192035072183E-15 ) ) ;
#430 = CARTESIAN_POINT ( 'NONE',  ( 2.675354330708656470, 1.999374015748022870, 0.9250000000000102585 ) ) ;
#431 = EDGE_CURVE ( 'NONE', #1221, #1021, #773, .T. ) ;
#432 = CARTESIAN_POINT ( 'NONE',  ( 2.344645669291333334, 2.000000000000003553, 1.090354330708671604 ) ) ;
#433 = EDGE_LOOP ( 'NONE', ( #1675, #1255 ) ) ;
#434 = EDGE_CURVE ( 'NONE', #451, #1124, #644, .T. ) ;
#435 = VECTOR ( 'NONE', #962, 39.37007874015748143 ) ;
#436 = CARTESIAN_POINT ( 'NONE',  ( 7.843561962427146206, 2.349999999999996092, -0.2499999999999944766 ) ) ;
#437 = AXIS2_PLACEMENT_3D ( 'NONE', #1547, #1671, #1020 ) ;
#438 = AXIS2_PLACEMENT_3D ( 'NONE', #84, #593, #1234 ) ;
#439 = LINE ( 'NONE', #986, #1013 ) ;
#440 = DIRECTION ( 'NONE',  ( -1.000000000000000000, 2.731847993664263218E-17, 0.000000000000000000 ) ) ;
#441 = ORIENTED_EDGE ( 'NONE', *, *, #472, .F. ) ;
#442 = PLANE ( 'NONE',  #20 ) ;
#443 = EDGE_CURVE ( 'NONE', #295, #1672, #123, .T. ) ;
#444 = DIRECTION ( 'NONE',  ( 3.512375991854052315E-15, -8.537024980200927328E-17, -1.000000000000000000 ) ) ;
#445 = ORIENTED_EDGE ( 'NONE', *, *, #431, .F. ) ;
#446 = DIRECTION ( 'NONE',  ( 0.000000000000000000, 3.304235192336776301E-15, -1.000000000000000000 ) ) ;
#447 = FACE_BOUND ( 'NONE', #433, .T. ) ;
#448 = ORIENTED_EDGE ( 'NONE', *, *, #660, .T. ) ;
#449 = CARTESIAN_POINT ( 'NONE',  ( 1.159999999999993259, 19.90000000000005542, 0.9153543307086980940 ) ) ;
#450 = EDGE_CURVE ( 'NONE', #544, #318, #1036, .T. ) ;
#451 = VERTEX_POINT ( 'NONE', #436 ) ;
#452 = CARTESIAN_POINT ( 'NONE',  ( 5.399089659523567342, 16.17579296006381284, -0.2500000000000012212 ) ) ;
#453 = EDGE_CURVE ( 'NONE', #689, #1503, #269, .T. ) ;
#454 = CARTESIAN_POINT ( 'NONE',  ( 1.790872624858488305, 16.70033416803600801, 0.000000000000000000 ) ) ;
#455 = ORIENTED_EDGE ( 'NONE', *, *, #565, .F. ) ;
#456 = LINE ( 'NONE', #1233, #215 ) ;
#457 = EDGE_LOOP ( 'NONE', ( #1393, #1677, #932, #1204 ) ) ;
#458 = AXIS2_PLACEMENT_3D ( 'NONE', #195, #857, #1384 ) ;
#459 = VECTOR ( 'NONE', #429, 39.37007874015748143 ) ;
#460 = CARTESIAN_POINT ( 'NONE',  ( 2.420580475199245019, 19.71186723724616385, -0.2500000000000012212 ) ) ;
#461 = AXIS2_PLACEMENT_3D ( 'NONE', #381, #883, #126 ) ;
#462 = ORIENTED_EDGE ( 'NONE', *, *, #1305, .F. ) ;
#463 = ADVANCED_FACE ( 'NONE', ( #1477, #1471, #554, #175, #32 ), #808, .F. ) ;
#464 = FACE_OUTER_BOUND ( 'NONE', #1244, .T. ) ;
#465 = ORIENTED_EDGE ( 'NONE', *, *, #131, .T. ) ;
#466 = DIRECTION ( 'NONE',  ( -1.000000000000000000, 8.537024980200837349E-17, -3.512375991854052315E-15 ) ) ;
#467 = CARTESIAN_POINT ( 'NONE',  ( 4.344645669291333334, 2.250000000000001332, 0.9250000000000110356 ) ) ;
#468 = ORIENTED_EDGE ( 'NONE', *, *, #345, .T. ) ;
#469 = LINE ( 'NONE', #1633, #1146 ) ;
#470 = EDGE_LOOP ( 'NONE', ( #1189, #669, #531, #275, #1342, #1034 ) ) ;
#471 = DIRECTION ( 'NONE',  ( 1.720849129867249803E-15, 1.000000000000000000, 3.434323192035072183E-15 ) ) ;
#472 = EDGE_CURVE ( 'NONE', #17, #1089, #1487, .T. ) ;
#473 = ORIENTED_EDGE ( 'NONE', *, *, #1029, .F. ) ;
#474 = CARTESIAN_POINT ( 'NONE',  ( 7.860000000000005649, 1.999999999999997780, 0.1000000000000084988 ) ) ;
#475 = EDGE_CURVE ( 'NONE', #216, #1513, #1082, .T. ) ;
#476 = DIRECTION ( 'NONE',  ( -1.720849129867250000E-15, -1.000000000000000000, -3.434323192035072971E-15 ) ) ;
#477 = CARTESIAN_POINT ( 'NONE',  ( 1.790872624858488305, 16.70033416803600801, 0.000000000000000000 ) ) ;
#478 = VERTEX_POINT ( 'NONE', #823 ) ;
#479 = CARTESIAN_POINT ( 'NONE',  ( 6.675354330708656470, 2.249999999999996891, 1.090354330708672492 ) ) ;
#480 = VERTEX_POINT ( 'NONE', #304 ) ;
#481 = EDGE_CURVE ( 'NONE', #1442, #1150, #1060, .T. ) ;
#482 = DIRECTION ( 'NONE',  ( -0.000000000000000000, 1.000000000000000000, 8.537024980200866931E-17 ) ) ;
#483 = CARTESIAN_POINT ( 'NONE',  ( 4.187864042533941067, 14.83317831032973011, -0.2500000000000012212 ) ) ;
#484 = CARTESIAN_POINT ( 'NONE',  ( 1.159999999999988818, 2.000000000000001776, 1.750000000000005107 ) ) ;
#485 = VECTOR ( 'NONE', #1467, 39.37007874015748143 ) ;
#486 = AXIS2_PLACEMENT_3D ( 'NONE', #1579, #1474, #1188 ) ;
#487 = CIRCLE ( 'NONE', #1287, 0.1653543307086613734 ) ;
#488 = VERTEX_POINT ( 'NONE', #1604 ) ;
#489 = VECTOR ( 'NONE', #61, 39.37007874015748143 ) ;
#490 = DIRECTION ( 'NONE',  ( 1.000000000000000000, -1.720849129867250197E-15, -2.360463002061416414E-31 ) ) ;
#491 = CIRCLE ( 'NONE', #1399, 0.1653543307086613734 ) ;
#492 = ORIENTED_EDGE ( 'NONE', *, *, #1266, .F. ) ;
#493 = CARTESIAN_POINT ( 'NONE',  ( 7.843561962427137324, 2.349999999999995204, -0.08333333333332779147 ) ) ;
#494 = EDGE_CURVE ( 'NONE', #1264, #1656, #681, .T. ) ;
#495 = CARTESIAN_POINT ( 'NONE',  ( 1.159999999999989040, 2.000000000000001776, 1.750000000000005107 ) ) ;
#496 =( CONVERSION_BASED_UNIT ( 'INCH', #674 ) LENGTH_UNIT ( ) NAMED_UNIT ( #1352 ) );
#497 = DIRECTION ( 'NONE',  ( 0.000000000000000000, -1.000000000000000000, -3.491481338843132961E-15 ) ) ;
#498 = CARTESIAN_POINT ( 'NONE',  ( 7.858629919233211858, 2.249999999999996003, 0.08690769608991789907 ) ) ;
#499 = ORIENTED_EDGE ( 'NONE', *, *, #425, .F. ) ;
#500 = CARTESIAN_POINT ( 'NONE',  ( 7.858630163535600843, 1.999999999999995559, 0.05418510713515545252 ) ) ;
#501 = ORIENTED_EDGE ( 'NONE', *, *, #1592, .T. ) ;
#502 = DIRECTION ( 'NONE',  ( 3.304235192336779062E-15, 0.000000000000000000, -1.000000000000000000 ) ) ;
#503 = CARTESIAN_POINT ( 'NONE',  ( 2.420580475199245019, 19.71186723724616385, -0.2500000000000012212 ) ) ;
#504 = CARTESIAN_POINT ( 'NONE',  ( 1.159999999999996367, 23.14000000000000412, 0.1000000000000023509 ) ) ;
#505 = EDGE_CURVE ( 'NONE', #1021, #689, #927, .T. ) ;
#506 = DIRECTION ( 'NONE',  ( 1.000000000000000000, 0.000000000000000000, 0.000000000000000000 ) ) ;
#507 = CARTESIAN_POINT ( 'NONE',  ( 7.849041308284766316, 2.173733356870180877, -0.2058252359239846063 ) ) ;
#508 = EDGE_LOOP ( 'NONE', ( #403, #856, #922, #117 ) ) ;
#509 = DIRECTION ( 'NONE',  ( 1.720849129867250197E-15, 1.000000000000000000, 3.491481338843132961E-15 ) ) ;
#510 = ORIENTED_EDGE ( 'NONE', *, *, #792, .T. ) ;
#511 = LINE ( 'NONE', #1310, #572 ) ;
#512 = SURFACE_STYLE_USAGE ( .BOTH. , #802 ) ;
#513 = DIRECTION ( 'NONE',  ( -1.000000000000000000, 8.537024980200837349E-17, -3.512375991854052315E-15 ) ) ;
#514 = EDGE_CURVE ( 'NONE', #1645, #947, #965, .T. ) ;
#515 = EDGE_LOOP ( 'NONE', ( #119, #833 ) ) ;
#516 = AXIS2_PLACEMENT_3D ( 'NONE', #294, #1319, #156 ) ;
#517 = AXIS2_PLACEMENT_3D ( 'NONE', #944, #169, #34 ) ;
#518 = CARTESIAN_POINT ( 'NONE',  ( 7.857260327071198702, 2.009109563166084467, 0.008388240474258635768 ) ) ;
#519 = VECTOR ( 'NONE', #592, 39.37007874015748143 ) ;
#520 = ORIENTED_EDGE ( 'NONE', *, *, #633, .F. ) ;
#521 = DIRECTION ( 'NONE',  ( 1.720849129867249803E-15, 1.000000000000000000, 3.434323192035072183E-15 ) ) ;
#522 = CARTESIAN_POINT ( 'NONE',  ( 1.509999999999995124, 2.000000000000002665, -0.2500000000000012212 ) ) ;
#523 = ORIENTED_EDGE ( 'NONE', *, *, #450, .T. ) ;
#524 = DIRECTION ( 'NONE',  ( -1.720849129867250395E-15, -1.000000000000000000, 0.000000000000000000 ) ) ;
#525 = ORIENTED_EDGE ( 'NONE', *, *, #792, .F. ) ;
#526 = EDGE_CURVE ( 'NONE', #726, #136, #1199, .T. ) ;
#527 = LINE ( 'NONE', #410, #411 ) ;
#528 = ORIENTED_EDGE ( 'NONE', *, *, #870, .T. ) ;
#529 = PLANE ( 'NONE',  #1458 ) ;
#530 = CARTESIAN_POINT ( 'NONE',  ( 4.187864042533941067, 15.64893697419836904, -0.2500000000000012212 ) ) ;
#531 = ORIENTED_EDGE ( 'NONE', *, *, #494, .T. ) ;
#532 = ORIENTED_EDGE ( 'NONE', *, *, #526, .T. ) ;
#533 = CARTESIAN_POINT ( 'NONE',  ( 1.509999999999995568, 2.000000000000003109, 1.750000000000009770 ) ) ;
#534 = ORIENTED_EDGE ( 'NONE', *, *, #35, .F. ) ;
#535 = CARTESIAN_POINT ( 'NONE',  ( 1.409999999999989040, 2.000000000000001776, 1.750000000000005995 ) ) ;
#536 = EDGE_CURVE ( 'NONE', #1491, #1150, #814, .T. ) ;
#537 = DIRECTION ( 'NONE',  ( 1.000000000000000000, -0.000000000000000000, 3.512375991854052315E-15 ) ) ;
#538 = DIRECTION ( 'NONE',  ( -1.561055996379578489E-16, -3.434323192035072183E-15, 1.000000000000000000 ) ) ;
#539 = PRODUCT_CONTEXT ( 'NONE', #722, 'mechanical' ) ;
#540 = EDGE_LOOP ( 'NONE', ( #990, #1370, #242, #1692 ) ) ;
#541 = CARTESIAN_POINT ( 'NONE',  ( 5.984739045710472105, 5.904211647661679052, 0.000000000000000000 ) ) ;
#542 = AXIS2_PLACEMENT_3D ( 'NONE', #247, #214, #1151 ) ;
#543 = VECTOR ( 'NONE', #60, 39.37007874015748143 ) ;
#544 = VERTEX_POINT ( 'NONE', #23 ) ;
#545 = CARTESIAN_POINT ( 'NONE',  ( 2.000000000000004441, 2.000000000000004441, 1.090354330708671604 ) ) ;
#546 = CIRCLE ( 'NONE', #1509, 0.1653543307086607073 ) ;
#547 = DIRECTION ( 'NONE',  ( -8.537024980200854605E-17, -1.000000000000000000, 4.660230287205253334E-17 ) ) ;
#548 = DIRECTION ( 'NONE',  ( 0.000000000000000000, -3.304235192336776301E-15, 1.000000000000000000 ) ) ;
#549 = DIRECTION ( 'NONE',  ( 0.000000000000000000, 0.000000000000000000, 1.000000000000000000 ) ) ;
#550 = ORIENTED_EDGE ( 'NONE', *, *, #76, .T. ) ;
#551 = DIRECTION ( 'NONE',  ( -0.000000000000000000, -0.000000000000000000, 1.000000000000000000 ) ) ;
#552 = VERTEX_POINT ( 'NONE', #1070 ) ;
#553 = CARTESIAN_POINT ( 'NONE',  ( 1.509999999999996012, 2.250000000000003553, 1.750000000000010658 ) ) ;
#554 = FACE_BOUND ( 'NONE', #1270, .T. ) ;
#555 = DIRECTION ( 'NONE',  ( 0.000000000000000000, -1.000000000000000000, -3.434323192035072183E-15 ) ) ;
#556 = CARTESIAN_POINT ( 'NONE',  ( 1.409999999999996811, 23.14000000000000412, 0.1000000000000033085 ) ) ;
#557 = EDGE_LOOP ( 'NONE', ( #455, #82, #1395, #341 ) ) ;
#558 = EDGE_CURVE ( 'NONE', #726, #810, #1336, .T. ) ;
#559 = FACE_OUTER_BOUND ( 'NONE', #263, .T. ) ;
#560 = ORIENTED_EDGE ( 'NONE', *, *, #904, .T. ) ;
#561 = DIRECTION ( 'NONE',  ( -0.000000000000000000, -0.000000000000000000, 1.000000000000000000 ) ) ;
#562 = CYLINDRICAL_SURFACE ( 'NONE', #25, 0.1653543307086613734 ) ;
#563 = ADVANCED_BREP_SHAPE_REPRESENTATION ( 'LED iPoster -LH Back Support', ( #39, #1482 ), #352 ) ;
#564 = CARTESIAN_POINT ( 'NONE',  ( 1.790872624858488305, 16.70033416803600801, -0.2500000000000012212 ) ) ;
#565 = EDGE_CURVE ( 'NONE', #1172, #145, #1216, .T. ) ;
#566 = EDGE_LOOP ( 'NONE', ( #1532, #532, #309, #356 ) ) ;
#567 = CARTESIAN_POINT ( 'NONE',  ( 6.344645669291333334, 2.249999999999996891, 1.090354330708672492 ) ) ;
#568 = CIRCLE ( 'NONE', #1535, 2.608540463109217278 ) ;
#569 = CIRCLE ( 'NONE', #1258, 0.1653543307086613734 ) ;
#570 = CARTESIAN_POINT ( 'NONE',  ( 1.509999999999995568, 2.000000000000008882, 0.1000000000000087624 ) ) ;
#571 = AXIS2_PLACEMENT_3D ( 'NONE', #1512, #65, #1251 ) ;
#572 = VECTOR ( 'NONE', #137, 39.37007874015748143 ) ;
#573 = CARTESIAN_POINT ( 'NONE',  ( 5.984739045710472105, 5.904211647661679052, 0.000000000000000000 ) ) ;
#574 = DIRECTION ( 'NONE',  ( -3.304235192336784584E-15, 0.000000000000000000, 1.000000000000000000 ) ) ;
#575 = ORIENTED_EDGE ( 'NONE', *, *, #131, .F. ) ;
#576 = CARTESIAN_POINT ( 'NONE',  ( -44.04411790607416322, -0.2623335308197394244, -0.2500000000000000000 ) ) ;
#577 = CARTESIAN_POINT ( 'NONE',  ( 4.344645669291333334, 2.000000000000000888, 0.7596456692913488018 ) ) ;
#578 = EDGE_CURVE ( 'NONE', #979, #947, #692, .T. ) ;
#579 = ORIENTED_EDGE ( 'NONE', *, *, #1229, .F. ) ;
#580 = CARTESIAN_POINT ( 'NONE',  ( 2.976638425544313016, 15.12208098833292702, 0.000000000000000000 ) ) ;
#581 = DIRECTION ( 'NONE',  ( -1.000000000000000000, 8.537024980200896513E-17, 3.406111089041124033E-15 ) ) ;
#582 = CARTESIAN_POINT ( 'NONE',  ( 7.860000000000005649, 1.999999999999992228, 1.750000000000009770 ) ) ;
#583 = ORIENTED_EDGE ( 'NONE', *, *, #890, .T. ) ;
#584 = CARTESIAN_POINT ( 'NONE',  ( 4.964649739667024937E-15, 2.250000000000011990, 1.666427276135200583E-14 ) ) ;
#585 = FACE_OUTER_BOUND ( 'NONE', #224, .T. ) ;
#586 = EDGE_CURVE ( 'NONE', #1017, #758, #698, .T. ) ;
#587 = EDGE_LOOP ( 'NONE', ( #774, #1434, #1615, #665 ) ) ;
#588 = CARTESIAN_POINT ( 'NONE',  ( 1.209354858209618300, 19.18501125138071828, 0.000000000000000000 ) ) ;
#589 = ORIENTED_EDGE ( 'NONE', *, *, #1693, .F. ) ;
#590 = DIRECTION ( 'NONE',  ( 1.000000000000000000, 0.000000000000000000, -0.000000000000000000 ) ) ;
#591 = EDGE_LOOP ( 'NONE', ( #1419, #1084, #880, #955 ) ) ;
#592 = DIRECTION ( 'NONE',  ( -1.000000000000000000, 1.652117596168388150E-15, -0.000000000000000000 ) ) ;
#593 = DIRECTION ( 'NONE',  ( 1.000000000000000000, -0.000000000000000000, 3.512375991854052315E-15 ) ) ;
#594 = AXIS2_PLACEMENT_3D ( 'NONE', #16, #1610, #1594 ) ;
#595 = ORIENTED_EDGE ( 'NONE', *, *, #220, .F. ) ;
#596 = CIRCLE ( 'NONE', #1202, 0.1653543307086609571 ) ;
#597 = AXIS2_PLACEMENT_3D ( 'NONE', #193, #1660, #1646 ) ;
#598 = CARTESIAN_POINT ( 'NONE',  ( 3.631806092188872181, 20.23872322311160943, 0.000000000000000000 ) ) ;
#599 =( BOUNDED_SURFACE ( )  B_SPLINE_SURFACE ( 3, 1, ( 
 ( #330, #1529 ),
 ( #1271, #869 ),
 ( #853, #1380 ),
 ( #483, #90 ) ),
 .UNSPECIFIED., .F., .F., .T. ) 
 B_SPLINE_SURFACE_WITH_KNOTS ( ( 4, 4 ),
 ( 2, 2 ),
 ( 0.000000000000000000, 1.000000000000000000 ),
 ( 0.000000000000000000, 1.000000000000000000 ),
 .UNSPECIFIED. ) 
 GEOMETRIC_REPRESENTATION_ITEM ( )  RATIONAL_B_SPLINE_SURFACE ( (
 ( 1.000000000000000000, 1.000000000000000000),
 ( 0.3333333333333333703, 0.3333333333333333703),
 ( 0.3333333333333333703, 0.3333333333333333703),
 ( 1.000000000000000000, 1.000000000000000000) ) ) 
 REPRESENTATION_ITEM ( '' )  SURFACE ( )  );
#600 = EDGE_CURVE ( 'NONE', #1654, #1503, #1322, .T. ) ;
#601 = VECTOR ( 'NONE', #1278, 39.37007874015748143 ) ;
#602 = ORIENTED_EDGE ( 'NONE', *, *, #1601, .T. ) ;
#603 = ADVANCED_FACE ( 'NONE', ( #40 ), #1466, .F. ) ;
#604 = CARTESIAN_POINT ( 'NONE',  ( 1.409999999999995035, 2.000000000000002665, 0.1000000000000042660 ) ) ;
#605 = ORIENTED_EDGE ( 'NONE', *, *, #514, .T. ) ;
#606 = CYLINDRICAL_SURFACE ( 'NONE', #1200, 0.1653543307086609571 ) ;
#607 = CARTESIAN_POINT ( 'NONE',  ( 4.344645669291333334, 1.999374015748019318, 1.090354330708671604 ) ) ;
#608 = CARTESIAN_POINT ( 'NONE',  ( 2.675354330708657358, 2.000000000000003109, 1.090354330708671604 ) ) ;
#609 = ORIENTED_EDGE ( 'NONE', *, *, #558, .T. ) ;
#610 = DIRECTION ( 'NONE',  ( 1.000000000000000000, 0.000000000000000000, 0.000000000000000000 ) ) ;
#611 = EDGE_CURVE ( 'NONE', #1172, #421, #384, .T. ) ;
#612 = ORIENTED_EDGE ( 'NONE', *, *, #1494, .F. ) ;
#613 = LINE ( 'NONE', #1406, #714 ) ;
#614 = DIRECTION ( 'NONE',  ( 1.000000000000000000, -0.000000000000000000, 3.512375991854052315E-15 ) ) ;
#615 = B_SPLINE_CURVE_WITH_KNOTS ( 'NONE', 1,
 ( #1701, #1054 ),
 .UNSPECIFIED., .F., .F.,
 ( 2, 2 ),
 ( 0.000000000000000000, 1.000000000000000000 ),
 .UNSPECIFIED. ) ;
#616 = CYLINDRICAL_SURFACE ( 'NONE', #597, 0.1653543307086613734 ) ;
#617 = ORIENTED_EDGE ( 'NONE', *, *, #1391, .T. ) ;
#618 = CARTESIAN_POINT ( 'NONE',  ( 5.984739045710472105, 5.904211647661679052, -0.2500000000000012212 ) ) ;
#619 = ORIENTED_EDGE ( 'NONE', *, *, #1601, .F. ) ;
#620 = ADVANCED_FACE ( 'NONE', ( #585 ), #1521, .F. ) ;
#621 = DIRECTION ( 'NONE',  ( -1.000000000000000000, 0.000000000000000000, 0.000000000000000000 ) ) ;
#622 = CARTESIAN_POINT ( 'NONE',  ( 7.849041308284766316, 2.299638101962905967, 0.01262136116457978838 ) ) ;
#623 = FACE_OUTER_BOUND ( 'NONE', #343, .T. ) ;
#624 = CIRCLE ( 'NONE', #740, 0.1653543307086607073 ) ;
#625 = AXIS2_PLACEMENT_3D ( 'NONE', #1408, #1514, #332 ) ;
#626 = ORIENTED_EDGE ( 'NONE', *, *, #98, .T. ) ;
#627 = AXIS2_PLACEMENT_3D ( 'NONE', #730, #1502, #984 ) ;
#628 = CARTESIAN_POINT ( 'NONE',  ( 4.187864042533941067, 15.64893697419836904, -0.2500000000000012212 ) ) ;
#629 = DIRECTION ( 'NONE',  ( -3.304235192336784584E-15, 0.000000000000000000, 1.000000000000000000 ) ) ;
#630 = ORIENTED_EDGE ( 'NONE', *, *, #434, .T. ) ;
#631 = DIRECTION ( 'NONE',  ( -3.304235192336789711E-15, 0.000000000000000000, 1.000000000000000000 ) ) ;
#632 = VERTEX_POINT ( 'NONE', #449 ) ;
#633 = EDGE_CURVE ( 'NONE', #1351, #1572, #338, .T. ) ;
#634 = LINE ( 'NONE', #1435, #1316 ) ;
#635 = ADVANCED_FACE ( 'NONE', ( #1137 ), #206, .F. ) ;
#636 = CARTESIAN_POINT ( 'NONE',  ( 7.860000000000003872, 2.349999999999996092, 5.531992187170133264E-15 ) ) ;
#637 = FILL_AREA_STYLE ('',( #1583 ) ) ;
#638 = CARTESIAN_POINT ( 'NONE',  ( 4.675354330708656470, 1.999374015748018651, 1.090354330708671604 ) ) ;
#639 = FACE_OUTER_BOUND ( 'NONE', #867, .T. ) ;
#640 = ORIENTED_EDGE ( 'NONE', *, *, #803, .T. ) ;
#641 = CARTESIAN_POINT ( 'NONE',  ( 2.185860046268665258, 23.14000000000000412, -0.2500000000000000000 ) ) ;
#642 = ORIENTED_EDGE ( 'NONE', *, *, #1540, .T. ) ;
#643 = LINE ( 'NONE', #260, #1232 ) ;
#644 = LINE ( 'NONE', #1165, #1037 ) ;
#645 = EDGE_CURVE ( 'NONE', #632, #362, #1109, .T. ) ;
#646 = CARTESIAN_POINT ( 'NONE',  ( 6.344645669291334222, 2.249999999999997780, 0.9250000000000110356 ) ) ;
#647 = PLANE ( 'NONE',  #542 ) ;
#648 = LINE ( 'NONE', #1528, #519 ) ;
#649 = ORIENTED_EDGE ( 'NONE', *, *, #1657, .T. ) ;
#650 = CARTESIAN_POINT ( 'NONE',  ( 4.676780981213570776, 2.037077157614649359, 0.000000000000000000 ) ) ;
#651 = ORIENTED_EDGE ( 'NONE', *, *, #299, .T. ) ;
#652 = CARTESIAN_POINT ( 'NONE',  ( 1.409999999999993259, 3.000000000000055511, 0.5846456692913203357 ) ) ;
#653 = DIMENSIONAL_EXPONENTS ( 1.000000000000000000, 0.000000000000000000, 0.000000000000000000, 0.000000000000000000, 0.000000000000000000, 0.000000000000000000, 0.000000000000000000 ) ;
#654 = CARTESIAN_POINT ( 'NONE',  ( 1.159999999999990594, 23.14000000000000412, 1.750000000000003553 ) ) ;
#655 = FACE_OUTER_BOUND ( 'NONE', #394, .T. ) ;
#656 = EDGE_CURVE ( 'NONE', #216, #1534, #992, .T. ) ;
#657 = APPLICATION_PROTOCOL_DEFINITION ( 'draft international standard', 'automotive_design', 1998, #722 ) ;
#658 = FACE_OUTER_BOUND ( 'NONE', #55, .T. ) ;
#659 = EDGE_LOOP ( 'NONE', ( #874, #1469 ) ) ;
#660 = EDGE_CURVE ( 'NONE', #810, #1294, #1397, .T. ) ;
#661 = AXIS2_PLACEMENT_3D ( 'NONE', #861, #1398, #1262 ) ;
#662 =( BOUNDED_SURFACE ( )  B_SPLINE_SURFACE ( 3, 1, ( 
 ( #219, #91 ),
 ( #452, #975 ),
 ( #1374, #598 ),
 ( #1123, #209 ) ),
 .UNSPECIFIED., .F., .F., .T. ) 
 B_SPLINE_SURFACE_WITH_KNOTS ( ( 4, 4 ),
 ( 2, 2 ),
 ( 0.000000000000000000, 1.000000000000000000 ),
 ( 0.000000000000000000, 1.000000000000000000 ),
 .UNSPECIFIED. ) 
 GEOMETRIC_REPRESENTATION_ITEM ( )  RATIONAL_B_SPLINE_SURFACE ( (
 ( 1.000000000000000000, 1.000000000000000000),
 ( 0.3333333333333333703, 0.3333333333333333703),
 ( 0.3333333333333333703, 0.3333333333333333703),
 ( 1.000000000000000000, 1.000000000000000000) ) ) 
 REPRESENTATION_ITEM ( '' )  SURFACE ( )  );
#663 = PLANE ( 'NONE',  #516 ) ;
#664 = VECTOR ( 'NONE', #916, 39.37007874015748143 ) ;
#665 = ORIENTED_EDGE ( 'NONE', *, *, #694, .T. ) ;
#666 = DIRECTION ( 'NONE',  ( -2.543990764463414454E-15, -0.7071067811865479058, 0.7071067811865472397 ) ) ;
#667 = CYLINDRICAL_SURFACE ( 'NONE', #213, 0.1000000000000000194 ) ;
#668 = EDGE_LOOP ( 'NONE', ( #1607, #1432, #985, #854 ) ) ;
#669 = ORIENTED_EDGE ( 'NONE', *, *, #694, .F. ) ;
#670 = CARTESIAN_POINT ( 'NONE',  ( 1.409999999999994147, 21.90000000000005187, 0.7500000000000469624 ) ) ;
#671 = EDGE_LOOP ( 'NONE', ( #1283, #46 ) ) ;
#672 = FACE_OUTER_BOUND ( 'NONE', #1356, .T. ) ;
#673 = CARTESIAN_POINT ( 'NONE',  ( 2.176780981213570332, 2.781713543831470403, 0.000000000000000000 ) ) ;
#674 = LENGTH_MEASURE_WITH_UNIT ( LENGTH_MEASURE( 0.02539999999999999897 ), #1557 );
#675 = ORIENTED_EDGE ( 'NONE', *, *, #1690, .T. ) ;
#676 = FACE_BOUND ( 'NONE', #1505, .T. ) ;
#677 = B_SPLINE_CURVE_WITH_KNOTS ( 'NONE', 3,
 ( #1304, #1668, #234, #622, #111, #894, #395, #1564, #1019, #1546 ),
 .UNSPECIFIED., .F., .F.,
 ( 4, 2, 2, 2, 4 ),
 ( 0.000000000000000000, 0.2500000000000000000, 0.5000000000000000000, 0.7500000000000000000, 1.000000000000000000 ),
 .UNSPECIFIED. ) ;
#678 = EDGE_LOOP ( 'NONE', ( #779, #749, #331, #752, #1349, #1056 ) ) ;
#679 = CARTESIAN_POINT ( 'NONE',  ( 6.344645669291333334, 1.999999999999997780, 0.7596456692913488018 ) ) ;
#680 = EDGE_CURVE ( 'NONE', #478, #362, #871, .T. ) ;
#681 = LINE ( 'NONE', #1608, #1227 ) ;
#682 = FACE_OUTER_BOUND ( 'NONE', #1032, .T. ) ;
#683 = ORIENTED_EDGE ( 'NONE', *, *, #450, .F. ) ;
#684 = CIRCLE ( 'NONE', #1635, 51.95339843179001349 ) ;
#685 = VECTOR ( 'NONE', #255, 39.37007874015748143 ) ;
#686 = LINE ( 'NONE', #1050, #1340 ) ;
#687 = AXIS2_PLACEMENT_3D ( 'NONE', #237, #1140, #354 ) ;
#688 = VECTOR ( 'NONE', #444, 39.37007874015748143 ) ;
#689 = VERTEX_POINT ( 'NONE', #191 ) ;
#690 = CARTESIAN_POINT ( 'NONE',  ( 1.409999999999994147, 19.90000000000005542, 0.7500000000000381917 ) ) ;
#691 = AXIS2_PLACEMENT_3D ( 'NONE', #878, #780, #502 ) ;
#692 = LINE ( 'NONE', #147, #688 ) ;
#693 = CARTESIAN_POINT ( 'NONE',  ( 7.854520654142385538, 2.044174764076005069, -0.07626664312980843685 ) ) ;
#694 = EDGE_CURVE ( 'NONE', #1264, #1153, #1388, .T. ) ;
#695 = FACE_BOUND ( 'NONE', #1163, .T. ) ;
#696 = CARTESIAN_POINT ( 'NONE',  ( 4.213951224809987295, 5.547856372576045025, 0.000000000000000000 ) ) ;
#697 = ORIENTED_EDGE ( 'NONE', *, *, #907, .F. ) ;
#698 = LINE ( 'NONE', #1346, #1639 ) ;
#699 = ORIENTED_EDGE ( 'NONE', *, *, #1315, .F. ) ;
#700 = DIRECTION ( 'NONE',  ( 0.000000000000000000, 1.000000000000000000, 3.434323192035072183E-15 ) ) ;
#701 = ORIENTED_EDGE ( 'NONE', *, *, #1275, .T. ) ;
#702 = FACE_OUTER_BOUND ( 'NONE', #382, .T. ) ;
#703 = DIRECTION ( 'NONE',  ( 1.720849129867249803E-15, 1.000000000000000000, 3.434323192035072183E-15 ) ) ;
#704 = DIRECTION ( 'NONE',  ( -1.000000000000000000, 0.000000000000000000, 0.000000000000000000 ) ) ;
#705 = EDGE_CURVE ( 'NONE', #1248, #133, #1242, .T. ) ;
#706 = FACE_BOUND ( 'NONE', #1276, .T. ) ;
#707 = EDGE_CURVE ( 'NONE', #1124, #1656, #957, .T. ) ;
#708 = EDGE_LOOP ( 'NONE', ( #110, #239, #1194, #1161 ) ) ;
#709 = DIRECTION ( 'NONE',  ( 3.551402391763537648E-15, -4.660230287205284765E-17, -1.000000000000000000 ) ) ;
#710 = CIRCLE ( 'NONE', #1425, 0.1653543307086613734 ) ;
#711 = AXIS2_PLACEMENT_3D ( 'NONE', #282, #298, #1329 ) ;
#712 = CARTESIAN_POINT ( 'NONE',  ( 7.860000000000005649, 1.999999999999992228, 1.750000000000009770 ) ) ;
#713 =( BOUNDED_CURVE ( )  B_SPLINE_CURVE ( 3, ( #279, #805, #1596, #939 ),
 .UNSPECIFIED., .F., .T. ) 
 B_SPLINE_CURVE_WITH_KNOTS ( ( 4, 4 ),
 ( 3.141592653589793116, 6.283185307179586232 ),
 .UNSPECIFIED. ) 
 CURVE ( )  GEOMETRIC_REPRESENTATION_ITEM ( )  RATIONAL_B_SPLINE_CURVE ( ( 1.000000000000000000, 0.3333333333333333703, 0.3333333333333333703, 1.000000000000000000 ) ) 
 REPRESENTATION_ITEM ( '' )  );
#714 = VECTOR ( 'NONE', #108, 39.37007874015748143 ) ;
#715 = ORIENTED_EDGE ( 'NONE', *, *, #153, .T. ) ;
#716 = DIRECTION ( 'NONE',  ( 0.000000000000000000, 0.000000000000000000, 1.000000000000000000 ) ) ;
#717 = CARTESIAN_POINT ( 'NONE',  ( 1.409999999999994147, 19.90000000000005542, 0.7500000000000381917 ) ) ;
#718 = CARTESIAN_POINT ( 'NONE',  ( 1.410000000000001252, 22.14000000000000412, 1.750000000000003775 ) ) ;
#719 = ORIENTED_EDGE ( 'NONE', *, *, #305, .T. ) ;
#720 = EDGE_CURVE ( 'NONE', #1041, #998, #241, .T. ) ;
#721 = LINE ( 'NONE', #337, #790 ) ;
#722 = APPLICATION_CONTEXT ( 'automotive_design' ) ;
#723 = DIRECTION ( 'NONE',  ( 0.000000000000000000, 3.304235192336776301E-15, -1.000000000000000000 ) ) ;
#724 = ORIENTED_EDGE ( 'NONE', *, *, #1219, .T. ) ;
#725 = LINE ( 'NONE', #484, #543 ) ;
#726 = VERTEX_POINT ( 'NONE', #577 ) ;
#727 = CARTESIAN_POINT ( 'NONE',  ( 2.675354330708656470, 2.250000000000004885, 0.7596456692913496900 ) ) ;
#728 = EDGE_LOOP ( 'NONE', ( #630, #1361, #1390, #903, #375 ) ) ;
#729 = PLANE ( 'NONE',  #896 ) ;
#730 = CARTESIAN_POINT ( 'NONE',  ( 1.509999999999995124, 2.349999999999996536, 0.09999999999999882594 ) ) ;
#731 = EDGE_LOOP ( 'NONE', ( #1292, #912, #804, #589 ) ) ;
#732 = DIRECTION ( 'NONE',  ( 1.720849129867249803E-15, 1.000000000000000000, 3.491481338843132961E-15 ) ) ;
#733 = ORIENTED_EDGE ( 'NONE', *, *, #98, .F. ) ;
#734 = DIRECTION ( 'NONE',  ( 5.673905776490330561E-30, 3.434323192035072183E-15, -1.000000000000000000 ) ) ;
#735 = VERTEX_POINT ( 'NONE', #1659 ) ;
#736 = DIRECTION ( 'NONE',  ( -1.720849129867250197E-15, -1.000000000000000000, -3.434323192035072971E-15 ) ) ;
#737 = DIRECTION ( 'NONE',  ( 0.000000000000000000, 1.000000000000000000, 3.434323192035072183E-15 ) ) ;
#738 = ADVANCED_FACE ( 'NONE', ( #1372 ), #599, .F. ) ;
#739 = ORIENTED_EDGE ( 'NONE', *, *, #1616, .F. ) ;
#740 = AXIS2_PLACEMENT_3D ( 'NONE', #1022, #115, #1269 ) ;
#741 = LINE ( 'NONE', #748, #323 ) ;
#742 = EDGE_CURVE ( 'NONE', #321, #1491, #1493, .T. ) ;
#743 = VECTOR ( 'NONE', #521, 39.37007874015748143 ) ;
#744 = ORIENTED_EDGE ( 'NONE', *, *, #1347, .T. ) ;
#745 = ORIENTED_EDGE ( 'NONE', *, *, #1421, .T. ) ;
#746 = CARTESIAN_POINT ( 'NONE',  ( 6.344645669291333334, 1.999374015748017097, 0.7596456692913488018 ) ) ;
#747 = DIRECTION ( 'NONE',  ( -8.510858664735481127E-30, -3.434323192035072183E-15, 1.000000000000000000 ) ) ;
#748 = CARTESIAN_POINT ( 'NONE',  ( 1.409999999999994813, 21.90000000000005187, 0.5846456692913861719 ) ) ;
#749 = ORIENTED_EDGE ( 'NONE', *, *, #536, .F. ) ;
#750 = ADVANCED_FACE ( 'NONE', ( #72 ), #1120, .F. ) ;
#751 = DIRECTION ( 'NONE',  ( 1.000000000000000000, 0.000000000000000000, 0.000000000000000000 ) ) ;
#752 = ORIENTED_EDGE ( 'NONE', *, *, #578, .T. ) ;
#753 = DIRECTION ( 'NONE',  ( 0.000000000000000000, 0.000000000000000000, 1.000000000000000000 ) ) ;
#754 = DIRECTION ( 'NONE',  ( 0.000000000000000000, -3.304235192336776301E-15, 1.000000000000000000 ) ) ;
#755 = DIRECTION ( 'NONE',  ( 1.000000000000000000, -8.537024980200837349E-17, 3.491481338843132961E-15 ) ) ;
#756 = EDGE_LOOP ( 'NONE', ( #683, #996, #1554, #940 ) ) ;
#757 = FACE_OUTER_BOUND ( 'NONE', #12, .T. ) ;
#758 = VERTEX_POINT ( 'NONE', #1644 ) ;
#759 = CARTESIAN_POINT ( 'NONE',  ( 7.853150817677981621, 2.070116605160633227, -0.1150913519912141192 ) ) ;
#760 = EDGE_CURVE ( 'NONE', #136, #758, #491, .T. ) ;
#761 = CARTESIAN_POINT ( 'NONE',  ( 2.675354330708657358, 2.250000000000003997, 0.9250000000000110356 ) ) ;
#762 = FACE_OUTER_BOUND ( 'NONE', #668, .T. ) ;
#763 = CIRCLE ( 'NONE', #980, 0.1000000000000000194 ) ;
#764 = AXIS2_PLACEMENT_3D ( 'NONE', #94, #882, #506 ) ;
#765 = AXIS2_PLACEMENT_3D ( 'NONE', #827, #1353, #15 ) ;
#766 = VECTOR ( 'NONE', #1237, 39.37007874015748143 ) ;
#767 = CARTESIAN_POINT ( 'NONE',  ( 1.409999999999994147, 19.90000000000005542, 0.7500000000000381917 ) ) ;
#768 = ORIENTED_EDGE ( 'NONE', *, *, #917, .T. ) ;
#769 = FACE_OUTER_BOUND ( 'NONE', #1416, .T. ) ;
#770 = ORIENTED_EDGE ( 'NONE', *, *, #1690, .F. ) ;
#771 = LINE ( 'NONE', #1295, #743 ) ;
#772 = EDGE_CURVE ( 'NONE', #1248, #831, #252, .T. ) ;
#773 = LINE ( 'NONE', #1297, #1507 ) ;
#774 = ORIENTED_EDGE ( 'NONE', *, *, #946, .F. ) ;
#775 = DIRECTION ( 'NONE',  ( 0.000000000000000000, -3.304235192336776301E-15, 1.000000000000000000 ) ) ;
#776 = DIRECTION ( 'NONE',  ( -1.000000000000000000, 8.537024980200837349E-17, -3.512375991854052315E-15 ) ) ;
#777 = ORIENTED_EDGE ( 'NONE', *, *, #1326, .T. ) ;
#778 = CYLINDRICAL_SURFACE ( 'NONE', #78, 0.1653543307086613734 ) ;
#779 = ORIENTED_EDGE ( 'NONE', *, *, #481, .T. ) ;
#780 = DIRECTION ( 'NONE',  ( 1.000000000000000000, -0.000000000000000000, 3.512375991854052315E-15 ) ) ;
#781 = PLANE ( 'NONE',  #1011 ) ;
#782 = EDGE_CURVE ( 'NONE', #145, #1196, #634, .T. ) ;
#783 =( NAMED_UNIT ( * ) PLANE_ANGLE_UNIT ( ) SI_UNIT ( $, .RADIAN. ) );
#784 = CARTESIAN_POINT ( 'NONE',  ( 7.846301635355955817, 2.258388240474247688, -0.2408904368339049029 ) ) ;
#785 = ORIENTED_EDGE ( 'NONE', *, *, #26, .F. ) ;
#786 = CARTESIAN_POINT ( 'NONE',  ( 5.958651863434425877, 15.18953358541536147, 0.000000000000000000 ) ) ;
#787 = ORIENTED_EDGE ( 'NONE', *, *, #153, .F. ) ;
#788 = DIRECTION ( 'NONE',  ( -1.000000000000000000, -0.000000000000000000, -0.000000000000000000 ) ) ;
#789 = DIRECTION ( 'NONE',  ( -0.000000000000000000, -0.000000000000000000, 1.000000000000000000 ) ) ;
#790 = VECTOR ( 'NONE', #1651, 39.37007874015748143 ) ;
#791 = DIRECTION ( 'NONE',  ( 1.720849129867249803E-15, 1.000000000000000000, 3.434323192035072183E-15 ) ) ;
#792 = EDGE_CURVE ( 'NONE', #1139, #1612, #1156, .T. ) ;
#793 = CIRCLE ( 'NONE', #182, 0.3500000000000000888 ) ;
#794 = PRESENTATION_LAYER_ASSIGNMENT (  '', '', ( #816 ) ) ;
#795 = CARTESIAN_POINT ( 'NONE',  ( 7.844932043193940885, 2.336907696089908004, 5.526380480343199057E-15 ) ) ;
#796 = ORIENTED_EDGE ( 'NONE', *, *, #418, .F. ) ;
#797 = FACE_BOUND ( 'NONE', #192, .T. ) ;
#798 = AXIS2_PLACEMENT_3D ( 'NONE', #800, #1321, #316 ) ;
#799 = ORIENTED_EDGE ( 'NONE', *, *, #1460, .T. ) ;
#800 = CARTESIAN_POINT ( 'NONE',  ( -44.04411790607416322, -0.2623335308197394244, -0.2500000000000000000 ) ) ;
#801 = CARTESIAN_POINT ( 'NONE',  ( 1.409999999999998144, 23.14000000000000412, 0.7500000000000056621 ) ) ;
#802 = SURFACE_SIDE_STYLE ('',( #1429 ) ) ;
#803 = EDGE_CURVE ( 'NONE', #295, #328, #1678, .T. ) ;
#804 = ORIENTED_EDGE ( 'NONE', *, *, #1402, .F. ) ;
#805 = CARTESIAN_POINT ( 'NONE',  ( 7.755526866610956915, 6.260566922747311303, -0.2500000000000012212 ) ) ;
#806 = ORIENTED_EDGE ( 'NONE', *, *, #1517, .F. ) ;
#807 = CARTESIAN_POINT ( 'NONE',  ( 4.675354330708657358, 2.250000000000000000, 1.090354330708672492 ) ) ;
#808 = PLANE ( 'NONE',  #711 ) ;
#809 = CARTESIAN_POINT ( 'NONE',  ( 3.123257716872914980, 11.70033416803600801, -0.2500000000000012212 ) ) ;
#810 = VERTEX_POINT ( 'NONE', #99 ) ;
#811 = CARTESIAN_POINT ( 'NONE',  ( 2.409394568923568070, 23.00194783241069629, -0.2500000000000000000 ) ) ;
#812 = ORIENTED_EDGE ( 'NONE', *, *, #1100, .T. ) ;
#813 = FACE_OUTER_BOUND ( 'NONE', #1515, .T. ) ;
#814 = LINE ( 'NONE', #801, #183 ) ;
#815 = FACE_BOUND ( 'NONE', #151, .T. ) ;
#816 = STYLED_ITEM ( 'NONE', ( #1038 ), #39 ) ;
#817 = CARTESIAN_POINT ( 'NONE',  ( 1.509999999999995124, 23.14000000000000412, 5.805176986536559586E-16 ) ) ;
#818 = AXIS2_PLACEMENT_3D ( 'NONE', #1126, #734, #700 ) ;
#819 = VECTOR ( 'NONE', #1001, 39.37007874015748143 ) ;
#820 = EDGE_LOOP ( 'NONE', ( #1686, #579, #806, #1423 ) ) ;
#821 = CIRCLE ( 'NONE', #301, 0.1653543307086607073 ) ;
#822 = EDGE_CURVE ( 'NONE', #200, #451, #1438, .T. ) ;
#823 = CARTESIAN_POINT ( 'NONE',  ( 1.409999999999994813, 19.90000000000005542, 0.5846456692913775122 ) ) ;
#824 = DIRECTION ( 'NONE',  ( 0.000000000000000000, -1.000000000000000000, -0.000000000000000000 ) ) ;
#825 = CARTESIAN_POINT ( 'NONE',  ( 4.676780981213570776, 2.037077157614649359, -0.2500000000000012212 ) ) ;
#826 = ORIENTED_EDGE ( 'NONE', *, *, #1133, .F. ) ;
#827 = CARTESIAN_POINT ( 'NONE',  ( -6.924606895954950936, 11.70033416803600801, 0.000000000000000000 ) ) ;
#828 = EDGE_CURVE ( 'NONE', #735, #318, #325, .T. ) ;
#829 = CARTESIAN_POINT ( 'NONE',  ( 2.417076221633455813, 14.47682303524409875, -0.2500000000000012212 ) ) ;
#830 = EDGE_CURVE ( 'NONE', #1672, #428, #244, .T. ) ;
#831 = VERTEX_POINT ( 'NONE', #1555 ) ;
#832 = PLANE ( 'NONE',  #458 ) ;
#833 = ORIENTED_EDGE ( 'NONE', *, *, #1446, .T. ) ;
#834 = FACE_OUTER_BOUND ( 'NONE', #678, .T. ) ;
#835 = DIRECTION ( 'NONE',  ( 1.000000000000000000, 0.000000000000000000, -3.491481338843132961E-15 ) ) ;
#836 = EDGE_LOOP ( 'NONE', ( #609, #675, #63, #266 ) ) ;
#837 = CARTESIAN_POINT ( 'NONE',  ( 6.675354330708656470, 1.999374015748016431, 0.7596456692913488018 ) ) ;
#838 = ORIENTED_EDGE ( 'NONE', *, *, #600, .F. ) ;
#839 = FACE_OUTER_BOUND ( 'NONE', #1107, .T. ) ;
#840 = EDGE_CURVE ( 'NONE', #200, #552, #677, .T. ) ;
#841 = DIRECTION ( 'NONE',  ( -1.000000000000000000, 8.537024980200837349E-17, -3.512375991854052315E-15 ) ) ;
#842 = ORIENTED_EDGE ( 'NONE', *, *, #1008, .T. ) ;
#843 = LINE ( 'NONE', #1222, #1115 ) ;
#844 = AXIS2_PLACEMENT_3D ( 'NONE', #895, #377, #235 ) ;
#845 = CARTESIAN_POINT ( 'NONE',  ( 4.344645669291333334, 1.999374015748020206, 0.7596456692913488018 ) ) ;
#846 = CIRCLE ( 'NONE', #1091, 0.1653543307086607073 ) ;
#847 = CIRCLE ( 'NONE', #1453, 2.608540463109217278 ) ;
#848 = EDGE_LOOP ( 'NONE', ( #194, #1324, #1280, #838 ) ) ;
#849 = CARTESIAN_POINT ( 'NONE',  ( 2.420580475199245019, 19.71186723724616385, 0.000000000000000000 ) ) ;
#850 = ORIENTED_EDGE ( 'NONE', *, *, #870, .F. ) ;
#851 = DIRECTION ( 'NONE',  ( 1.000000000000000000, 0.000000000000000000, 0.000000000000000000 ) ) ;
#852 = ORIENTED_EDGE ( 'NONE', *, *, #1012, .T. ) ;
#853 = CARTESIAN_POINT ( 'NONE',  ( 5.958651863434425877, 15.18953358541536147, -0.2500000000000012212 ) ) ;
#854 = ORIENTED_EDGE ( 'NONE', *, *, #840, .F. ) ;
#855 = CARTESIAN_POINT ( 'NONE',  ( 2.420580475199245019, 19.71186723724616385, -0.2500000000000012212 ) ) ;
#856 = ORIENTED_EDGE ( 'NONE', *, *, #207, .T. ) ;
#857 = DIRECTION ( 'NONE',  ( -8.510858664735481127E-30, -3.434323192035072183E-15, 1.000000000000000000 ) ) ;
#858 = ORIENTED_EDGE ( 'NONE', *, *, #656, .T. ) ;
#859 = EDGE_CURVE ( 'NONE', #421, #1124, #389, .T. ) ;
#860 = DIRECTION ( 'NONE',  ( 0.000000000000000000, 3.434323192035072971E-15, -1.000000000000000000 ) ) ;
#861 = CARTESIAN_POINT ( 'NONE',  ( 4.675354330708656470, 2.000000000000000444, 0.9250000000000102585 ) ) ;
#862 = EDGE_CURVE ( 'NONE', #1024, #735, #1424, .T. ) ;
#863 = ORIENTED_EDGE ( 'NONE', *, *, #1592, .F. ) ;
#864 = CARTESIAN_POINT ( 'NONE',  ( 1.209354858209618300, 19.18501125138071828, 0.000000000000000000 ) ) ;
#865 = EDGE_LOOP ( 'NONE', ( #1451, #257 ) ) ;
#866 = FACE_OUTER_BOUND ( 'NONE', #1131, .T. ) ;
#867 = EDGE_LOOP ( 'NONE', ( #1303, #465, #617, #699 ) ) ;
#868 = DIRECTION ( 'NONE',  ( -1.000000000000000000, 0.000000000000000000, 0.000000000000000000 ) ) ;
#869 = CARTESIAN_POINT ( 'NONE',  ( 7.755526866610956915, 6.260566922747311303, 0.000000000000000000 ) ) ;
#870 = EDGE_CURVE ( 'NONE', #1647, #1612, #771, .T. ) ;
#871 = CIRCLE ( 'NONE', #438, 0.1653543307086607073 ) ;
#872 = CARTESIAN_POINT ( 'NONE',  ( 4.187864042533941067, 14.83317831032973011, -0.2500000000000012212 ) ) ;
#873 = VECTOR ( 'NONE', #1407, 39.37007874015748143 ) ;
#874 = ORIENTED_EDGE ( 'NONE', *, *, #938, .F. ) ;
#875 = DIRECTION ( 'NONE',  ( 0.000000000000000000, -3.304235192336776301E-15, 1.000000000000000000 ) ) ;
#876 = ORIENTED_EDGE ( 'NONE', *, *, #760, .F. ) ;
#877 = CARTESIAN_POINT ( 'NONE',  ( -6.924606895954950936, 11.70033416803600801, -0.2500000000000012212 ) ) ;
#878 = CARTESIAN_POINT ( 'NONE',  ( 1.409999999999992593, 3.000000000000055511, 0.7499999999999813483 ) ) ;
#879 = FACE_OUTER_BOUND ( 'NONE', #401, .T. ) ;
#880 = ORIENTED_EDGE ( 'NONE', *, *, #314, .T. ) ;
#881 = EDGE_CURVE ( 'NONE', #1513, #1510, #139, .T. ) ;
#882 = DIRECTION ( 'NONE',  ( -0.000000000000000000, -0.000000000000000000, 1.000000000000000000 ) ) ;
#883 = DIRECTION ( 'NONE',  ( 5.673905776490330561E-30, 3.434323192035072183E-15, -1.000000000000000000 ) ) ;
#884 = EDGE_LOOP ( 'NONE', ( #157, #987, #1569 ) ) ;
#885 = DIRECTION ( 'NONE',  ( 0.000000000000000000, 0.000000000000000000, -1.000000000000000000 ) ) ;
#886 = LINE ( 'NONE', #636, #353 ) ;
#887 = VERTEX_POINT ( 'NONE', #1573 ) ;
#888 = FACE_OUTER_BOUND ( 'NONE', #566, .T. ) ;
#889 = DIRECTION ( 'NONE',  ( -8.510858664735481127E-30, -3.434323192035072183E-15, 1.000000000000000000 ) ) ;
#890 = EDGE_CURVE ( 'NONE', #1153, #321, #643, .T. ) ;
#891 = ORIENTED_EDGE ( 'NONE', *, *, #586, .T. ) ;
#892 = DIRECTION ( 'NONE',  ( -8.537024980200854605E-17, -1.000000000000000000, 4.660230287205253334E-17 ) ) ;
#893 = EDGE_LOOP ( 'NONE', ( #649, #468 ) ) ;
#894 = CARTESIAN_POINT ( 'NONE',  ( 7.853150817677981621, 2.270033315760177750, 0.03854532800251424945 ) ) ;
#895 = CARTESIAN_POINT ( 'NONE',  ( 2.675354330708656470, 2.000000000000003997, 0.9250000000000102585 ) ) ;
#896 = AXIS2_PLACEMENT_3D ( 'NONE', #1492, #709, #964 ) ;
#897 = AXIS2_PLACEMENT_3D ( 'NONE', #877, #97, #621 ) ;
#898 = VECTOR ( 'NONE', #948, 39.37007874015748143 ) ;
#899 = DIRECTION ( 'NONE',  ( 0.000000000000000000, 1.000000000000000000, 0.000000000000000000 ) ) ;
#900 = CIRCLE ( 'NONE', #1066, 0.1653543307086613734 ) ;
#901 = DIRECTION ( 'NONE',  ( 1.720849129867249803E-15, 1.000000000000000000, 3.434323192035072183E-15 ) ) ;
#902 = DIRECTION ( 'NONE',  ( 1.000000000000000000, -0.000000000000000000, 3.512375991854052315E-15 ) ) ;
#903 = ORIENTED_EDGE ( 'NONE', *, *, #87, .F. ) ;
#904 = EDGE_CURVE ( 'NONE', #831, #1383, #1164, .T. ) ;
#905 = CARTESIAN_POINT ( 'NONE',  ( 1.159999999999995035, 2.000000000000001776, 4.370956789862821150E-15 ) ) ;
#906 = CARTESIAN_POINT ( 'NONE',  ( 7.843561962427137324, 2.349999999999995204, -0.1666666666666611618 ) ) ;
#907 = EDGE_CURVE ( 'NONE', #1253, #480, #511, .T. ) ;
#908 = B_SPLINE_SURFACE_WITH_KNOTS ( 'NONE', 1, 3, ( 
 ( #1418, #230, #784, #507, #1337, #2, #693, #256, #1674, #1040 ),
 ( #265, #795, #1160, #1210, #1448, #33, #1152, #911, #498, #1048 ) ),
 .UNSPECIFIED., .F., .F., .F.,
 ( 2, 2 ),
 ( 4, 2, 2, 2, 4 ),
 ( 0.000000000000000000, 1.000000000000000000 ),
 ( 0.000000000000000000, 0.2500000000000000000, 0.5000000000000000000, 0.7500000000000000000, 1.000000000000000000 ),
 .UNSPECIFIED. ) ;
#909 = CARTESIAN_POINT ( 'NONE',  ( 2.417076221633456257, 14.47682303524409697, -0.2500000000000012212 ) ) ;
#910 = DIRECTION ( 'NONE',  ( 1.000000000000000000, -2.478176394252578183E-15, 0.000000000000000000 ) ) ;
#911 = CARTESIAN_POINT ( 'NONE',  ( 7.857260327071196926, 2.252602732333164326, 0.07382521156407782781 ) ) ;
#912 = ORIENTED_EDGE ( 'NONE', *, *, #917, .F. ) ;
#913 = DIRECTION ( 'NONE',  ( 0.000000000000000000, 3.304235192336776301E-15, -1.000000000000000000 ) ) ;
#914 = ORIENTED_EDGE ( 'NONE', *, *, #1486, .F. ) ;
#915 = PRODUCT_RELATED_PRODUCT_CATEGORY ( 'part', '', ( #373 ) ) ;
#916 = DIRECTION ( 'NONE',  ( 1.000000000000000000, -2.478176394252578183E-15, 0.000000000000000000 ) ) ;
#917 = EDGE_CURVE ( 'NONE', #1647, #1041, #1035, .T. ) ;
#918 = CARTESIAN_POINT ( 'NONE',  ( 1.159999999999994147, 22.14000000000000412, 1.750000000000004663 ) ) ;
#919 = DIRECTION ( 'NONE',  ( -2.731847993664263218E-17, -1.000000000000000000, 0.000000000000000000 ) ) ;
#920 = ORIENTED_EDGE ( 'NONE', *, *, #936, .F. ) ;
#921 = PLANE ( 'NONE',  #1085 ) ;
#922 = ORIENTED_EDGE ( 'NONE', *, *, #369, .T. ) ;
#923 = FACE_OUTER_BOUND ( 'NONE', #339, .T. ) ;
#924 = CARTESIAN_POINT ( 'NONE',  ( 1.409999999999992149, 3.000000000000055511, 0.9153543307086425829 ) ) ;
#925 = CIRCLE ( 'NONE', #102, 0.2500000000000027756 ) ;
#926 = VECTOR ( 'NONE', #250, 39.37007874015748143 ) ;
#927 = CIRCLE ( 'NONE', #1203, 10.04786461282786547 ) ;
#928 = ORIENTED_EDGE ( 'NONE', *, *, #76, .F. ) ;
#929 = VECTOR ( 'NONE', #238, 39.37007874015748143 ) ;
#930 = DIRECTION ( 'NONE',  ( 1.000000000000000000, -1.720849129867250197E-15, -7.006492321624085355E-46 ) ) ;
#931 = AXIS2_PLACEMENT_3D ( 'NONE', #1359, #466, #179 ) ;
#932 = ORIENTED_EDGE ( 'NONE', *, *, #633, .T. ) ;
#933 = LINE ( 'NONE', #1581, #1343 ) ;
#934 = DIRECTION ( 'NONE',  ( 1.720849129867249803E-15, 1.000000000000000000, 3.434323192035072183E-15 ) ) ;
#935 = FACE_BOUND ( 'NONE', #731, .T. ) ;
#936 = EDGE_CURVE ( 'NONE', #318, #735, #1263, .T. ) ;
#937 = ORIENTED_EDGE ( 'NONE', *, *, #1616, .T. ) ;
#938 = EDGE_CURVE ( 'NONE', #43, #480, #846, .T. ) ;
#939 = CARTESIAN_POINT ( 'NONE',  ( 4.187864042533941067, 14.83317831032973011, -0.2500000000000012212 ) ) ;
#940 = ORIENTED_EDGE ( 'NONE', *, *, #828, .T. ) ;
#941 = CARTESIAN_POINT ( 'NONE',  ( 1.409999999999994813, 19.90000000000005542, 0.5846456692913775122 ) ) ;
#942 =( BOUNDED_SURFACE ( )  B_SPLINE_SURFACE ( 3, 1, ( 
 ( #1201, #1083 ),
 ( #829, #1348 ),
 ( #27, #1071 ),
 ( #1600, #573 ) ),
 .UNSPECIFIED., .F., .F., .T. ) 
 B_SPLINE_SURFACE_WITH_KNOTS ( ( 4, 4 ),
 ( 2, 2 ),
 ( 0.000000000000000000, 1.000000000000000000 ),
 ( 0.000000000000000000, 1.000000000000000000 ),
 .UNSPECIFIED. ) 
 GEOMETRIC_REPRESENTATION_ITEM ( )  RATIONAL_B_SPLINE_SURFACE ( (
 ( 1.000000000000000000, 1.000000000000000000),
 ( 0.3333333333333333703, 0.3333333333333333703),
 ( 0.3333333333333333703, 0.3333333333333333703),
 ( 1.000000000000000000, 1.000000000000000000) ) ) 
 REPRESENTATION_ITEM ( '' )  SURFACE ( )  );
#943 = DIRECTION ( 'NONE',  ( -3.512375991854052315E-15, 8.537024980200927328E-17, 1.000000000000000000 ) ) ;
#944 = CARTESIAN_POINT ( 'NONE',  ( 1.509999999999995124, 23.14000000000000412, 0.1000000000000006023 ) ) ;
#945 = CARTESIAN_POINT ( 'NONE',  ( 4.344645669291333334, 2.250000000000000444, 1.090354330708672492 ) ) ;
#946 = EDGE_CURVE ( 'NONE', #1150, #1153, #933, .T. ) ;
#947 = VERTEX_POINT ( 'NONE', #19 ) ;
#948 = DIRECTION ( 'NONE',  ( 1.000000000000000000, -1.720849129867250197E-15, -2.360463002061416414E-31 ) ) ;
#949 =( BOUNDED_CURVE ( )  B_SPLINE_CURVE ( 3, ( #1653, #588, #67, #1014 ),
 .UNSPECIFIED., .F., .T. ) 
 B_SPLINE_CURVE_WITH_KNOTS ( ( 4, 4 ),
 ( 0.000000000000000000, 3.141592653589793116 ),
 .UNSPECIFIED. ) 
 CURVE ( )  GEOMETRIC_REPRESENTATION_ITEM ( )  RATIONAL_B_SPLINE_CURVE ( ( 1.000000000000000000, 0.3333333333333333703, 0.3333333333333333703, 1.000000000000000000 ) ) 
 REPRESENTATION_ITEM ( '' )  );
#950 = DIRECTION ( 'NONE',  ( 1.720849129867249803E-15, 1.000000000000000000, 3.434323192035072577E-15 ) ) ;
#951 = VERTEX_POINT ( 'NONE', #271 ) ;
#952 = CIRCLE ( 'NONE', #322, 0.1653543307086613734 ) ;
#953 = COLOUR_RGB ( '',0.7921568627450980005, 0.8196078431372548767, 0.9333333333333333481 ) ;
#954 = FACE_OUTER_BOUND ( 'NONE', #212, .T. ) ;
#955 = ORIENTED_EDGE ( 'NONE', *, *, #170, .T. ) ;
#956 = ADVANCED_FACE ( 'NONE', ( #923 ), #422, .T. ) ;
#957 = CIRCLE ( 'NONE', #627, 0.3500000000000000888 ) ;
#958 = DIRECTION ( 'NONE',  ( 1.000000000000000000, 0.000000000000000000, 0.000000000000000000 ) ) ;
#959 = ADVANCED_FACE ( 'NONE', ( #672 ), #1328, .F. ) ;
#960 = CARTESIAN_POINT ( 'NONE',  ( 4.675354330708657358, 2.250000000000000444, 0.9250000000000110356 ) ) ;
#961 = ORIENTED_EDGE ( 'NONE', *, *, #95, .F. ) ;
#962 = DIRECTION ( 'NONE',  ( 1.000000000000000000, -1.720849129867250197E-15, -2.360463002061416414E-31 ) ) ;
#963 = VERTEX_POINT ( 'NONE', #1096 ) ;
#964 = DIRECTION ( 'NONE',  ( -1.000000000000000000, 8.537024980200836116E-17, -3.551402391763537648E-15 ) ) ;
#965 = LINE ( 'NONE', #274, #1481 ) ;
#966 = EDGE_CURVE ( 'NONE', #951, #136, #1190, .T. ) ;
#967 = ORIENTED_EDGE ( 'NONE', *, *, #782, .F. ) ;
#968 = CARTESIAN_POINT ( 'NONE',  ( 2.185860046268665258, 22.89000000000000412, -0.2500000000000000000 ) ) ;
#969 = CARTESIAN_POINT ( 'NONE',  ( 4.344645669291333334, 2.250000000000001776, 0.7596456692913496900 ) ) ;
#970 = CARTESIAN_POINT ( 'NONE',  ( 1.159999999999989040, 2.000000000000001776, 1.750000000000005107 ) ) ;
#971 = ORIENTED_EDGE ( 'NONE', *, *, #1284, .T. ) ;
#972 = CARTESIAN_POINT ( 'NONE',  ( 7.860000000000005649, 2.249999999999992450, 1.750000000000010658 ) ) ;
#973 = DIRECTION ( 'NONE',  ( -3.512375991854052315E-15, 8.537024980200927328E-17, 1.000000000000000000 ) ) ;
#974 = ORIENTED_EDGE ( 'NONE', *, *, #87, .T. ) ;
#975 = CARTESIAN_POINT ( 'NONE',  ( 5.399089659523567342, 16.17579296006381284, 0.000000000000000000 ) ) ;
#976 = EDGE_CURVE ( 'NONE', #1294, #1017, #1052, .T. ) ;
#977 = ORIENTED_EDGE ( 'NONE', *, *, #772, .F. ) ;
#978 = LINE ( 'NONE', #1490, #435 ) ;
#979 = VERTEX_POINT ( 'NONE', #535 ) ;
#980 = AXIS2_PLACEMENT_3D ( 'NONE', #1511, #1108, #71 ) ;
#981 = PLANE ( 'NONE',  #1338 ) ;
#982 = VECTOR ( 'NONE', #1332, 39.37007874015748143 ) ;
#983 = VECTOR ( 'NONE', #41, 39.37007874015748143 ) ;
#984 = DIRECTION ( 'NONE',  ( 0.000000000000000000, 0.000000000000000000, 1.000000000000000000 ) ) ;
#985 = ORIENTED_EDGE ( 'NONE', *, *, #1378, .T. ) ;
#986 = CARTESIAN_POINT ( 'NONE',  ( 2.344645669291333334, 1.999374015748023758, 0.7596456692913488018 ) ) ;
#987 = ORIENTED_EDGE ( 'NONE', *, *, #278, .F. ) ;
#988 = PLANE ( 'NONE',  #49 ) ;
#989 = ADVANCED_FACE ( 'NONE', ( #813 ), #1059, .T. ) ;
#990 = ORIENTED_EDGE ( 'NONE', *, *, #1494, .T. ) ;
#991 = CARTESIAN_POINT ( 'NONE',  ( 1.409999999999994147, 23.14000000000000412, 0.7500000000000056621 ) ) ;
#992 = LINE ( 'NONE', #320, #79 ) ;
#993 = ORIENTED_EDGE ( 'NONE', *, *, #720, .T. ) ;
#994 = CARTESIAN_POINT ( 'NONE',  ( 4.187864042533941067, 15.64893697419836904, 0.000000000000000000 ) ) ;
#995 =( BOUNDED_CURVE ( )  B_SPLINE_CURVE ( 3, ( #406, #1279, #1157, #100 ),
 .UNSPECIFIED., .F., .T. ) 
 B_SPLINE_CURVE_WITH_KNOTS ( ( 4, 4 ),
 ( 3.141592653589793116, 6.283185307179586232 ),
 .UNSPECIFIED. ) 
 CURVE ( )  GEOMETRIC_REPRESENTATION_ITEM ( )  RATIONAL_B_SPLINE_CURVE ( ( 1.000000000000000000, 0.3333333333333333703, 0.3333333333333333703, 1.000000000000000000 ) ) 
 REPRESENTATION_ITEM ( '' )  );
#996 = ORIENTED_EDGE ( 'NONE', *, *, #1080, .T. ) ;
#997 = CARTESIAN_POINT ( 'NONE',  ( 4.000000000000004441, 2.000000000000002220, 0.7596456692913488018 ) ) ;
#998 = VERTEX_POINT ( 'NONE', #679 ) ;
#999 = ADVANCED_FACE ( 'NONE', ( #158 ), #414, .F. ) ;
#1000 = LINE ( 'NONE', #1099, #159 ) ;
#1001 = DIRECTION ( 'NONE',  ( 1.000000000000000000, -1.720849129867250197E-15, -7.006492321624085355E-46 ) ) ;
#1002 = CYLINDRICAL_SURFACE ( 'NONE', #1088, 0.1000000000000000194 ) ;
#1003 = VERTEX_POINT ( 'NONE', #807 ) ;
#1004 = FACE_OUTER_BOUND ( 'NONE', #457, .T. ) ;
#1005 = VERTEX_POINT ( 'NONE', #553 ) ;
#1006 = CARTESIAN_POINT ( 'NONE',  ( 2.344645669291333778, 2.250000000000005329, 0.7596456692913496900 ) ) ;
#1007 = VECTOR ( 'NONE', #509, 39.37007874015748143 ) ;
#1008 = EDGE_CURVE ( 'NONE', #1534, #1462, #900, .T. ) ;
#1009 = CARTESIAN_POINT ( 'NONE',  ( 1.409999999999992593, 3.000000000000055511, 0.7499999999999813483 ) ) ;
#1010 = CIRCLE ( 'NONE', #897, 10.04786461282786547 ) ;
#1011 = AXIS2_PLACEMENT_3D ( 'NONE', #654, #140, #1415 ) ;
#1012 = EDGE_CURVE ( 'NONE', #362, #478, #546, .T. ) ;
#1013 = VECTOR ( 'NONE', #1392, 39.37007874015748143 ) ;
#1014 = CARTESIAN_POINT ( 'NONE',  ( 4.187864042533941067, 15.64893697419836904, 0.000000000000000000 ) ) ;
#1015 = VECTOR ( 'NONE', #919, 39.37007874015748143 ) ;
#1016 = ORIENTED_EDGE ( 'NONE', *, *, #1530, .T. ) ;
#1017 = VERTEX_POINT ( 'NONE', #1069 ) ;
#1018 = DIRECTION ( 'NONE',  ( 1.000000000000000000, -0.000000000000000000, 3.512375991854052315E-15 ) ) ;
#1019 = CARTESIAN_POINT ( 'NONE',  ( 7.858629919233211858, 2.249999999999996003, 0.08690769608991789907 ) ) ;
#1020 = DIRECTION ( 'NONE',  ( 0.000000000000000000, -8.537024980200897746E-17, -1.000000000000000000 ) ) ;
#1021 = VERTEX_POINT ( 'NONE', #289 ) ;
#1022 = CARTESIAN_POINT ( 'NONE',  ( 1.159999999999993925, 19.90000000000005542, 0.7500000000000373035 ) ) ;
#1023 = CARTESIAN_POINT ( 'NONE',  ( 1.509999999999994458, 2.349999999999996092, -0.2499999999999945322 ) ) ;
#1024 = VERTEX_POINT ( 'NONE', #1598 ) ;
#1025 = CARTESIAN_POINT ( 'NONE',  ( 1.159999999999994147, 21.90000000000005187, 0.7500000000000460743 ) ) ;
#1026 = ORIENTED_EDGE ( 'NONE', *, *, #112, .T. ) ;
#1027 = DIRECTION ( 'NONE',  ( -0.000000000000000000, -0.000000000000000000, 1.000000000000000000 ) ) ;
#1028 = CARTESIAN_POINT ( 'NONE',  ( 2.176780981213570332, 2.781713543831470403, -0.2500000000000012212 ) ) ;
#1029 = EDGE_CURVE ( 'NONE', #1561, #478, #1499, .T. ) ;
#1030 = DIRECTION ( 'NONE',  ( -0.000000000000000000, -0.000000000000000000, 1.000000000000000000 ) ) ;
#1031 = CARTESIAN_POINT ( 'NONE',  ( 7.176780981213570776, 2.781713543831469071, -0.2500000000000000000 ) ) ;
#1032 = EDGE_LOOP ( 'NONE', ( #733, #365, #1624, #520 ) ) ;
#1033 = DIRECTION ( 'NONE',  ( -1.000000000000000000, 0.000000000000000000, 0.000000000000000000 ) ) ;
#1034 = ORIENTED_EDGE ( 'NONE', *, *, #207, .F. ) ;
#1035 = LINE ( 'NONE', #1183, #355 ) ;
#1036 = LINE ( 'NONE', #1599, #1341 ) ;
#1037 = VECTOR ( 'NONE', #1688, 39.37007874015748143 ) ;
#1038 = PRESENTATION_STYLE_ASSIGNMENT (( #512 ) ) ;
#1039 = AXIS2_PLACEMENT_3D ( 'NONE', #364, #1411, #1282 ) ;
#1040 = CARTESIAN_POINT ( 'NONE',  ( 7.860000000000006537, 1.999999999999995781, 0.1000000000000067363 ) ) ;
#1041 = VERTEX_POINT ( 'NONE', #1470 ) ;
#1042 = FACE_OUTER_BOUND ( 'NONE', #1464, .T. ) ;
#1043 = ADVANCED_FACE ( 'NONE', ( #839 ), #529, .T. ) ;
#1044 = EDGE_LOOP ( 'NONE', ( #1578, #59, #1485, #1051 ) ) ;
#1045 = DIRECTION ( 'NONE',  ( 0.000000000000000000, -3.304235192336776301E-15, 1.000000000000000000 ) ) ;
#1046 = DIRECTION ( 'NONE',  ( -1.000000000000000000, 0.000000000000000000, 0.000000000000000000 ) ) ;
#1047 = CARTESIAN_POINT ( 'NONE',  ( 2.344645669291333334, 1.999374015748023314, 0.9250000000000102585 ) ) ;
#1048 = CARTESIAN_POINT ( 'NONE',  ( 7.860000000000006537, 2.249999999999996003, 0.1000000000000059036 ) ) ;
#1049 = ORIENTED_EDGE ( 'NONE', *, *, #149, .F. ) ;
#1050 = CARTESIAN_POINT ( 'NONE',  ( 1.509999999999996234, 2.250000000000008882, 0.1000000000000095812 ) ) ;
#1051 = ORIENTED_EDGE ( 'NONE', *, *, #803, .F. ) ;
#1052 = LINE ( 'NONE', #545, #1288 ) ;
#1053 = EDGE_CURVE ( 'NONE', #1654, #1221, #1178, .T. ) ;
#1054 = CARTESIAN_POINT ( 'NONE',  ( 7.860000000000005649, 1.999999999999997780, 0.1000000000000084988 ) ) ;
#1055 = DIRECTION ( 'NONE',  ( 0.000000000000000000, -3.304235192336776301E-15, 1.000000000000000000 ) ) ;
#1056 = ORIENTED_EDGE ( 'NONE', *, *, #56, .F. ) ;
#1057 = LINE ( 'NONE', #1344, #1260 ) ;
#1058 = ORIENTED_EDGE ( 'NONE', *, *, #1520, .T. ) ;
#1059 = CYLINDRICAL_SURFACE ( 'NONE', #1539, 0.3500000000000000333 ) ;
#1060 = LINE ( 'NONE', #154, #300 ) ;
#1061 = ADVANCED_FACE ( 'NONE', ( #639 ), #1691, .F. ) ;
#1062 = CIRCLE ( 'NONE', #236, 0.1653543307086613734 ) ;
#1063 = CARTESIAN_POINT ( 'NONE',  ( 4.344645669291333334, 2.250000000000001776, 0.7596456692913496900 ) ) ;
#1064 = VECTOR ( 'NONE', #184, 39.37007874015748143 ) ;
#1065 = VERTEX_POINT ( 'NONE', #1031 ) ;
#1066 = AXIS2_PLACEMENT_3D ( 'NONE', #1622, #185, #446 ) ;
#1067 = LINE ( 'NONE', #811, #982 ) ;
#1068 = EDGE_LOOP ( 'NONE', ( #1257, #1103, #640, #1501 ) ) ;
#1069 = CARTESIAN_POINT ( 'NONE',  ( 4.344645669291333334, 2.000000000000000000, 1.090354330708671604 ) ) ;
#1070 = CARTESIAN_POINT ( 'NONE',  ( 7.860000000000005649, 2.250000000000008882, 0.1000000000000095812 ) ) ;
#1071 = CARTESIAN_POINT ( 'NONE',  ( 4.213951224809987295, 5.547856372576045025, 0.000000000000000000 ) ) ;
#1072 = EDGE_CURVE ( 'NONE', #1215, #552, #104, .T. ) ;
#1073 = DIRECTION ( 'NONE',  ( 1.000000000000000000, 0.000000000000000000, 0.000000000000000000 ) ) ;
#1074 = CYLINDRICAL_SURFACE ( 'NONE', #1664, 0.2500000000000027756 ) ;
#1075 = ORIENTED_EDGE ( 'NONE', *, *, #369, .F. ) ;
#1076 = DIRECTION ( 'NONE',  ( 0.000000000000000000, 0.000000000000000000, 1.000000000000000000 ) ) ;
#1077 = CYLINDRICAL_SURFACE ( 'NONE', #1039, 0.1653543307086613734 ) ;
#1078 = DIRECTION ( 'NONE',  ( 0.000000000000000000, 0.000000000000000000, -1.000000000000000000 ) ) ;
#1079 = CARTESIAN_POINT ( 'NONE',  ( 1.159999999999988818, 2.000000000000001776, 1.750000000000005107 ) ) ;
#1080 = EDGE_CURVE ( 'NONE', #544, #1024, #1147, .T. ) ;
#1081 = EDGE_LOOP ( 'NONE', ( #619, #1327, #974, #36 ) ) ;
#1082 = LINE ( 'NONE', #423, #1665 ) ;
#1083 = CARTESIAN_POINT ( 'NONE',  ( 4.187864042533941067, 14.83317831032973011, 0.000000000000000000 ) ) ;
#1084 = ORIENTED_EDGE ( 'NONE', *, *, #1657, .F. ) ;
#1085 = AXIS2_PLACEMENT_3D ( 'NONE', #1325, #420, #1308 ) ;
#1086 = ADVANCED_FACE ( 'NONE', ( #1683 ), #908, .T. ) ;
#1087 = CARTESIAN_POINT ( 'NONE',  ( 1.509999999999995124, 23.14000000000000412, 0.1000000000000006023 ) ) ;
#1088 = AXIS2_PLACEMENT_3D ( 'NONE', #75, #340, #1531 ) ;
#1089 = VERTEX_POINT ( 'NONE', #1559 ) ;
#1090 = ADVANCED_FACE ( 'NONE', ( #391 ), #1568, .F. ) ;
#1091 = AXIS2_PLACEMENT_3D ( 'NONE', #404, #146, #1452 ) ;
#1092 = DIRECTION ( 'NONE',  ( 3.304235192336784584E-15, 0.000000000000000000, -1.000000000000000000 ) ) ;
#1093 = DIRECTION ( 'NONE',  ( -8.537024980200854605E-17, -1.000000000000000000, 4.660230287205253334E-17 ) ) ;
#1094 = DIRECTION ( 'NONE',  ( -8.537024980200854605E-17, -1.000000000000000000, 4.660230287205253334E-17 ) ) ;
#1095 = ORIENTED_EDGE ( 'NONE', *, *, #742, .T. ) ;
#1096 = CARTESIAN_POINT ( 'NONE',  ( 1.159999999999994369, 2.000000000000002220, 0.1000000000000033085 ) ) ;
#1097 = DIRECTION ( 'NONE',  ( 1.000000000000000000, 0.000000000000000000, 0.000000000000000000 ) ) ;
#1098 = ORIENTED_EDGE ( 'NONE', *, *, #1444, .T. ) ;
#1099 = CARTESIAN_POINT ( 'NONE',  ( 2.176780981213570332, 2.781713543831470403, -0.2500000000000012212 ) ) ;
#1100 = EDGE_CURVE ( 'NONE', #1572, #1196, #1439, .T. ) ;
#1101 = CARTESIAN_POINT ( 'NONE',  ( 1.409999999999992593, 3.000000000000055511, 0.7499999999999813483 ) ) ;
#1102 =( BOUNDED_SURFACE ( )  B_SPLINE_SURFACE ( 3, 1, ( 
 ( #855, #849 ),
 ( #85, #864 ),
 ( #1130, #580 ),
 ( #1104, #994 ) ),
 .UNSPECIFIED., .F., .F., .T. ) 
 B_SPLINE_SURFACE_WITH_KNOTS ( ( 4, 4 ),
 ( 2, 2 ),
 ( 0.000000000000000000, 1.000000000000000000 ),
 ( 0.000000000000000000, 1.000000000000000000 ),
 .UNSPECIFIED. ) 
 GEOMETRIC_REPRESENTATION_ITEM ( )  RATIONAL_B_SPLINE_SURFACE ( (
 ( 1.000000000000000000, 1.000000000000000000),
 ( 0.3333333333333333703, 0.3333333333333333703),
 ( 0.3333333333333333703, 0.3333333333333333703),
 ( 1.000000000000000000, 1.000000000000000000) ) ) 
 REPRESENTATION_ITEM ( '' )  SURFACE ( )  );
#1103 = ORIENTED_EDGE ( 'NONE', *, *, #443, .F. ) ;
#1104 = CARTESIAN_POINT ( 'NONE',  ( 4.187864042533941067, 15.64893697419836904, -0.2500000000000012212 ) ) ;
#1105 = DIRECTION ( 'NONE',  ( 3.304235192336789711E-15, 0.000000000000000000, -1.000000000000000000 ) ) ;
#1106 = CARTESIAN_POINT ( 'NONE',  ( 2.344645669291333778, 2.250000000000004885, 0.9250000000000110356 ) ) ;
#1107 = EDGE_LOOP ( 'NONE', ( #392, #1628, #626, #77 ) ) ;
#1108 = DIRECTION ( 'NONE',  ( -0.000000000000000000, 1.000000000000000000, 8.537024980200866931E-17 ) ) ;
#1109 = LINE ( 'NONE', #180, #1537 ) ;
#1110 = ADVANCED_FACE ( 'NONE', ( #658 ), #1577, .F. ) ;
#1111 = ORIENTED_EDGE ( 'NONE', *, *, #828, .F. ) ;
#1112 = ORIENTED_EDGE ( 'NONE', *, *, #1080, .F. ) ;
#1113 = LINE ( 'NONE', #604, #1565 ) ;
#1114 = ORIENTED_EDGE ( 'NONE', *, *, #1212, .T. ) ;
#1115 = VECTOR ( 'NONE', #329, 39.37007874015748143 ) ;
#1116 = VECTOR ( 'NONE', #538, 39.37007874015748143 ) ;
#1117 = CARTESIAN_POINT ( 'NONE',  ( 1.509999999999994458, 2.349999999999996092, 0.1000000000000055567 ) ) ;
#1118 = VECTOR ( 'NONE', #1441, 39.37007874015748143 ) ;
#1119 = AXIS2_PLACEMENT_3D ( 'NONE', #1208, #561, #958 ) ;
#1120 = CYLINDRICAL_SURFACE ( 'NONE', #1177, 0.1653543307086609571 ) ;
#1121 = AXIS2_PLACEMENT_3D ( 'NONE', #767, #902, #1306 ) ;
#1122 = ORIENTED_EDGE ( 'NONE', *, *, #1136, .F. ) ;
#1123 = CARTESIAN_POINT ( 'NONE',  ( 2.420580475199245019, 19.71186723724616385, -0.2500000000000012212 ) ) ;
#1124 = VERTEX_POINT ( 'NONE', #1023 ) ;
#1125 = ADVANCED_FACE ( 'NONE', ( #757 ), #1077, .F. ) ;
#1126 = CARTESIAN_POINT ( 'NONE',  ( 2.344645669291333334, 1.999374015748023758, 0.7596456692913488018 ) ) ;
#1127 = VERTEX_POINT ( 'NONE', #1291 ) ;
#1128 = CARTESIAN_POINT ( 'NONE',  ( 1.509999999999995568, 2.250000000000008882, 0.1000000000000095812 ) ) ;
#1129 = CARTESIAN_POINT ( 'NONE',  ( 1.159999999999990594, 23.14000000000000412, 1.750000000000003553 ) ) ;
#1130 = CARTESIAN_POINT ( 'NONE',  ( 2.976638425544313016, 15.12208098833292702, -0.2500000000000012212 ) ) ;
#1131 = EDGE_LOOP ( 'NONE', ( #38, #270, #1542, #1597 ) ) ;
#1132 = DIRECTION ( 'NONE',  ( -6.008312623895946951E-30, -3.491481338843132961E-15, 1.000000000000000000 ) ) ;
#1133 = EDGE_CURVE ( 'NONE', #632, #1561, #821, .T. ) ;
#1134 = ORIENTED_EDGE ( 'NONE', *, *, #1619, .T. ) ;
#1135 = DIRECTION ( 'NONE',  ( -1.000000000000000000, 8.537024980200837349E-17, -3.512375991854052315E-15 ) ) ;
#1136 = EDGE_CURVE ( 'NONE', #1510, #1333, #648, .T. ) ;
#1137 = FACE_OUTER_BOUND ( 'NONE', #836, .T. ) ;
#1138 = FACE_OUTER_BOUND ( 'NONE', #221, .T. ) ;
#1139 = VERTEX_POINT ( 'NONE', #567 ) ;
#1140 = DIRECTION ( 'NONE',  ( 1.720849129867249803E-15, 1.000000000000000000, 3.434323192035072577E-15 ) ) ;
#1141 = ORIENTED_EDGE ( 'NONE', *, *, #1378, .F. ) ;
#1142 = CLOSED_SHELL ( 'NONE', ( #253, #1090, #1198, #738, #1627, #296, #463, #1527, #956, #1476, #42, #262, #1680, #1570, #142, #603, #1670, #1167, #1086, #989, #348, #1634, #121, #1368, #1240, #1043, #1560, #160, #1318, #287, #1549, #405, #959, #1363, #1179, #1209, #361, #750, #999, #1243, #5, #1506, #168, #1110, #1649, #635, #1125, #620, #1335, #1061, #222, #1497 ) ) ;
#1143 = CARTESIAN_POINT ( 'NONE',  ( 2.185860046268665258, 23.14000000000000412, -0.2500000000000000000 ) ) ;
#1144 = EDGE_CURVE ( 'NONE', #1491, #979, #456, .T. ) ;
#1145 = AXIS2_PLACEMENT_3D ( 'NONE', #1357, #69, #590 ) ;
#1146 = VECTOR ( 'NONE', #732, 39.37007874015748143 ) ;
#1147 = CIRCLE ( 'NONE', #273, 0.1653543307086609571 ) ;
#1148 = PLANE ( 'NONE',  #437 ) ;
#1149 = AXIS2_PLACEMENT_3D ( 'NONE', #1025, #1135, #631 ) ;
#1150 = VERTEX_POINT ( 'NONE', #991 ) ;
#1151 = DIRECTION ( 'NONE',  ( 0.000000000000000000, -0.000000000000000000, -1.000000000000000000 ) ) ;
#1152 = CARTESIAN_POINT ( 'NONE',  ( 7.854520654142385538, 2.262621361164570022, 0.04963810196291581350 ) ) ;
#1153 = VERTEX_POINT ( 'NONE', #1617 ) ;
#1154 = CARTESIAN_POINT ( 'NONE',  ( 1.409999999999994147, 21.90000000000005187, 0.7500000000000469624 ) ) ;
#1155 = ORIENTED_EDGE ( 'NONE', *, *, #1029, .T. ) ;
#1156 = LINE ( 'NONE', #366, #664 ) ;
#1157 = CARTESIAN_POINT ( 'NONE',  ( 3.631806092188872181, 20.23872322311160943, 0.000000000000000000 ) ) ;
#1158 = CARTESIAN_POINT ( 'NONE',  ( 2.176780981213570332, 2.781713543831469071, 0.000000000000000000 ) ) ;
#1159 = CARTESIAN_POINT ( 'NONE',  ( 7.860000000000005649, 1.999999999999992228, 1.750000000000009770 ) ) ;
#1160 = CARTESIAN_POINT ( 'NONE',  ( 7.846301635355955817, 2.323825211564067850, 0.002602732333173982289 ) ) ;
#1161 = ORIENTED_EDGE ( 'NONE', *, *, #188, .F. ) ;
#1162 = CARTESIAN_POINT ( 'NONE',  ( 2.344645669291333334, 2.250000000000003997, 1.090354330708672492 ) ) ;
#1163 = EDGE_LOOP ( 'NONE', ( #1309, #1267, #204, #914 ) ) ;
#1164 = LINE ( 'NONE', #1687, #1613 ) ;
#1165 = CARTESIAN_POINT ( 'NONE',  ( 7.860000000000003872, 2.349999999999996092, -0.2499999999999944766 ) ) ;
#1166 = DIRECTION ( 'NONE',  ( 0.000000000000000000, -3.304235192336776301E-15, 1.000000000000000000 ) ) ;
#1167 = ADVANCED_FACE ( 'NONE', ( #197 ), #442, .T. ) ;
#1168 = CARTESIAN_POINT ( 'NONE',  ( 1.509999999999995346, 2.000000000000003109, 1.750000000000009770 ) ) ;
#1169 = ORIENTED_EDGE ( 'NONE', *, *, #862, .F. ) ;
#1170 = CARTESIAN_POINT ( 'NONE',  ( 1.159999999999994369, -9.436925948312431114E-17, 0.1000000000000034472 ) ) ;
#1171 =( BOUNDED_CURVE ( )  B_SPLINE_CURVE ( 3, ( #1404, #1274, #1290, #628 ),
 .UNSPECIFIED., .F., .T. ) 
 B_SPLINE_CURVE_WITH_KNOTS ( ( 4, 4 ),
 ( 0.000000000000000000, 3.141592653589793116 ),
 .UNSPECIFIED. ) 
 CURVE ( )  GEOMETRIC_REPRESENTATION_ITEM ( )  RATIONAL_B_SPLINE_CURVE ( ( 1.000000000000000000, 0.3333333333333333703, 0.3333333333333333703, 1.000000000000000000 ) ) 
 REPRESENTATION_ITEM ( '' )  );
#1172 = VERTEX_POINT ( 'NONE', #1128 ) ;
#1173 = DIRECTION ( 'NONE',  ( 1.000000000000000000, -1.720849129867250197E-15, -7.006492321624085355E-46 ) ) ;
#1174 = CARTESIAN_POINT ( 'NONE',  ( 4.344645669291333334, 2.000000000000000888, 0.9250000000000102585 ) ) ;
#1175 = VECTOR ( 'NONE', #1450, 39.37007874015748143 ) ;
#1176 = CARTESIAN_POINT ( 'NONE',  ( 1.409999999999994813, 21.90000000000005187, 0.5846456692913861719 ) ) ;
#1177 = AXIS2_PLACEMENT_3D ( 'NONE', #1101, #1626, #198 ) ;
#1178 = LINE ( 'NONE', #116, #1015 ) ;
#1179 = ADVANCED_FACE ( 'NONE', ( #57 ), #729, .T. ) ;
#1180 = ORIENTED_EDGE ( 'NONE', *, *, #149, .T. ) ;
#1181 = CARTESIAN_POINT ( 'NONE',  ( 6.675354330708656470, 1.999999999999997335, 0.9250000000000102585 ) ) ;
#1182 = ORIENTED_EDGE ( 'NONE', *, *, #822, .T. ) ;
#1183 = CARTESIAN_POINT ( 'NONE',  ( 4.000000000000004441, 2.000000000000000888, 1.090354330708671604 ) ) ;
#1184 = CARTESIAN_POINT ( 'NONE',  ( 11.04152073871359185, 2.349999999999996092, 0.1000000000000055567 ) ) ;
#1185 = FACE_OUTER_BOUND ( 'NONE', #232, .T. ) ;
#1186 = ORIENTED_EDGE ( 'NONE', *, *, #45, .F. ) ;
#1187 = EDGE_CURVE ( 'NONE', #1645, #1656, #721, .T. ) ;
#1188 = DIRECTION ( 'NONE',  ( -1.000000000000000000, 0.000000000000000000, 0.000000000000000000 ) ) ;
#1189 = ORIENTED_EDGE ( 'NONE', *, *, #890, .F. ) ;
#1190 = LINE ( 'NONE', #969, #489 ) ;
#1191 = EDGE_CURVE ( 'NONE', #421, #1645, #763, .T. ) ;
#1192 = DIRECTION ( 'NONE',  ( 1.000000000000000000, 0.000000000000000000, 0.000000000000000000 ) ) ;
#1193 = LINE ( 'NONE', #504, #685 ) ;
#1194 = ORIENTED_EDGE ( 'NONE', *, *, #1136, .T. ) ;
#1195 = CARTESIAN_POINT ( 'NONE',  ( 4.187864042533941067, 14.83317831032973011, 0.000000000000000000 ) ) ;
#1196 = VERTEX_POINT ( 'NONE', #474 ) ;
#1197 = DIRECTION ( 'NONE',  ( 1.000000000000000000, -0.000000000000000000, 3.512375991854052315E-15 ) ) ;
#1198 = ADVANCED_FACE ( 'NONE', ( #1519 ), #606, .F. ) ;
#1199 = LINE ( 'NONE', #416, #459 ) ;
#1200 = AXIS2_PLACEMENT_3D ( 'NONE', #310, #1379, #1092 ) ;
#1201 = CARTESIAN_POINT ( 'NONE',  ( 4.187864042533941067, 14.83317831032973011, -0.2500000000000012212 ) ) ;
#1202 = AXIS2_PLACEMENT_3D ( 'NONE', #1484, #841, #574 ) ;
#1203 = AXIS2_PLACEMENT_3D ( 'NONE', #1589, #1076, #290 ) ;
#1204 = ORIENTED_EDGE ( 'NONE', *, *, #1252, .T. ) ;
#1205 = CARTESIAN_POINT ( 'NONE',  ( 2.344645669291333334, 2.000000000000004441, 0.7596456692913488018 ) ) ;
#1206 = ORIENTED_EDGE ( 'NONE', *, *, #1072, .T. ) ;
#1207 = DIRECTION ( 'NONE',  ( 3.304235192336789711E-15, 0.000000000000000000, -1.000000000000000000 ) ) ;
#1208 = CARTESIAN_POINT ( 'NONE',  ( 4.676780981213570776, 2.037077157614649359, -0.2500000000000012212 ) ) ;
#1209 = ADVANCED_FACE ( 'NONE', ( #205, #1625, #1643, #834 ), #1259, .F. ) ;
#1210 = CARTESIAN_POINT ( 'NONE',  ( 7.849041308284766316, 2.299638101962905967, 0.01262136116457978838 ) ) ;
#1211 = CARTESIAN_POINT ( 'NONE',  ( 1.509999999999995124, 2.349999999999996536, 0.09999999999999882594 ) ) ;
#1212 = EDGE_CURVE ( 'NONE', #451, #18, #684, .T. ) ;
#1213 = ORIENTED_EDGE ( 'NONE', *, *, #578, .F. ) ;
#1214 = CARTESIAN_POINT ( 'NONE',  ( 5.984739045710472105, 5.904211647661679052, 0.000000000000000000 ) ) ;
#1215 = VERTEX_POINT ( 'NONE', #972 ) ;
#1216 = LINE ( 'NONE', #570, #1426 ) ;
#1217 = DIRECTION ( 'NONE',  ( -1.720849129867250197E-15, -1.000000000000000000, -3.434323192035072971E-15 ) ) ;
#1218 = PRODUCT_DEFINITION ( 'UNKNOWN', '', #1699, #243 ) ;
#1219 = EDGE_CURVE ( 'NONE', #307, #1065, #1000, .T. ) ;
#1220 = FACE_OUTER_BOUND ( 'NONE', #409, .T. ) ;
#1221 = VERTEX_POINT ( 'NONE', #47 ) ;
#1222 = CARTESIAN_POINT ( 'NONE',  ( 2.176780981213570332, 2.781713543831470403, -0.2500000000000012212 ) ) ;
#1223 = DIRECTION ( 'NONE',  ( -2.468850131082264160E-15, 0.7071067811865479058, -0.7071067811865471286 ) ) ;
#1224 = DIRECTION ( 'NONE',  ( 1.720849129867250000E-15, 1.000000000000000000, 3.434323192035072971E-15 ) ) ;
#1225 = EDGE_LOOP ( 'NONE', ( #768, #86, #510, #850 ) ) ;
#1226 = CIRCLE ( 'NONE', #162, 0.1653543307086607073 ) ;
#1227 = VECTOR ( 'NONE', #1093, 39.37007874015748143 ) ;
#1228 = CARTESIAN_POINT ( 'NONE',  ( 1.509999999999994458, 2.349999999999996092, 0.1000000000000055567 ) ) ;
#1229 = EDGE_CURVE ( 'NONE', #307, #17, #843, .T. ) ;
#1230 = AXIS2_PLACEMENT_3D ( 'NONE', #1009, #1538, #358 ) ;
#1231 = ORIENTED_EDGE ( 'NONE', *, *, #600, .T. ) ;
#1232 = VECTOR ( 'NONE', #666, 39.37007874015748143 ) ;
#1233 = CARTESIAN_POINT ( 'NONE',  ( 1.409999999999989040, 2.902588493268445454E-17, 1.750000000000006217 ) ) ;
#1234 = DIRECTION ( 'NONE',  ( 3.304235192336789711E-15, 0.000000000000000000, -1.000000000000000000 ) ) ;
#1235 = EDGE_LOOP ( 'NONE', ( #642, #523, #1358, #1169 ) ) ;
#1236 = CYLINDRICAL_SURFACE ( 'NONE', #625, 0.1653543307086607073 ) ;
#1237 = DIRECTION ( 'NONE',  ( 1.000000000000000000, -0.000000000000000000, 3.512375991854052315E-15 ) ) ;
#1238 = CARTESIAN_POINT ( 'NONE',  ( 1.159999999999994369, 19.90000000000005542, 0.5846456692913766240 ) ) ;
#1239 = ORIENTED_EDGE ( 'NONE', *, *, #278, .T. ) ;
#1240 = ADVANCED_FACE ( 'NONE', ( #344, #173, #1241, #64 ), #981, .F. ) ;
#1241 = FACE_BOUND ( 'NONE', #1650, .T. ) ;
#1242 = LINE ( 'NONE', #1652, #81 ) ;
#1243 = ADVANCED_FACE ( 'NONE', ( #702 ), #1386, .F. ) ;
#1244 = EDGE_LOOP ( 'NONE', ( #785, #1026, #715, #1049 ) ) ;
#1245 = FACE_OUTER_BOUND ( 'NONE', #591, .T. ) ;
#1246 = ORIENTED_EDGE ( 'NONE', *, *, #705, .T. ) ;
#1247 = DIRECTION ( 'NONE',  ( 0.000000000000000000, 0.000000000000000000, 1.000000000000000000 ) ) ;
#1248 = VERTEX_POINT ( 'NONE', #641 ) ;
#1249 = PRODUCT_DEFINITION_SHAPE ( 'NONE', 'NONE',  #1218 ) ;
#1250 = DIRECTION ( 'NONE',  ( -0.000000000000000000, 0.000000000000000000, 1.000000000000000000 ) ) ;
#1251 = DIRECTION ( 'NONE',  ( 0.000000000000000000, 0.000000000000000000, 1.000000000000000000 ) ) ;
#1252 = EDGE_CURVE ( 'NONE', #1572, #1215, #1293, .T. ) ;
#1253 = VERTEX_POINT ( 'NONE', #393 ) ;
#1254 = FACE_OUTER_BOUND ( 'NONE', #540, .T. ) ;
#1255 = ORIENTED_EDGE ( 'NONE', *, *, #396, .F. ) ;
#1256 = PLANE ( 'NONE',  #1145 ) ;
#1257 = ORIENTED_EDGE ( 'NONE', *, *, #830, .F. ) ;
#1258 = AXIS2_PLACEMENT_3D ( 'NONE', #646, #1323, #1055 ) ;
#1259 = PLANE ( 'NONE',  #931 ) ;
#1260 = VECTOR ( 'NONE', #551, 39.37007874015748143 ) ;
#1261 = AXIS2_PLACEMENT_3D ( 'NONE', #845, #1360, #737 ) ;
#1262 = DIRECTION ( 'NONE',  ( 0.000000000000000000, 3.304235192336776301E-15, -1.000000000000000000 ) ) ;
#1263 = CIRCLE ( 'NONE', #1230, 0.1653543307086612346 ) ;
#1264 = VERTEX_POINT ( 'NONE', #1666 ) ;
#1265 = LINE ( 'NONE', #227, #1698 ) ;
#1266 = EDGE_CURVE ( 'NONE', #1041, #1139, #118, .T. ) ;
#1267 = ORIENTED_EDGE ( 'NONE', *, *, #656, .F. ) ;
#1268 = EDGE_CURVE ( 'NONE', #451, #1196, #1389, .T. ) ;
#1269 = DIRECTION ( 'NONE',  ( -3.304235192336789711E-15, 0.000000000000000000, 1.000000000000000000 ) ) ;
#1270 = EDGE_LOOP ( 'NONE', ( #1695, #744, #1098 ) ) ;
#1271 = CARTESIAN_POINT ( 'NONE',  ( 7.755526866610956915, 6.260566922747311303, -0.2500000000000012212 ) ) ;
#1272 = DIRECTION ( 'NONE',  ( 1.000000000000000000, -0.000000000000000000, 3.512375991854052315E-15 ) ) ;
#1273 = ORIENTED_EDGE ( 'NONE', *, *, #1229, .T. ) ;
#1274 = CARTESIAN_POINT ( 'NONE',  ( 1.209354858209618300, 19.18501125138071828, -0.2500000000000012212 ) ) ;
#1275 = EDGE_CURVE ( 'NONE', #1172, #1005, #613, .T. ) ;
#1276 = EDGE_LOOP ( 'NONE', ( #462, #441 ) ) ;
#1277 = CARTESIAN_POINT ( 'NONE',  ( 7.854520654142388203, 2.044174764076005513, -0.07626664312980847849 ) ) ;
#1278 = DIRECTION ( 'NONE',  ( -0.000000000000000000, -0.000000000000000000, 1.000000000000000000 ) ) ;
#1279 = CARTESIAN_POINT ( 'NONE',  ( 5.399089659523567342, 16.17579296006381639, 0.000000000000000000 ) ) ;
#1280 = ORIENTED_EDGE ( 'NONE', *, *, #453, .T. ) ;
#1281 = CARTESIAN_POINT ( 'NONE',  ( 2.185860046268665258, 22.89000000000000412, 0.000000000000000000 ) ) ;
#1282 = DIRECTION ( 'NONE',  ( 0.000000000000000000, -3.304235192336776301E-15, 1.000000000000000000 ) ) ;
#1283 = ORIENTED_EDGE ( 'NONE', *, *, #680, .F. ) ;
#1284 = EDGE_CURVE ( 'NONE', #1253, #887, #1669, .T. ) ;
#1285 = CARTESIAN_POINT ( 'NONE',  ( 6.344645669291333334, 1.999374015748015987, 1.090354330708671604 ) ) ;
#1286 = DIRECTION ( 'NONE',  ( 1.720849129867250000E-15, 1.000000000000000000, 3.434323192035072971E-15 ) ) ;
#1287 = AXIS2_PLACEMENT_3D ( 'NONE', #1174, #245, #367 ) ;
#1288 = VECTOR ( 'NONE', #13, 39.37007874015748143 ) ;
#1289 = CARTESIAN_POINT ( 'NONE',  ( 1.409999999999993703, 19.90000000000005542, 0.9153543307086988712 ) ) ;
#1290 = CARTESIAN_POINT ( 'NONE',  ( 2.976638425544313016, 15.12208098833292702, -0.2500000000000012212 ) ) ;
#1291 = CARTESIAN_POINT ( 'NONE',  ( 6.675354330708656470, 2.249999999999997780, 0.7596456692913496900 ) ) ;
#1292 = ORIENTED_EDGE ( 'NONE', *, *, #720, .F. ) ;
#1293 = LINE ( 'NONE', #1545, #1007 ) ;
#1294 = VERTEX_POINT ( 'NONE', #1553 ) ;
#1295 = CARTESIAN_POINT ( 'NONE',  ( 6.675354330708656470, 1.999374015748015321, 1.090354330708671604 ) ) ;
#1296 = EDGE_CURVE ( 'NONE', #1656, #963, #374, .T. ) ;
#1297 = CARTESIAN_POINT ( 'NONE',  ( 1.790872624858488082, 6.700334168036006233, -0.2500000000000012212 ) ) ;
#1298 = DIRECTION ( 'NONE',  ( 1.720849129867249803E-15, 1.000000000000000000, 3.434323192035072577E-15 ) ) ;
#1299 = CYLINDRICAL_SURFACE ( 'NONE', #764, 10.04786461282786547 ) ;
#1300 = DIRECTION ( 'NONE',  ( -3.304235192336789711E-15, 0.000000000000000000, 1.000000000000000000 ) ) ;
#1301 = VERTEX_POINT ( 'NONE', #1162 ) ;
#1302 = DIRECTION ( 'NONE',  ( 1.720849129867249803E-15, 1.000000000000000000, 3.434323192035072183E-15 ) ) ;
#1303 = ORIENTED_EDGE ( 'NONE', *, *, #1693, .T. ) ;
#1304 = CARTESIAN_POINT ( 'NONE',  ( 7.843561962427146206, 2.349999999999996092, 5.531992187170133264E-15 ) ) ;
#1305 = EDGE_CURVE ( 'NONE', #1089, #17, #847, .T. ) ;
#1306 = DIRECTION ( 'NONE',  ( 3.304235192336789711E-15, 0.000000000000000000, -1.000000000000000000 ) ) ;
#1307 = EDGE_LOOP ( 'NONE', ( #501, #1518, #852, #473 ) ) ;
#1308 = DIRECTION ( 'NONE',  ( -3.512375991854052315E-15, 8.537024980200927328E-17, 1.000000000000000000 ) ) ;
#1309 = ORIENTED_EDGE ( 'NONE', *, *, #1008, .F. ) ;
#1310 = CARTESIAN_POINT ( 'NONE',  ( 1.409999999999993703, 21.90000000000005187, 0.9153543307087076419 ) ) ;
#1311 = CARTESIAN_POINT ( 'NONE',  ( 5.399089659523567342, 16.17579296006381639, -0.2500000000000012212 ) ) ;
#1312 = VECTOR ( 'NONE', #910, 39.37007874015748143 ) ;
#1313 = VECTOR ( 'NONE', #1382, 39.37007874015748143 ) ;
#1314 = LINE ( 'NONE', #556, #1422 ) ;
#1315 = EDGE_CURVE ( 'NONE', #998, #1409, #1658, .T. ) ;
#1316 = VECTOR ( 'NONE', #1173, 39.37007874015748143 ) ;
#1317 = ORIENTED_EDGE ( 'NONE', *, *, #22, .F. ) ;
#1318 = ADVANCED_FACE ( 'NONE', ( #769 ), #1685, .T. ) ;
#1319 = DIRECTION ( 'NONE',  ( 1.000000000000000000, -1.720849129867250197E-15, -5.909952076696470801E-30 ) ) ;
#1320 = ORIENTED_EDGE ( 'NONE', *, *, #1072, .F. ) ;
#1321 = DIRECTION ( 'NONE',  ( 0.000000000000000000, 0.000000000000000000, 1.000000000000000000 ) ) ;
#1322 = LINE ( 'NONE', #167, #1611 ) ;
#1323 = DIRECTION ( 'NONE',  ( 1.720849129867250000E-15, 1.000000000000000000, 3.434323192035072971E-15 ) ) ;
#1324 = ORIENTED_EDGE ( 'NONE', *, *, #73, .T. ) ;
#1325 = CARTESIAN_POINT ( 'NONE',  ( 1.159999999999994813, -9.902948977032936911E-17, 8.741913579725642299E-15 ) ) ;
#1326 = EDGE_CURVE ( 'NONE', #1373, #963, #385, .T. ) ;
#1327 = ORIENTED_EDGE ( 'NONE', *, *, #1460, .F. ) ;
#1328 = PLANE ( 'NONE',  #109 ) ;
#1329 = DIRECTION ( 'NONE',  ( 1.000000000000000000, 0.000000000000000000, -0.000000000000000000 ) ) ;
#1330 = CARTESIAN_POINT ( 'NONE',  ( 4.534437457200212782E-15, 2.000000000000011546, 1.584471836325272706E-14 ) ) ;
#1331 = ORIENTED_EDGE ( 'NONE', *, *, #475, .F. ) ;
#1332 = DIRECTION ( 'NONE',  ( 0.000000000000000000, 0.000000000000000000, 1.000000000000000000 ) ) ;
#1333 = VERTEX_POINT ( 'NONE', #1006 ) ;
#1334 = CARTESIAN_POINT ( 'NONE',  ( 1.159374015748035003, 23.14000000000000412, 0.7500000000000064393 ) ) ;
#1335 = ADVANCED_FACE ( 'NONE', ( #1042 ), #778, .F. ) ;
#1336 = LINE ( 'NONE', #48, #898 ) ;
#1337 = CARTESIAN_POINT ( 'NONE',  ( 7.850411144749171122, 2.134908648008775778, -0.1798833948393572246 ) ) ;
#1338 = AXIS2_PLACEMENT_3D ( 'NONE', #584, #736, #860 ) ;
#1339 = FACE_OUTER_BOUND ( 'NONE', #1440, .T. ) ;
#1340 = VECTOR ( 'NONE', #134, 39.37007874015748143 ) ;
#1341 = VECTOR ( 'NONE', #537, 39.37007874015748143 ) ;
#1342 = ORIENTED_EDGE ( 'NONE', *, *, #1326, .F. ) ;
#1343 = VECTOR ( 'NONE', #581, 39.37007874015748143 ) ;
#1344 = CARTESIAN_POINT ( 'NONE',  ( 7.176780981213570776, 2.781713543831470403, -0.2500000000000012212 ) ) ;
#1345 = ORIENTED_EDGE ( 'NONE', *, *, #840, .T. ) ;
#1346 = CARTESIAN_POINT ( 'NONE',  ( 4.344645669291333334, 1.999374015748019318, 1.090354330708671604 ) ) ;
#1347 = EDGE_CURVE ( 'NONE', #1221, #1580, #1010, .T. ) ;
#1348 = CARTESIAN_POINT ( 'NONE',  ( 2.417076221633455813, 14.47682303524409875, 0.000000000000000000 ) ) ;
#1349 = ORIENTED_EDGE ( 'NONE', *, *, #514, .F. ) ;
#1350 = DIRECTION ( 'NONE',  ( -0.000000000000000000, 1.000000000000000000, 0.000000000000000000 ) ) ;
#1351 = VERTEX_POINT ( 'NONE', #533 ) ;
#1352 = DIMENSIONAL_EXPONENTS ( 1.000000000000000000, 0.000000000000000000, 0.000000000000000000, 0.000000000000000000, 0.000000000000000000, 0.000000000000000000, 0.000000000000000000 ) ;
#1353 = DIRECTION ( 'NONE',  ( 0.000000000000000000, 0.000000000000000000, 1.000000000000000000 ) ) ;
#1354 = CARTESIAN_POINT ( 'NONE',  ( 2.675354330708656025, 2.000000000000004441, 0.7596456692913488018 ) ) ;
#1355 = EDGE_CURVE ( 'NONE', #1065, #1089, #1057, .T. ) ;
#1356 = EDGE_LOOP ( 'NONE', ( #583, #1095, #30, #172 ) ) ;
#1357 = CARTESIAN_POINT ( 'NONE',  ( 2.185860046268665258, 22.89000000000000412, 0.000000000000000000 ) ) ;
#1358 = ORIENTED_EDGE ( 'NONE', *, *, #936, .T. ) ;
#1359 = CARTESIAN_POINT ( 'NONE',  ( 1.409999999999995035, -1.203720522208314656E-16, 9.561467977824921067E-15 ) ) ;
#1360 = DIRECTION ( 'NONE',  ( 5.673905776490330561E-30, 3.434323192035072183E-15, -1.000000000000000000 ) ) ;
#1361 = ORIENTED_EDGE ( 'NONE', *, *, #336, .T. ) ;
#1362 = CARTESIAN_POINT ( 'NONE',  ( 1.509999999999995346, 2.000000000000003109, 1.750000000000009770 ) ) ;
#1363 = ADVANCED_FACE ( 'NONE', ( #676, #797, #150, #1585 ), #921, .T. ) ;
#1364 = DIRECTION ( 'NONE',  ( -2.468850131082266921E-15, -0.7071067811865472397, -0.7071067811865479058 ) ) ;
#1365 = AXIS2_PLACEMENT_3D ( 'NONE', #970, #302, #1640 ) ;
#1366 = VECTOR ( 'NONE', #1192, 39.37007874015748143 ) ;
#1367 = DIRECTION ( 'NONE',  ( -0.000000000000000000, 1.000000000000000000, 8.537024980200866931E-17 ) ) ;
#1368 = ADVANCED_FACE ( 'NONE', ( #559 ), #663, .T. ) ;
#1369 = VECTOR ( 'NONE', #1027, 39.37007874015748143 ) ;
#1370 = ORIENTED_EDGE ( 'NONE', *, *, #112, .F. ) ;
#1371 = DIRECTION ( 'NONE',  ( -1.000000000000000000, 0.000000000000000000, -0.000000000000000000 ) ) ;
#1372 = FACE_OUTER_BOUND ( 'NONE', #1044, .T. ) ;
#1373 = VERTEX_POINT ( 'NONE', #1079 ) ;
#1374 = CARTESIAN_POINT ( 'NONE',  ( 3.631806092188872181, 20.23872322311160943, -0.2500000000000012212 ) ) ;
#1375 = ORIENTED_EDGE ( 'NONE', *, *, #386, .F. ) ;
#1376 = CARTESIAN_POINT ( 'NONE',  ( 1.509999999999995124, 2.000000000000002665, -1.229331597148918547E-15 ) ) ;
#1377 = EDGE_LOOP ( 'NONE', ( #1111, #920 ) ) ;
#1378 = EDGE_CURVE ( 'NONE', #1172, #552, #686, .T. ) ;
#1379 = DIRECTION ( 'NONE',  ( 1.000000000000000000, -0.000000000000000000, 3.512375991854052315E-15 ) ) ;
#1380 = CARTESIAN_POINT ( 'NONE',  ( 5.958651863434425877, 15.18953358541536147, 0.000000000000000000 ) ) ;
#1381 = ORIENTED_EDGE ( 'NONE', *, *, #386, .T. ) ;
#1382 = DIRECTION ( 'NONE',  ( 1.720849129867249803E-15, 1.000000000000000000, 3.434323192035072183E-15 ) ) ;
#1383 = VERTEX_POINT ( 'NONE', #817 ) ;
#1384 = DIRECTION ( 'NONE',  ( 0.000000000000000000, -1.000000000000000000, -3.434323192035072183E-15 ) ) ;
#1385 = ORIENTED_EDGE ( 'NONE', *, *, #1574, .T. ) ;
#1386 = CYLINDRICAL_SURFACE ( 'NONE', #186, 0.1653543307086607073 ) ;
#1387 = EDGE_CURVE ( 'NONE', #480, #43, #1226, .T. ) ;
#1388 = LINE ( 'NONE', #1129, #1427 ) ;
#1389 = B_SPLINE_CURVE_WITH_KNOTS ( 'NONE', 3,
 ( #1676, #1413, #1433, #89, #233, #759, #1277, #518, #500, #1420 ),
 .UNSPECIFIED., .F., .F.,
 ( 4, 2, 2, 2, 4 ),
 ( 0.000000000000000000, 0.2499999999999998890, 0.4999999999999997780, 0.7499999999999998890, 1.000000000000000000 ),
 .UNSPECIFIED. ) ;
#1390 = ORIENTED_EDGE ( 'NONE', *, *, #705, .F. ) ;
#1391 = EDGE_CURVE ( 'NONE', #1127, #1409, #1468, .T. ) ;
#1392 = DIRECTION ( 'NONE',  ( 1.720849129867249803E-15, 1.000000000000000000, 3.434323192035072183E-15 ) ) ;
#1393 = ORIENTED_EDGE ( 'NONE', *, *, #1400, .F. ) ;
#1394 = LINE ( 'NONE', #997, #1638 ) ;
#1395 = ORIENTED_EDGE ( 'NONE', *, *, #859, .T. ) ;
#1396 = AXIS2_PLACEMENT_3D ( 'NONE', #1550, #1030, #610 ) ;
#1397 = CIRCLE ( 'NONE', #661, 0.1653543307086613734 ) ;
#1398 = DIRECTION ( 'NONE',  ( -1.720849129867250000E-15, -1.000000000000000000, -3.434323192035072971E-15 ) ) ;
#1399 = AXIS2_PLACEMENT_3D ( 'NONE', #467, #120, #754 ) ;
#1400 = EDGE_CURVE ( 'NONE', #1005, #1215, #527, .T. ) ;
#1401 = FACE_OUTER_BOUND ( 'NONE', #1526, .T. ) ;
#1402 = EDGE_CURVE ( 'NONE', #488, #1647, #952, .T. ) ;
#1403 = ORIENTED_EDGE ( 'NONE', *, *, #434, .F. ) ;
#1404 = CARTESIAN_POINT ( 'NONE',  ( 2.420580475199245019, 19.71186723724616385, -0.2500000000000012212 ) ) ;
#1405 = ORIENTED_EDGE ( 'NONE', *, *, #494, .F. ) ;
#1406 = CARTESIAN_POINT ( 'NONE',  ( 1.509999999999996234, 2.250000000000008882, 1.693745756071843314E-14 ) ) ;
#1407 = DIRECTION ( 'NONE',  ( 0.000000000000000000, 0.000000000000000000, 1.000000000000000000 ) ) ;
#1408 = CARTESIAN_POINT ( 'NONE',  ( 1.409999999999994147, 21.90000000000005187, 0.7500000000000469624 ) ) ;
#1409 = VERTEX_POINT ( 'NONE', #1606 ) ;
#1410 = EDGE_CURVE ( 'NONE', #328, #428, #408, .T. ) ;
#1411 = DIRECTION ( 'NONE',  ( 1.720849129867249803E-15, 1.000000000000000000, 3.434323192035072577E-15 ) ) ;
#1412 = ORIENTED_EDGE ( 'NONE', *, *, #907, .T. ) ;
#1413 = CARTESIAN_POINT ( 'NONE',  ( 7.844931798891551900, 2.304185107135144239, -0.2499999999999944766 ) ) ;
#1414 = CARTESIAN_POINT ( 'NONE',  ( 5.984739045710472105, 5.904211647661679052, -0.2500000000000012212 ) ) ;
#1415 = DIRECTION ( 'NONE',  ( 0.000000000000000000, 8.537024980200897746E-17, 1.000000000000000000 ) ) ;
#1416 = EDGE_LOOP ( 'NONE', ( #388, #189, #1405, #1180 ) ) ;
#1417 = CYLINDRICAL_SURFACE ( 'NONE', #687, 0.1653543307086613734 ) ;
#1418 = CARTESIAN_POINT ( 'NONE',  ( 7.843561962427146206, 2.349999999999996092, -0.2499999999999944766 ) ) ;
#1419 = ORIENTED_EDGE ( 'NONE', *, *, #231, .F. ) ;
#1420 = CARTESIAN_POINT ( 'NONE',  ( 7.860000000000005649, 1.999999999999997780, 0.1000000000000084988 ) ) ;
#1421 = EDGE_CURVE ( 'NONE', #758, #1003, #4, .T. ) ;
#1422 = VECTOR ( 'NONE', #1094, 39.37007874015748143 ) ;
#1423 = ORIENTED_EDGE ( 'NONE', *, *, #1355, .T. ) ;
#1424 = LINE ( 'NONE', #652, #1593 ) ;
#1425 = AXIS2_PLACEMENT_3D ( 'NONE', #1106, #1629, #875 ) ;
#1426 = VECTOR ( 'NONE', #1618, 39.37007874015748143 ) ;
#1427 = VECTOR ( 'NONE', #973, 39.37007874015748143 ) ;
#1428 = LINE ( 'NONE', #495, #138 ) ;
#1429 = SURFACE_STYLE_FILL_AREA ( #637 ) ;
#1430 = CARTESIAN_POINT ( 'NONE',  ( 1.790872624858488305, 16.70033416803600801, -0.2500000000000012212 ) ) ;
#1431 = CARTESIAN_POINT ( 'NONE',  ( 7.860000000000005649, 1.999999999999998002, 8.741913579725642299E-15 ) ) ;
#1432 = ORIENTED_EDGE ( 'NONE', *, *, #611, .F. ) ;
#1433 = CARTESIAN_POINT ( 'NONE',  ( 7.846301635355956705, 2.258388240474247688, -0.2408904368339049584 ) ) ;
#1434 = ORIENTED_EDGE ( 'NONE', *, *, #481, .F. ) ;
#1435 = CARTESIAN_POINT ( 'NONE',  ( 4.534437457200211993E-15, 2.000000000000011546, 0.1000000000000084988 ) ) ;
#1436 = EDGE_CURVE ( 'NONE', #428, #328, #360, .T. ) ;
#1437 = CARTESIAN_POINT ( 'NONE',  ( 4.213951224809987295, 5.547856372576045025, -0.2500000000000012212 ) ) ;
#1438 = B_SPLINE_CURVE_WITH_KNOTS ( 'NONE', 3,
 ( #376, #493, #906, #1696 ),
 .UNSPECIFIED., .F., .F.,
 ( 4, 4 ),
 ( 0.000000000000000000, 1.000000000000000000 ),
 .UNSPECIFIED. ) ;
#1439 = LINE ( 'NONE', #1431, #164 ) ;
#1440 = EDGE_LOOP ( 'NONE', ( #74, #1447, #413, #1498 ) ) ;
#1441 = DIRECTION ( 'NONE',  ( 1.000000000000000000, -2.478176394252578183E-15, 0.000000000000000000 ) ) ;
#1442 = VERTEX_POINT ( 'NONE', #427 ) ;
#1443 = DIRECTION ( 'NONE',  ( 1.000000000000000000, -0.000000000000000000, 3.512375991854052315E-15 ) ) ;
#1444 = EDGE_CURVE ( 'NONE', #1580, #1654, #383, .T. ) ;
#1445 = LINE ( 'NONE', #522, #107 ) ;
#1446 = EDGE_CURVE ( 'NONE', #1672, #295, #713, .T. ) ;
#1447 = ORIENTED_EDGE ( 'NONE', *, *, #1187, .T. ) ;
#1448 = CARTESIAN_POINT ( 'NONE',  ( 7.850411144749171122, 2.288545328002504320, 0.02003331576018764840 ) ) ;
#1449 = ORIENTED_EDGE ( 'NONE', *, *, #314, .F. ) ;
#1450 = DIRECTION ( 'NONE',  ( -1.000000000000000000, 1.652117596168388150E-15, -0.000000000000000000 ) ) ;
#1451 = ORIENTED_EDGE ( 'NONE', *, *, #1410, .F. ) ;
#1452 = DIRECTION ( 'NONE',  ( 3.304235192336789711E-15, 0.000000000000000000, -1.000000000000000000 ) ) ;
#1453 = AXIS2_PLACEMENT_3D ( 'NONE', #650, #753, #1033 ) ;
#1454 = AXIS2_PLACEMENT_3D ( 'NONE', #176, #1620, #704 ) ;
#1455 = CARTESIAN_POINT ( 'NONE',  ( 4.187864042533941067, 14.83317831032973011, 0.000000000000000000 ) ) ;
#1456 = VECTOR ( 'NONE', #901, 39.37007874015748143 ) ;
#1457 = CIRCLE ( 'NONE', #844, 0.1653543307086613734 ) ;
#1458 = AXIS2_PLACEMENT_3D ( 'NONE', #1168, #400, #524 ) ;
#1459 = CARTESIAN_POINT ( 'NONE',  ( 4.187864042533941067, 15.64893697419836904, -0.2500000000000012212 ) ) ;
#1460 = EDGE_CURVE ( 'NONE', #18, #3, #1067, .T. ) ;
#1461 = VECTOR ( 'NONE', #1302, 39.37007874015748143 ) ;
#1462 = VERTEX_POINT ( 'NONE', #1205 ) ;
#1463 = DIRECTION ( 'NONE',  ( -1.720849129867250000E-15, -1.000000000000000000, -3.434323192035072971E-15 ) ) ;
#1464 = EDGE_LOOP ( 'NONE', ( #993, #101, #68, #492 ) ) ;
#1465 = DIRECTION ( 'NONE',  ( -1.000000000000000000, 0.000000000000000000, 0.000000000000000000 ) ) ;
#1466 = CYLINDRICAL_SURFACE ( 'NONE', #1119, 2.608540463109217278 ) ;
#1467 = DIRECTION ( 'NONE',  ( -0.000000000000000000, -0.000000000000000000, 1.000000000000000000 ) ) ;
#1468 = LINE ( 'NONE', #268, #1175 ) ;
#1469 = ORIENTED_EDGE ( 'NONE', *, *, #1387, .F. ) ;
#1470 = CARTESIAN_POINT ( 'NONE',  ( 6.344645669291333334, 1.999999999999996669, 1.090354330708671604 ) ) ;
#1471 = FACE_BOUND ( 'NONE', #515, .T. ) ;
#1472 = LINE ( 'NONE', #291, #983 ) ;
#1473 = ORIENTED_EDGE ( 'NONE', *, *, #645, .F. ) ;
#1474 = DIRECTION ( 'NONE',  ( 0.000000000000000000, 0.000000000000000000, 1.000000000000000000 ) ) ;
#1475 = ORIENTED_EDGE ( 'NONE', *, *, #1219, .F. ) ;
#1476 = ADVANCED_FACE ( 'NONE', ( #29 ), #1074, .T. ) ;
#1477 = FACE_BOUND ( 'NONE', #228, .T. ) ;
#1478 = AXIS2_PLACEMENT_3D ( 'NONE', #407, #10, #368 ) ;
#1479 = LINE ( 'NONE', #1362, #1116 ) ;
#1480 = AXIS2_PLACEMENT_3D ( 'NONE', #564, #440, #62 ) ;
#1481 = VECTOR ( 'NONE', #547, 39.37007874015748143 ) ;
#1482 = AXIS2_PLACEMENT_3D ( 'NONE', #292, #549, #1073 ) ;
#1483 = VECTOR ( 'NONE', #835, 39.37007874015748143 ) ;
#1484 = CARTESIAN_POINT ( 'NONE',  ( 1.159999999999992593, 3.000000000000055511, 0.7499999999999805711 ) ) ;
#1485 = ORIENTED_EDGE ( 'NONE', *, *, #1436, .T. ) ;
#1486 = EDGE_CURVE ( 'NONE', #1462, #148, #978, .T. ) ;
#1487 = LINE ( 'NONE', #673, #1366 ) ;
#1488 = CARTESIAN_POINT ( 'NONE',  ( 1.509999999999995124, 23.14000000000000412, -0.2499999999999994726 ) ) ;
#1489 = EDGE_LOOP ( 'NONE', ( #1141, #701, #426, #1206 ) ) ;
#1490 = CARTESIAN_POINT ( 'NONE',  ( 4.534437457200208838E-15, 2.000000000000008882, 0.7596456692913488018 ) ) ;
#1491 = VERTEX_POINT ( 'NONE', #718 ) ;
#1492 = CARTESIAN_POINT ( 'NONE',  ( -8.195543980992789655E-16, 4.660230287204997879E-18, 0.09999999999999933942 ) ) ;
#1493 = LINE ( 'NONE', #311, #1483 ) ;
#1494 = EDGE_CURVE ( 'NONE', #421, #1383, #177, .T. ) ;
#1495 = ORIENTED_EDGE ( 'NONE', *, *, #1252, .F. ) ;
#1496 = PLANE ( 'NONE',  #1562 ) ;
#1497 = ADVANCED_FACE ( 'NONE', ( #308 ), #832, .F. ) ;
#1498 = ORIENTED_EDGE ( 'NONE', *, *, #859, .F. ) ;
#1499 = LINE ( 'NONE', #941, #766 ) ;
#1500 = DIRECTION ( 'NONE',  ( -1.000000000000000000, 0.000000000000000000, 0.000000000000000000 ) ) ;
#1501 = ORIENTED_EDGE ( 'NONE', *, *, #1410, .T. ) ;
#1502 = DIRECTION ( 'NONE',  ( 0.000000000000000000, 1.000000000000000000, 0.000000000000000000 ) ) ;
#1503 = VERTEX_POINT ( 'NONE', #454 ) ;
#1504 = CARTESIAN_POINT ( 'NONE',  ( 7.843561962427146206, 2.349999999999996092, 5.531992187170133264E-15 ) ) ;
#1505 = EDGE_LOOP ( 'NONE', ( #534, #333 ) ) ;
#1506 = ADVANCED_FACE ( 'NONE', ( #327 ), #203, .F. ) ;
#1507 = VECTOR ( 'NONE', #122, 39.37007874015748143 ) ;
#1508 = DIRECTION ( 'NONE',  ( 0.000000000000000000, 0.000000000000000000, 1.000000000000000000 ) ) ;
#1509 = AXIS2_PLACEMENT_3D ( 'NONE', #717, #1197, #1105 ) ;
#1510 = VERTEX_POINT ( 'NONE', #727 ) ;
#1511 = CARTESIAN_POINT ( 'NONE',  ( 1.509999999999995124, 2.349999999999996536, 0.09999999999999882594 ) ) ;
#1512 = CARTESIAN_POINT ( 'NONE',  ( 1.509999999999994458, 2.349999999999996092, 0.1000000000000055567 ) ) ;
#1513 = VERTEX_POINT ( 'NONE', #54 ) ;
#1514 = DIRECTION ( 'NONE',  ( 1.000000000000000000, -0.000000000000000000, 3.512375991854052315E-15 ) ) ;
#1515 = EDGE_LOOP ( 'NONE', ( #1403, #277, #967, #1058 ) ) ;
#1516 = DIRECTION ( 'NONE',  ( 0.000000000000000000, 0.000000000000000000, -1.000000000000000000 ) ) ;
#1517 = EDGE_CURVE ( 'NONE', #1065, #307, #568, .T. ) ;
#1518 = ORIENTED_EDGE ( 'NONE', *, *, #645, .T. ) ;
#1519 = FACE_OUTER_BOUND ( 'NONE', #1235, .T. ) ;
#1520 = EDGE_CURVE ( 'NONE', #145, #1124, #793, .T. ) ;
#1521 = PLANE ( 'NONE',  #1566 ) ;
#1522 = ORIENTED_EDGE ( 'NONE', *, *, #472, .T. ) ;
#1523 = DIRECTION ( 'NONE',  ( -2.731847993664263218E-17, -1.000000000000000000, 0.000000000000000000 ) ) ;
#1524 = ORIENTED_EDGE ( 'NONE', *, *, #1391, .F. ) ;
#1525 = CARTESIAN_POINT ( 'NONE',  ( 1.159999999999994369, 2.349999999999998312, 0.1000000000000033085 ) ) ;
#1526 = EDGE_LOOP ( 'NONE', ( #129, #335, #259, #1449 ) ) ;
#1527 = ADVANCED_FACE ( 'NONE', ( #706, #334, #80, #447, #954 ), #1256, .T. ) ;
#1528 = CARTESIAN_POINT ( 'NONE',  ( 2.344645669291333778, 2.250000000000005329, 0.7596456692913496900 ) ) ;
#1529 = CARTESIAN_POINT ( 'NONE',  ( 5.984739045710472105, 5.904211647661679052, 0.000000000000000000 ) ) ;
#1530 = EDGE_CURVE ( 'NONE', #947, #963, #1113, .T. ) ;
#1531 = DIRECTION ( 'NONE',  ( 0.000000000000000000, 0.000000000000000000, 1.000000000000000000 ) ) ;
#1532 = ORIENTED_EDGE ( 'NONE', *, *, #418, .T. ) ;
#1533 = DIRECTION ( 'NONE',  ( 0.000000000000000000, 0.000000000000000000, 1.000000000000000000 ) ) ;
#1534 = VERTEX_POINT ( 'NONE', #432 ) ;
#1535 = AXIS2_PLACEMENT_3D ( 'NONE', #825, #1508, #1500 ) ;
#1536 = DIRECTION ( 'NONE',  ( 1.720849129867249803E-15, 1.000000000000000000, 3.434323192035072577E-15 ) ) ;
#1537 = VECTOR ( 'NONE', #614, 39.37007874015748143 ) ;
#1538 = DIRECTION ( 'NONE',  ( 1.000000000000000000, -0.000000000000000000, 3.512375991854052315E-15 ) ) ;
#1539 = AXIS2_PLACEMENT_3D ( 'NONE', #152, #1465, #1587 ) ;
#1540 = EDGE_CURVE ( 'NONE', #1024, #544, #596, .T. ) ;
#1541 = CARTESIAN_POINT ( 'NONE',  ( 2.344645669291333334, 1.999374015748022870, 1.090354330708671604 ) ) ;
#1542 = ORIENTED_EDGE ( 'NONE', *, *, #431, .T. ) ;
#1543 = LENGTH_MEASURE_WITH_UNIT ( LENGTH_MEASURE( 0.02539999999999999897 ), #1655 );
#1544 = VERTEX_POINT ( 'NONE', #317 ) ;
#1545 = CARTESIAN_POINT ( 'NONE',  ( 7.860000000000005649, 1.999999999999992228, 1.750000000000009770 ) ) ;
#1546 = CARTESIAN_POINT ( 'NONE',  ( 7.860000000000005649, 2.250000000000008882, 0.1000000000000095812 ) ) ;
#1547 = CARTESIAN_POINT ( 'NONE',  ( 1.159999999999995035, 2.000000000000001776, 4.370956789862821150E-15 ) ) ;
#1548 =( NAMED_UNIT ( * ) SI_UNIT ( $, .STERADIAN. ) SOLID_ANGLE_UNIT ( ) );
#1549 = ADVANCED_FACE ( 'NONE', ( #187 ), #1623, .T. ) ;
#1550 = CARTESIAN_POINT ( 'NONE',  ( -6.924606895954950936, 11.70033416803600801, -0.2500000000000012212 ) ) ;
#1551 = DIRECTION ( 'NONE',  ( 7.006492321624085355E-46, 3.434323192035072971E-15, -1.000000000000000000 ) ) ;
#1552 = ORIENTED_EDGE ( 'NONE', *, *, #966, .F. ) ;
#1553 = CARTESIAN_POINT ( 'NONE',  ( 4.675354330708657358, 2.000000000000000000, 1.090354330708671604 ) ) ;
#1554 = ORIENTED_EDGE ( 'NONE', *, *, #862, .T. ) ;
#1555 = CARTESIAN_POINT ( 'NONE',  ( 2.185860046268665258, 23.14000000000000412, 0.000000000000000000 ) ) ;
#1556 = DIRECTION ( 'NONE',  ( -1.000000000000000000, 0.000000000000000000, 0.000000000000000000 ) ) ;
#1557 =( LENGTH_UNIT ( ) NAMED_UNIT ( * ) SI_UNIT ( $, .METRE. ) );
#1558 = CARTESIAN_POINT ( 'NONE',  ( 6.675354330708656470, 2.249999999999997335, 0.9250000000000110356 ) ) ;
#1559 = CARTESIAN_POINT ( 'NONE',  ( 7.176780981213570776, 2.781713543831470403, 0.000000000000000000 ) ) ;
#1560 = ADVANCED_FACE ( 'NONE', ( #464 ), #988, .T. ) ;
#1561 = VERTEX_POINT ( 'NONE', #1238 ) ;
#1562 = AXIS2_PLACEMENT_3D ( 'NONE', #1330, #1217, #155 ) ;
#1563 = ORIENTED_EDGE ( 'NONE', *, *, #1268, .F. ) ;
#1564 = CARTESIAN_POINT ( 'NONE',  ( 7.857260327071196926, 2.252602732333164326, 0.07382521156407782781 ) ) ;
#1565 = VECTOR ( 'NONE', #171, 39.37007874015748143 ) ;
#1566 = AXIS2_PLACEMENT_3D ( 'NONE', #607, #747, #218 ) ;
#1567 = CARTESIAN_POINT ( 'NONE',  ( 4.187864042533941067, 14.83317831032973011, -0.2500000000000012212 ) ) ;
#1568 = CYLINDRICAL_SURFACE ( 'NONE', #1121, 0.1653543307086607073 ) ;
#1569 = ORIENTED_EDGE ( 'NONE', *, *, #453, .F. ) ;
#1570 = ADVANCED_FACE ( 'NONE', ( #1220 ), #44, .F. ) ;
#1571 = CARTESIAN_POINT ( 'NONE',  ( 6.344645669291333334, 1.999374015748016431, 0.9250000000000102585 ) ) ;
#1572 = VERTEX_POINT ( 'NONE', #582 ) ;
#1573 = CARTESIAN_POINT ( 'NONE',  ( 1.159999999999994813, 21.90000000000005187, 0.5846456692913853948 ) ) ;
#1574 = EDGE_CURVE ( 'NONE', #1333, #1301, #710, .T. ) ;
#1575 = LINE ( 'NONE', #503, #272 ) ;
#1576 = CARTESIAN_POINT ( 'NONE',  ( 2.675354330708656025, 1.999374015748023314, 0.7596456692913488018 ) ) ;
#1577 = PLANE ( 'NONE',  #387 ) ;
#1578 = ORIENTED_EDGE ( 'NONE', *, *, #1446, .F. ) ;
#1579 = CARTESIAN_POINT ( 'NONE',  ( -6.924606895954950936, 11.70033416803600801, -0.2500000000000012212 ) ) ;
#1580 = VERTEX_POINT ( 'NONE', #342 ) ;
#1581 = CARTESIAN_POINT ( 'NONE',  ( 1.159999999999987264, 23.14000000000000412, 0.7500000000000067724 ) ) ;
#1582 = DIRECTION ( 'NONE',  ( 0.000000000000000000, 0.000000000000000000, 1.000000000000000000 ) ) ;
#1583 = FILL_AREA_STYLE_COLOUR ( '', #953 ) ;
#1584 = ORIENTED_EDGE ( 'NONE', *, *, #35, .T. ) ;
#1585 = FACE_OUTER_BOUND ( 'NONE', #470, .T. ) ;
#1586 = ORIENTED_EDGE ( 'NONE', *, *, #1619, .F. ) ;
#1587 = DIRECTION ( 'NONE',  ( 0.000000000000000000, 0.000000000000000000, 1.000000000000000000 ) ) ;
#1588 = AXIS2_PLACEMENT_3D ( 'NONE', #378, #899, #1689 ) ;
#1589 = CARTESIAN_POINT ( 'NONE',  ( -6.924606895954950936, 11.70033416803600801, 0.000000000000000000 ) ) ;
#1590 = AXIS2_PLACEMENT_3D ( 'NONE', #1281, #1533, #751 ) ;
#1591 = AXIS2_PLACEMENT_3D ( 'NONE', #1211, #824, #1078 ) ;
#1592 = EDGE_CURVE ( 'NONE', #1561, #632, #624, .T. ) ;
#1593 = VECTOR ( 'NONE', #1443, 39.37007874015748143 ) ;
#1594 = DIRECTION ( 'NONE',  ( 0.000000000000000000, 0.000000000000000000, 1.000000000000000000 ) ) ;
#1595 = ORIENTED_EDGE ( 'NONE', *, *, #680, .T. ) ;
#1596 = CARTESIAN_POINT ( 'NONE',  ( 5.958651863434425877, 15.18953358541536147, -0.2500000000000012212 ) ) ;
#1597 = ORIENTED_EDGE ( 'NONE', *, *, #505, .T. ) ;
#1598 = CARTESIAN_POINT ( 'NONE',  ( 1.159999999999993037, 3.000000000000055511, 0.5846456692913195585 ) ) ;
#1599 = CARTESIAN_POINT ( 'NONE',  ( 1.409999999999992149, 3.000000000000055511, 0.9153543307086423608 ) ) ;
#1600 = CARTESIAN_POINT ( 'NONE',  ( 5.984739045710472105, 5.904211647661679052, -0.2500000000000012212 ) ) ;
#1601 = EDGE_CURVE ( 'NONE', #3, #831, #1697, .T. ) ;
#1602 = CARTESIAN_POINT ( 'NONE',  ( 2.185860046268665258, 22.89000000000000412, -0.2500000000000000000 ) ) ;
#1603 = ORIENTED_EDGE ( 'NONE', *, *, #220, .T. ) ;
#1604 = CARTESIAN_POINT ( 'NONE',  ( 6.675354330708656470, 1.999999999999997780, 0.7596456692913488018 ) ) ;
#1605 = FACE_OUTER_BOUND ( 'NONE', #312, .T. ) ;
#1606 = CARTESIAN_POINT ( 'NONE',  ( 6.344645669291334222, 2.249999999999998224, 0.7596456692913496900 ) ) ;
#1607 = ORIENTED_EDGE ( 'NONE', *, *, #425, .T. ) ;
#1608 = CARTESIAN_POINT ( 'NONE',  ( 1.159999999999994369, -9.436925948312431114E-17, 0.1000000000000034472 ) ) ;
#1609 = VECTOR ( 'NONE', #240, 39.37007874015748143 ) ;
#1610 = DIRECTION ( 'NONE',  ( 0.000000000000000000, -1.000000000000000000, -8.537024980200866931E-17 ) ) ;
#1611 = VECTOR ( 'NONE', #161, 39.37007874015748143 ) ;
#1612 = VERTEX_POINT ( 'NONE', #479 ) ;
#1613 = VECTOR ( 'NONE', #788, 39.37007874015748143 ) ;
#1614 = DIRECTION ( 'NONE',  ( 0.000000000000000000, 0.000000000000000000, 1.000000000000000000 ) ) ;
#1615 = ORIENTED_EDGE ( 'NONE', *, *, #26, .T. ) ;
#1616 = EDGE_CURVE ( 'NONE', #1294, #1003, #1662, .T. ) ;
#1617 = CARTESIAN_POINT ( 'NONE',  ( 1.159999999999987041, 23.14000000000000412, 0.7500000000000064393 ) ) ;
#1618 = DIRECTION ( 'NONE',  ( -1.720849129867249803E-15, -1.000000000000000000, -3.491481338843132961E-15 ) ) ;
#1619 = EDGE_CURVE ( 'NONE', #1612, #1127, #1694, .T. ) ;
#1620 = DIRECTION ( 'NONE',  ( 0.000000000000000000, 0.000000000000000000, 1.000000000000000000 ) ) ;
#1621 = EDGE_LOOP ( 'NONE', ( #1345, #1381, #1563, #303 ) ) ;
#1622 = CARTESIAN_POINT ( 'NONE',  ( 2.344645669291333334, 2.000000000000004441, 0.9250000000000102585 ) ) ;
#1623 = PLANE ( 'NONE',  #1365 ) ;
#1624 = ORIENTED_EDGE ( 'NONE', *, *, #1100, .F. ) ;
#1625 = FACE_BOUND ( 'NONE', #671, .T. ) ;
#1626 = DIRECTION ( 'NONE',  ( 1.000000000000000000, -0.000000000000000000, 3.512375991854052315E-15 ) ) ;
#1627 = ADVANCED_FACE ( 'NONE', ( #103 ), #1673, .F. ) ;
#1628 = ORIENTED_EDGE ( 'NONE', *, *, #565, .T. ) ;
#1629 = DIRECTION ( 'NONE',  ( 1.720849129867250000E-15, 1.000000000000000000, 3.434323192035072971E-15 ) ) ;
#1630 = ORIENTED_EDGE ( 'NONE', *, *, #976, .F. ) ;
#1631 = DIRECTION ( 'NONE',  ( -1.000000000000000000, 1.720849129867250197E-15, -2.600906588039009626E-30 ) ) ;
#1632 = ORIENTED_EDGE ( 'NONE', *, *, #299, .F. ) ;
#1633 = CARTESIAN_POINT ( 'NONE',  ( 1.509999999999995346, 2.000000000000003109, 1.750000000000009770 ) ) ;
#1634 = ADVANCED_FACE ( 'NONE', ( #1004 ), #1682, .T. ) ;
#1635 = AXIS2_PLACEMENT_3D ( 'NONE', #576, #83, #868 ) ;
#1636 =( GEOMETRIC_REPRESENTATION_CONTEXT ( 3 ) GLOBAL_UNCERTAINTY_ASSIGNED_CONTEXT ( ( #174 ) ) GLOBAL_UNIT_ASSIGNED_CONTEXT ( ( #496, #783, #1548 ) ) REPRESENTATION_CONTEXT ( 'NONE', 'WORKASPACE' ) );
#1637 = ORIENTED_EDGE ( 'NONE', *, *, #904, .F. ) ;
#1638 = VECTOR ( 'NONE', #490, 39.37007874015748143 ) ;
#1639 = VECTOR ( 'NONE', #934, 39.37007874015748143 ) ;
#1640 = DIRECTION ( 'NONE',  ( 1.000000000000000000, -8.537024980200837349E-17, 3.491481338843132961E-15 ) ) ;
#1641 = VECTOR ( 'NONE', #885, 39.37007874015748143 ) ;
#1642 = ORIENTED_EDGE ( 'NONE', *, *, #1540, .F. ) ;
#1643 = FACE_BOUND ( 'NONE', #1377, .T. ) ;
#1644 = CARTESIAN_POINT ( 'NONE',  ( 4.344645669291333334, 2.250000000000000444, 1.090354330708672492 ) ) ;
#1645 = VERTEX_POINT ( 'NONE', #370 ) ;
#1646 = DIRECTION ( 'NONE',  ( 0.000000000000000000, -3.304235192336776301E-15, 1.000000000000000000 ) ) ;
#1647 = VERTEX_POINT ( 'NONE', #363 ) ;
#1648 = CARTESIAN_POINT ( 'NONE',  ( 4.675354330708656470, 1.999374015748019762, 0.7596456692913488018 ) ) ;
#1649 = ADVANCED_FACE ( 'NONE', ( #888 ), #1417, .F. ) ;
#1650 = EDGE_LOOP ( 'NONE', ( #315, #166, #1122, #127 ) ) ;
#1651 = DIRECTION ( 'NONE',  ( -1.000000000000000000, 6.641805434596232369E-15, -3.551402391763538042E-15 ) ) ;
#1652 = CARTESIAN_POINT ( 'NONE',  ( 1.159999999999995257, 23.14000000000000412, -0.2500000000000000000 ) ) ;
#1653 = CARTESIAN_POINT ( 'NONE',  ( 2.420580475199245019, 19.71186723724616385, 0.000000000000000000 ) ) ;
#1654 = VERTEX_POINT ( 'NONE', #1430 ) ;
#1655 =( LENGTH_UNIT ( ) NAMED_UNIT ( * ) SI_UNIT ( $, .METRE. ) );
#1656 = VERTEX_POINT ( 'NONE', #1525 ) ;
#1657 = EDGE_CURVE ( 'NONE', #249, #11, #1171, .T. ) ;
#1658 = LINE ( 'NONE', #746, #1609 ) ;
#1659 = CARTESIAN_POINT ( 'NONE',  ( 1.409999999999993259, 3.000000000000055511, 0.5846456692913201136 ) ) ;
#1660 = DIRECTION ( 'NONE',  ( 1.720849129867249803E-15, 1.000000000000000000, 3.434323192035072577E-15 ) ) ;
#1661 = ORIENTED_EDGE ( 'NONE', *, *, #660, .F. ) ;
#1662 = LINE ( 'NONE', #638, #1456 ) ;
#1663 = EDGE_LOOP ( 'NONE', ( #1684, #605, #1016, #66 ) ) ;
#1664 = AXIS2_PLACEMENT_3D ( 'NONE', #1602, #1247, #851 ) ;
#1665 = VECTOR ( 'NONE', #703, 39.37007874015748143 ) ;
#1666 = CARTESIAN_POINT ( 'NONE',  ( 1.159999999999995035, 23.14000000000000412, 0.09999999999999920064 ) ) ;
#1667 = AXIS2_PLACEMENT_3D ( 'NONE', #761, #1286, #1045 ) ;
#1668 = CARTESIAN_POINT ( 'NONE',  ( 7.844932043193940885, 2.336907696089908004, 5.526380480343199057E-15 ) ) ;
#1669 = CIRCLE ( 'NONE', #1149, 0.1653543307086607073 ) ;
#1670 = ADVANCED_FACE ( 'NONE', ( #380 ), #647, .F. ) ;
#1671 = DIRECTION ( 'NONE',  ( -8.537024980200868164E-17, -1.000000000000000000, 8.537024980200897746E-17 ) ) ;
#1672 = VERTEX_POINT ( 'NONE', #618 ) ;
#1673 = CYLINDRICAL_SURFACE ( 'NONE', #1396, 10.04786461282786547 ) ;
#1674 = CARTESIAN_POINT ( 'NONE',  ( 7.858629916778410163, 1.999999999999995559, 0.05417685421260872575 ) ) ;
#1675 = ORIENTED_EDGE ( 'NONE', *, *, #170, .F. ) ;
#1676 = CARTESIAN_POINT ( 'NONE',  ( 7.843561962427146206, 2.349999999999996092, -0.2499999999999944766 ) ) ;
#1677 = ORIENTED_EDGE ( 'NONE', *, *, #199, .F. ) ;
#1678 = LINE ( 'NONE', #226, #601 ) ;
#1679 = CARTESIAN_POINT ( 'NONE',  ( 5.984739045710472105, 5.904211647661679052, 0.000000000000000000 ) ) ;
#1680 = ADVANCED_FACE ( 'NONE', ( #866 ), #1299, .F. ) ;
#1681 = CARTESIAN_POINT ( 'NONE',  ( 2.409394568923568070, 23.00194783241069629, -0.2500000000000000000 ) ) ;
#1682 = PLANE ( 'NONE',  #106 ) ;
#1683 = FACE_OUTER_BOUND ( 'NONE', #1621, .T. ) ;
#1684 = ORIENTED_EDGE ( 'NONE', *, *, #1187, .F. ) ;
#1685 = CYLINDRICAL_SURFACE ( 'NONE', #135, 0.3499999999999999778 ) ;
#1686 = ORIENTED_EDGE ( 'NONE', *, *, #1305, .T. ) ;
#1687 = CARTESIAN_POINT ( 'NONE',  ( 1.159999999999995257, 23.14000000000000412, 0.000000000000000000 ) ) ;
#1688 = DIRECTION ( 'NONE',  ( -1.000000000000000000, 0.000000000000000000, 0.000000000000000000 ) ) ;
#1689 = DIRECTION ( 'NONE',  ( 0.000000000000000000, -0.000000000000000000, 1.000000000000000000 ) ) ;
#1690 = EDGE_CURVE ( 'NONE', #810, #951, #125, .T. ) ;
#1691 = PLANE ( 'NONE',  #461 ) ;
#1692 = ORIENTED_EDGE ( 'NONE', *, *, #1191, .F. ) ;
#1693 = EDGE_CURVE ( 'NONE', #998, #488, #1394, .T. ) ;
#1694 = CIRCLE ( 'NONE', #210, 0.1653543307086613734 ) ;
#1695 = ORIENTED_EDGE ( 'NONE', *, *, #1053, .T. ) ;
#1696 = CARTESIAN_POINT ( 'NONE',  ( 7.843561962427146206, 2.349999999999996092, -0.2499999999999944766 ) ) ;
#1697 = CIRCLE ( 'NONE', #1590, 0.2500000000000027756 ) ;
#1698 = VECTOR ( 'NONE', #359, 39.37007874015748143 ) ;
#1699 = PRODUCT_DEFINITION_FORMATION_WITH_SPECIFIED_SOURCE ( 'ANY', '', #373, .NOT_KNOWN. ) ;
#1700 = AXIS2_PLACEMENT_3D ( 'NONE', #58, #476, #723 ) ;
#1701 = CARTESIAN_POINT ( 'NONE',  ( 7.860000000000005649, 2.250000000000008882, 0.1000000000000095812 ) ) ;
ENDSEC;
END-ISO-10303-21;
