ISO-10303-21;
HEADER;
FILE_DESCRIPTION (( 'STEP AP214' ),
    '1' );
FILE_NAME ('Veloxity LED iPoster Wall.STEP',
    '2025-09-11T16:01:46',
    ( '' ),
    ( '' ),
    'SwSTEP 2.0',
    'SolidWorks 2025',
    '' );
FILE_SCHEMA (( 'AUTOMOTIVE_DESIGN' ));
ENDSEC;

DATA;
#1 = FACE_OUTER_BOUND ( 'NONE', #1219, .T. ) ;
#2 = DIRECTION ( 'NONE',  ( 0.000000000000000000, 0.000000000000000000, -1.000000000000000000 ) ) ;
#3 = PRESENTATION_LAYER_ASSIGNMENT (  '', '', ( #252 ) ) ;
#4 = PRODUCT_DEFINITION_SHAPE ( 'NONE', 'NONE',  #7574 ) ;
#5 =( LENGTH_UNIT ( ) NAMED_UNIT ( * ) SI_UNIT ( $, .METRE. ) );
#6 = DIRECTION ( 'NONE',  ( -1.000000000000000222, 0.000000000000000000, 0.000000000000000000 ) ) ;
#7 = VERTEX_POINT ( 'NONE', #6435 ) ;
#8 = CARTESIAN_POINT ( 'NONE',  ( 1.409999999999982601, 2.000000000000001776, -0.3499999999999826028 ) ) ;
#9 = AXIS2_PLACEMENT_3D ( 'NONE', #6028, #885, #6153 ) ;
#10 = ADVANCED_FACE ( 'NONE', ( #5777 ), #5928, .F. ) ;
#11 = ORIENTED_EDGE ( 'NONE', *, *, #3158, .F. ) ;
#12 = VECTOR ( 'NONE', #5669, 39.37007874015748854 ) ;
#13 = CARTESIAN_POINT ( 'NONE',  ( 4.454772721475242392, 9.550000000000000711, -1.719999999999999973 ) ) ;
#14 = DIRECTION ( 'NONE',  ( 0.7071067811865474617, 0.7071067811865474617, 0.000000000000000000 ) ) ;
#15 = ORIENTED_EDGE ( 'NONE', *, *, #7454, .F. ) ;
#16 = ORIENTED_EDGE ( 'NONE', *, *, #6241, .T. ) ;
#17 = DIRECTION ( 'NONE',  ( 0.000000000000000000, 0.000000000000000000, 1.000000000000000000 ) ) ;
#18 = CARTESIAN_POINT ( 'NONE',  ( 2.417076221633456257, 14.47682303524409697, -0.2500000000000012212 ) ) ;
#19 = ORIENTED_EDGE ( 'NONE', *, *, #4693, .T. ) ;
#20 = DIRECTION ( 'NONE',  ( -0.7071067811865473507, 0.7071067811865476838, 0.000000000000000000 ) ) ;
#21 = EDGE_CURVE ( 'NONE', #4387, #4812, #49, .T. ) ;
#22 = PRODUCT_DEFINITION_CONTEXT ( 'detailed design', #3477, 'design' ) ;
#23 = EDGE_LOOP ( 'NONE', ( #1936, #5877, #5741, #6246 ) ) ;
#24 = CARTESIAN_POINT ( 'NONE',  ( 6.344645669291333334, 1.999999999999997780, 0.7596456692913488018 ) ) ;
#25 = EDGE_CURVE ( 'NONE', #1325, #1343, #2490, .T. ) ;
#26 = CYLINDRICAL_SURFACE ( 'NONE', #5966, 0.3500000000000000333 ) ;
#27 = PLANE ( 'NONE',  #120 ) ;
#28 = CARTESIAN_POINT ( 'NONE',  ( 4.676780981213570776, 2.037077157614649359, -0.2500000000000012212 ) ) ;
#29 = VECTOR ( 'NONE', #1586, 39.37007874015748143 ) ;
#30 = ORIENTED_EDGE ( 'NONE', *, *, #6312, .F. ) ;
#31 = ITEM_DEFINED_TRANSFORMATION ( 'NONE', 'NONE', #7480,  #5850 ) ;
#32 = ORIENTED_EDGE ( 'NONE', *, *, #2139, .T. ) ;
#33 = CARTESIAN_POINT ( 'NONE',  ( -11.60000000000002451, 8.449999999999999289, -0.9719999999999998641 ) ) ;
#34 = DIRECTION ( 'NONE',  ( -8.537024980200868164E-17, -1.000000000000000000, 8.537024980200896513E-17 ) ) ;
#35 = CARTESIAN_POINT ( 'NONE',  ( 6.344645669291334222, 2.249999999999997780, -1.009645669291335146 ) ) ;
#36 = DIRECTION ( 'NONE',  ( 0.000000000000000000, 3.304235192336770779E-15, 1.000000000000000000 ) ) ;
#37 = LINE ( 'NONE', #7051, #1716 ) ;
#38 = DIRECTION ( 'NONE',  ( -0.000000000000000000, -1.000000000000000000, -0.000000000000000000 ) ) ;
#39 = CARTESIAN_POINT ( 'NONE',  ( 75.53999999999999204, 28.60000000000000142, 0.6100000000000025402 ) ) ;
#40 = VERTEX_POINT ( 'NONE', #5192 ) ;
#41 = CARTESIAN_POINT ( 'NONE',  ( 5.984739045710472105, 5.904211647661679052, -0.2500000000000012212 ) ) ;
#42 = ORIENTED_EDGE ( 'NONE', *, *, #6561, .T. ) ;
#43 = LINE ( 'NONE', #625, #4859 ) ;
#44 = VECTOR ( 'NONE', #2930, 39.37007874015748143 ) ;
#45 = ORIENTED_EDGE ( 'NONE', *, *, #2650, .T. ) ;
#46 = LINE ( 'NONE', #130, #4542 ) ;
#47 = DIRECTION ( 'NONE',  ( 3.551402391763537648E-15, -4.660230287205284765E-17, -1.000000000000000000 ) ) ;
#48 = CARTESIAN_POINT ( 'NONE',  ( -11.60000000000002451, -8.449999999999999289, -1.645000000000000018 ) ) ;
#49 = LINE ( 'NONE', #5260, #1144 ) ;
#50 = ORIENTED_EDGE ( 'NONE', *, *, #1243, .F. ) ;
#51 =( REPRESENTATION_RELATIONSHIP ('NONE','NONE', #754, #6547 ) REPRESENTATION_RELATIONSHIP_WITH_TRANSFORMATION ( #5475 )SHAPE_REPRESENTATION_RELATIONSHIP( ) );
#52 = ORIENTED_EDGE ( 'NONE', *, *, #627, .T. ) ;
#53 = DIRECTION ( 'NONE',  ( 0.000000000000000000, 0.000000000000000000, 1.000000000000000000 ) ) ;
#54 = ADVANCED_FACE ( 'NONE', ( #3026 ), #2658, .F. ) ;
#55 = VECTOR ( 'NONE', #1441, 39.37007874015748143 ) ;
#56 = EDGE_CURVE ( 'NONE', #1003, #6143, #2319, .T. ) ;
#57 = AXIS2_PLACEMENT_3D ( 'NONE', #6920, #1093, #2171 ) ;
#58 = ORIENTED_EDGE ( 'NONE', *, *, #3591, .T. ) ;
#59 = DIRECTION ( 'NONE',  ( 1.720849129867249803E-15, 1.000000000000000000, 3.434323192035072183E-15 ) ) ;
#60 = EDGE_CURVE ( 'NONE', #4756, #790, #3985, .T. ) ;
#61 = PLANE ( 'NONE',  #5213 ) ;
#62 = CARTESIAN_POINT ( 'NONE',  ( 6.299999999999995381, -1.254772721475247099, -1.719999999999999973 ) ) ;
#63 = VECTOR ( 'NONE', #5855, 39.37007874015748143 ) ;
#64 = EDGE_CURVE ( 'NONE', #3546, #5962, #6950, .T. ) ;
#65 = CARTESIAN_POINT ( 'NONE',  ( 12.54000000000000092, 0.000000000000000000, -9.389999999999998792 ) ) ;
#66 = PRODUCT_DEFINITION_SHAPE ( 'NONE', 'NONE',  #7615 ) ;
#67 = CARTESIAN_POINT ( 'NONE',  ( 1.509999999999995124, -8.049506778971739607, -0.3500000000000005884 ) ) ;
#68 = ORIENTED_EDGE ( 'NONE', *, *, #2731, .T. ) ;
#69 = AXIS2_PLACEMENT_3D ( 'NONE', #6196, #5574, #320 ) ;
#70 = VECTOR ( 'NONE', #2471, 39.37007874015748143 ) ;
#71 = EDGE_CURVE ( 'NONE', #7231, #4873, #4692, .T. ) ;
#72 = EDGE_LOOP ( 'NONE', ( #4694, #109, #5526, #2962 ) ) ;
#73 = ADVANCED_FACE ( 'NONE', ( #5230 ), #6515, .F. ) ;
#74 = ORIENTED_EDGE ( 'NONE', *, *, #6806, .F. ) ;
#75 = CARTESIAN_POINT ( 'NONE',  ( 4.187864042533941067, 15.64893697419836904, 0.000000000000000000 ) ) ;
#76 = CARTESIAN_POINT ( 'NONE',  ( 1.509999999999995124, 23.14000000000000412, 5.805176986536559586E-16 ) ) ;
#77 = CARTESIAN_POINT ( 'NONE',  ( -12.53999999999999737, 0.2500000000000000000, -9.389999999999998792 ) ) ;
#78 = EDGE_CURVE ( 'NONE', #2448, #4575, #1768, .T. ) ;
#79 = CARTESIAN_POINT ( 'NONE',  ( 1.845227278524741221, -3.149999999999997691, -1.719999999999999973 ) ) ;
#80 = VECTOR ( 'NONE', #7313, 39.37007874015748143 ) ;
#81 = CARTESIAN_POINT ( 'NONE',  ( 3.631806092188872181, 20.23872322311160943, -0.2500000000000012212 ) ) ;
#82 = CARTESIAN_POINT ( 'NONE',  ( -6.924606895954950936, 11.70033416803600801, 0.000000000000000000 ) ) ;
#83 = DIRECTION ( 'NONE',  ( 1.000000000000000000, 0.000000000000000000, 0.000000000000000000 ) ) ;
#84 = ORIENTED_EDGE ( 'NONE', *, *, #5405, .T. ) ;
#85 = CARTESIAN_POINT ( 'NONE',  ( -1.845227278524757653, -9.449999999999999289, -1.719999999999999973 ) ) ;
#86 = ORIENTED_EDGE ( 'NONE', *, *, #4381, .F. ) ;
#87 = CARTESIAN_POINT ( 'NONE',  ( 1.159999999999995257, 23.14000000000000412, -0.2500000000000000000 ) ) ;
#88 = VERTEX_POINT ( 'NONE', #4022 ) ;
#89 = LINE ( 'NONE', #7135, #742 ) ;
#90 = AXIS2_PLACEMENT_3D ( 'NONE', #7294, #4384, #895 ) ;
#91 = CARTESIAN_POINT ( 'NONE',  ( -8.145227278524757253, -9.449999999999999289, -1.770000000000000018 ) ) ;
#92 = CARTESIAN_POINT ( 'NONE',  ( 1.409999999999982601, 2.000000000000001776, -0.3499999999999826028 ) ) ;
#93 = CARTESIAN_POINT ( 'NONE',  ( 7.755526866610956915, 6.260566922747311303, -0.2500000000000012212 ) ) ;
#94 = VERTEX_POINT ( 'NONE', #6475 ) ;
#95 = DIRECTION ( 'NONE',  ( -8.537024980200854605E-17, -1.000000000000000000, 4.660230287205253334E-17 ) ) ;
#96 = ORIENTED_EDGE ( 'NONE', *, *, #6086, .F. ) ;
#97 = AXIS2_PLACEMENT_3D ( 'NONE', #234, #7399, #927 ) ;
#98 = CARTESIAN_POINT ( 'NONE',  ( 8.145227278524741266, -3.099999999999999201, -1.719999999999999973 ) ) ;
#99 = VERTEX_POINT ( 'NONE', #5889 ) ;
#100 = VERTEX_POINT ( 'NONE', #631 ) ;
#101 = DIRECTION ( 'NONE',  ( 1.000000000000000000, -2.093734754490789434E-16, 0.000000000000000000 ) ) ;
#102 = DIRECTION ( 'NONE',  ( -1.000000000000000000, 1.652117596168388150E-15, -0.000000000000000000 ) ) ;
#103 = EDGE_CURVE ( 'NONE', #659, #6557, #6364, .T. ) ;
#104 = DIRECTION ( 'NONE',  ( -2.731847993664263218E-17, -1.000000000000000000, 0.000000000000000000 ) ) ;
#105 = DIRECTION ( 'NONE',  ( 0.7071067811865473507, -0.7071067811865475727, 0.000000000000000000 ) ) ;
#106 = ORIENTED_EDGE ( 'NONE', *, *, #2937, .T. ) ;
#107 = VERTEX_POINT ( 'NONE', #667 ) ;
#108 = ITEM_DEFINED_TRANSFORMATION ( 'NONE', 'NONE', #468,  #5850 ) ;
#109 = ORIENTED_EDGE ( 'NONE', *, *, #4153, .F. ) ;
#110 = CARTESIAN_POINT ( 'NONE',  ( 2.420580475199245019, 19.71186723724616385, 0.000000000000000000 ) ) ;
#111 = LINE ( 'NONE', #5871, #6327 ) ;
#112 = CARTESIAN_POINT ( 'NONE',  ( 11.61818230547681097, -8.586590415998431425, -1.719999999999999973 ) ) ;
#113 = DIRECTION ( 'NONE',  ( 0.000000000000000000, 0.000000000000000000, 1.000000000000000000 ) ) ;
#114 = ADVANCED_FACE ( 'NONE', ( #6711 ), #5969, .F. ) ;
#115 = EDGE_CURVE ( 'NONE', #6788, #5785, #5492, .T. ) ;
#116 = DIRECTION ( 'NONE',  ( 2.093734754490789434E-16, 1.000000000000000000, -0.000000000000000000 ) ) ;
#117 = ADVANCED_FACE ( 'NONE', ( #3621 ), #4206, .T. ) ;
#118 = LINE ( 'NONE', #5439, #6692 ) ;
#119 = VECTOR ( 'NONE', #171, 39.37007874015748143 ) ;
#120 = AXIS2_PLACEMENT_3D ( 'NONE', #7072, #646, #3555 ) ;
#121 = DIRECTION ( 'NONE',  ( 1.720849129867250000E-15, 1.000000000000000000, 3.434323192035072971E-15 ) ) ;
#122 = DIRECTION ( 'NONE',  ( 0.000000000000000000, 0.000000000000000000, 1.000000000000000222 ) ) ;
#123 = ORIENTED_EDGE ( 'NONE', *, *, #1486, .T. ) ;
#124 = FACE_OUTER_BOUND ( 'NONE', #4739, .T. ) ;
#125 = ADVANCED_FACE ( 'NONE', ( #1920 ), #7094, .F. ) ;
#126 = ORIENTED_EDGE ( 'NONE', *, *, #6125, .T. ) ;
#127 = LINE ( 'NONE', #6040, #7076 ) ;
#128 = ORIENTED_EDGE ( 'NONE', *, *, #6372, .T. ) ;
#129 = VECTOR ( 'NONE', #6166, 39.37007874015748143 ) ;
#130 = CARTESIAN_POINT ( 'NONE',  ( -8.741913579725642299E-15, 7.704772721475252162, -1.770000000000000018 ) ) ;
#131 = LINE ( 'NONE', #2467, #247 ) ;
#132 = DIRECTION ( 'NONE',  ( 0.000000000000000000, 3.304235192336770779E-15, 1.000000000000000000 ) ) ;
#133 = CARTESIAN_POINT ( 'NONE',  ( 7.860000000000005649, 2.249999999999991118, -1.999999999999997558 ) ) ;
#134 = AXIS2_PLACEMENT_3D ( 'NONE', #4064, #5344, #1397 ) ;
#135 = ORIENTED_EDGE ( 'NONE', *, *, #2408, .F. ) ;
#136 = DIRECTION ( 'NONE',  ( 1.000000000000000000, -0.000000000000000000, 3.512375991854052315E-15 ) ) ;
#137 = PRODUCT_DEFINITION_SHAPE ( 'NONE', 'NONE',  #7594 ) ;
#138 = ORIENTED_EDGE ( 'NONE', *, *, #1440, .F. ) ;
#139 = DIRECTION ( 'NONE',  ( 1.000000000000000000, -0.000000000000000000, 3.512375991854052315E-15 ) ) ;
#140 = CIRCLE ( 'NONE', #3065, 0.1377952755905512972 ) ;
#141 = ORIENTED_EDGE ( 'NONE', *, *, #5687, .F. ) ;
#142 = ORIENTED_EDGE ( 'NONE', *, *, #455, .F. ) ;
#143 = DIRECTION ( 'NONE',  ( 0.000000000000000000, 0.000000000000000000, -1.000000000000000000 ) ) ;
#144 = AXIS2_PLACEMENT_3D ( 'NONE', #2875, #1607, #4567 ) ;
#145 = EDGE_LOOP ( 'NONE', ( #2537, #2992, #6386, #3112 ) ) ;
#146 = CARTESIAN_POINT ( 'NONE',  ( -12.60000000000000497, 9.449999999999999289, -1.770000000000000018 ) ) ;
#147 = LINE ( 'NONE', #2006, #6762 ) ;
#148 = VERTEX_POINT ( 'NONE', #7174 ) ;
#149 = ORIENTED_EDGE ( 'NONE', *, *, #4989, .T. ) ;
#150 = FACE_OUTER_BOUND ( 'NONE', #5635, .T. ) ;
#151 = CARTESIAN_POINT ( 'NONE',  ( 6.344645669291333334, 1.999374015748016431, 0.9250000000000102585 ) ) ;
#152 = DIRECTION ( 'NONE',  ( -1.000000000000000000, 0.000000000000000000, 0.000000000000000000 ) ) ;
#153 = CARTESIAN_POINT ( 'NONE',  ( 12.54000000000000092, 0.2500000000000000000, 9.390000000000002345 ) ) ;
#154 = EDGE_CURVE ( 'NONE', #3744, #3865, #6082, .T. ) ;
#155 = CARTESIAN_POINT ( 'NONE',  ( -6.924606895954950936, 11.70033416803600801, -0.2500000000000012212 ) ) ;
#156 = VECTOR ( 'NONE', #7225, 39.37007874015748143 ) ;
#157 = CARTESIAN_POINT ( 'NONE',  ( 2.344645669291334222, 2.250000000000003997, -1.340354330708658726 ) ) ;
#158 = ADVANCED_FACE ( 'NONE', ( #1357 ), #2503, .F. ) ;
#159 = ORIENTED_EDGE ( 'NONE', *, *, #7426, .T. ) ;
#160 = LINE ( 'NONE', #5442, #743 ) ;
#161 = DIRECTION ( 'NONE',  ( -3.512375991854046399E-15, 1.720849129867249803E-15, -1.000000000000000000 ) ) ;
#162 = ORIENTED_EDGE ( 'NONE', *, *, #3017, .T. ) ;
#163 = CARTESIAN_POINT ( 'NONE',  ( 4.454772721475242392, 3.250000000000000444, -1.719999999999999973 ) ) ;
#164 = EDGE_CURVE ( 'NONE', #2260, #4086, #4348, .T. ) ;
#165 = LINE ( 'NONE', #3728, #564 ) ;
#166 = ORIENTED_EDGE ( 'NONE', *, *, #5139, .F. ) ;
#167 = CARTESIAN_POINT ( 'NONE',  ( 7.030000000000001137, 0.000000000000000000, -9.389999999999998792 ) ) ;
#168 = ORIENTED_EDGE ( 'NONE', *, *, #1101, .F. ) ;
#169 = EDGE_CURVE ( 'NONE', #3808, #1856, #5376, .T. ) ;
#170 = CARTESIAN_POINT ( 'NONE',  ( 1.409999999999994147, 19.90000000000005542, 0.7500000000000381917 ) ) ;
#171 = DIRECTION ( 'NONE',  ( 1.720849129867249803E-15, 1.000000000000000000, 3.434323192035072183E-15 ) ) ;
#172 = DIRECTION ( 'NONE',  ( -1.000000000000000000, 0.000000000000000000, 0.000000000000000000 ) ) ;
#173 = CARTESIAN_POINT ( 'NONE',  ( -12.60000000000000853, -1.254772721475248209, -1.719999999999999973 ) ) ;
#174 = VECTOR ( 'NONE', #2244, 39.37007874015748143 ) ;
#175 = ORIENTED_EDGE ( 'NONE', *, *, #2698, .T. ) ;
#176 = LINE ( 'NONE', #4245, #5716 ) ;
#177 = ORIENTED_EDGE ( 'NONE', *, *, #852, .T. ) ;
#178 = EDGE_LOOP ( 'NONE', ( #3439, #162, #407, #387 ) ) ;
#179 = ORIENTED_EDGE ( 'NONE', *, *, #2928, .T. ) ;
#180 = DIRECTION ( 'NONE',  ( 1.000000000000000000, -2.093734754490789434E-16, 0.000000000000000000 ) ) ;
#181 = PRODUCT ( 'LED iPoster -LH Back Support', 'LED iPoster -LH Back Support', '', ( #6158 ) ) ;
#182 = LINE ( 'NONE', #1447, #7067 ) ;
#183 = VERTEX_POINT ( 'NONE', #133 ) ;
#184 = FACE_OUTER_BOUND ( 'NONE', #255, .T. ) ;
#185 = VECTOR ( 'NONE', #2676, 39.37007874015748143 ) ;
#186 = VERTEX_POINT ( 'NONE', #5339 ) ;
#187 = VECTOR ( 'NONE', #5933, 39.37007874015748143 ) ;
#188 = CONTEXT_DEPENDENT_SHAPE_REPRESENTATION ( #456, #3494 ) ;
#189 = CARTESIAN_POINT ( 'NONE',  ( -6.300000000000008704, 1.354772721475252073, -1.719999999999999973 ) ) ;
#190 = DIRECTION ( 'NONE',  ( 0.7071067811865473507, -0.7071067811865475727, 0.000000000000000000 ) ) ;
#191 = DIRECTION ( 'NONE',  ( -1.000000000000000000, 0.000000000000000000, 0.000000000000000000 ) ) ;
#192 = PLANE ( 'NONE',  #9 ) ;
#193 = VECTOR ( 'NONE', #3188, 39.37007874015748143 ) ;
#194 = CIRCLE ( 'NONE', #1658, 0.1377952755905512972 ) ;
#195 = LINE ( 'NONE', #2529, #3228 ) ;
#196 = ORIENTED_EDGE ( 'NONE', *, *, #205, .F. ) ;
#197 = LINE ( 'NONE', #4830, #7264 ) ;
#198 = ORIENTED_EDGE ( 'NONE', *, *, #4440, .F. ) ;
#199 = DIRECTION ( 'NONE',  ( -1.000000000000000000, 0.000000000000000000, 0.000000000000000000 ) ) ;
#200 = LINE ( 'NONE', #2495, #63 ) ;
#201 = AXIS2_PLACEMENT_3D ( 'NONE', #961, #306, #6779 ) ;
#202 = VECTOR ( 'NONE', #199, 39.37007874015748143 ) ;
#203 = DIRECTION ( 'NONE',  ( 0.000000000000000000, 1.000000000000000000, 0.000000000000000000 ) ) ;
#204 = ORIENTED_EDGE ( 'NONE', *, *, #7136, .F. ) ;
#205 = EDGE_CURVE ( 'NONE', #7300, #7090, #3774, .T. ) ;
#206 = DIRECTION ( 'NONE',  ( 1.000000000000000000, -0.000000000000000000, -3.512375991854052315E-15 ) ) ;
#207 = AXIS2_PLACEMENT_3D ( 'NONE', #289, #1585, #1620 ) ;
#208 = CARTESIAN_POINT ( 'NONE',  ( -4.370956789862821150E-15, 5.095227278524752990, -1.770000000000000018 ) ) ;
#209 = CARTESIAN_POINT ( 'NONE',  ( -10.75477272147525909, -3.149999999999997691, -1.770000000000000018 ) ) ;
#210 = CARTESIAN_POINT ( 'NONE',  ( -1.845227278524757653, -3.099999999999999201, -1.719999999999999973 ) ) ;
#211 = EDGE_CURVE ( 'NONE', #2260, #4326, #1879, .T. ) ;
#212 = ORIENTED_EDGE ( 'NONE', *, *, #4991, .T. ) ;
#213 = FACE_OUTER_BOUND ( 'NONE', #1514, .T. ) ;
#214 = ORIENTED_EDGE ( 'NONE', *, *, #3534, .T. ) ;
#215 = VECTOR ( 'NONE', #746, 39.37007874015748143 ) ;
#216 = FACE_OUTER_BOUND ( 'NONE', #3379, .T. ) ;
#217 = EDGE_CURVE ( 'NONE', #6754, #1671, #4218, .T. ) ;
#218 =( BOUNDED_CURVE ( )  B_SPLINE_CURVE ( 3, ( #6081, #3662, #6632, #3037 ),
 .UNSPECIFIED., .F., .T. ) 
 B_SPLINE_CURVE_WITH_KNOTS ( ( 4, 4 ),
 ( 3.141592653589793116, 6.283185307179586232 ),
 .UNSPECIFIED. ) 
 CURVE ( )  GEOMETRIC_REPRESENTATION_ITEM ( )  RATIONAL_B_SPLINE_CURVE ( ( 1.000000000000000000, 0.3333333333333333703, 0.3333333333333333703, 1.000000000000000000 ) ) 
 REPRESENTATION_ITEM ( '' )  );
#219 = EDGE_CURVE ( 'NONE', #1443, #1502, #1274, .T. ) ;
#220 = ORIENTED_EDGE ( 'NONE', *, *, #6409, .T. ) ;
#221 = ORIENTED_EDGE ( 'NONE', *, *, #2223, .F. ) ;
#222 = CARTESIAN_POINT ( 'NONE',  ( 12.59999999999999609, 5.095227278524752990, -1.719999999999999973 ) ) ;
#223 = DIRECTION ( 'NONE',  ( -1.000000000000000000, -0.000000000000000000, -0.000000000000000000 ) ) ;
#224 = EDGE_CURVE ( 'NONE', #1924, #6405, #3118, .T. ) ;
#225 = EDGE_LOOP ( 'NONE', ( #2509, #2253, #5143, #5504 ) ) ;
#226 = CARTESIAN_POINT ( 'NONE',  ( 11.60000000000002451, 8.449999999999999289, -0.9719999999999998641 ) ) ;
#227 = EDGE_LOOP ( 'NONE', ( #3270, #3169, #4049, #4244 ) ) ;
#228 = CARTESIAN_POINT ( 'NONE',  ( 4.187864042533941067, 15.64893697419836904, 0.000000000000000000 ) ) ;
#229 = FACE_OUTER_BOUND ( 'NONE', #2138, .T. ) ;
#230 = DIRECTION ( 'NONE',  ( 1.720849129867249803E-15, 1.000000000000000000, 3.434323192035072183E-15 ) ) ;
#231 = CARTESIAN_POINT ( 'NONE',  ( 5.984739045710472105, 5.904211647661679052, -0.2500000000000012212 ) ) ;
#232 = CARTESIAN_POINT ( 'NONE',  ( 1.509999999999996234, 2.250000000000008882, 1.693745756071843314E-14 ) ) ;
#233 = CYLINDRICAL_SURFACE ( 'NONE', #5646, 0.1653543307086607073 ) ;
#234 = CARTESIAN_POINT ( 'NONE',  ( 50.33999999999999631, 66.39999999999999147, 0.6100000000000025402 ) ) ;
#235 = EDGE_LOOP ( 'NONE', ( #1252, #5683, #11, #7054 ) ) ;
#236 = CARTESIAN_POINT ( 'NONE',  ( -4.370956789862821150E-15, -1.254772721475247099, -1.719999999999999973 ) ) ;
#237 = CARTESIAN_POINT ( 'NONE',  ( 1.845227278524741221, 3.250000000000000444, -1.719999999999999973 ) ) ;
#238 = CARTESIAN_POINT ( 'NONE',  ( 2.000000000000004441, 2.000000000000004441, 1.090354330708671604 ) ) ;
#239 = ORIENTED_EDGE ( 'NONE', *, *, #303, .F. ) ;
#240 = DIRECTION ( 'NONE',  ( 0.000000000000000000, -1.000000000000000000, 0.000000000000000000 ) ) ;
#241 = VECTOR ( 'NONE', #530, 39.37007874015748143 ) ;
#242 = CARTESIAN_POINT ( 'NONE',  ( 5.984739045710472105, 5.904211647661679052, 0.000000000000000000 ) ) ;
#243 = CARTESIAN_POINT ( 'NONE',  ( 1.409999999999979270, 3.000000000000023537, -1.165354330708645580 ) ) ;
#244 = EDGE_CURVE ( 'NONE', #40, #6667, #3085, .T. ) ;
#245 = ORIENTED_EDGE ( 'NONE', *, *, #6491, .F. ) ;
#246 = CARTESIAN_POINT ( 'NONE',  ( 2.185860046268665258, 23.14000000000000412, -0.2500000000000000000 ) ) ;
#247 = VECTOR ( 'NONE', #6473, 39.37007874015748854 ) ;
#248 = ORIENTED_EDGE ( 'NONE', *, *, #494, .F. ) ;
#249 = AXIS2_PLACEMENT_3D ( 'NONE', #5753, #6417, #3480 ) ;
#250 = CYLINDRICAL_SURFACE ( 'NONE', #2289, 0.1653543307086613734 ) ;
#251 = LINE ( 'NONE', #5541, #6174 ) ;
#252 = STYLED_ITEM ( 'NONE', ( #6914 ), #5899 ) ;
#253 = VECTOR ( 'NONE', #1505, 39.37007874015748143 ) ;
#254 = VERTEX_POINT ( 'NONE', #6633 ) ;
#255 = EDGE_LOOP ( 'NONE', ( #5637, #2595, #737, #5253 ) ) ;
#256 = CARTESIAN_POINT ( 'NONE',  ( 10.75477272147524310, -9.449999999999999289, -1.719999999999999973 ) ) ;
#257 = EDGE_CURVE ( 'NONE', #5547, #3326, #6045, .T. ) ;
#258 = CARTESIAN_POINT ( 'NONE',  ( 6.299999999999990941, 1.354772721475252073, -1.719999999999999973 ) ) ;
#259 = AXIS2_PLACEMENT_3D ( 'NONE', #6789, #2659, #4995 ) ;
#260 = ORIENTED_EDGE ( 'NONE', *, *, #618, .T. ) ;
#261 = DIRECTION ( 'NONE',  ( 0.000000000000000000, 3.590428791673030081E-15, 1.000000000000000000 ) ) ;
#262 = VECTOR ( 'NONE', #1779, 39.37007874015748143 ) ;
#263 =( BOUNDED_CURVE ( )  B_SPLINE_CURVE ( 3, ( #278, #4952, #358, #2729 ),
 .UNSPECIFIED., .F., .T. ) 
 B_SPLINE_CURVE_WITH_KNOTS ( ( 4, 4 ),
 ( 0.000000000000000000, 3.141592653589793116 ),
 .UNSPECIFIED. ) 
 CURVE ( )  GEOMETRIC_REPRESENTATION_ITEM ( )  RATIONAL_B_SPLINE_CURVE ( ( 1.000000000000000000, 0.3333333333333333703, 0.3333333333333333703, 1.000000000000000000 ) ) 
 REPRESENTATION_ITEM ( '' )  );
#264 = DIMENSIONAL_EXPONENTS ( 1.000000000000000000, 0.000000000000000000, 0.000000000000000000, 0.000000000000000000, 0.000000000000000000, 0.000000000000000000, 0.000000000000000000 ) ;
#265 = ADVANCED_FACE ( 'NONE', ( #6671 ), #2734, .F. ) ;
#266 = EDGE_CURVE ( 'NONE', #2792, #2464, #6907, .T. ) ;
#267 = CYLINDRICAL_SURFACE ( 'NONE', #5005, 0.1653543307086615122 ) ;
#268 = ORIENTED_EDGE ( 'NONE', *, *, #3390, .T. ) ;
#269 = ITEM_DEFINED_TRANSFORMATION ( 'NONE', 'NONE', #2421,  #5850 ) ;
#270 = CARTESIAN_POINT ( 'NONE',  ( -8.145227278524757253, -9.449999999999999289, -1.719999999999999973 ) ) ;
#271 = DIRECTION ( 'NONE',  ( 1.720849129867250000E-15, 1.000000000000000000, 3.434323192035072971E-15 ) ) ;
#272 = DIRECTION ( 'NONE',  ( -1.000000000000000000, 0.000000000000000000, 0.000000000000000000 ) ) ;
#273 = DIRECTION ( 'NONE',  ( -3.304235192336779062E-15, 0.000000000000000000, -1.000000000000000000 ) ) ;
#274 = DIRECTION ( 'NONE',  ( 0.7071067811865474617, 0.7071067811865474617, 0.000000000000000000 ) ) ;
#275 =( NAMED_UNIT ( * ) PLANE_ANGLE_UNIT ( ) SI_UNIT ( $, .RADIAN. ) );
#276 = ORIENTED_EDGE ( 'NONE', *, *, #965, .F. ) ;
#277 = PLANE ( 'NONE',  #1623 ) ;
#278 = CARTESIAN_POINT ( 'NONE',  ( 2.420580475199245019, 19.71186723724616385, 0.000000000000000000 ) ) ;
#279 = PLANE ( 'NONE',  #6960 ) ;
#280 = VERTEX_POINT ( 'NONE', #1541 ) ;
#281 = FACE_OUTER_BOUND ( 'NONE', #3611, .T. ) ;
#282 = FACE_OUTER_BOUND ( 'NONE', #739, .T. ) ;
#283 = DIRECTION ( 'NONE',  ( -0.000000000000000000, -0.000000000000000000, -1.000000000000000000 ) ) ;
#284 = CARTESIAN_POINT ( 'NONE',  ( 4.675354330708657358, 2.250000000000000444, 0.9250000000000110356 ) ) ;
#285 = DIRECTION ( 'NONE',  ( 0.000000000000000000, 0.000000000000000000, 1.000000000000000000 ) ) ;
#286 = ORIENTED_EDGE ( 'NONE', *, *, #2136, .F. ) ;
#287 = CARTESIAN_POINT ( 'NONE',  ( -6.300000000000004263, 5.095227278524752990, -1.719999999999999973 ) ) ;
#288 = ORIENTED_EDGE ( 'NONE', *, *, #3919, .T. ) ;
#289 = CARTESIAN_POINT ( 'NONE',  ( 1.409999999999979714, 21.90000000000001990, -0.9999999999999836797 ) ) ;
#290 = CARTESIAN_POINT ( 'NONE',  ( 4.454772721475242392, -3.149999999999998579, -1.719999999999999973 ) ) ;
#291 = CARTESIAN_POINT ( 'NONE',  ( 4.675354330708657358, 2.250000000000000888, -1.009645669291335146 ) ) ;
#292 = ORIENTED_EDGE ( 'NONE', *, *, #2510, .F. ) ;
#293 = CIRCLE ( 'NONE', #5700, 0.1653543307086612346 ) ;
#294 = ORIENTED_EDGE ( 'NONE', *, *, #2274, .T. ) ;
#295 = ORIENTED_EDGE ( 'NONE', *, *, #1440, .T. ) ;
#296 = VERTEX_POINT ( 'NONE', #6279 ) ;
#297 = CARTESIAN_POINT ( 'NONE',  ( 4.964649739667014682E-15, 2.250000000000006217, 1.750000000000010658 ) ) ;
#298 = ORIENTED_EDGE ( 'NONE', *, *, #6906, .F. ) ;
#299 = CARTESIAN_POINT ( 'NONE',  ( -12.60000000000000853, 5.095227278524751213, -1.770000000000000018 ) ) ;
#300 = EDGE_LOOP ( 'NONE', ( #4821, #1927, #6119, #1209 ) ) ;
#301 = FACE_OUTER_BOUND ( 'NONE', #1810, .T. ) ;
#302 = ORIENTED_EDGE ( 'NONE', *, *, #7066, .F. ) ;
#303 = EDGE_CURVE ( 'NONE', #6143, #6305, #1009, .T. ) ;
#304 =( REPRESENTATION_RELATIONSHIP ('NONE','NONE', #754, #6547 ) REPRESENTATION_RELATIONSHIP_WITH_TRANSFORMATION ( #958 )SHAPE_REPRESENTATION_RELATIONSHIP( ) );
#305 = FACE_OUTER_BOUND ( 'NONE', #5853, .T. ) ;
#306 = DIRECTION ( 'NONE',  ( 5.931810584512607995E-30, 3.590428791673030081E-15, 1.000000000000000000 ) ) ;
#307 = FACE_OUTER_BOUND ( 'NONE', #2207, .T. ) ;
#308 = VECTOR ( 'NONE', #5039, 39.37007874015748854 ) ;
#309 = EDGE_CURVE ( 'NONE', #186, #5346, #5620, .T. ) ;
#310 = EDGE_CURVE ( 'NONE', #3941, #4326, #3314, .T. ) ;
#311 = LINE ( 'NONE', #3261, #6977 ) ;
#312 = AXIS2_PLACEMENT_3D ( 'NONE', #5056, #6957, #4480 ) ;
#313 = ORIENTED_EDGE ( 'NONE', *, *, #2796, .F. ) ;
#314 = DIRECTION ( 'NONE',  ( 0.000000000000000000, 0.000000000000000000, 1.000000000000000000 ) ) ;
#315 = ADVANCED_FACE ( 'NONE', ( #402 ), #4537, .F. ) ;
#316 = APPLICATION_PROTOCOL_DEFINITION ( 'draft international standard', 'automotive_design', 1998, #2699 ) ;
#317 = ORIENTED_EDGE ( 'NONE', *, *, #2919, .F. ) ;
#318 = LENGTH_MEASURE_WITH_UNIT ( LENGTH_MEASURE( 0.02539999999999999897 ), #6160 );
#319 = DIRECTION ( 'NONE',  ( -0.7071067811865476838, -0.7071067811865473507, 0.000000000000000000 ) ) ;
#320 = DIRECTION ( 'NONE',  ( -3.304235192336789711E-15, 0.000000000000000000, 1.000000000000000000 ) ) ;
#321 = ORIENTED_EDGE ( 'NONE', *, *, #1381, .T. ) ;
#322 = VECTOR ( 'NONE', #4760, 39.37007874015748854 ) ;
#323 = VECTOR ( 'NONE', #3547, 39.37007874015748143 ) ;
#324 = PLANE ( 'NONE',  #259 ) ;
#325 = PLANE ( 'NONE',  #3798 ) ;
#326 = CIRCLE ( 'NONE', #1175, 0.1653543307086613734 ) ;
#327 = AXIS2_PLACEMENT_3D ( 'NONE', #6168, #5582, #2160 ) ;
#328 = ORIENTED_EDGE ( 'NONE', *, *, #1756, .F. ) ;
#329 = CARTESIAN_POINT ( 'NONE',  ( 12.54000000000000092, 0.2500000000000000000, -9.389999999999998792 ) ) ;
#330 = ORIENTED_EDGE ( 'NONE', *, *, #5567, .F. ) ;
#331 = FACE_OUTER_BOUND ( 'NONE', #4720, .T. ) ;
#332 = CIRCLE ( 'NONE', #1300, 0.1653543307086607073 ) ;
#333 = LINE ( 'NONE', #1363, #2966 ) ;
#334 = DIRECTION ( 'NONE',  ( 1.000000000000000000, 0.000000000000000000, -0.000000000000000000 ) ) ;
#335 = ORIENTED_EDGE ( 'NONE', *, *, #3979, .T. ) ;
#336 = ORIENTED_EDGE ( 'NONE', *, *, #345, .F. ) ;
#337 = ORIENTED_EDGE ( 'NONE', *, *, #5921, .F. ) ;
#338 = DIRECTION ( 'NONE',  ( -3.304235192336789711E-15, 0.000000000000000000, -1.000000000000000000 ) ) ;
#339 = ORIENTED_EDGE ( 'NONE', *, *, #547, .T. ) ;
#340 = DIRECTION ( 'NONE',  ( -0.8571673007021122226, 0.000000000000000000, -0.5150380749100542666 ) ) ;
#341 = ORIENTED_EDGE ( 'NONE', *, *, #6810, .T. ) ;
#342 = CARTESIAN_POINT ( 'NONE',  ( 0.000000000000000000, 0.000000000000000000, 0.000000000000000000 ) ) ;
#343 = VECTOR ( 'NONE', #4842, 39.37007874015748143 ) ;
#344 = VERTEX_POINT ( 'NONE', #2621 ) ;
#345 = EDGE_CURVE ( 'NONE', #6207, #1763, #6165, .T. ) ;
#346 = LINE ( 'NONE', #7278, #80 ) ;
#347 = CARTESIAN_POINT ( 'NONE',  ( -6.300000000000008704, 1.354772721475252073, -1.719999999999999973 ) ) ;
#348 =( NAMED_UNIT ( * ) PLANE_ANGLE_UNIT ( ) SI_UNIT ( $, .RADIAN. ) );
#349 = LINE ( 'NONE', #2722, #4973 ) ;
#350 = AXIS2_PLACEMENT_3D ( 'NONE', #2652, #5028, #3264 ) ;
#351 = CARTESIAN_POINT ( 'NONE',  ( -4.530000000000007354, 0.2500000000000000000, -7.930136022756448355 ) ) ;
#352 = CARTESIAN_POINT ( 'NONE',  ( -4.454772721475258379, -3.099999999999999201, -1.719999999999999973 ) ) ;
#353 = ORIENTED_EDGE ( 'NONE', *, *, #5182, .T. ) ;
#354 = ORIENTED_EDGE ( 'NONE', *, *, #5742, .F. ) ;
#355 = ORIENTED_EDGE ( 'NONE', *, *, #542, .F. ) ;
#356 = FACE_BOUND ( 'NONE', #642, .T. ) ;
#357 = EDGE_CURVE ( 'NONE', #6167, #5193, #2077, .T. ) ;
#358 = CARTESIAN_POINT ( 'NONE',  ( 2.976638425544313016, 15.12208098833292702, 0.000000000000000000 ) ) ;
#359 = CARTESIAN_POINT ( 'NONE',  ( -6.300000000000008704, -1.254772721475248209, -1.719999999999999973 ) ) ;
#360 = EDGE_CURVE ( 'NONE', #6454, #4516, #6201, .T. ) ;
#361 = ORIENTED_EDGE ( 'NONE', *, *, #4945, .T. ) ;
#362 = DIRECTION ( 'NONE',  ( 0.7071067811865473507, -0.7071067811865476838, 0.000000000000000000 ) ) ;
#363 = DIRECTION ( 'NONE',  ( 0.000000000000000000, 0.000000000000000000, 1.000000000000000000 ) ) ;
#364 = EDGE_CURVE ( 'NONE', #5819, #4526, #6258, .T. ) ;
#365 = DIRECTION ( 'NONE',  ( 0.000000000000000000, 0.000000000000000000, 1.000000000000000000 ) ) ;
#366 = EDGE_CURVE ( 'NONE', #5480, #6836, #5111, .T. ) ;
#367 = FACE_OUTER_BOUND ( 'NONE', #7497, .T. ) ;
#368 = ORIENTED_EDGE ( 'NONE', *, *, #3076, .F. ) ;
#369 = DIRECTION ( 'NONE',  ( 1.000000000000000000, 0.000000000000000000, 0.000000000000000000 ) ) ;
#370 = VERTEX_POINT ( 'NONE', #4573 ) ;
#371 = CYLINDRICAL_SURFACE ( 'NONE', #1429, 0.2500000000000027756 ) ;
#372 = CARTESIAN_POINT ( 'NONE',  ( -4.454772721475258379, 3.250000000000000444, -1.719999999999999973 ) ) ;
#373 = FACE_BOUND ( 'NONE', #6421, .T. ) ;
#374 = ORIENTED_EDGE ( 'NONE', *, *, #1474, .T. ) ;
#375 = VECTOR ( 'NONE', #5337, 39.37007874015748143 ) ;
#376 = VERTEX_POINT ( 'NONE', #6864 ) ;
#377 = AXIS2_PLACEMENT_3D ( 'NONE', #4863, #5940, #6529 ) ;
#378 = ORIENTED_EDGE ( 'NONE', *, *, #679, .T. ) ;
#379 = FACE_BOUND ( 'NONE', #755, .T. ) ;
#380 = PRODUCT_DEFINITION_SHAPE ( 'NONE', 'NONE',  #4435 ) ;
#381 = EDGE_LOOP ( 'NONE', ( #4924, #557, #1124, #2202 ) ) ;
#382 = DIRECTION ( 'NONE',  ( 1.720849129867249803E-15, 1.000000000000000000, 3.434323192035072577E-15 ) ) ;
#383 = EDGE_LOOP ( 'NONE', ( #7545, #1266, #1571, #6297 ) ) ;
#384 = CARTESIAN_POINT ( 'NONE',  ( -10.75477272147525909, -3.149999999999997691, -1.719999999999999973 ) ) ;
#385 = VECTOR ( 'NONE', #801, 39.37007874015748143 ) ;
#386 = CIRCLE ( 'NONE', #6641, 0.1653543307086607073 ) ;
#387 = ORIENTED_EDGE ( 'NONE', *, *, #6979, .F. ) ;
#388 = AXIS2_PLACEMENT_3D ( 'NONE', #1119, #472, #3309 ) ;
#389 = VECTOR ( 'NONE', #59, 39.37007874015748143 ) ;
#390 = DIRECTION ( 'NONE',  ( -0.7071067811865474617, -0.7071067811865474617, 0.000000000000000000 ) ) ;
#391 = CARTESIAN_POINT ( 'NONE',  ( 1.159999999999996367, 23.14000000000000412, 0.1000000000000023509 ) ) ;
#392 = CARTESIAN_POINT ( 'NONE',  ( 1.159999999999995257, 23.14000000000000412, -0.2500000000000000000 ) ) ;
#393 = FACE_OUTER_BOUND ( 'NONE', #5394, .T. ) ;
#394 = ORIENTED_EDGE ( 'NONE', *, *, #5358, .T. ) ;
#395 = SHAPE_DEFINITION_REPRESENTATION ( #5022, #5201 ) ;
#396 = ORIENTED_EDGE ( 'NONE', *, *, #6737, .T. ) ;
#397 = CARTESIAN_POINT ( 'NONE',  ( 4.344645669291333334, 2.000000000000000888, 0.7596456692913488018 ) ) ;
#398 = EDGE_CURVE ( 'NONE', #1628, #4832, #1579, .T. ) ;
#399 = FACE_OUTER_BOUND ( 'NONE', #7219, .T. ) ;
#400 = LINE ( 'NONE', #2265, #6275 ) ;
#401 = EDGE_CURVE ( 'NONE', #1994, #1763, #118, .T. ) ;
#402 = FACE_OUTER_BOUND ( 'NONE', #4586, .T. ) ;
#403 = ADVANCED_FACE ( 'NONE', ( #2137 ), #4337, .F. ) ;
#404 = CARTESIAN_POINT ( 'NONE',  ( 1.845227278524741221, -3.149999999999997691, -1.719999999999999973 ) ) ;
#405 = EDGE_LOOP ( 'NONE', ( #2236, #1092, #7210, #5661 ) ) ;
#406 = CIRCLE ( 'NONE', #5674, 2.608540463109217278 ) ;
#407 = ORIENTED_EDGE ( 'NONE', *, *, #7082, .T. ) ;
#408 = EDGE_CURVE ( 'NONE', #2852, #1928, #4485, .T. ) ;
#409 = CARTESIAN_POINT ( 'NONE',  ( 3.785868085707954221E-15, 2.000000000000008438, -1.340354330708657837 ) ) ;
#410 =( NAMED_UNIT ( * ) PLANE_ANGLE_UNIT ( ) SI_UNIT ( $, .RADIAN. ) );
#411 = LINE ( 'NONE', #2740, #29 ) ;
#412 = VECTOR ( 'NONE', #6818, 39.37007874015748143 ) ;
#413 = ORIENTED_EDGE ( 'NONE', *, *, #3372, .F. ) ;
#414 = ORIENTED_EDGE ( 'NONE', *, *, #345, .T. ) ;
#415 = ORIENTED_EDGE ( 'NONE', *, *, #1610, .F. ) ;
#416 = CARTESIAN_POINT ( 'NONE',  ( 1.509999999999995346, 2.349999999999996536, -0.2500000000000005551 ) ) ;
#417 = ADVANCED_FACE ( 'NONE', ( #3723 ), #4228, .T. ) ;
#418 = ORIENTED_EDGE ( 'NONE', *, *, #1202, .F. ) ;
#419 = CARTESIAN_POINT ( 'NONE',  ( 4.676780981213570776, 2.037077157614649359, -2.000000000000001332 ) ) ;
#420 = EDGE_LOOP ( 'NONE', ( #5622, #2444 ) ) ;
#421 = CARTESIAN_POINT ( 'NONE',  ( 2.420580475199245019, 19.71186723724616385, 0.000000000000000000 ) ) ;
#422 = CARTESIAN_POINT ( 'NONE',  ( 1.509999999999994458, 2.250000000000009770, -0.3499999999999970912 ) ) ;
#423 = EDGE_LOOP ( 'NONE', ( #276, #3001 ) ) ;
#424 = CARTESIAN_POINT ( 'NONE',  ( 7.850411144749170234, 2.288545328002504320, -0.2700333157601768064 ) ) ;
#425 = PLANE ( 'NONE',  #7561 ) ;
#426 = CARTESIAN_POINT ( 'NONE',  ( 1.409999999999976161, 2.000000000000001776, -1.999999999999983569 ) ) ;
#427 = DIRECTION ( 'NONE',  ( 0.7071067811865473507, -0.7071067811865476838, 0.000000000000000000 ) ) ;
#428 = VERTEX_POINT ( 'NONE', #6066 ) ;
#429 = SHAPE_DEFINITION_REPRESENTATION ( #380, #3642 ) ;
#430 = VERTEX_POINT ( 'NONE', #1868 ) ;
#431 = CARTESIAN_POINT ( 'NONE',  ( -1.845227278524757653, -3.149999999999998579, -1.770000000000000018 ) ) ;
#432 = CARTESIAN_POINT ( 'NONE',  ( -6.300000000000004263, 5.095227278524752990, -1.770000000000000018 ) ) ;
#433 = FACE_OUTER_BOUND ( 'NONE', #2124, .T. ) ;
#434 = FACE_OUTER_BOUND ( 'NONE', #4325, .T. ) ;
#435 = VECTOR ( 'NONE', #1367, 39.37007874015748143 ) ;
#436 = DIRECTION ( 'NONE',  ( 1.000000000000000000, 0.000000000000000000, 0.000000000000000000 ) ) ;
#437 = ORIENTED_EDGE ( 'NONE', *, *, #592, .T. ) ;
#438 = FACE_OUTER_BOUND ( 'NONE', #5057, .T. ) ;
#439 = VECTOR ( 'NONE', #612, 39.37007874015748143 ) ;
#440 = EDGE_CURVE ( 'NONE', #4920, #7423, #3918, .T. ) ;
#441 = ORIENTED_EDGE ( 'NONE', *, *, #1427, .T. ) ;
#442 = DIRECTION ( 'NONE',  ( 0.7071067811865476838, 0.7071067811865473507, -0.000000000000000000 ) ) ;
#443 = AXIS2_PLACEMENT_3D ( 'NONE', #1361, #136, #822 ) ;
#444 = EDGE_CURVE ( 'NONE', #4018, #3244, #5406, .T. ) ;
#445 = VERTEX_POINT ( 'NONE', #157 ) ;
#446 = EDGE_LOOP ( 'NONE', ( #2653, #576 ) ) ;
#447 = CARTESIAN_POINT ( 'NONE',  ( 4.534437457200203316E-15, 2.000000000000007994, 1.090354330708671604 ) ) ;
#448 = VERTEX_POINT ( 'NONE', #6579 ) ;
#449 = VECTOR ( 'NONE', #680, 39.37007874015748143 ) ;
#450 = EDGE_CURVE ( 'NONE', #1349, #4062, #769, .T. ) ;
#451 = DIRECTION ( 'NONE',  ( -0.7071067811865476838, -0.7071067811865473507, 0.000000000000000000 ) ) ;
#452 = ORIENTED_EDGE ( 'NONE', *, *, #5604, .T. ) ;
#453 = EDGE_CURVE ( 'NONE', #6857, #6997, #3143, .T. ) ;
#454 = CARTESIAN_POINT ( 'NONE',  ( 10.75477272147524310, 9.550000000000000711, -1.719999999999999973 ) ) ;
#455 = EDGE_CURVE ( 'NONE', #3278, #6476, #2566, .T. ) ;
#456 =( REPRESENTATION_RELATIONSHIP ('NONE','NONE', #754, #6547 ) REPRESENTATION_RELATIONSHIP_WITH_TRANSFORMATION ( #6775 )SHAPE_REPRESENTATION_RELATIONSHIP( ) );
#457 = VECTOR ( 'NONE', #2162, 39.37007874015748143 ) ;
#458 = ORIENTED_EDGE ( 'NONE', *, *, #309, .F. ) ;
#459 = CARTESIAN_POINT ( 'NONE',  ( -6.300000000000008704, 1.354772721475252073, -1.770000000000000018 ) ) ;
#460 = EDGE_CURVE ( 'NONE', #3823, #3278, #4792, .T. ) ;
#461 = CARTESIAN_POINT ( 'NONE',  ( 7.853150817677980733, 2.270033315760177750, -0.2885453280025033762 ) ) ;
#462 = CARTESIAN_POINT ( 'NONE',  ( 1.509999999999995568, 2.000000000000003109, 1.750000000000009770 ) ) ;
#463 = LINE ( 'NONE', #4597, #7397 ) ;
#464 = CIRCLE ( 'NONE', #4028, 0.1653543307086616510 ) ;
#465 = ORIENTED_EDGE ( 'NONE', *, *, #4247, .F. ) ;
#466 =( REPRESENTATION_RELATIONSHIP ('NONE','NONE', #754, #3642 ) REPRESENTATION_RELATIONSHIP_WITH_TRANSFORMATION ( #3416 )SHAPE_REPRESENTATION_RELATIONSHIP( ) );
#467 = EDGE_LOOP ( 'NONE', ( #7233, #601, #2277, #5014 ) ) ;
#468 = AXIS2_PLACEMENT_3D ( 'NONE', #3071, #2423, #1798 ) ;
#469 = FACE_OUTER_BOUND ( 'NONE', #5972, .T. ) ;
#470 = DIRECTION ( 'NONE',  ( -0.7071067811865473507, 0.7071067811865476838, 0.000000000000000000 ) ) ;
#471 = CARTESIAN_POINT ( 'NONE',  ( 2.675354330708656470, 1.999374015748021094, -1.340354330708657837 ) ) ;
#472 = DIRECTION ( 'NONE',  ( 2.093734754490789434E-16, 1.000000000000000000, -0.000000000000000000 ) ) ;
#473 = CARTESIAN_POINT ( 'NONE',  ( 11.73779527559057634, -8.449999999999999289, -1.770000000000000018 ) ) ;
#474 = VECTOR ( 'NONE', #1670, 39.37007874015748143 ) ;
#475 = DIRECTION ( 'NONE',  ( -0.000000000000000000, -0.000000000000000000, -1.000000000000000000 ) ) ;
#476 = DIRECTION ( 'NONE',  ( -0.000000000000000000, -0.000000000000000000, -1.000000000000000000 ) ) ;
#477 = ORIENTED_EDGE ( 'NONE', *, *, #2233, .T. ) ;
#478 = DIRECTION ( 'NONE',  ( -1.361676060502509788E-31, 1.000000000000000000, -3.876794692995643179E-17 ) ) ;
#479 = ORIENTED_EDGE ( 'NONE', *, *, #5047, .T. ) ;
#480 = CARTESIAN_POINT ( 'NONE',  ( 7.030000000000001137, 0.2500000000000000000, -9.389999999999998792 ) ) ;
#481 = CARTESIAN_POINT ( 'NONE',  ( -11.73779527559057634, 8.449999999999999289, -0.9719999999999998641 ) ) ;
#482 = EDGE_CURVE ( 'NONE', #3249, #4495, #293, .T. ) ;
#483 = DIRECTION ( 'NONE',  ( -1.000000000000000000, 2.093734754490789434E-16, 0.000000000000000000 ) ) ;
#484 = EDGE_LOOP ( 'NONE', ( #3289, #4893, #7455, #413 ) ) ;
#485 = ORIENTED_EDGE ( 'NONE', *, *, #2794, .F. ) ;
#486 = DIRECTION ( 'NONE',  ( -0.7071067811865473507, 0.7071067811865476838, 0.000000000000000000 ) ) ;
#487 = VERTEX_POINT ( 'NONE', #4913 ) ;
#488 = FACE_OUTER_BOUND ( 'NONE', #7373, .T. ) ;
#489 = ORIENTED_EDGE ( 'NONE', *, *, #3886, .T. ) ;
#490 = LINE ( 'NONE', #4031, #474 ) ;
#491 = CIRCLE ( 'NONE', #5519, 0.1000000000000000194 ) ;
#492 = ORIENTED_EDGE ( 'NONE', *, *, #2546, .F. ) ;
#493 = LINE ( 'NONE', #7069, #7273 ) ;
#494 = EDGE_CURVE ( 'NONE', #4200, #6285, #2252, .T. ) ;
#495 = PLANE ( 'NONE',  #2892 ) ;
#496 = CIRCLE ( 'NONE', #4535, 0.1377952755905512972 ) ;
#497 = ADVANCED_FACE ( 'NONE', ( #5059 ), #1562, .T. ) ;
#498 = DIRECTION ( 'NONE',  ( -0.000000000000000000, -0.000000000000000000, -1.000000000000000000 ) ) ;
#499 = VECTOR ( 'NONE', #7052, 39.37007874015748854 ) ;
#500 = PRODUCT_DEFINITION_SHAPE ( 'NONE', 'NONE',  #7595 ) ;
#501 = EDGE_CURVE ( 'NONE', #3326, #2472, #1340, .T. ) ;
#502 = CARTESIAN_POINT ( 'NONE',  ( 0.000000000000000000, 0.000000000000000000, -1.770000000000000018 ) ) ;
#503 = VECTOR ( 'NONE', #1020, 39.37007874015748143 ) ;
#504 = VECTOR ( 'NONE', #3288, 39.37007874015748143 ) ;
#505 = ORIENTED_EDGE ( 'NONE', *, *, #1998, .F. ) ;
#506 = VERTEX_POINT ( 'NONE', #3103 ) ;
#507 = LINE ( 'NONE', #1115, #1741 ) ;
#508 = DIRECTION ( 'NONE',  ( 5.673905776490330561E-30, 3.434323192035072183E-15, -1.000000000000000000 ) ) ;
#509 = FACE_OUTER_BOUND ( 'NONE', #711, .T. ) ;
#510 = VECTOR ( 'NONE', #6390, 39.37007874015748854 ) ;
#511 =( BOUNDED_CURVE ( )  B_SPLINE_CURVE ( 3, ( #1334, #6614, #1864, #1827 ),
 .UNSPECIFIED., .F., .T. ) 
 B_SPLINE_CURVE_WITH_KNOTS ( ( 4, 4 ),
 ( 0.000000000000000000, 3.141592653589793116 ),
 .UNSPECIFIED. ) 
 CURVE ( )  GEOMETRIC_REPRESENTATION_ITEM ( )  RATIONAL_B_SPLINE_CURVE ( ( 1.000000000000000000, 0.3333333333333333703, 0.3333333333333333703, 1.000000000000000000 ) ) 
 REPRESENTATION_ITEM ( '' )  );
#512 = CARTESIAN_POINT ( 'NONE',  ( 4.529999999999996696, 0.000000000000000000, 7.930136022756444802 ) ) ;
#513 = FACE_OUTER_BOUND ( 'NONE', #6428, .T. ) ;
#514 = CARTESIAN_POINT ( 'NONE',  ( -0.06000000000000631911, 47.50000000000000000, 0.6100000000000025402 ) ) ;
#515 = ORIENTED_EDGE ( 'NONE', *, *, #1010, .T. ) ;
#516 = CARTESIAN_POINT ( 'NONE',  ( 6.344645669291333334, 1.999999999999996669, 1.090354330708671604 ) ) ;
#517 = ORIENTED_EDGE ( 'NONE', *, *, #450, .T. ) ;
#518 = DIRECTION ( 'NONE',  ( 3.512375991854052315E-15, -8.537024980200927328E-17, -1.000000000000000000 ) ) ;
#519 = DIRECTION ( 'NONE',  ( 0.7071067811865474617, 0.7071067811865474617, 0.000000000000000000 ) ) ;
#520 = CARTESIAN_POINT ( 'NONE',  ( -1.845227278524757653, 3.200000000000001510, -1.719999999999999973 ) ) ;
#521 = CARTESIAN_POINT ( 'NONE',  ( 8.145227278524741266, 3.250000000000000444, -1.770000000000000018 ) ) ;
#522 = ORIENTED_EDGE ( 'NONE', *, *, #6027, .F. ) ;
#523 = CARTESIAN_POINT ( 'NONE',  ( 1.409999999999980380, 19.90000000000002345, -0.8346456692913232223 ) ) ;
#524 = ORIENTED_EDGE ( 'NONE', *, *, #4660, .T. ) ;
#525 = DIRECTION ( 'NONE',  ( -1.000000000000000000, 0.000000000000000000, 0.000000000000000000 ) ) ;
#526 = CARTESIAN_POINT ( 'NONE',  ( -1.845227278524757653, 3.200000000000001510, -1.719999999999999973 ) ) ;
#527 = EDGE_LOOP ( 'NONE', ( #1592, #6958, #5052, #4275 ) ) ;
#528 = CARTESIAN_POINT ( 'NONE',  ( 4.187864042533941067, 15.64893697419836904, -0.2500000000000000555 ) ) ;
#529 = CARTESIAN_POINT ( 'NONE',  ( 7.843561962427146206, 2.349999999999996092, -0.2499999999999946709 ) ) ;
#530 = DIRECTION ( 'NONE',  ( 1.000000000000000000, 0.000000000000000000, 0.000000000000000000 ) ) ;
#531 = DIRECTION ( 'NONE',  ( 0.7071067811865473507, -0.7071067811865476838, 0.000000000000000000 ) ) ;
#532 = EDGE_CURVE ( 'NONE', #6912, #6098, #195, .T. ) ;
#533 = AXIS2_PLACEMENT_3D ( 'NONE', #6694, #4308, #2489 ) ;
#534 = EDGE_LOOP ( 'NONE', ( #3732, #2969, #6880, #6091 ) ) ;
#535 = ITEM_DEFINED_TRANSFORMATION ( 'NONE', 'NONE', #2673,  #5850 ) ;
#536 = VERTEX_POINT ( 'NONE', #7242 ) ;
#537 = DIRECTION ( 'NONE',  ( -0.8635486968584774603, 0.000000000000000000, 0.5042654540557239828 ) ) ;
#538 = PLANE ( 'NONE',  #4483 ) ;
#539 = DIRECTION ( 'NONE',  ( 1.720849129867249803E-15, 1.000000000000000000, 3.434323192035072183E-15 ) ) ;
#540 = EDGE_CURVE ( 'NONE', #5732, #7341, #2754, .T. ) ;
#541 = DIRECTION ( 'NONE',  ( 0.000000000000000000, 1.000000000000000000, -3.590428791673030081E-15 ) ) ;
#542 = EDGE_CURVE ( 'NONE', #2360, #5702, #7467, .T. ) ;
#543 = FILL_AREA_STYLE_COLOUR ( '', #1218 ) ;
#544 = DIRECTION ( 'NONE',  ( -3.512375991854046399E-15, 1.720849129867249803E-15, -1.000000000000000000 ) ) ;
#545 = VERTEX_POINT ( 'NONE', #3082 ) ;
#546 = PLANE ( 'NONE',  #1539 ) ;
#547 = EDGE_CURVE ( 'NONE', #5711, #3502, #3124, .T. ) ;
#548 = ORIENTED_EDGE ( 'NONE', *, *, #5139, .T. ) ;
#549 = DIRECTION ( 'NONE',  ( 3.304235192336789711E-15, 0.000000000000000000, -1.000000000000000000 ) ) ;
#550 =( REPRESENTATION_RELATIONSHIP ('NONE','NONE', #754, #2904 ) REPRESENTATION_RELATIONSHIP_WITH_TRANSFORMATION ( #6571 )SHAPE_REPRESENTATION_RELATIONSHIP( ) );
#551 = VECTOR ( 'NONE', #7279, 39.37007874015748143 ) ;
#552 = CARTESIAN_POINT ( 'NONE',  ( -11.46220472440947269, 8.449999999999999289, -1.719999999999999973 ) ) ;
#553 = CARTESIAN_POINT ( 'NONE',  ( 1.159999999999993259, 19.90000000000005542, 0.9153543307086980940 ) ) ;
#554 = FACE_BOUND ( 'NONE', #6894, .T. ) ;
#555 = DIRECTION ( 'NONE',  ( 1.000000000000000000, -0.000000000000000000, -3.512375991854052315E-15 ) ) ;
#556 = AXIS2_PLACEMENT_3D ( 'NONE', #3150, #6478, #2900 ) ;
#557 = ORIENTED_EDGE ( 'NONE', *, *, #1142, .F. ) ;
#558 = LINE ( 'NONE', #2798, #1841 ) ;
#559 = PRODUCT_DEFINITION_SHAPE ( 'NONE', 'NONE',  #7605 ) ;
#560 = DIRECTION ( 'NONE',  ( 0.000000000000000000, 0.000000000000000000, 1.000000000000000000 ) ) ;
#561 = ORIENTED_EDGE ( 'NONE', *, *, #3499, .T. ) ;
#562 = DIRECTION ( 'NONE',  ( -0.7071067811865473507, 0.7071067811865476838, 0.000000000000000000 ) ) ;
#563 = VECTOR ( 'NONE', #5212, 39.37007874015748143 ) ;
#564 = VECTOR ( 'NONE', #3512, 39.37007874015748143 ) ;
#565 = PRODUCT_DEFINITION_CONTEXT ( 'detailed design', #3189, 'design' ) ;
#566 = ORIENTED_EDGE ( 'NONE', *, *, #3355, .T. ) ;
#567 = AXIS2_PLACEMENT_3D ( 'NONE', #5520, #6654, #2721 ) ;
#568 = CARTESIAN_POINT ( 'NONE',  ( -8.145227278524757253, 3.250000000000000444, -1.719999999999999973 ) ) ;
#569 = VECTOR ( 'NONE', #2836, 39.37007874015748143 ) ;
#570 = CIRCLE ( 'NONE', #327, 51.95339843179001349 ) ;
#571 = DIRECTION ( 'NONE',  ( -0.000000000000000000, -0.000000000000000000, -1.000000000000000000 ) ) ;
#572 = CARTESIAN_POINT ( 'NONE',  ( 6.299999999999995381, -7.604772721475247188, -1.719999999999999973 ) ) ;
#573 = CARTESIAN_POINT ( 'NONE',  ( 11.73779527559057634, -8.449999999999999289, -1.719999999999999973 ) ) ;
#574 = VECTOR ( 'NONE', #5189, 39.37007874015748143 ) ;
#575 = EDGE_CURVE ( 'NONE', #3890, #6840, #7544, .T. ) ;
#576 = ORIENTED_EDGE ( 'NONE', *, *, #7450, .T. ) ;
#577 = ITEM_DEFINED_TRANSFORMATION ( 'NONE', 'NONE', #4509,  #5850 ) ;
#578 = ORIENTED_EDGE ( 'NONE', *, *, #4295, .F. ) ;
#579 = CARTESIAN_POINT ( 'NONE',  ( 1.159999999999992593, 3.000000000000055511, 0.7499999999999805711 ) ) ;
#580 = DIRECTION ( 'NONE',  ( 0.000000000000000000, 0.000000000000000000, 1.000000000000000000 ) ) ;
#581 = PLANE ( 'NONE',  #3250 ) ;
#582 = VECTOR ( 'NONE', #2502, 39.37007874015748143 ) ;
#583 = CARTESIAN_POINT ( 'NONE',  ( 11.60000000000002451, -8.449999999999999289, -1.562204245409588355 ) ) ;
#584 = AXIS2_PLACEMENT_3D ( 'NONE', #1835, #6465, #2492 ) ;
#585 = B_SPLINE_CURVE_WITH_KNOTS ( 'NONE', 3,
 ( #6203, #2622, #2735, #5074, #7331, #7297, #4503, #1392, #3739, #6083 ),
 .UNSPECIFIED., .F., .F.,
 ( 4, 2, 2, 2, 4 ),
 ( 0.000000000000000000, 0.2500000000000000000, 0.5000000000000000000, 0.7500000000000000000, 1.000000000000000000 ),
 .UNSPECIFIED. ) ;
#586 = EDGE_LOOP ( 'NONE', ( #3190, #3461, #3352, #6180 ) ) ;
#587 = CARTESIAN_POINT ( 'NONE',  ( -44.04411790607416322, -0.2623335308197394244, -0.2500000000000000000 ) ) ;
#588 = ADVANCED_FACE ( 'NONE', ( #3784 ), #5585, .F. ) ;
#589 = ORIENTED_EDGE ( 'NONE', *, *, #6359, .T. ) ;
#590 = CARTESIAN_POINT ( 'NONE',  ( -11.73659041599845487, -8.468182305476803506, -1.770000000000000018 ) ) ;
#591 = DIRECTION ( 'NONE',  ( -0.000000000000000000, -1.000000000000000000, -0.000000000000000000 ) ) ;
#592 = EDGE_CURVE ( 'NONE', #779, #2780, #5465, .T. ) ;
#593 = EDGE_CURVE ( 'NONE', #344, #4277, #1280, .T. ) ;
#594 = FACE_BOUND ( 'NONE', #7527, .T. ) ;
#595 = ORIENTED_EDGE ( 'NONE', *, *, #5183, .T. ) ;
#596 = VERTEX_POINT ( 'NONE', #4963 ) ;
#597 = LINE ( 'NONE', #1091, #4719 ) ;
#598 = DIRECTION ( 'NONE',  ( -1.000000000000000000, 8.537024980200837349E-17, -3.512375991854052315E-15 ) ) ;
#599 = EDGE_LOOP ( 'NONE', ( #6479, #5919 ) ) ;
#600 = LINE ( 'NONE', #637, #1160 ) ;
#601 = ORIENTED_EDGE ( 'NONE', *, *, #5503, .T. ) ;
#602 = CARTESIAN_POINT ( 'NONE',  ( 1.845227278524741221, 3.250000000000000444, -1.719999999999999973 ) ) ;
#603 = DIRECTION ( 'NONE',  ( 0.000000000000000000, -0.000000000000000000, -1.000000000000000000 ) ) ;
#604 = DIRECTION ( 'NONE',  ( 0.000000000000000000, 3.304235192336776301E-15, -1.000000000000000000 ) ) ;
#605 = DIRECTION ( 'NONE',  ( -0.7071067811865476838, -0.7071067811865473507, 0.000000000000000000 ) ) ;
#606 = ORIENTED_EDGE ( 'NONE', *, *, #1781, .F. ) ;
#607 = CIRCLE ( 'NONE', #3181, 0.1653543307086612346 ) ;
#608 = CONTEXT_DEPENDENT_SHAPE_REPRESENTATION ( #4753, #6021 ) ;
#609 = CIRCLE ( 'NONE', #6887, 0.1653543307086613734 ) ;
#610 = ORIENTED_EDGE ( 'NONE', *, *, #7546, .T. ) ;
#611 = LINE ( 'NONE', #2449, #1173 ) ;
#612 = DIRECTION ( 'NONE',  ( -1.000000000000000000, 1.892934042853975138E-15, -8.646343036883249483E-31 ) ) ;
#613 = CARTESIAN_POINT ( 'NONE',  ( 4.454772721475242392, -3.099999999999999201, -1.770000000000000018 ) ) ;
#614 = CARTESIAN_POINT ( 'NONE',  ( 2.675354330708657802, 2.250000000000004885, -1.009645669291335368 ) ) ;
#615 = STYLED_ITEM ( 'NONE', ( #6537 ), #5857 ) ;
#616 = PRODUCT_DEFINITION_SHAPE ( 'NONE', 'NONE',  #7581 ) ;
#617 = DIRECTION ( 'NONE',  ( 0.000000000000000000, 0.000000000000000000, 1.000000000000000000 ) ) ;
#618 = EDGE_CURVE ( 'NONE', #5944, #7095, #6171, .T. ) ;
#619 = CARTESIAN_POINT ( 'NONE',  ( 113.5900000000000034, -1.750000000000055955, 1.309921112963532418E-13 ) ) ;
#620 = ORIENTED_EDGE ( 'NONE', *, *, #2078, .F. ) ;
#621 = FACE_OUTER_BOUND ( 'NONE', #6136, .T. ) ;
#622 = VECTOR ( 'NONE', #3102, 39.37007874015748143 ) ;
#623 = ORIENTED_EDGE ( 'NONE', *, *, #2552, .T. ) ;
#624 = VECTOR ( 'NONE', #5386, 39.37007874015748143 ) ;
#625 = CARTESIAN_POINT ( 'NONE',  ( 10.75477272147524310, 3.250000000000000444, -1.719999999999999973 ) ) ;
#626 = ORIENTED_EDGE ( 'NONE', *, *, #6224, .F. ) ;
#627 = EDGE_CURVE ( 'NONE', #7, #2037, #4354, .T. ) ;
#628 = LINE ( 'NONE', #1876, #4410 ) ;
#629 = EDGE_CURVE ( 'NONE', #4920, #1278, #3204, .T. ) ;
#630 = CARTESIAN_POINT ( 'NONE',  ( -8.741913579725642299E-15, -1.254772721475248209, -1.719999999999999973 ) ) ;
#631 = CARTESIAN_POINT ( 'NONE',  ( 12.59999999999999609, 5.095227278524752990, -1.770000000000000018 ) ) ;
#632 = EDGE_CURVE ( 'NONE', #280, #4436, #6796, .T. ) ;
#633 = ORIENTED_EDGE ( 'NONE', *, *, #1844, .T. ) ;
#634 = DIRECTION ( 'NONE',  ( 1.720849129867249803E-15, 1.000000000000000000, 3.434323192035072183E-15 ) ) ;
#635 = CARTESIAN_POINT ( 'NONE',  ( 7.843561962427146206, 2.349999999999996092, -0.2499999999999944766 ) ) ;
#636 = ORIENTED_EDGE ( 'NONE', *, *, #4286, .T. ) ;
#637 = CARTESIAN_POINT ( 'NONE',  ( -8.741913579725642299E-15, -4.995227278524748016, -1.770000000000000018 ) ) ;
#638 =( NAMED_UNIT ( * ) SI_UNIT ( $, .STERADIAN. ) SOLID_ANGLE_UNIT ( ) );
#639 = EDGE_CURVE ( 'NONE', #6226, #4812, #6759, .T. ) ;
#640 = EDGE_CURVE ( 'NONE', #5559, #1448, #251, .T. ) ;
#641 = ADVANCED_FACE ( 'NONE', ( #216 ), #1511, .F. ) ;
#642 = EDGE_LOOP ( 'NONE', ( #5083, #5575 ) ) ;
#643 = DIRECTION ( 'NONE',  ( 0.000000000000000000, -3.304235192336776301E-15, 1.000000000000000000 ) ) ;
#644 = CARTESIAN_POINT ( 'NONE',  ( 3.123257716872914980, 11.70033416803600801, -0.2500000000000012212 ) ) ;
#645 = VECTOR ( 'NONE', #519, 39.37007874015748854 ) ;
#646 = DIRECTION ( 'NONE',  ( -0.7071067811865475727, 0.7071067811865475727, 0.000000000000000000 ) ) ;
#647 = DIRECTION ( 'NONE',  ( 0.000000000000000000, 0.000000000000000000, 1.000000000000000000 ) ) ;
#648 = ORIENTED_EDGE ( 'NONE', *, *, #4993, .F. ) ;
#649 = ORIENTED_EDGE ( 'NONE', *, *, #4533, .F. ) ;
#650 = ITEM_DEFINED_TRANSFORMATION ( 'NONE', 'NONE', #4628,  #5850 ) ;
#651 = ORIENTED_EDGE ( 'NONE', *, *, #1745, .T. ) ;
#652 = CARTESIAN_POINT ( 'NONE',  ( 1.790872624858488305, 16.70033416803600801, -2.000000000000001332 ) ) ;
#653 = DIRECTION ( 'NONE',  ( 0.000000000000000000, -3.304235192336776301E-15, 1.000000000000000000 ) ) ;
#654 = LINE ( 'NONE', #3720, #2283 ) ;
#655 = DIRECTION ( 'NONE',  ( 0.000000000000000000, 3.304235192336770779E-15, 1.000000000000000000 ) ) ;
#656 = VECTOR ( 'NONE', #710, 39.37007874015748143 ) ;
#657 = FACE_OUTER_BOUND ( 'NONE', #2715, .T. ) ;
#658 = DIRECTION ( 'NONE',  ( 1.000000000000000000, 3.434323192035072971E-15, -3.512375991854046399E-15 ) ) ;
#659 = VERTEX_POINT ( 'NONE', #945 ) ;
#660 = DIRECTION ( 'NONE',  ( -0.7071067811865473507, 0.7071067811865476838, 0.000000000000000000 ) ) ;
#661 = ORIENTED_EDGE ( 'NONE', *, *, #2601, .F. ) ;
#662 = CARTESIAN_POINT ( 'NONE',  ( 2.420580475199245019, 19.71186723724616385, 0.000000000000000000 ) ) ;
#663 = ORIENTED_EDGE ( 'NONE', *, *, #1000, .T. ) ;
#664 = CARTESIAN_POINT ( 'NONE',  ( -7.029999999999996696, 0.000000000000000000, 9.390000000000002345 ) ) ;
#665 = CARTESIAN_POINT ( 'NONE',  ( -8.145227278524757253, -3.149999999999998579, -1.719999999999999973 ) ) ;
#666 = DIRECTION ( 'NONE',  ( 1.892934042853975533E-15, 1.000000000000000000, -3.590428791673030081E-15 ) ) ;
#667 = CARTESIAN_POINT ( 'NONE',  ( 5.984739045710472105, 5.904211647661679052, 0.000000000000000000 ) ) ;
#668 = EDGE_CURVE ( 'NONE', #2246, #7324, #333, .T. ) ;
#669 = ORIENTED_EDGE ( 'NONE', *, *, #217, .T. ) ;
#670 = FACE_OUTER_BOUND ( 'NONE', #3510, .T. ) ;
#671 = ORIENTED_EDGE ( 'NONE', *, *, #2500, .T. ) ;
#672 = LINE ( 'NONE', #5235, #7353 ) ;
#673 = VECTOR ( 'NONE', #5675, 39.37007874015748143 ) ;
#674 = ADVANCED_FACE ( 'NONE', ( #1475 ), #3820, .T. ) ;
#675 = CIRCLE ( 'NONE', #3616, 0.1653543307086613734 ) ;
#676 = EDGE_LOOP ( 'NONE', ( #849, #5846 ) ) ;
#677 = ADVANCED_FACE ( 'NONE', ( #5502 ), #2724, .F. ) ;
#678 = CARTESIAN_POINT ( 'NONE',  ( 12.59999999999999609, -9.449999999999999289, 0.000000000000000000 ) ) ;
#679 = EDGE_CURVE ( 'NONE', #7525, #6932, #4324, .T. ) ;
#680 = DIRECTION ( 'NONE',  ( 1.000000000000000000, -2.093734754490789434E-16, 0.000000000000000000 ) ) ;
#681 = EDGE_CURVE ( 'NONE', #1924, #910, #5285, .T. ) ;
#682 = CIRCLE ( 'NONE', #5715, 51.95339843179001349 ) ;
#683 = VECTOR ( 'NONE', #2688, 39.37007874015748143 ) ;
#684 = CARTESIAN_POINT ( 'NONE',  ( 1.159999999999995035, 2.000000000000001776, 4.370956789862821150E-15 ) ) ;
#685 = PRODUCT_DEFINITION_SHAPE ( 'NONE', 'NONE',  #7613 ) ;
#686 = EDGE_CURVE ( 'NONE', #3317, #296, #406, .T. ) ;
#687 = DIRECTION ( 'NONE',  ( -8.537024980200854605E-17, -1.000000000000000000, 4.660230287205253334E-17 ) ) ;
#688 = VERTEX_POINT ( 'NONE', #2005 ) ;
#689 = ADVANCED_FACE ( 'NONE', ( #2816 ), #3218, .F. ) ;
#690 = AXIS2_PLACEMENT_3D ( 'NONE', #7290, #4919, #5413 ) ;
#691 = ORIENTED_EDGE ( 'NONE', *, *, #169, .F. ) ;
#692 = ORIENTED_EDGE ( 'NONE', *, *, #6093, .F. ) ;
#693 = DIRECTION ( 'NONE',  ( -0.000000000000000000, -0.000000000000000000, -1.000000000000000000 ) ) ;
#694 = DIRECTION ( 'NONE',  ( -0.000000000000000000, -0.000000000000000000, -1.000000000000000000 ) ) ;
#695 = CARTESIAN_POINT ( 'NONE',  ( 2.344645669291333334, 1.999374015748023758, 0.7596456692913488018 ) ) ;
#696 = AXIS2_PLACEMENT_3D ( 'NONE', #3757, #7237, #6106 ) ;
#697 = FACE_OUTER_BOUND ( 'NONE', #5506, .T. ) ;
#698 =( REPRESENTATION_RELATIONSHIP ('NONE','NONE', #754, #6547 ) REPRESENTATION_RELATIONSHIP_WITH_TRANSFORMATION ( #2867 )SHAPE_REPRESENTATION_RELATIONSHIP( ) );
#699 = LINE ( 'NONE', #2455, #3801 ) ;
#700 = DIRECTION ( 'NONE',  ( 0.000000000000000000, 0.000000000000000000, 1.000000000000000222 ) ) ;
#701 = ORIENTED_EDGE ( 'NONE', *, *, #6134, .F. ) ;
#702 = CARTESIAN_POINT ( 'NONE',  ( -10.75477272147525909, 3.250000000000000444, -1.719999999999999973 ) ) ;
#703 = ORIENTED_EDGE ( 'NONE', *, *, #3390, .F. ) ;
#704 = DIRECTION ( 'NONE',  ( 1.000000000000000000, 0.000000000000000000, 0.000000000000000000 ) ) ;
#705 = EDGE_LOOP ( 'NONE', ( #149, #6583, #4646, #2725 ) ) ;
#706 = CARTESIAN_POINT ( 'NONE',  ( -12.60000000000000497, -9.449999999999999289, -1.770000000000000018 ) ) ;
#707 = VECTOR ( 'NONE', #817, 39.37007874015748143 ) ;
#708 = DIRECTION ( 'NONE',  ( 3.304235192336779062E-15, 0.000000000000000000, -1.000000000000000000 ) ) ;
#709 = PLANE ( 'NONE',  #4625 ) ;
#710 = DIRECTION ( 'NONE',  ( -0.000000000000000000, -0.000000000000000000, -1.000000000000000000 ) ) ;
#711 = EDGE_LOOP ( 'NONE', ( #4971, #7453, #5060, #3185 ) ) ;
#712 = FACE_BOUND ( 'NONE', #5499, .T. ) ;
#713 = ORIENTED_EDGE ( 'NONE', *, *, #6906, .T. ) ;
#714 = AXIS2_PLACEMENT_3D ( 'NONE', #2884, #4032, #161 ) ;
#715 = CARTESIAN_POINT ( 'NONE',  ( 10.85477272147523742, 9.450000000000002842, -1.770000000000000018 ) ) ;
#716 = AXIS2_PLACEMENT_3D ( 'NONE', #28, #647, #7153 ) ;
#717 = ORIENTED_EDGE ( 'NONE', *, *, #64, .F. ) ;
#718 = ORIENTED_EDGE ( 'NONE', *, *, #857, .T. ) ;
#719 = DIRECTION ( 'NONE',  ( -0.7071067811865476838, -0.7071067811865473507, 0.000000000000000000 ) ) ;
#720 = EDGE_CURVE ( 'NONE', #1604, #2168, #6915, .T. ) ;
#721 = LINE ( 'NONE', #6019, #3676 ) ;
#722 = ADVANCED_FACE ( 'NONE', ( #5191 ), #7415, .T. ) ;
#723 = DIRECTION ( 'NONE',  ( -1.000000000000000000, 2.093734754490789434E-16, 0.000000000000000000 ) ) ;
#724 = EDGE_CURVE ( 'NONE', #6476, #2360, #2122, .T. ) ;
#725 = ORIENTED_EDGE ( 'NONE', *, *, #3833, .F. ) ;
#726 = VERTEX_POINT ( 'NONE', #1692 ) ;
#727 = ADVANCED_FACE ( 'NONE', ( #6288 ), #6831, .F. ) ;
#728 = EDGE_LOOP ( 'NONE', ( #830, #4564, #3847, #1812 ) ) ;
#729 = CARTESIAN_POINT ( 'NONE',  ( 6.344645669291333334, 1.999999999999997780, 0.9250000000000102585 ) ) ;
#730 = CARTESIAN_POINT ( 'NONE',  ( -7.029999999999996696, 0.2500000000000000000, 9.390000000000002345 ) ) ;
#731 = DIRECTION ( 'NONE',  ( -0.7071067811865476838, -0.7071067811865473507, 0.000000000000000000 ) ) ;
#732 = CARTESIAN_POINT ( 'NONE',  ( 2.420580475199245019, 19.71186723724616385, -2.000000000000001332 ) ) ;
#733 = VECTOR ( 'NONE', #4355, 39.37007874015748143 ) ;
#734 = CIRCLE ( 'NONE', #2815, 0.1377952755905512972 ) ;
#735 = CARTESIAN_POINT ( 'NONE',  ( 1.409999999999998144, 23.14000000000000412, 0.7500000000000056621 ) ) ;
#736 = DIRECTION ( 'NONE',  ( 0.000000000000000000, 0.000000000000000000, 1.000000000000000222 ) ) ;
#737 = ORIENTED_EDGE ( 'NONE', *, *, #1246, .T. ) ;
#738 = PLANE ( 'NONE',  #5838 ) ;
#739 = EDGE_LOOP ( 'NONE', ( #2677, #177, #1638, #4005, #5055, #335, #458, #6871, #1743, #1770, #3589, #1639, #620, #713, #4722, #5424, #3562, #5588, #2480, #3651 ) ) ;
#740 = DIRECTION ( 'NONE',  ( -0.000000000000000000, -1.000000000000000000, -0.000000000000000000 ) ) ;
#741 = VERTEX_POINT ( 'NONE', #1021 ) ;
#742 = VECTOR ( 'NONE', #2429, 39.37007874015748854 ) ;
#743 = VECTOR ( 'NONE', #6464, 39.37007874015748143 ) ;
#744 = DIRECTION ( 'NONE',  ( -0.7071067811865476838, -0.7071067811865473507, 0.000000000000000000 ) ) ;
#745 = LINE ( 'NONE', #1203, #375 ) ;
#746 = DIRECTION ( 'NONE',  ( 1.000000000000000000, 0.000000000000000000, 0.000000000000000000 ) ) ;
#747 = CARTESIAN_POINT ( 'NONE',  ( -6.300000000000008704, 7.704772721475252162, -1.719999999999999973 ) ) ;
#748 = VECTOR ( 'NONE', #3972, 39.37007874015748143 ) ;
#749 = AXIS2_PLACEMENT_3D ( 'NONE', #5938, #4860, #6100 ) ;
#750 = ORIENTED_EDGE ( 'NONE', *, *, #7170, .T. ) ;
#751 = CARTESIAN_POINT ( 'NONE',  ( 2.185860046268665258, 23.14000000000000412, 0.000000000000000000 ) ) ;
#752 = EDGE_LOOP ( 'NONE', ( #7025, #2803, #2748 ) ) ;
#753 = AXIS2_PLACEMENT_3D ( 'NONE', #1637, #1568, #3339 ) ;
#754 = SHAPE_REPRESENTATION ( 'Veloxity LED iPoster Wall', ( #6362, #2533, #2419, #6855, #4502, #5473, #6472, #4376, #6730, #3401, #4987, #2791, #4383, #2673, #4628, #714, #1075, #6987, #1319, #468, #3908, #4267, #5617, #584, #7480, #4870, #4509, #2301, #1917, #6859, #4738, #1192, #5234, #1796, #6480, #2175, #5735, #1563, #5858, #5611, #97, #6108, #3155, #2421, #350, #5353, #6237, #7104, #6602 ), #3772 ) ;
#755 = EDGE_LOOP ( 'NONE', ( #2671, #663 ) ) ;
#756 = EDGE_LOOP ( 'NONE', ( #6817, #4577, #2965, #7378 ) ) ;
#757 = DIRECTION ( 'NONE',  ( -0.000000000000000000, -0.000000000000000000, -1.000000000000000000 ) ) ;
#758 = DIRECTION ( 'NONE',  ( 0.7071067811865473507, -0.7071067811865475727, 0.000000000000000000 ) ) ;
#759 = EDGE_LOOP ( 'NONE', ( #123, #4678, #6469, #4881 ) ) ;
#760 = DIRECTION ( 'NONE',  ( 3.512375991854052315E-15, 0.000000000000000000, 1.000000000000000000 ) ) ;
#761 = ORIENTED_EDGE ( 'NONE', *, *, #3260, .T. ) ;
#762 = ADVANCED_FACE ( 'NONE', ( #4054 ), #6988, .F. ) ;
#763 = CARTESIAN_POINT ( 'NONE',  ( 2.420580475199245019, 19.71186723724616385, -0.2500000000000000555 ) ) ;
#764 = DIRECTION ( 'NONE',  ( -0.000000000000000000, -0.000000000000000000, -1.000000000000000000 ) ) ;
#765 = CARTESIAN_POINT ( 'NONE',  ( -4.454772721475258379, -3.149999999999997691, -1.719999999999999973 ) ) ;
#766 = FACE_OUTER_BOUND ( 'NONE', #1564, .T. ) ;
#767 = VECTOR ( 'NONE', #4041, 39.37007874015748143 ) ;
#768 = ADVANCED_FACE ( 'NONE', ( #1088 ), #3909, .F. ) ;
#769 = LINE ( 'NONE', #6259, #4816 ) ;
#770 = ORIENTED_EDGE ( 'NONE', *, *, #1801, .F. ) ;
#771 = LINE ( 'NONE', #735, #499 ) ;
#772 = DIRECTION ( 'NONE',  ( 0.000000000000000000, 0.000000000000000000, 1.000000000000000000 ) ) ;
#773 = ORIENTED_EDGE ( 'NONE', *, *, #2607, .T. ) ;
#774 = CYLINDRICAL_SURFACE ( 'NONE', #3507, 0.1377952755905512972 ) ;
#775 = CARTESIAN_POINT ( 'NONE',  ( 7.850411144749171122, 2.134908648008775778, -0.1798833948393572246 ) ) ;
#776 = EDGE_CURVE ( 'NONE', #428, #7266, #1053, .T. ) ;
#777 = DIRECTION ( 'NONE',  ( -0.000000000000000000, -0.000000000000000000, -1.000000000000000000 ) ) ;
#778 = EDGE_CURVE ( 'NONE', #1343, #1325, #2606, .T. ) ;
#779 = VERTEX_POINT ( 'NONE', #5664 ) ;
#780 = FACE_BOUND ( 'NONE', #72, .T. ) ;
#781 = DIRECTION ( 'NONE',  ( -0.000000000000000000, -0.000000000000000000, -1.000000000000000000 ) ) ;
#782 = DIRECTION ( 'NONE',  ( 5.673905776490330561E-30, 3.434323192035072183E-15, -1.000000000000000000 ) ) ;
#783 = DIRECTION ( 'NONE',  ( 0.000000000000000000, 3.304235192336770779E-15, 1.000000000000000000 ) ) ;
#784 = EDGE_CURVE ( 'NONE', #6008, #6932, #411, .T. ) ;
#785 = AXIS2_PLACEMENT_3D ( 'NONE', #2469, #2580, #3737 ) ;
#786 = ORIENTED_EDGE ( 'NONE', *, *, #5345, .T. ) ;
#787 = CARTESIAN_POINT ( 'NONE',  ( 1.159999999999994813, -9.902948977032936911E-17, 8.741913579725642299E-15 ) ) ;
#788 = ORIENTED_EDGE ( 'NONE', *, *, #56, .F. ) ;
#789 = DIRECTION ( 'NONE',  ( -1.000000000000000000, 0.000000000000000000, 0.000000000000000000 ) ) ;
#790 = VERTEX_POINT ( 'NONE', #481 ) ;
#791 = ORIENTED_EDGE ( 'NONE', *, *, #6709, .F. ) ;
#792 = DIRECTION ( 'NONE',  ( -0.000000000000000000, -0.000000000000000000, 1.000000000000000000 ) ) ;
#793 = CARTESIAN_POINT ( 'NONE',  ( 10.75477272147524310, 3.200000000000001510, -1.719999999999999973 ) ) ;
#794 = ORIENTED_EDGE ( 'NONE', *, *, #3015, .F. ) ;
#795 = FACE_BOUND ( 'NONE', #5721, .T. ) ;
#796 = VECTOR ( 'NONE', #451, 39.37007874015748143 ) ;
#797 = ORIENTED_EDGE ( 'NONE', *, *, #224, .F. ) ;
#798 = AXIS2_PLACEMENT_3D ( 'NONE', #1260, #4868, #3139 ) ;
#799 = CARTESIAN_POINT ( 'NONE',  ( 11.73779527559057634, 8.449999999999999289, -0.9719999999999998641 ) ) ;
#800 = CARTESIAN_POINT ( 'NONE',  ( 4.187864042533941067, 15.64893697419836904, 0.000000000000000000 ) ) ;
#801 = DIRECTION ( 'NONE',  ( 0.000000000000000000, -1.000000000000000000, 0.000000000000000000 ) ) ;
#802 = PLANE ( 'NONE',  #6832 ) ;
#803 = LINE ( 'NONE', #2528, #1358 ) ;
#804 = CIRCLE ( 'NONE', #6339, 0.1653543307086616510 ) ;
#805 = VECTOR ( 'NONE', #2664, 39.37007874015748143 ) ;
#806 = ADVANCED_FACE ( 'NONE', ( #3946 ), #3358, .F. ) ;
#807 = CARTESIAN_POINT ( 'NONE',  ( 12.59999999999999609, -7.604772721475247188, -1.770000000000000018 ) ) ;
#808 = DIRECTION ( 'NONE',  ( -0.000000000000000000, -0.000000000000000000, 1.000000000000000000 ) ) ;
#809 = ORIENTED_EDGE ( 'NONE', *, *, #819, .F. ) ;
#810 = VECTOR ( 'NONE', #6851, 39.37007874015748143 ) ;
#811 = CARTESIAN_POINT ( 'NONE',  ( -4.370956789862821150E-15, 1.354772721475247632, -1.719999999999999973 ) ) ;
#812 = DIRECTION ( 'NONE',  ( -0.000000000000000000, -0.000000000000000000, -1.000000000000000000 ) ) ;
#813 = DIRECTION ( 'NONE',  ( -0.000000000000000000, -0.000000000000000000, -1.000000000000000000 ) ) ;
#814 = ORIENTED_EDGE ( 'NONE', *, *, #1795, .T. ) ;
#815 = LINE ( 'NONE', #3229, #4065 ) ;
#816 = MANIFOLD_SOLID_BREP ( 'LPattern1', #4459 ) ;
#817 = DIRECTION ( 'NONE',  ( -0.7071067811865476838, -0.7071067811865473507, 0.000000000000000000 ) ) ;
#818 = DIRECTION ( 'NONE',  ( 0.7071067811865476838, 0.7071067811865473507, -0.000000000000000000 ) ) ;
#819 = EDGE_CURVE ( 'NONE', #4481, #183, #4377, .T. ) ;
#820 = LINE ( 'NONE', #6124, #253 ) ;
#821 = EDGE_LOOP ( 'NONE', ( #353, #4939, #4282, #3779, #5459, #3241 ) ) ;
#822 = DIRECTION ( 'NONE',  ( 3.304235192336784584E-15, 0.000000000000000000, -1.000000000000000000 ) ) ;
#823 = VERTEX_POINT ( 'NONE', #3844 ) ;
#824 = DIRECTION ( 'NONE',  ( -2.481152237738077125E-15, -0.7071067811865472397, -0.7071067811865477948 ) ) ;
#825 = ADVANCED_FACE ( 'NONE', ( #4988 ), #7288, .F. ) ;
#826 = VECTOR ( 'NONE', #6514, 39.37007874015748143 ) ;
#827 = EDGE_CURVE ( 'NONE', #2571, #3613, #6700, .T. ) ;
#828 = CARTESIAN_POINT ( 'NONE',  ( 11.60000000000002451, 8.449999999999999289, -1.719999999999999973 ) ) ;
#829 = EDGE_LOOP ( 'NONE', ( #4761, #2957, #1873, #6466 ) ) ;
#830 = ORIENTED_EDGE ( 'NONE', *, *, #3123, .T. ) ;
#831 = LINE ( 'NONE', #2336, #5640 ) ;
#832 = LINE ( 'NONE', #5470, #2710 ) ;
#833 = LINE ( 'NONE', #1971, #5440 ) ;
#834 = VERTEX_POINT ( 'NONE', #2068 ) ;
#835 = CARTESIAN_POINT ( 'NONE',  ( -8.741913579725642299E-15, -7.604772721475248076, -1.719999999999999973 ) ) ;
#836 = ORIENTED_EDGE ( 'NONE', *, *, #1331, .T. ) ;
#837 = CONTEXT_DEPENDENT_SHAPE_REPRESENTATION ( #5941, #4001 ) ;
#838 = FACE_BOUND ( 'NONE', #2001, .T. ) ;
#839 = FACE_BOUND ( 'NONE', #3748, .T. ) ;
#840 = DIRECTION ( 'NONE',  ( -0.000000000000000000, -0.000000000000000000, 1.000000000000000000 ) ) ;
#841 = CARTESIAN_POINT ( 'NONE',  ( 4.344645669291333334, 1.999374015748017763, -1.340354330708657615 ) ) ;
#842 = ADVANCED_BREP_SHAPE_REPRESENTATION ( '', ( #5899, #5850 ), #2785 ) ;
#843 = DIMENSIONAL_EXPONENTS ( 1.000000000000000000, 0.000000000000000000, 0.000000000000000000, 0.000000000000000000, 0.000000000000000000, 0.000000000000000000, 0.000000000000000000 ) ;
#844 = CARTESIAN_POINT ( 'NONE',  ( 12.59999999999999609, -9.449999999999999289, -1.770000000000000018 ) ) ;
#845 = CARTESIAN_POINT ( 'NONE',  ( 125.9399999999999977, 47.50000000000000000, 0.6100000000000025402 ) ) ;
#846 = DIRECTION ( 'NONE',  ( -1.000000000000000000, 8.537024980200837349E-17, -3.512375991854052315E-15 ) ) ;
#847 = CARTESIAN_POINT ( 'NONE',  ( -8.741913579725642299E-15, 5.095227278524751213, -1.719999999999999973 ) ) ;
#848 = LINE ( 'NONE', #2149, #193 ) ;
#849 = ORIENTED_EDGE ( 'NONE', *, *, #4329, .F. ) ;
#850 = CARTESIAN_POINT ( 'NONE',  ( -4.454772721475258379, -9.449999999999999289, -1.719999999999999973 ) ) ;
#851 = VECTOR ( 'NONE', #6881, 39.37007874015748143 ) ;
#852 = EDGE_CURVE ( 'NONE', #1922, #6442, #2147, .T. ) ;
#853 = CARTESIAN_POINT ( 'NONE',  ( 10.85477272147524275, 9.449999999999999289, -1.770000000000000018 ) ) ;
#854 = PLANE ( 'NONE',  #4174 ) ;
#855 = ORIENTED_EDGE ( 'NONE', *, *, #453, .T. ) ;
#856 = FACE_OUTER_BOUND ( 'NONE', #7305, .T. ) ;
#857 = EDGE_CURVE ( 'NONE', #5897, #3669, #7325, .T. ) ;
#858 = VERTEX_POINT ( 'NONE', #3894 ) ;
#859 = AXIS2_PLACEMENT_3D ( 'NONE', #82, #3027, #6541 ) ;
#860 = CARTESIAN_POINT ( 'NONE',  ( 2.185860046268665258, 22.89000000000000412, -0.2500000000000000000 ) ) ;
#861 = EDGE_CURVE ( 'NONE', #4650, #5193, #5030, .T. ) ;
#862 = DIRECTION ( 'NONE',  ( 0.000000000000000000, 3.304235192336770779E-15, 1.000000000000000000 ) ) ;
#863 = CARTESIAN_POINT ( 'NONE',  ( 10.75477272147524310, 3.250000000000000444, -1.719999999999999973 ) ) ;
#864 = AXIS2_PLACEMENT_3D ( 'NONE', #7169, #2350, #5416 ) ;
#865 = ADVANCED_FACE ( 'NONE', ( #5612, #356, #3149, #2108 ), #6238, .F. ) ;
#866 = VECTOR ( 'NONE', #7306, 39.37007874015748143 ) ;
#867 = VERTEX_POINT ( 'NONE', #811 ) ;
#868 = ORIENTED_EDGE ( 'NONE', *, *, #1709, .T. ) ;
#869 = EDGE_LOOP ( 'NONE', ( #2470, #1048 ) ) ;
#870 = CARTESIAN_POINT ( 'NONE',  ( 1.159999999999979714, 23.14000000000000412, -0.9999999999999835687 ) ) ;
#871 = ORIENTED_EDGE ( 'NONE', *, *, #7129, .T. ) ;
#872 = CARTESIAN_POINT ( 'NONE',  ( -12.60000000000000497, -9.449999999999999289, -1.770000000000000018 ) ) ;
#873 = CONICAL_SURFACE ( 'NONE', #1110, 0.1377952755905512972, 1.029744258676655200 ) ;
#874 = ORIENTED_EDGE ( 'NONE', *, *, #2268, .T. ) ;
#875 = ADVANCED_FACE ( 'NONE', ( #5486 ), #277, .F. ) ;
#876 = DIRECTION ( 'NONE',  ( -1.000000000000000000, 0.000000000000000000, 0.000000000000000000 ) ) ;
#877 = EDGE_CURVE ( 'NONE', #1901, #7435, #6742, .T. ) ;
#878 = EDGE_CURVE ( 'NONE', #907, #376, #1459, .T. ) ;
#879 = VECTOR ( 'NONE', #1038, 39.37007874015748143 ) ;
#880 = ORIENTED_EDGE ( 'NONE', *, *, #1988, .T. ) ;
#881 = CONTEXT_DEPENDENT_SHAPE_REPRESENTATION ( #5546, #4849 ) ;
#882 = FACE_BOUND ( 'NONE', #6069, .T. ) ;
#883 = CARTESIAN_POINT ( 'NONE',  ( -12.53999999999999737, 0.2500000000000000000, 9.390000000000002345 ) ) ;
#884 = FACE_OUTER_BOUND ( 'NONE', #1323, .T. ) ;
#885 = DIRECTION ( 'NONE',  ( 0.000000000000000000, 0.000000000000000000, -1.000000000000000000 ) ) ;
#886 = DIRECTION ( 'NONE',  ( 5.673905776490330561E-30, 3.434323192035072183E-15, -1.000000000000000000 ) ) ;
#887 = DIRECTION ( 'NONE',  ( 0.000000000000000000, 0.000000000000000000, 1.000000000000000222 ) ) ;
#888 = EDGE_LOOP ( 'NONE', ( #925, #298, #3862 ) ) ;
#889 =( CONVERSION_BASED_UNIT ( 'INCH', #318 ) LENGTH_UNIT ( ) NAMED_UNIT ( #6757 ) );
#890 = CARTESIAN_POINT ( 'NONE',  ( 7.849041308284765428, 2.173733356870180877, -0.04417476407600460370 ) ) ;
#891 = CARTESIAN_POINT ( 'NONE',  ( 2.344645669291333334, 1.999374015748022870, 1.090354330708671604 ) ) ;
#892 = ORIENTED_EDGE ( 'NONE', *, *, #4693, .F. ) ;
#893 = LINE ( 'NONE', #6708, #5025 ) ;
#894 = DIRECTION ( 'NONE',  ( 0.000000000000000000, -0.000000000000000000, 1.000000000000000000 ) ) ;
#895 = DIRECTION ( 'NONE',  ( 1.000000000000000000, -8.537024980200837349E-17, 3.491481338843132961E-15 ) ) ;
#896 = DIRECTION ( 'NONE',  ( -1.000000000000000000, 0.000000000000000000, 0.000000000000000000 ) ) ;
#897 = DIRECTION ( 'NONE',  ( -0.7071067811865475727, 0.7071067811865475727, 0.000000000000000000 ) ) ;
#898 =( LENGTH_UNIT ( ) NAMED_UNIT ( * ) SI_UNIT ( $, .METRE. ) );
#899 = ORIENTED_EDGE ( 'NONE', *, *, #4161, .T. ) ;
#900 = CARTESIAN_POINT ( 'NONE',  ( 1.845227278524741221, -9.449999999999999289, -1.719999999999999973 ) ) ;
#901 = VERTEX_POINT ( 'NONE', #2340 ) ;
#902 = DIMENSIONAL_EXPONENTS ( 1.000000000000000000, 0.000000000000000000, 0.000000000000000000, 0.000000000000000000, 0.000000000000000000, 0.000000000000000000, 0.000000000000000000 ) ;
#903 = CARTESIAN_POINT ( 'NONE',  ( -12.60000000000000497, -9.449999999999999289, -1.770000000000000018 ) ) ;
#904 = FACE_OUTER_BOUND ( 'NONE', #3162, .T. ) ;
#905 = EDGE_CURVE ( 'NONE', #901, #94, #7481, .T. ) ;
#906 = ORIENTED_EDGE ( 'NONE', *, *, #7085, .T. ) ;
#907 = VERTEX_POINT ( 'NONE', #431 ) ;
#908 = ORIENTED_EDGE ( 'NONE', *, *, #5935, .F. ) ;
#909 = CARTESIAN_POINT ( 'NONE',  ( -6.924606895954950936, 11.70033416803600801, -0.2500000000000012212 ) ) ;
#910 = VERTEX_POINT ( 'NONE', #5760 ) ;
#911 = PLANE ( 'NONE',  #2386 ) ;
#912 = EDGE_LOOP ( 'NONE', ( #4728, #4261, #5658, #4395 ) ) ;
#913 = DIRECTION ( 'NONE',  ( 0.7071067811865474617, 0.7071067811865474617, 0.000000000000000000 ) ) ;
#914 = ADVANCED_FACE ( 'NONE', ( #6387 ), #5210, .T. ) ;
#915 = EDGE_CURVE ( 'NONE', #1502, #7555, #5832, .T. ) ;
#916 = ORIENTED_EDGE ( 'NONE', *, *, #6101, .F. ) ;
#917 = EDGE_CURVE ( 'NONE', #1443, #1606, #507, .T. ) ;
#918 = CARTESIAN_POINT ( 'NONE',  ( -10.75477272147525909, -3.099999999999999201, -1.719999999999999973 ) ) ;
#919 = CARTESIAN_POINT ( 'NONE',  ( 1.509999999999995568, 2.250000000000008882, 0.1000000000000095812 ) ) ;
#920 = CARTESIAN_POINT ( 'NONE',  ( 4.000000000000004441, 2.000000000000002220, 0.7596456692913488018 ) ) ;
#921 = PRODUCT_DEFINITION_SHAPE ( 'NONE', 'NONE',  #6375 ) ;
#922 = DIRECTION ( 'NONE',  ( -1.000000000000000000, 0.000000000000000000, -0.000000000000000000 ) ) ;
#923 = EDGE_CURVE ( 'NONE', #5785, #1718, #4008, .T. ) ;
#924 = VECTOR ( 'NONE', #4360, 39.37007874015748143 ) ;
#925 = ORIENTED_EDGE ( 'NONE', *, *, #6511, .F. ) ;
#926 = PLANE ( 'NONE',  #1111 ) ;
#927 = DIRECTION ( 'NONE',  ( -1.000000000000000222, 0.000000000000000000, 0.000000000000000000 ) ) ;
#928 = VERTEX_POINT ( 'NONE', #5724 ) ;
#929 = LINE ( 'NONE', #6272, #683 ) ;
#930 = LINE ( 'NONE', #359, #3500 ) ;
#931 = EDGE_LOOP ( 'NONE', ( #5243, #6365, #5974, #589 ) ) ;
#932 = AXIS2_PLACEMENT_3D ( 'NONE', #87, #203, #6546 ) ;
#933 = CARTESIAN_POINT ( 'NONE',  ( -4.370956789862821150E-15, -7.604772721475247188, -1.770000000000000018 ) ) ;
#934 = DIRECTION ( 'NONE',  ( -0.7071067811865476838, -0.7071067811865473507, 0.000000000000000000 ) ) ;
#935 = CARTESIAN_POINT ( 'NONE',  ( 11.46220472440947269, -8.449999999999999289, -1.645000000000000018 ) ) ;
#936 = AXIS2_PLACEMENT_3D ( 'NONE', #5134, #2178, #3412 ) ;
#937 = DIRECTION ( 'NONE',  ( -2.731847993664263218E-17, -1.000000000000000000, 0.000000000000000000 ) ) ;
#938 = AXIS2_PLACEMENT_3D ( 'NONE', #1675, #998, #7542 ) ;
#939 = VECTOR ( 'NONE', #3498, 39.37007874015748143 ) ;
#940 = ORIENTED_EDGE ( 'NONE', *, *, #1846, .T. ) ;
#941 = CARTESIAN_POINT ( 'NONE',  ( 1.845227278524741221, -9.449999999999999289, -1.770000000000000018 ) ) ;
#942 = VERTEX_POINT ( 'NONE', #5798 ) ;
#943 = DIRECTION ( 'NONE',  ( -0.7071067811865473507, 0.7071067811865476838, 0.000000000000000000 ) ) ;
#944 = CIRCLE ( 'NONE', #3893, 0.1653543307086607073 ) ;
#945 = CARTESIAN_POINT ( 'NONE',  ( 8.145227278524741266, 3.250000000000000444, -1.770000000000000018 ) ) ;
#946 = CARTESIAN_POINT ( 'NONE',  ( 8.145227278524741266, 3.200000000000001954, -1.719999999999999973 ) ) ;
#947 = ORIENTED_EDGE ( 'NONE', *, *, #2417, .F. ) ;
#948 =( REPRESENTATION_RELATIONSHIP ('NONE','NONE', #754, #5201 ) REPRESENTATION_RELATIONSHIP_WITH_TRANSFORMATION ( #3563 )SHAPE_REPRESENTATION_RELATIONSHIP( ) );
#949 = ORIENTED_EDGE ( 'NONE', *, *, #4999, .T. ) ;
#950 = ORIENTED_EDGE ( 'NONE', *, *, #6359, .F. ) ;
#951 = CARTESIAN_POINT ( 'NONE',  ( -4.554772721475260688, 9.449999999999999289, -1.770000000000000018 ) ) ;
#952 = ORIENTED_EDGE ( 'NONE', *, *, #6560, .F. ) ;
#953 = CYLINDRICAL_SURFACE ( 'NONE', #6951, 0.1653543307086613734 ) ;
#954 = ORIENTED_EDGE ( 'NONE', *, *, #444, .F. ) ;
#955 = LINE ( 'NONE', #5015, #6385 ) ;
#956 = DIRECTION ( 'NONE',  ( 1.000000000000000000, -1.720849129867250197E-15, -2.360463002061416414E-31 ) ) ;
#957 = VERTEX_POINT ( 'NONE', #4672 ) ;
#958 = ITEM_DEFINED_TRANSFORMATION ( 'NONE', 'NONE', #6237,  #5850 ) ;
#959 = LINE ( 'NONE', #270, #3754 ) ;
#960 = ADVANCED_FACE ( 'NONE', ( #2804 ), #2226, .F. ) ;
#961 = CARTESIAN_POINT ( 'NONE',  ( 4.344645669291333334, 1.999374015748018873, -1.009645669291334480 ) ) ;
#962 = PLANE ( 'NONE',  #3999 ) ;
#963 = CARTESIAN_POINT ( 'NONE',  ( 2.176780981213570332, 2.781713543831470403, -2.000000000000001332 ) ) ;
#964 = ADVANCED_FACE ( 'NONE', ( #469 ), #5684, .F. ) ;
#965 = EDGE_CURVE ( 'NONE', #1295, #5342, #5403, .T. ) ;
#966 = ORIENTED_EDGE ( 'NONE', *, *, #6798, .F. ) ;
#967 = ORIENTED_EDGE ( 'NONE', *, *, #6889, .F. ) ;
#968 = SURFACE_SIDE_STYLE ('',( #6786 ) ) ;
#969 = CARTESIAN_POINT ( 'NONE',  ( 7.846301635355955817, 2.323825211564067850, -0.2526027323331631047 ) ) ;
#970 = CARTESIAN_POINT ( 'NONE',  ( 1.845227278524741221, 3.200000000000001954, -1.770000000000000018 ) ) ;
#971 = CARTESIAN_POINT ( 'NONE',  ( -8.145227278524757253, 9.550000000000000711, -1.770000000000000018 ) ) ;
#972 = EDGE_CURVE ( 'NONE', #6204, #7150, #7007, .T. ) ;
#973 = CARTESIAN_POINT ( 'NONE',  ( 6.299999999999995381, -7.604772721475247188, -1.770000000000000018 ) ) ;
#974 = FACE_BOUND ( 'NONE', #676, .T. ) ;
#975 =( NAMED_UNIT ( * ) SI_UNIT ( $, .STERADIAN. ) SOLID_ANGLE_UNIT ( ) );
#976 = ORIENTED_EDGE ( 'NONE', *, *, #7414, .T. ) ;
#977 = CARTESIAN_POINT ( 'NONE',  ( 7.755526866610956915, 6.260566922747311303, -0.2500000000000000555 ) ) ;
#978 = ORIENTED_EDGE ( 'NONE', *, *, #1838, .T. ) ;
#979 = CARTESIAN_POINT ( 'NONE',  ( 4.344645669291333334, 1.999374015748018873, -1.009645669291334480 ) ) ;
#980 = ORIENTED_EDGE ( 'NONE', *, *, #5503, .F. ) ;
#981 = VECTOR ( 'NONE', #6797, 39.37007874015748143 ) ;
#982 = VERTEX_POINT ( 'NONE', #222 ) ;
#983 = VECTOR ( 'NONE', #4976, 39.37007874015748143 ) ;
#984 = ORIENTED_EDGE ( 'NONE', *, *, #2976, .F. ) ;
#985 = CYLINDRICAL_SURFACE ( 'NONE', #3066, 10.04786461282786547 ) ;
#986 = PRODUCT ( 'LED iPoster - Panel', 'LED iPoster - Panel', '', ( #2299 ) ) ;
#987 = ORIENTED_EDGE ( 'NONE', *, *, #4993, .T. ) ;
#988 = DIRECTION ( 'NONE',  ( 0.000000000000000000, 1.000000000000000000, 0.000000000000000000 ) ) ;
#989 = ORIENTED_EDGE ( 'NONE', *, *, #7026, .T. ) ;
#990 = CARTESIAN_POINT ( 'NONE',  ( 11.60000000000002451, 8.449999999999999289, -0.9719999999999998641 ) ) ;
#991 = AXIS2_PLACEMENT_3D ( 'NONE', #2087, #6209, #7021 ) ;
#992 = VECTOR ( 'NONE', #937, 39.37007874015748143 ) ;
#993 = DIRECTION ( 'NONE',  ( -0.000000000000000000, 1.000000000000000000, 8.537024980200866931E-17 ) ) ;
#994 = ORIENTED_EDGE ( 'NONE', *, *, #6086, .T. ) ;
#995 = CIRCLE ( 'NONE', #6646, 10.04786461282786547 ) ;
#996 = VECTOR ( 'NONE', #4069, 39.37007874015748854 ) ;
#997 = CARTESIAN_POINT ( 'NONE',  ( 1.159999999999993037, 3.000000000000055511, 0.5846456692913195585 ) ) ;
#998 = DIRECTION ( 'NONE',  ( 1.892934042853975138E-15, 1.000000000000000000, -3.590428791673030081E-15 ) ) ;
#999 = FACE_OUTER_BOUND ( 'NONE', #4039, .T. ) ;
#1000 = EDGE_CURVE ( 'NONE', #3808, #2874, #3950, .T. ) ;
#1001 = ORIENTED_EDGE ( 'NONE', *, *, #21, .F. ) ;
#1002 = PRODUCT_CONTEXT ( 'NONE', #6345, 'mechanical' ) ;
#1003 = VERTEX_POINT ( 'NONE', #4637 ) ;
#1004 = CARTESIAN_POINT ( 'NONE',  ( -7.029999999999996696, 0.2500000000000000000, 9.390000000000002345 ) ) ;
#1005 = LINE ( 'NONE', #432, #3493 ) ;
#1006 = CARTESIAN_POINT ( 'NONE',  ( 6.344645669291334222, 2.249999999999998224, 0.7596456692913496900 ) ) ;
#1007 = ADVANCED_FACE ( 'NONE', ( #6306 ), #3343, .T. ) ;
#1008 = LINE ( 'NONE', #5802, #3687 ) ;
#1009 = LINE ( 'NONE', #973, #2990 ) ;
#1010 = EDGE_CURVE ( 'NONE', #982, #100, #1722, .T. ) ;
#1011 = DIRECTION ( 'NONE',  ( 1.720849129867249803E-15, 1.000000000000000000, 3.434323192035072183E-15 ) ) ;
#1012 = EDGE_CURVE ( 'NONE', #4686, #4650, #3380, .T. ) ;
#1013 = DIRECTION ( 'NONE',  ( 0.000000000000000000, 0.000000000000000000, 1.000000000000000000 ) ) ;
#1014 = ORIENTED_EDGE ( 'NONE', *, *, #3345, .T. ) ;
#1015 = CARTESIAN_POINT ( 'NONE',  ( 6.344645669291333334, 1.999374015748015987, 1.090354330708671604 ) ) ;
#1016 = ADVANCED_FACE ( 'NONE', ( #1076 ), #7548, .F. ) ;
#1017 = EDGE_LOOP ( 'NONE', ( #58, #1360, #6785, #3469 ) ) ;
#1018 = CARTESIAN_POINT ( 'NONE',  ( 3.631806092188872181, 20.23872322311160943, 0.000000000000000000 ) ) ;
#1019 = PRODUCT_DEFINITION ( 'UNKNOWN', '', #1445, #1704 ) ;
#1020 = DIRECTION ( 'NONE',  ( -0.000000000000000000, -1.000000000000000000, -0.000000000000000000 ) ) ;
#1021 = CARTESIAN_POINT ( 'NONE',  ( -8.145227278524757253, 3.250000000000000444, -1.770000000000000018 ) ) ;
#1022 = AXIS2_PLACEMENT_3D ( 'NONE', #5649, #5068, #7359 ) ;
#1023 = DIRECTION ( 'NONE',  ( -1.000000000000000000, 0.000000000000000000, -0.000000000000000000 ) ) ;
#1024 = ADVANCED_FACE ( 'NONE', ( #1682 ), #3386, .F. ) ;
#1025 = VERTEX_POINT ( 'NONE', #5321 ) ;
#1026 = ORIENTED_EDGE ( 'NONE', *, *, #4470, .F. ) ;
#1027 = LINE ( 'NONE', #2783, #2338 ) ;
#1028 = ORIENTED_EDGE ( 'NONE', *, *, #5102, .F. ) ;
#1029 = CARTESIAN_POINT ( 'NONE',  ( -12.60000000000000853, 1.354772721475252073, -1.719999999999999973 ) ) ;
#1030 = ORIENTED_EDGE ( 'NONE', *, *, #6992, .F. ) ;
#1031 = DIRECTION ( 'NONE',  ( -3.304235192336784584E-15, 0.000000000000000000, 1.000000000000000000 ) ) ;
#1032 = EDGE_LOOP ( 'NONE', ( #7344, #814 ) ) ;
#1033 = CLOSED_SHELL ( 'NONE', ( #7511, #1614, #5880, #4519, #2034, #1974, #3984, #7424, #4658, #1653, #6410, #1103, #2879, #1891, #4691, #5121, #6687, #641, #1329, #5704, #1524, #1183, #6181, #762, #2925, #6116, #7551, #2329, #6929, #7323, #7553, #727, #1792, #4704, #3315, #1339, #6133, #2166, #7032, #6651, #2057, #1985, #4100, #6460, #2359, #6605, #1569, #2504, #158, #6232, #4490, #3883 ) ) ;
#1034 = CARTESIAN_POINT ( 'NONE',  ( 7.849041308284765428, 2.173733356870180877, -0.04417476407600460370 ) ) ;
#1035 = CARTESIAN_POINT ( 'NONE',  ( 12.59999999999999609, -7.604772721475247188, -1.719999999999999973 ) ) ;
#1036 = VERTEX_POINT ( 'NONE', #3645 ) ;
#1037 = ORIENTED_EDGE ( 'NONE', *, *, #3022, .T. ) ;
#1038 = DIRECTION ( 'NONE',  ( -0.000000000000000000, -0.000000000000000000, -1.000000000000000000 ) ) ;
#1039 = FACE_OUTER_BOUND ( 'NONE', #3031, .T. ) ;
#1040 = LINE ( 'NONE', #5834, #4011 ) ;
#1041 = VECTOR ( 'NONE', #1153, 39.37007874015748143 ) ;
#1042 = EDGE_CURVE ( 'NONE', #7190, #7420, #4250, .T. ) ;
#1043 = DIRECTION ( 'NONE',  ( 1.892934042853975533E-15, 1.000000000000000000, -3.590428791673030081E-15 ) ) ;
#1044 = AXIS2_PLACEMENT_3D ( 'NONE', #7194, #6536, #5913 ) ;
#1045 = PRODUCT_DEFINITION_SHAPE ( 'NONE', 'NONE',  #7588 ) ;
#1046 = DIRECTION ( 'NONE',  ( 0.000000000000000000, -1.000000000000000000, 0.000000000000000000 ) ) ;
#1047 = DIRECTION ( 'NONE',  ( -1.000000000000000222, 0.000000000000000000, 0.000000000000000000 ) ) ;
#1048 = ORIENTED_EDGE ( 'NONE', *, *, #2274, .F. ) ;
#1049 = CARTESIAN_POINT ( 'NONE',  ( 11.60000000000002451, 8.449999999999999289, -1.719999999999999973 ) ) ;
#1050 = CIRCLE ( 'NONE', #1532, 0.3500000000000000333 ) ;
#1051 = EDGE_LOOP ( 'NONE', ( #4024, #2523, #610, #1437, #260, #786, #3777, #4584, #4814, #6097, #4195, #949, #4040, #7298, #1156, #6626, #2950, #7370, #2911, #1799, #6507, #339, #6782, #3234, #4328, #7335 ) ) ;
#1052 = CARTESIAN_POINT ( 'NONE',  ( 6.299999999999990941, -4.995227278524748016, -1.719999999999999973 ) ) ;
#1053 = LINE ( 'NONE', #2165, #6540 ) ;
#1054 = EDGE_CURVE ( 'NONE', #790, #4756, #6720, .T. ) ;
#1055 = AXIS2_PLACEMENT_3D ( 'NONE', #3568, #1223, #2527 ) ;
#1056 = AXIS2_PLACEMENT_3D ( 'NONE', #4808, #5971, #4210 ) ;
#1057 = ORIENTED_EDGE ( 'NONE', *, *, #3308, .T. ) ;
#1058 = EDGE_CURVE ( 'NONE', #5186, #5457, #511, .T. ) ;
#1059 = VERTEX_POINT ( 'NONE', #7193 ) ;
#1060 = DIRECTION ( 'NONE',  ( 0.7071067811865473507, -0.7071067811865475727, 0.000000000000000000 ) ) ;
#1061 = VERTEX_POINT ( 'NONE', #3565 ) ;
#1062 = EDGE_CURVE ( 'NONE', #4756, #5937, #5987, .T. ) ;
#1063 = CARTESIAN_POINT ( 'NONE',  ( 6.299999999999995381, -1.254772721475247099, -1.719999999999999973 ) ) ;
#1064 = EDGE_LOOP ( 'NONE', ( #984, #2214, #3586, #2825 ) ) ;
#1065 = DIRECTION ( 'NONE',  ( 0.000000000000000000, -1.000000000000000000, 0.000000000000000000 ) ) ;
#1066 = ORIENTED_EDGE ( 'NONE', *, *, #2971, .F. ) ;
#1067 = CARTESIAN_POINT ( 'NONE',  ( 1.409999999999979270, 19.90000000000002345, -1.165354330708644470 ) ) ;
#1068 = FACE_BOUND ( 'NONE', #5589, .T. ) ;
#1069 = FACE_OUTER_BOUND ( 'NONE', #484, .T. ) ;
#1070 = CARTESIAN_POINT ( 'NONE',  ( -12.60000000000000497, 9.449999999999999289, -1.719999999999999973 ) ) ;
#1071 = VECTOR ( 'NONE', #1694, 39.37007874015748143 ) ;
#1072 = ORIENTED_EDGE ( 'NONE', *, *, #4703, .T. ) ;
#1073 = CONTEXT_DEPENDENT_SHAPE_REPRESENTATION ( #3523, #4655 ) ;
#1074 = VERTEX_POINT ( 'NONE', #5433 ) ;
#1075 = AXIS2_PLACEMENT_3D ( 'NONE', #5288, #4155, #2379 ) ;
#1076 = FACE_OUTER_BOUND ( 'NONE', #300, .T. ) ;
#1077 = DIRECTION ( 'NONE',  ( 0.8571673007021125557, 1.049727191138618942E-16, -0.5150380749100536004 ) ) ;
#1078 = CYLINDRICAL_SURFACE ( 'NONE', #6577, 0.1653543307086607073 ) ;
#1079 = CARTESIAN_POINT ( 'NONE',  ( 6.675354330708656470, 1.999374015748013544, -1.340354330708657615 ) ) ;
#1080 = LINE ( 'NONE', #3939, #5514 ) ;
#1081 = DIRECTION ( 'NONE',  ( 0.000000000000000000, 0.000000000000000000, 1.000000000000000222 ) ) ;
#1082 = ORIENTED_EDGE ( 'NONE', *, *, #3259, .T. ) ;
#1083 = CARTESIAN_POINT ( 'NONE',  ( 2.409394568923568070, 23.00194783241069629, 0.000000000000000000 ) ) ;
#1084 = EDGE_LOOP ( 'NONE', ( #4702, #6260, #1168, #2585 ) ) ;
#1085 = DIRECTION ( 'NONE',  ( 0.7071067811865474617, 0.7071067811865474617, 0.000000000000000000 ) ) ;
#1086 =( REPRESENTATION_RELATIONSHIP ('NONE','NONE', #754, #2904 ) REPRESENTATION_RELATIONSHIP_WITH_TRANSFORMATION ( #5397 )SHAPE_REPRESENTATION_RELATIONSHIP( ) );
#1087 = CARTESIAN_POINT ( 'NONE',  ( 8.145227278524741266, -3.149999999999997691, -1.770000000000000018 ) ) ;
#1088 = FACE_OUTER_BOUND ( 'NONE', #7078, .T. ) ;
#1089 = ORIENTED_EDGE ( 'NONE', *, *, #3445, .F. ) ;
#1090 = ORIENTED_EDGE ( 'NONE', *, *, #827, .T. ) ;
#1091 = CARTESIAN_POINT ( 'NONE',  ( -4.454772721475258379, 3.250000000000000444, -1.719999999999999973 ) ) ;
#1092 = ORIENTED_EDGE ( 'NONE', *, *, #5553, .F. ) ;
#1093 = DIRECTION ( 'NONE',  ( -0.000000000000000000, -0.000000000000000000, -1.000000000000000000 ) ) ;
#1094 = ORIENTED_EDGE ( 'NONE', *, *, #5826, .F. ) ;
#1095 = CARTESIAN_POINT ( 'NONE',  ( 1.159999999999992593, 3.000000000000055511, 0.7499999999999805711 ) ) ;
#1096 = ADVANCED_FACE ( 'NONE', ( #150 ), #2373, .F. ) ;
#1097 = VECTOR ( 'NONE', #2368, 39.37007874015748143 ) ;
#1098 = VECTOR ( 'NONE', #4402, 39.37007874015748143 ) ;
#1099 = ORIENTED_EDGE ( 'NONE', *, *, #7275, .T. ) ;
#1100 = CARTESIAN_POINT ( 'NONE',  ( 4.187864042533941067, 14.83317831032973011, 0.000000000000000000 ) ) ;
#1101 = EDGE_CURVE ( 'NONE', #1387, #6765, #4188, .T. ) ;
#1102 = CARTESIAN_POINT ( 'NONE',  ( 1.409999999999980380, 21.90000000000001990, -0.8346456692913230002 ) ) ;
#1103 = ADVANCED_FACE ( 'NONE', ( #3058 ), #3395, .F. ) ;
#1104 = VECTOR ( 'NONE', #5119, 39.37007874015748143 ) ;
#1105 = CARTESIAN_POINT ( 'NONE',  ( 11.46220472440947269, -8.449999999999999289, -1.770000000000000018 ) ) ;
#1106 = VECTOR ( 'NONE', #2570, 39.37007874015748143 ) ;
#1107 = PRODUCT_DEFINITION_SHAPE ( 'NONE', 'NONE',  #7572 ) ;
#1108 = EDGE_CURVE ( 'NONE', #6803, #5428, #3656, .T. ) ;
#1109 = LINE ( 'NONE', #2870, #1097 ) ;
#1110 = AXIS2_PLACEMENT_3D ( 'NONE', #6863, #6310, #7440 ) ;
#1111 = AXIS2_PLACEMENT_3D ( 'NONE', #6157, #886, #2793 ) ;
#1112 = ORIENTED_EDGE ( 'NONE', *, *, #3624, .F. ) ;
#1113 = CONTEXT_DEPENDENT_SHAPE_REPRESENTATION ( #6890, #1107 ) ;
#1114 = VERTEX_POINT ( 'NONE', #3683 ) ;
#1115 = CARTESIAN_POINT ( 'NONE',  ( 6.299999999999990941, 1.354772721475252073, -1.719999999999999973 ) ) ;
#1116 = CARTESIAN_POINT ( 'NONE',  ( 6.344645669291333334, 1.999374015748015987, 1.090354330708671604 ) ) ;
#1117 = CARTESIAN_POINT ( 'NONE',  ( -12.53999999999999737, 0.2500000000000000000, 9.390000000000002345 ) ) ;
#1118 = VECTOR ( 'NONE', #1043, 39.37007874015748143 ) ;
#1119 = CARTESIAN_POINT ( 'NONE',  ( 1.845227278524741221, 3.200000000000001954, -1.719999999999999973 ) ) ;
#1120 =( CONVERSION_BASED_UNIT ( 'INCH', #7014 ) LENGTH_UNIT ( ) NAMED_UNIT ( #902 ) );
#1121 = CARTESIAN_POINT ( 'NONE',  ( 12.54000000000000270, -1.750000000000017319, -9.971245176874560452E-15 ) ) ;
#1122 = EDGE_LOOP ( 'NONE', ( #6869, #465, #4877, #906 ) ) ;
#1123 = CARTESIAN_POINT ( 'NONE',  ( -8.145227278524757253, -3.099999999999999201, -1.719999999999999973 ) ) ;
#1124 = ORIENTED_EDGE ( 'NONE', *, *, #5082, .F. ) ;
#1125 = LINE ( 'NONE', #5733, #6099 ) ;
#1126 = FILL_AREA_STYLE ('',( #2891 ) ) ;
#1127 = APPLICATION_CONTEXT ( 'automotive_design' ) ;
#1128 = CARTESIAN_POINT ( 'NONE',  ( 1.509999999999996012, 2.250000000000003553, 1.750000000000010658 ) ) ;
#1129 = ORIENTED_EDGE ( 'NONE', *, *, #5135, .F. ) ;
#1130 = VERTEX_POINT ( 'NONE', #4867 ) ;
#1131 = DIRECTION ( 'NONE',  ( -1.000000000000000000, 1.652117596168388150E-15, -0.000000000000000000 ) ) ;
#1132 = DIRECTION ( 'NONE',  ( -0.000000000000000000, -0.000000000000000000, 1.000000000000000000 ) ) ;
#1133 = ORIENTED_EDGE ( 'NONE', *, *, #3674, .T. ) ;
#1134 = PLANE ( 'NONE',  #2143 ) ;
#1135 = VECTOR ( 'NONE', #5530, 39.37007874015748143 ) ;
#1136 = EDGE_CURVE ( 'NONE', #3244, #3584, #4224, .T. ) ;
#1137 = ORIENTED_EDGE ( 'NONE', *, *, #5992, .T. ) ;
#1138 = CARTESIAN_POINT ( 'NONE',  ( 11.46220472440947269, 8.449999999999999289, -0.9719999999999998641 ) ) ;
#1139 = LINE ( 'NONE', #1566, #2769 ) ;
#1140 = DIRECTION ( 'NONE',  ( -0.7071067811865473507, 0.7071067811865476838, 0.000000000000000000 ) ) ;
#1141 = LINE ( 'NONE', #4182, #6886 ) ;
#1142 = EDGE_CURVE ( 'NONE', #3640, #2474, #6573, .T. ) ;
#1143 = EDGE_CURVE ( 'NONE', #7341, #5428, #2525, .T. ) ;
#1144 = VECTOR ( 'NONE', #6991, 39.37007874015748143 ) ;
#1145 = ORIENTED_EDGE ( 'NONE', *, *, #4164, .T. ) ;
#1146 = ORIENTED_EDGE ( 'NONE', *, *, #2231, .T. ) ;
#1147 = DIRECTION ( 'NONE',  ( -0.000000000000000000, -1.000000000000000000, -0.000000000000000000 ) ) ;
#1148 = CARTESIAN_POINT ( 'NONE',  ( 8.145227278524741266, -9.449999999999999289, -1.719999999999999973 ) ) ;
#1149 = EDGE_CURVE ( 'NONE', #3640, #5711, #1259, .T. ) ;
#1150 = DIRECTION ( 'NONE',  ( -1.000000000000000000, 0.000000000000000000, 0.000000000000000000 ) ) ;
#1151 = EDGE_CURVE ( 'NONE', #6398, #3078, #611, .T. ) ;
#1152 = CARTESIAN_POINT ( 'NONE',  ( 10.75477272147524310, 3.200000000000001510, -1.719999999999999973 ) ) ;
#1153 = DIRECTION ( 'NONE',  ( 1.000000000000000000, 0.000000000000000000, -3.491481338843132961E-15 ) ) ;
#1154 = DIRECTION ( 'NONE',  ( -0.7071067811865476838, -0.7071067811865473507, 0.000000000000000000 ) ) ;
#1155 = DIRECTION ( 'NONE',  ( 0.000000000000000000, 0.000000000000000000, 1.000000000000000222 ) ) ;
#1156 = ORIENTED_EDGE ( 'NONE', *, *, #2541, .T. ) ;
#1157 = CARTESIAN_POINT ( 'NONE',  ( -11.46220472440947269, -8.449999999999999289, -1.645000000000000018 ) ) ;
#1158 = VERTEX_POINT ( 'NONE', #2951 ) ;
#1159 = LINE ( 'NONE', #4721, #1180 ) ;
#1160 = VECTOR ( 'NONE', #4810, 39.37007874015748854 ) ;
#1161 = CARTESIAN_POINT ( 'NONE',  ( 7.843561962427137324, 2.349999999999995204, -0.08333333333332779147 ) ) ;
#1162 = LINE ( 'NONE', #7059, #7257 ) ;
#1163 = CARTESIAN_POINT ( 'NONE',  ( 1.159999999999972831, 21.90000000000001990, -0.9999999999999829026 ) ) ;
#1164 = EDGE_LOOP ( 'NONE', ( #7107, #4689, #245, #5545, #5044 ) ) ;
#1165 = DIRECTION ( 'NONE',  ( 0.7071067811865473507, -0.7071067811865476838, 0.000000000000000000 ) ) ;
#1166 = PRODUCT_DEFINITION_SHAPE ( 'NONE', 'NONE',  #7604 ) ;
#1167 = CARTESIAN_POINT ( 'NONE',  ( 7.860000000000003872, 1.999999999999997335, -0.3499999999999959810 ) ) ;
#1168 = ORIENTED_EDGE ( 'NONE', *, *, #1246, .F. ) ;
#1169 = CARTESIAN_POINT ( 'NONE',  ( -12.60000000000000497, 9.449999999999999289, -1.719999999999999973 ) ) ;
#1170 = CIRCLE ( 'NONE', #4361, 0.1653543307086607073 ) ;
#1171 = AXIS2_PLACEMENT_3D ( 'NONE', #1049, #7055, #1688 ) ;
#1172 = ORIENTED_EDGE ( 'NONE', *, *, #6462, .F. ) ;
#1173 = VECTOR ( 'NONE', #1220, 39.37007874015748143 ) ;
#1174 = DIRECTION ( 'NONE',  ( 3.304235192336789711E-15, 0.000000000000000000, -1.000000000000000000 ) ) ;
#1175 = AXIS2_PLACEMENT_3D ( 'NONE', #5522, #271, #2604 ) ;
#1176 = VECTOR ( 'NONE', #7091, 39.37007874015748143 ) ;
#1177 = LINE ( 'NONE', #5500, #3505 ) ;
#1178 = CARTESIAN_POINT ( 'NONE',  ( -10.75477272147525909, -9.449999999999999289, -1.719999999999999973 ) ) ;
#1179 = LINE ( 'NONE', #5825, #5019 ) ;
#1180 = VECTOR ( 'NONE', #518, 39.37007874015748143 ) ;
#1181 = ADVANCED_FACE ( 'NONE', ( #5281 ), #4707, .F. ) ;
#1182 = ORIENTED_EDGE ( 'NONE', *, *, #6142, .T. ) ;
#1183 = ADVANCED_FACE ( 'NONE', ( #1938 ), #3176, .F. ) ;
#1184 = ORIENTED_EDGE ( 'NONE', *, *, #3113, .F. ) ;
#1185 = DIRECTION ( 'NONE',  ( 3.304235192336779062E-15, 0.000000000000000000, -1.000000000000000000 ) ) ;
#1186 = CARTESIAN_POINT ( 'NONE',  ( 1.409999999999989040, 2.902588493268445454E-17, 1.750000000000006217 ) ) ;
#1187 = CARTESIAN_POINT ( 'NONE',  ( 1.845227278524741221, -3.149999999999997691, -1.770000000000000018 ) ) ;
#1188 = DIRECTION ( 'NONE',  ( -1.000000000000000000, 0.000000000000000000, -0.000000000000000000 ) ) ;
#1189 = EDGE_CURVE ( 'NONE', #88, #6883, #4907, .T. ) ;
#1190 = DIRECTION ( 'NONE',  ( -0.000000000000000000, -0.000000000000000000, 1.000000000000000000 ) ) ;
#1191 = ADVANCED_FACE ( 'NONE', ( #882, #838, #4448, #4980 ), #1409, .T. ) ;
#1192 = AXIS2_PLACEMENT_3D ( 'NONE', #39, #700, #4677 ) ;
#1193 = DIRECTION ( 'NONE',  ( 0.000000000000000000, 0.000000000000000000, 1.000000000000000000 ) ) ;
#1194 = DIRECTION ( 'NONE',  ( -1.000000000000000222, 0.000000000000000000, 0.000000000000000000 ) ) ;
#1195 = EDGE_LOOP ( 'NONE', ( #3659, #295, #4741 ) ) ;
#1196 = LINE ( 'NONE', #5768, #939 ) ;
#1197 = VERTEX_POINT ( 'NONE', #918 ) ;
#1198 = ADVANCED_FACE ( 'NONE', ( #305 ), #6060, .F. ) ;
#1199 = CARTESIAN_POINT ( 'NONE',  ( 2.675354330708657358, 2.000000000000003109, 1.090354330708671604 ) ) ;
#1200 = ADVANCED_FACE ( 'NONE', ( #6733 ), #6688, .F. ) ;
#1201 = DIRECTION ( 'NONE',  ( 3.304235192336789711E-15, 0.000000000000000000, -1.000000000000000000 ) ) ;
#1202 = EDGE_CURVE ( 'NONE', #3003, #2321, #5793, .T. ) ;
#1203 = CARTESIAN_POINT ( 'NONE',  ( -12.60000000000000853, -7.604772721475248076, -1.719999999999999973 ) ) ;
#1204 = CARTESIAN_POINT ( 'NONE',  ( 1.845227278524741221, -3.149999999999997691, -1.719999999999999973 ) ) ;
#1205 = ORIENTED_EDGE ( 'NONE', *, *, #2398, .F. ) ;
#1206 = ORIENTED_EDGE ( 'NONE', *, *, #1822, .T. ) ;
#1207 = DIRECTION ( 'NONE',  ( -0.000000000000000000, -1.000000000000000000, -0.000000000000000000 ) ) ;
#1208 = CARTESIAN_POINT ( 'NONE',  ( 7.844932045648741692, 2.304176854212597991, -0.2499999999999944766 ) ) ;
#1209 = ORIENTED_EDGE ( 'NONE', *, *, #2453, .F. ) ;
#1210 = DIRECTION ( 'NONE',  ( -1.000000000000000000, 0.000000000000000000, 0.000000000000000000 ) ) ;
#1211 = EDGE_LOOP ( 'NONE', ( #1444, #1660, #2980, #671 ) ) ;
#1212 = CYLINDRICAL_SURFACE ( 'NONE', #1833, 0.1653543307086607073 ) ;
#1213 = LINE ( 'NONE', #4323, #449 ) ;
#1214 = FACE_OUTER_BOUND ( 'NONE', #6290, .T. ) ;
#1215 = VECTOR ( 'NONE', #3518, 39.37007874015748143 ) ;
#1216 = DIRECTION ( 'NONE',  ( -1.000000000000000000, -0.000000000000000000, -0.000000000000000000 ) ) ;
#1217 = AXIS2_PLACEMENT_3D ( 'NONE', #6722, #4394, #6760 ) ;
#1218 = COLOUR_RGB ( '',0.7921568627450980005, 0.8196078431372548767, 0.9333333333333333481 ) ;
#1219 = EDGE_LOOP ( 'NONE', ( #5770, #1925, #5910 ) ) ;
#1220 = DIRECTION ( 'NONE',  ( 3.512375991854052315E-15, -8.537024980200927328E-17, -1.000000000000000000 ) ) ;
#1221 = CYLINDRICAL_SURFACE ( 'NONE', #3863, 0.1653543307086613734 ) ;
#1222 = LENGTH_MEASURE_WITH_UNIT ( LENGTH_MEASURE( 0.02539999999999999897 ), #3605 );
#1223 = DIRECTION ( 'NONE',  ( -0.000000000000000000, 1.000000000000000000, -0.000000000000000000 ) ) ;
#1224 = APPLICATION_CONTEXT ( 'automotive_design' ) ;
#1225 = FACE_OUTER_BOUND ( 'NONE', #6652, .T. ) ;
#1226 = VECTOR ( 'NONE', #5925, 39.37007874015748143 ) ;
#1227 = EDGE_CURVE ( 'NONE', #7015, #834, #1492, .T. ) ;
#1228 = AXIS2_PLACEMENT_3D ( 'NONE', #1646, #3387, #2770 ) ;
#1229 = PRODUCT_DEFINITION_SHAPE ( 'NONE', 'NONE',  #7589 ) ;
#1230 = CARTESIAN_POINT ( 'NONE',  ( 12.54000000000000092, 0.2500000000000000000, 9.390000000000002345 ) ) ;
#1231 = CARTESIAN_POINT ( 'NONE',  ( 88.39000000000000057, -1.750000000000055955, 1.309921112963532418E-13 ) ) ;
#1232 = ORIENTED_EDGE ( 'NONE', *, *, #852, .F. ) ;
#1233 = DIRECTION ( 'NONE',  ( 0.000000000000000000, -0.000000000000000000, -1.000000000000000000 ) ) ;
#1234 = AXIS2_PLACEMENT_3D ( 'NONE', #4675, #4116, #655 ) ;
#1235 = ORIENTED_EDGE ( 'NONE', *, *, #444, .T. ) ;
#1236 = EDGE_CURVE ( 'NONE', #6696, #6143, #3297, .T. ) ;
#1237 = VECTOR ( 'NONE', #3635, 39.37007874015748143 ) ;
#1238 = CARTESIAN_POINT ( 'NONE',  ( -12.60000000000000497, -9.449999999999999289, -1.770000000000000018 ) ) ;
#1239 = ORIENTED_EDGE ( 'NONE', *, *, #7460, .F. ) ;
#1240 = LINE ( 'NONE', #4683, #3679 ) ;
#1241 = EDGE_CURVE ( 'NONE', #4452, #4255, #1978, .T. ) ;
#1242 = CARTESIAN_POINT ( 'NONE',  ( 11.60000000000002451, -8.449999999999999289, -1.645000000000000018 ) ) ;
#1243 = EDGE_CURVE ( 'NONE', #1448, #7150, #959, .T. ) ;
#1244 = FACE_OUTER_BOUND ( 'NONE', #6531, .T. ) ;
#1245 = DIRECTION ( 'NONE',  ( -3.304235192336789711E-15, 0.000000000000000000, -1.000000000000000000 ) ) ;
#1246 = EDGE_CURVE ( 'NONE', #5489, #2009, #3717, .T. ) ;
#1247 = ORIENTED_EDGE ( 'NONE', *, *, #1136, .T. ) ;
#1248 = DIRECTION ( 'NONE',  ( -0.000000000000000000, -0.000000000000000000, -1.000000000000000000 ) ) ;
#1249 = ORIENTED_EDGE ( 'NONE', *, *, #7131, .F. ) ;
#1250 = CARTESIAN_POINT ( 'NONE',  ( 1.509999999999994236, 2.000000000000010658, -1.639108796198557931E-15 ) ) ;
#1251 = EDGE_CURVE ( 'NONE', #3584, #3912, #3253, .T. ) ;
#1252 = ORIENTED_EDGE ( 'NONE', *, *, #5564, .T. ) ;
#1253 = CARTESIAN_POINT ( 'NONE',  ( -4.454772721475258379, -3.149999999999997691, -1.719999999999999973 ) ) ;
#1254 = DIRECTION ( 'NONE',  ( 0.000000000000000000, 0.000000000000000000, 1.000000000000000000 ) ) ;
#1255 = CARTESIAN_POINT ( 'NONE',  ( 1.745227278524740022, 9.449999999999999289, -1.770000000000000018 ) ) ;
#1256 = VERTEX_POINT ( 'NONE', #799 ) ;
#1257 = ORIENTED_EDGE ( 'NONE', *, *, #3934, .T. ) ;
#1258 = ORIENTED_EDGE ( 'NONE', *, *, #3260, .F. ) ;
#1259 = LINE ( 'NONE', #5870, #1778 ) ;
#1260 = CARTESIAN_POINT ( 'NONE',  ( 0.000000000000000000, 0.000000000000000000, -1.770000000000000018 ) ) ;
#1261 = PLANE ( 'NONE',  #3129 ) ;
#1262 = PLANE ( 'NONE',  #2948 ) ;
#1263 = VECTOR ( 'NONE', #7218, 39.37007874015748143 ) ;
#1264 = CARTESIAN_POINT ( 'NONE',  ( 6.675354330708656470, 2.249999999999997335, 0.9250000000000110356 ) ) ;
#1265 = DIRECTION ( 'NONE',  ( -1.000000000000000222, 0.000000000000000000, 0.000000000000000000 ) ) ;
#1266 = ORIENTED_EDGE ( 'NONE', *, *, #3153, .F. ) ;
#1267 = CARTESIAN_POINT ( 'NONE',  ( 4.213951224809987295, 5.547856372576045025, 0.000000000000000000 ) ) ;
#1268 = EDGE_LOOP ( 'NONE', ( #6835, #3127, #6332, #3007, #4262, #6816, #4786, #4101, #6773, #6052, #5924, #2665, #1434, #1129, #7446, #1247, #7421, #3788, #5633, #6767 ) ) ;
#1269 = LINE ( 'NONE', #3614, #3877 ) ;
#1270 = VERTEX_POINT ( 'NONE', #3879 ) ;
#1271 = DIRECTION ( 'NONE',  ( -1.720849129867250000E-15, -1.000000000000000000, -3.434323192035072971E-15 ) ) ;
#1272 = CARTESIAN_POINT ( 'NONE',  ( 4.454772721475242392, 9.550000000000000711, -1.770000000000000018 ) ) ;
#1273 = DIRECTION ( 'NONE',  ( 1.000000000000000000, 0.000000000000000000, -0.000000000000000000 ) ) ;
#1274 = LINE ( 'NONE', #4318, #6930 ) ;
#1275 = ORIENTED_EDGE ( 'NONE', *, *, #3405, .T. ) ;
#1276 = DIRECTION ( 'NONE',  ( -0.000000000000000000, -0.000000000000000000, -1.000000000000000000 ) ) ;
#1277 = EDGE_CURVE ( 'NONE', #3956, #4624, #346, .T. ) ;
#1278 = VERTEX_POINT ( 'NONE', #2019 ) ;
#1279 = FACE_OUTER_BOUND ( 'NONE', #178, .T. ) ;
#1280 = CIRCLE ( 'NONE', #2264, 0.1653543307086616510 ) ;
#1281 = EDGE_CURVE ( 'NONE', #5193, #5695, #2680, .T. ) ;
#1282 =( BOUNDED_CURVE ( )  B_SPLINE_CURVE ( 3, ( #1100, #1816, #2362, #5820 ),
 .UNSPECIFIED., .F., .T. ) 
 B_SPLINE_CURVE_WITH_KNOTS ( ( 4, 4 ),
 ( 0.000000000000000000, 3.141592653589793116 ),
 .UNSPECIFIED. ) 
 CURVE ( )  GEOMETRIC_REPRESENTATION_ITEM ( )  RATIONAL_B_SPLINE_CURVE ( ( 1.000000000000000000, 0.3333333333333333703, 0.3333333333333333703, 1.000000000000000000 ) ) 
 REPRESENTATION_ITEM ( '' )  );
#1283 = CIRCLE ( 'NONE', #2266, 0.1377952755905512972 ) ;
#1284 = EDGE_CURVE ( 'NONE', #3222, #2852, #7393, .T. ) ;
#1285 = ORIENTED_EDGE ( 'NONE', *, *, #6940, .T. ) ;
#1286 = ORIENTED_EDGE ( 'NONE', *, *, #4473, .F. ) ;
#1287 = CARTESIAN_POINT ( 'NONE',  ( -4.530000000000002913, 0.2500000000000000000, 7.930136022756446579 ) ) ;
#1288 = VECTOR ( 'NONE', #1576, 39.37007874015748143 ) ;
#1289 = CARTESIAN_POINT ( 'NONE',  ( 4.344645669291333334, 1.999374015748019762, 0.9250000000000102585 ) ) ;
#1290 = PRODUCT_DEFINITION_SHAPE ( 'NONE', 'NONE',  #7597 ) ;
#1291 = CARTESIAN_POINT ( 'NONE',  ( -1.845227278524757653, 3.200000000000001510, -1.770000000000000018 ) ) ;
#1292 = ORIENTED_EDGE ( 'NONE', *, *, #905, .T. ) ;
#1293 = VECTOR ( 'NONE', #956, 39.37007874015748143 ) ;
#1294 = AXIS2_PLACEMENT_3D ( 'NONE', #1015, #3353, #3855 ) ;
#1295 = VERTEX_POINT ( 'NONE', #997 ) ;
#1296 = EDGE_LOOP ( 'NONE', ( #159, #5813, #328, #7489 ) ) ;
#1297 = DIRECTION ( 'NONE',  ( -0.000000000000000000, -0.000000000000000000, -1.000000000000000000 ) ) ;
#1298 = LINE ( 'NONE', #1186, #2757 ) ;
#1299 = DIRECTION ( 'NONE',  ( -1.000000000000000000, 0.000000000000000000, 0.000000000000000000 ) ) ;
#1300 = AXIS2_PLACEMENT_3D ( 'NONE', #4103, #7301, #7070 ) ;
#1301 = DIRECTION ( 'NONE',  ( -1.000000000000000000, 0.000000000000000000, 0.000000000000000000 ) ) ;
#1302 = DIRECTION ( 'NONE',  ( 0.000000000000000000, 0.000000000000000000, -1.000000000000000000 ) ) ;
#1303 = DIRECTION ( 'NONE',  ( 0.000000000000000000, 0.000000000000000000, -1.000000000000000000 ) ) ;
#1304 = DIRECTION ( 'NONE',  ( 0.000000000000000000, 0.000000000000000000, 1.000000000000000222 ) ) ;
#1305 = VERTEX_POINT ( 'NONE', #6926 ) ;
#1306 = AXIS2_PLACEMENT_3D ( 'NONE', #7138, #4240, #2431 ) ;
#1307 = FACE_BOUND ( 'NONE', #5975, .T. ) ;
#1308 = VERTEX_POINT ( 'NONE', #5062 ) ;
#1309 = DIRECTION ( 'NONE',  ( -1.000000000000000000, 1.720849129867250197E-15, -2.600906588039009626E-30 ) ) ;
#1310 = ORIENTED_EDGE ( 'NONE', *, *, #6936, .T. ) ;
#1311 = DIRECTION ( 'NONE',  ( 0.7071067811865473507, -0.7071067811865475727, 0.000000000000000000 ) ) ;
#1312 = AXIS2_PLACEMENT_3D ( 'NONE', #7408, #4422, #6749 ) ;
#1313 = DIRECTION ( 'NONE',  ( 0.7071067811865476838, 0.7071067811865473507, 0.000000000000000000 ) ) ;
#1314 = CARTESIAN_POINT ( 'NONE',  ( 2.176780981213570332, 2.781713543831470403, 0.000000000000000000 ) ) ;
#1315 = DIRECTION ( 'NONE',  ( 0.7071067811865474617, 0.7071067811865474617, 0.000000000000000000 ) ) ;
#1316 = ORIENTED_EDGE ( 'NONE', *, *, #6326, .F. ) ;
#1317 = PLANE ( 'NONE',  #4124 ) ;
#1318 = ORIENTED_EDGE ( 'NONE', *, *, #366, .T. ) ;
#1319 = AXIS2_PLACEMENT_3D ( 'NONE', #619, #5327, #5918 ) ;
#1320 = DIRECTION ( 'NONE',  ( -0.000000000000000000, -0.000000000000000000, -1.000000000000000000 ) ) ;
#1321 = CARTESIAN_POINT ( 'NONE',  ( 12.59999999999999609, 7.704772721475247721, -1.770000000000000018 ) ) ;
#1322 = EDGE_LOOP ( 'NONE', ( #2100, #750, #7493, #6012 ) ) ;
#1323 = EDGE_LOOP ( 'NONE', ( #4125, #7389, #3928, #2426 ) ) ;
#1324 = LINE ( 'NONE', #4289, #4912 ) ;
#1325 = VERTEX_POINT ( 'NONE', #1601 ) ;
#1326 = ADVANCED_FACE ( 'NONE', ( #7471 ), #495, .F. ) ;
#1327 = LINE ( 'NONE', #3095, #7259 ) ;
#1328 =( REPRESENTATION_RELATIONSHIP ('NONE','NONE', #754, #6547 ) REPRESENTATION_RELATIONSHIP_WITH_TRANSFORMATION ( #5242 )SHAPE_REPRESENTATION_RELATIONSHIP( ) );
#1329 = ADVANCED_FACE ( 'NONE', ( #2835 ), #6003, .F. ) ;
#1330 = VERTEX_POINT ( 'NONE', #5787 ) ;
#1331 = EDGE_CURVE ( 'NONE', #2554, #5948, #6341, .T. ) ;
#1332 = CONTEXT_DEPENDENT_SHAPE_REPRESENTATION ( #7293, #2335 ) ;
#1333 = EDGE_LOOP ( 'NONE', ( #2850, #4284, #5738, #6244 ) ) ;
#1334 = CARTESIAN_POINT ( 'NONE',  ( 4.187864042533941067, 14.83317831032973011, -0.2500000000000000555 ) ) ;
#1335 = CARTESIAN_POINT ( 'NONE',  ( -1.845227278524757653, 3.250000000000000444, -1.719999999999999973 ) ) ;
#1336 = DIRECTION ( 'NONE',  ( -1.000000000000000000, 2.093734754490789434E-16, 0.000000000000000000 ) ) ;
#1337 = DIRECTION ( 'NONE',  ( 2.093734754490789434E-16, 1.000000000000000000, -0.000000000000000000 ) ) ;
#1338 = CARTESIAN_POINT ( 'NONE',  ( 1.409999999999982601, 2.000000000000002665, -0.3499999999999829914 ) ) ;
#1339 = ADVANCED_FACE ( 'NONE', ( #2140, #1068, #5821, #6884 ), #2795, .F. ) ;
#1340 = LINE ( 'NONE', #3689, #6554 ) ;
#1341 = CIRCLE ( 'NONE', #3049, 0.1653543307086615122 ) ;
#1342 = AXIS2_PLACEMENT_3D ( 'NONE', #454, #6922, #3917 ) ;
#1343 = VERTEX_POINT ( 'NONE', #7504 ) ;
#1344 = PLANE ( 'NONE',  #4652 ) ;
#1345 = DIRECTION ( 'NONE',  ( 0.000000000000000000, 0.000000000000000000, 1.000000000000000222 ) ) ;
#1346 = ORIENTED_EDGE ( 'NONE', *, *, #2363, .T. ) ;
#1347 = DIRECTION ( 'NONE',  ( 0.000000000000000000, 0.000000000000000000, 1.000000000000000000 ) ) ;
#1348 = CARTESIAN_POINT ( 'NONE',  ( 7.857260327071196926, 2.009109563166085355, 0.008388240474258611482 ) ) ;
#1349 = VERTEX_POINT ( 'NONE', #5098 ) ;
#1350 = CARTESIAN_POINT ( 'NONE',  ( -6.300000000000004263, 5.095227278524752990, -1.770000000000000018 ) ) ;
#1351 = VERTEX_POINT ( 'NONE', #7432 ) ;
#1352 = AXIS2_PLACEMENT_3D ( 'NONE', #850, #4382, #362 ) ;
#1353 = VECTOR ( 'NONE', #7321, 39.37007874015748143 ) ;
#1354 = CARTESIAN_POINT ( 'NONE',  ( 1.409999999999993259, 3.000000000000055511, 0.5846456692913203357 ) ) ;
#1355 = DIRECTION ( 'NONE',  ( 0.7071067811865473507, -0.7071067811865475727, 0.000000000000000000 ) ) ;
#1356 = DIRECTION ( 'NONE',  ( 0.000000000000000000, 0.000000000000000000, -1.000000000000000000 ) ) ;
#1357 = FACE_OUTER_BOUND ( 'NONE', #23, .T. ) ;
#1358 = VECTOR ( 'NONE', #272, 39.37007874015748143 ) ;
#1359 = VECTOR ( 'NONE', #1806, 39.37007874015748143 ) ;
#1360 = ORIENTED_EDGE ( 'NONE', *, *, #6233, .F. ) ;
#1361 = CARTESIAN_POINT ( 'NONE',  ( 1.409999999999992593, 3.000000000000055511, 0.7499999999999813483 ) ) ;
#1362 = ORIENTED_EDGE ( 'NONE', *, *, #4192, .T. ) ;
#1363 = CARTESIAN_POINT ( 'NONE',  ( -12.60000000000000853, -4.995227278524748016, -1.719999999999999973 ) ) ;
#1364 = ORIENTED_EDGE ( 'NONE', *, *, #3359, .F. ) ;
#1365 = ORIENTED_EDGE ( 'NONE', *, *, #7226, .T. ) ;
#1366 = LINE ( 'NONE', #6054, #4180 ) ;
#1367 = DIRECTION ( 'NONE',  ( -0.7071067811865476838, -0.7071067811865473507, 0.000000000000000000 ) ) ;
#1368 = ORIENTED_EDGE ( 'NONE', *, *, #5255, .F. ) ;
#1369 = EDGE_CURVE ( 'NONE', #1325, #2989, #2218, .T. ) ;
#1370 = LINE ( 'NONE', #5554, #5021 ) ;
#1371 = VERTEX_POINT ( 'NONE', #529 ) ;
#1372 = ITEM_DEFINED_TRANSFORMATION ( 'NONE', 'NONE', #3155,  #5850 ) ;
#1373 = CARTESIAN_POINT ( 'NONE',  ( 3.631806092188872181, 20.23872322311160943, 0.000000000000000000 ) ) ;
#1374 = CARTESIAN_POINT ( 'NONE',  ( 1.209354858209618300, 19.18501125138071828, 0.000000000000000000 ) ) ;
#1375 = DIRECTION ( 'NONE',  ( 0.000000000000000000, 0.000000000000000000, 1.000000000000000000 ) ) ;
#1376 = LINE ( 'NONE', #695, #6843 ) ;
#1377 = DIRECTION ( 'NONE',  ( 1.000000000000000000, 0.000000000000000000, 0.000000000000000000 ) ) ;
#1378 = EDGE_CURVE ( 'NONE', #1387, #5489, #2868, .T. ) ;
#1379 = DIRECTION ( 'NONE',  ( -1.000000000000000000, -0.000000000000000000, -0.000000000000000000 ) ) ;
#1380 = CARTESIAN_POINT ( 'NONE',  ( 2.185860046268665258, 22.89000000000000412, -0.2500000000000000000 ) ) ;
#1381 = EDGE_CURVE ( 'NONE', #3546, #659, #6483, .T. ) ;
#1382 = ORIENTED_EDGE ( 'NONE', *, *, #1042, .F. ) ;
#1383 = CARTESIAN_POINT ( 'NONE',  ( 2.417076221633455813, 14.47682303524409875, 0.000000000000000000 ) ) ;
#1384 = CARTESIAN_POINT ( 'NONE',  ( 7.846301635355955817, 2.323825211564067850, 0.002602732333173982289 ) ) ;
#1385 = EDGE_CURVE ( 'NONE', #2380, #2989, #3257, .T. ) ;
#1386 = FACE_OUTER_BOUND ( 'NONE', #1736, .T. ) ;
#1387 = VERTEX_POINT ( 'NONE', #6415 ) ;
#1388 = CARTESIAN_POINT ( 'NONE',  ( 1.790872624858488082, 6.700334168036006233, 0.000000000000000000 ) ) ;
#1389 = CARTESIAN_POINT ( 'NONE',  ( -12.60000000000000497, 9.449999999999999289, -1.770000000000000018 ) ) ;
#1390 = CARTESIAN_POINT ( 'NONE',  ( 4.675354330708657358, 2.000000000000000444, -1.174999999999995826 ) ) ;
#1391 = DIRECTION ( 'NONE',  ( 0.8635486968584780154, 0.000000000000000000, 0.5042654540557226506 ) ) ;
#1392 = CARTESIAN_POINT ( 'NONE',  ( 7.857260327071196926, 2.252602732333164326, 0.07382521156407782781 ) ) ;
#1393 = ORIENTED_EDGE ( 'NONE', *, *, #5298, .T. ) ;
#1394 = LINE ( 'NONE', #7256, #5331 ) ;
#1395 = ORIENTED_EDGE ( 'NONE', *, *, #629, .T. ) ;
#1396 = CARTESIAN_POINT ( 'NONE',  ( 12.59999999999999609, -7.604772721475247188, -1.770000000000000018 ) ) ;
#1397 = DIRECTION ( 'NONE',  ( -3.304235192336789711E-15, 0.000000000000000000, -1.000000000000000000 ) ) ;
#1398 = CARTESIAN_POINT ( 'NONE',  ( 2.675354330708657358, 2.000000000000003997, -1.174999999999996048 ) ) ;
#1399 = ORIENTED_EDGE ( 'NONE', *, *, #6853, .T. ) ;
#1400 = ORIENTED_EDGE ( 'NONE', *, *, #7271, .F. ) ;
#1401 = CARTESIAN_POINT ( 'NONE',  ( 11.60000000000002451, -8.449999999999999289, -1.719999999999999973 ) ) ;
#1402 = AXIS2_PLACEMENT_3D ( 'NONE', #3763, #7429, #2454 ) ;
#1403 = ORIENTED_EDGE ( 'NONE', *, *, #5135, .T. ) ;
#1404 = DIRECTION ( 'NONE',  ( 0.7071067811865476838, 0.7071067811865473507, -0.000000000000000000 ) ) ;
#1405 = AXIS2_PLACEMENT_3D ( 'NONE', #3718, #3298, #6689 ) ;
#1406 = EDGE_LOOP ( 'NONE', ( #6194, #1678, #3294, #3834 ) ) ;
#1407 = VECTOR ( 'NONE', #3514, 39.37007874015748143 ) ;
#1408 = CONTEXT_DEPENDENT_SHAPE_REPRESENTATION ( #4368, #4246 ) ;
#1409 = PLANE ( 'NONE',  #5835 ) ;
#1410 = FACE_BOUND ( 'NONE', #6718, .T. ) ;
#1411 = LINE ( 'NONE', #392, #3134 ) ;
#1412 = EDGE_CURVE ( 'NONE', #1922, #2409, #1139, .T. ) ;
#1413 = CARTESIAN_POINT ( 'NONE',  ( 1.159999999999981934, 2.349999999999996536, -0.3499999999999816591 ) ) ;
#1414 = VECTOR ( 'NONE', #740, 39.37007874015748143 ) ;
#1415 = VECTOR ( 'NONE', #1207, 39.37007874015748143 ) ;
#1416 = CARTESIAN_POINT ( 'NONE',  ( 7.030000000000001137, 0.000000000000000000, -9.389999999999998792 ) ) ;
#1417 = EDGE_CURVE ( 'NONE', #1256, #6840, #6262, .T. ) ;
#1418 = ORIENTED_EDGE ( 'NONE', *, *, #5412, .T. ) ;
#1419 = LINE ( 'NONE', #459, #6011 ) ;
#1420 = VERTEX_POINT ( 'NONE', #6528 ) ;
#1421 = VECTOR ( 'NONE', #4561, 39.37007874015748143 ) ;
#1422 = CARTESIAN_POINT ( 'NONE',  ( 1.509999999999995124, 23.14000000000000412, -5.463695987328526437E-16 ) ) ;
#1423 = EDGE_CURVE ( 'NONE', #1785, #6156, #4667, .T. ) ;
#1424 = CARTESIAN_POINT ( 'NONE',  ( 7.854520654142385538, 2.262621361164570022, 0.04963810196291581350 ) ) ;
#1425 = DIRECTION ( 'NONE',  ( -1.000000000000000000, 1.652117596168388150E-15, -0.000000000000000000 ) ) ;
#1426 = ORIENTED_EDGE ( 'NONE', *, *, #5606, .T. ) ;
#1427 = EDGE_CURVE ( 'NONE', #823, #3326, #3553, .T. ) ;
#1428 = DIRECTION ( 'NONE',  ( 1.000000000000000000, -0.000000000000000000, 3.512375991854052315E-15 ) ) ;
#1429 = AXIS2_PLACEMENT_3D ( 'NONE', #860, #3819, #3906 ) ;
#1430 = PLANE ( 'NONE',  #7505 ) ;
#1431 = CARTESIAN_POINT ( 'NONE',  ( -6.300000000000008704, 7.704772721475252162, -1.719999999999999973 ) ) ;
#1432 = CARTESIAN_POINT ( 'NONE',  ( 10.75477272147524310, -3.149999999999998579, -1.770000000000000018 ) ) ;
#1433 = ADVANCED_FACE ( 'NONE', ( #5939 ), #61, .T. ) ;
#1434 = ORIENTED_EDGE ( 'NONE', *, *, #3722, .F. ) ;
#1435 = DIRECTION ( 'NONE',  ( -0.7071067811865476838, -0.7071067811865473507, 0.000000000000000000 ) ) ;
#1436 = EDGE_CURVE ( 'NONE', #2813, #6346, #6487, .T. ) ;
#1437 = ORIENTED_EDGE ( 'NONE', *, *, #1977, .T. ) ;
#1438 = CARTESIAN_POINT ( 'NONE',  ( 2.176780981213570332, 2.781713543831470403, -0.2500000000000012212 ) ) ;
#1439 = DIMENSIONAL_EXPONENTS ( 1.000000000000000000, 0.000000000000000000, 0.000000000000000000, 0.000000000000000000, 0.000000000000000000, 0.000000000000000000, 0.000000000000000000 ) ;
#1440 = EDGE_CURVE ( 'NONE', #1863, #7265, #4734, .T. ) ;
#1441 = DIRECTION ( 'NONE',  ( 1.000000000000000000, -2.093734754490789434E-16, 0.000000000000000000 ) ) ;
#1442 = LINE ( 'NONE', #7416, #7003 ) ;
#1443 = VERTEX_POINT ( 'NONE', #1965 ) ;
#1444 = ORIENTED_EDGE ( 'NONE', *, *, #4073, .T. ) ;
#1445 = PRODUCT_DEFINITION_FORMATION_WITH_SPECIFIED_SOURCE ( 'ANY', '', #986, .NOT_KNOWN. ) ;
#1446 = CARTESIAN_POINT ( 'NONE',  ( 1.845227278524741221, -3.149999999999997691, -1.770000000000000018 ) ) ;
#1447 = CARTESIAN_POINT ( 'NONE',  ( 7.860000000000003872, 2.349999999999996092, 5.531992187170133264E-15 ) ) ;
#1448 = VERTEX_POINT ( 'NONE', #6129 ) ;
#1449 = LINE ( 'NONE', #6223, #4171 ) ;
#1450 = ORIENTED_EDGE ( 'NONE', *, *, #7426, .F. ) ;
#1451 = CARTESIAN_POINT ( 'NONE',  ( -6.300000000000008704, -4.995227278524748016, -1.770000000000000018 ) ) ;
#1452 = FACE_OUTER_BOUND ( 'NONE', #1017, .T. ) ;
#1453 = DIRECTION ( 'NONE',  ( 0.7071067811865473507, -0.7071067811865475727, 0.000000000000000000 ) ) ;
#1454 = CARTESIAN_POINT ( 'NONE',  ( 4.529999999999996696, 0.2500000000000000000, -7.930136022756449243 ) ) ;
#1455 = ORIENTED_EDGE ( 'NONE', *, *, #4213, .F. ) ;
#1456 = CARTESIAN_POINT ( 'NONE',  ( 1.159999999999994147, 21.90000000000005187, 0.7500000000000460743 ) ) ;
#1457 = APPLICATION_PROTOCOL_DEFINITION ( 'draft international standard', 'automotive_design', 1998, #2007 ) ;
#1458 = ORIENTED_EDGE ( 'NONE', *, *, #5262, .T. ) ;
#1459 = LINE ( 'NONE', #3805, #3094 ) ;
#1460 = DIRECTION ( 'NONE',  ( 0.000000000000000000, 1.000000000000000000, 0.000000000000000000 ) ) ;
#1461 = CARTESIAN_POINT ( 'NONE',  ( 1.790872624858488305, 16.70033416803600801, -0.2500000000000012212 ) ) ;
#1462 = VERTEX_POINT ( 'NONE', #2588 ) ;
#1463 = EDGE_CURVE ( 'NONE', #4829, #4837, #2908, .T. ) ;
#1464 = CARTESIAN_POINT ( 'NONE',  ( 4.675354330708656470, 2.000000000000000888, -1.340354330708657615 ) ) ;
#1465 = VECTOR ( 'NONE', #104, 39.37007874015748143 ) ;
#1466 = CARTESIAN_POINT ( 'NONE',  ( -10.75477272147525909, 3.200000000000001954, -1.770000000000000018 ) ) ;
#1467 = FACE_OUTER_BOUND ( 'NONE', #4311, .T. ) ;
#1468 = EDGE_CURVE ( 'NONE', #1949, #6953, #1177, .T. ) ;
#1469 = ORIENTED_EDGE ( 'NONE', *, *, #6468, .F. ) ;
#1470 = VECTOR ( 'NONE', #2048, 39.37007874015748854 ) ;
#1471 = ORIENTED_EDGE ( 'NONE', *, *, #6308, .F. ) ;
#1472 = AXIS2_PLACEMENT_3D ( 'NONE', #4119, #617, #2955 ) ;
#1473 = CARTESIAN_POINT ( 'NONE',  ( -4.454772721475258379, 3.250000000000000444, -1.719999999999999973 ) ) ;
#1474 = EDGE_CURVE ( 'NONE', #3693, #2409, #6719, .T. ) ;
#1475 = FACE_OUTER_BOUND ( 'NONE', #1268, .T. ) ;
#1476 = DIRECTION ( 'NONE',  ( 1.000000000000000000, 0.000000000000000000, -3.491481338843132961E-15 ) ) ;
#1477 = EDGE_CURVE ( 'NONE', #3363, #6207, #1213, .T. ) ;
#1478 = EDGE_CURVE ( 'NONE', #3669, #4158, #332, .T. ) ;
#1479 = VECTOR ( 'NONE', #3430, 39.37007874015748143 ) ;
#1480 = VERTEX_POINT ( 'NONE', #1321 ) ;
#1481 = ORIENTED_EDGE ( 'NONE', *, *, #4663, .T. ) ;
#1482 = ORIENTED_EDGE ( 'NONE', *, *, #4798, .T. ) ;
#1483 = CARTESIAN_POINT ( 'NONE',  ( 2.185860046268665258, 22.89000000000000412, -0.2500000000000000000 ) ) ;
#1484 = VERTEX_POINT ( 'NONE', #5906 ) ;
#1485 = CARTESIAN_POINT ( 'NONE',  ( -8.145227278524757253, 3.200000000000001510, -1.719999999999999973 ) ) ;
#1486 = EDGE_CURVE ( 'NONE', #6175, #1785, #6676, .T. ) ;
#1487 = AXIS2_PLACEMENT_3D ( 'NONE', #4227, #1726, #1301 ) ;
#1488 = ORIENTED_EDGE ( 'NONE', *, *, #5307, .F. ) ;
#1489 = FACE_BOUND ( 'NONE', #3424, .T. ) ;
#1490 = DIMENSIONAL_EXPONENTS ( 1.000000000000000000, 0.000000000000000000, 0.000000000000000000, 0.000000000000000000, 0.000000000000000000, 0.000000000000000000, 0.000000000000000000 ) ;
#1491 = ORIENTED_EDGE ( 'NONE', *, *, #7122, .T. ) ;
#1492 = LINE ( 'NONE', #6812, #7229 ) ;
#1493 = FACE_OUTER_BOUND ( 'NONE', #1860, .T. ) ;
#1494 = DIRECTION ( 'NONE',  ( -1.000000000000000000, -0.000000000000000000, -0.000000000000000000 ) ) ;
#1495 = DIRECTION ( 'NONE',  ( 0.7071067811865473507, -0.7071067811865475727, 0.000000000000000000 ) ) ;
#1496 = CARTESIAN_POINT ( 'NONE',  ( -8.741913579725642299E-15, 1.354772721475252073, -1.719999999999999973 ) ) ;
#1497 = DIRECTION ( 'NONE',  ( -1.000000000000000222, 0.000000000000000000, 0.000000000000000000 ) ) ;
#1498 = EDGE_LOOP ( 'NONE', ( #2410, #5380, #5958, #6334 ) ) ;
#1499 = FILL_AREA_STYLE_COLOUR ( '', #1982 ) ;
#1500 = CARTESIAN_POINT ( 'NONE',  ( 7.857260327071192485, 2.252602732333163882, -0.3238252115640670170 ) ) ;
#1501 = DIRECTION ( 'NONE',  ( -5.931810584512617103E-30, -3.590428791673030081E-15, -1.000000000000000000 ) ) ;
#1502 = VERTEX_POINT ( 'NONE', #1817 ) ;
#1503 = DIRECTION ( 'NONE',  ( 0.000000000000000000, -0.000000000000000000, -1.000000000000000000 ) ) ;
#1504 = DIRECTION ( 'NONE',  ( 1.000000000000000000, 0.000000000000000000, 0.000000000000000000 ) ) ;
#1505 = DIRECTION ( 'NONE',  ( -0.000000000000000000, -0.000000000000000000, 1.000000000000000000 ) ) ;
#1506 = LENGTH_MEASURE_WITH_UNIT ( LENGTH_MEASURE( 0.02539999999999999897 ), #6792 );
#1507 = VERTEX_POINT ( 'NONE', #644 ) ;
#1508 = DIRECTION ( 'NONE',  ( -0.000000000000000000, -0.000000000000000000, -1.000000000000000000 ) ) ;
#1509 = ORIENTED_EDGE ( 'NONE', *, *, #5557, .F. ) ;
#1510 = LINE ( 'NONE', #3203, #2164 ) ;
#1511 = PLANE ( 'NONE',  #1735 ) ;
#1512 = LINE ( 'NONE', #3859, #4772 ) ;
#1513 = EDGE_CURVE ( 'NONE', #1462, #3130, #3517, .T. ) ;
#1514 = EDGE_LOOP ( 'NONE', ( #5115, #3668, #4288, #341, #6849, #354 ) ) ;
#1515 = ADVANCED_FACE ( 'NONE', ( #6092 ), #250, .F. ) ;
#1516 = ORIENTED_EDGE ( 'NONE', *, *, #4389, .T. ) ;
#1517 = EDGE_LOOP ( 'NONE', ( #2861, #2569, #6484, #30 ) ) ;
#1518 = LINE ( 'NONE', #5054, #3810 ) ;
#1519 = EDGE_LOOP ( 'NONE', ( #3543, #2684, #1249, #2330 ) ) ;
#1520 = ADVANCED_FACE ( 'NONE', ( #4926 ), #2004, .F. ) ;
#1521 = CARTESIAN_POINT ( 'NONE',  ( -8.145227278524757253, 3.200000000000001510, -1.719999999999999973 ) ) ;
#1522 = ORIENTED_EDGE ( 'NONE', *, *, #3215, .T. ) ;
#1523 = DIRECTION ( 'NONE',  ( 0.000000000000000000, 0.000000000000000000, -1.000000000000000000 ) ) ;
#1524 = ADVANCED_FACE ( 'NONE', ( #5276 ), #26, .T. ) ;
#1525 = EDGE_LOOP ( 'NONE', ( #4320, #7185, #5274, #5648, #330, #7166, #4401, #204, #3119, #3213, #1450, #1908, #141, #2067, #2098, #4486, #725, #286, #5034, #5471, #5421, #96, #6875, #4342, #2820, #196 ) ) ;
#1526 = CARTESIAN_POINT ( 'NONE',  ( -10.75477272147525909, -9.449999999999999289, -1.770000000000000018 ) ) ;
#1527 = FACE_OUTER_BOUND ( 'NONE', #3989, .T. ) ;
#1528 = VECTOR ( 'NONE', #3791, 39.37007874015748143 ) ;
#1529 = CARTESIAN_POINT ( 'NONE',  ( -6.300000000000004263, 1.354772721475247632, -1.770000000000000018 ) ) ;
#1530 = CARTESIAN_POINT ( 'NONE',  ( 4.529999999999996696, 0.2500000000000000000, -7.930136022756449243 ) ) ;
#1531 = FACE_OUTER_BOUND ( 'NONE', #3088, .T. ) ;
#1532 = AXIS2_PLACEMENT_3D ( 'NONE', #5266, #5815, #560 ) ;
#1533 = ORIENTED_EDGE ( 'NONE', *, *, #4329, .T. ) ;
#1534 = CARTESIAN_POINT ( 'NONE',  ( 75.53999999999999204, 66.39999999999999147, 0.6100000000000025402 ) ) ;
#1535 = EDGE_LOOP ( 'NONE', ( #2736, #6169, #142, #1777 ) ) ;
#1536 = CARTESIAN_POINT ( 'NONE',  ( 7.844931798891551900, 2.336910030610038103, -0.2499999999999946987 ) ) ;
#1537 = CARTESIAN_POINT ( 'NONE',  ( 4.534437457200211993E-15, 2.000000000000011546, 0.1000000000000084988 ) ) ;
#1538 = AXIS2_PLACEMENT_3D ( 'NONE', #4674, #7049, #1188 ) ;
#1539 = AXIS2_PLACEMENT_3D ( 'NONE', #7526, #6911, #2923 ) ;
#1540 = CARTESIAN_POINT ( 'NONE',  ( 6.344645669291334222, 2.249999999999997780, 0.9250000000000110356 ) ) ;
#1541 = CARTESIAN_POINT ( 'NONE',  ( 4.454772721475242392, -9.449999999999999289, -1.719999999999999973 ) ) ;
#1542 = VECTOR ( 'NONE', #6350, 39.37007874015748143 ) ;
#1543 = CARTESIAN_POINT ( 'NONE',  ( -6.300000000000008704, -4.995227278524748016, -1.719999999999999973 ) ) ;
#1544 = VECTOR ( 'NONE', #2295, 39.37007874015748143 ) ;
#1545 = VECTOR ( 'NONE', #1248, 39.37007874015748143 ) ;
#1546 = DIRECTION ( 'NONE',  ( 0.000000000000000000, 3.304235192336773540E-15, 1.000000000000000000 ) ) ;
#1547 = VERTEX_POINT ( 'NONE', #3596 ) ;
#1548 = FACE_OUTER_BOUND ( 'NONE', #5996, .T. ) ;
#1549 = ORIENTED_EDGE ( 'NONE', *, *, #7466, .F. ) ;
#1550 = CARTESIAN_POINT ( 'NONE',  ( 6.299999999999995381, 1.354772721475247632, -1.770000000000000018 ) ) ;
#1551 = VECTOR ( 'NONE', #4682, 39.37007874015748854 ) ;
#1552 = EDGE_LOOP ( 'NONE', ( #7346, #1911, #2587, #3602 ) ) ;
#1553 = ORIENTED_EDGE ( 'NONE', *, *, #7499, .F. ) ;
#1554 = ORIENTED_EDGE ( 'NONE', *, *, #6810, .F. ) ;
#1555 = DIRECTION ( 'NONE',  ( 0.000000000000000000, 3.304235192336773540E-15, 1.000000000000000000 ) ) ;
#1556 = ORIENTED_EDGE ( 'NONE', *, *, #3932, .T. ) ;
#1557 = AXIS2_PLACEMENT_3D ( 'NONE', #6790, #5619, #365 ) ;
#1558 = FACE_OUTER_BOUND ( 'NONE', #5423, .T. ) ;
#1559 = ORIENTED_EDGE ( 'NONE', *, *, #1202, .T. ) ;
#1560 = CARTESIAN_POINT ( 'NONE',  ( 2.420580475199245019, 19.71186723724616385, -0.2500000000000012212 ) ) ;
#1561 = EDGE_CURVE ( 'NONE', #2571, #7423, #4391, .T. ) ;
#1562 = PLANE ( 'NONE',  #3996 ) ;
#1563 = AXIS2_PLACEMENT_3D ( 'NONE', #7357, #887, #4876 ) ;
#1564 = EDGE_LOOP ( 'NONE', ( #7006, #4850, #836, #4512, #5155, #6115, #3227, #2167, #3208, #5693, #2475, #1855, #4427, #3980, #7535, #2307 ) ) ;
#1565 = ADVANCED_FACE ( 'NONE', ( #3981 ), #5048, .F. ) ;
#1566 = CARTESIAN_POINT ( 'NONE',  ( -10.85477272147525873, 9.449999999999999289, -1.770000000000000018 ) ) ;
#1567 = CARTESIAN_POINT ( 'NONE',  ( 1.790872624858488305, 16.70033416803600801, -0.2500000000000012212 ) ) ;
#1568 = DIRECTION ( 'NONE',  ( -0.7071067811865475727, 0.7071067811865475727, 0.000000000000000000 ) ) ;
#1569 = ADVANCED_FACE ( 'NONE', ( #331 ), #6756, .F. ) ;
#1570 = ADVANCED_FACE ( 'NONE', ( #5540 ), #5662, .F. ) ;
#1571 = ORIENTED_EDGE ( 'NONE', *, *, #6277, .T. ) ;
#1572 = ITEM_DEFINED_TRANSFORMATION ( 'NONE', 'NONE', #4383,  #5850 ) ;
#1573 = ORIENTED_EDGE ( 'NONE', *, *, #6079, .F. ) ;
#1574 = DIRECTION ( 'NONE',  ( -3.512375991854052315E-15, 8.537024980200927328E-17, 1.000000000000000000 ) ) ;
#1575 = CARTESIAN_POINT ( 'NONE',  ( 7.850411144749170234, 2.288545328002504764, -0.2700333157601768064 ) ) ;
#1576 = DIRECTION ( 'NONE',  ( -0.000000000000000000, -0.000000000000000000, -1.000000000000000000 ) ) ;
#1577 = EDGE_CURVE ( 'NONE', #790, #957, #1510, .T. ) ;
#1578 = DIRECTION ( 'NONE',  ( 0.000000000000000000, -3.304235192336776301E-15, 1.000000000000000000 ) ) ;
#1579 = LINE ( 'NONE', #6498, #1041 ) ;
#1580 = CARTESIAN_POINT ( 'NONE',  ( 8.145227278524741266, 3.200000000000001954, -1.770000000000000018 ) ) ;
#1581 = DIRECTION ( 'NONE',  ( 0.000000000000000000, 0.000000000000000000, -1.000000000000000000 ) ) ;
#1582 = DIRECTION ( 'NONE',  ( 1.000000000000000000, 0.000000000000000000, 0.000000000000000000 ) ) ;
#1583 = EDGE_LOOP ( 'NONE', ( #6185, #1739, #4553, #2053 ) ) ;
#1584 = VERTEX_POINT ( 'NONE', #6170 ) ;
#1585 = DIRECTION ( 'NONE',  ( 1.000000000000000000, -0.000000000000000000, -3.512375991854052315E-15 ) ) ;
#1586 = DIRECTION ( 'NONE',  ( -0.000000000000000000, -0.000000000000000000, -1.000000000000000000 ) ) ;
#1587 = ORIENTED_EDGE ( 'NONE', *, *, #778, .T. ) ;
#1588 = VECTOR ( 'NONE', #7098, 39.37007874015748143 ) ;
#1589 = AXIS2_PLACEMENT_3D ( 'NONE', #2056, #3292, #261 ) ;
#1590 = VERTEX_POINT ( 'NONE', #5004 ) ;
#1591 = FACE_OUTER_BOUND ( 'NONE', #5396, .T. ) ;
#1592 = ORIENTED_EDGE ( 'NONE', *, *, #5273, .F. ) ;
#1593 = LINE ( 'NONE', #3955, #2873 ) ;
#1594 = ORIENTED_EDGE ( 'NONE', *, *, #593, .T. ) ;
#1595 = CARTESIAN_POINT ( 'NONE',  ( 4.187864042533941067, 15.64893697419836904, 0.000000000000000000 ) ) ;
#1596 =( GEOMETRIC_REPRESENTATION_CONTEXT ( 3 ) GLOBAL_UNCERTAINTY_ASSIGNED_CONTEXT ( ( #7033 ) ) GLOBAL_UNIT_ASSIGNED_CONTEXT ( ( #3567, #348, #638 ) ) REPRESENTATION_CONTEXT ( 'NONE', 'WORKASPACE' ) );
#1597 = ORIENTED_EDGE ( 'NONE', *, *, #398, .F. ) ;
#1598 = AXIS2_PLACEMENT_3D ( 'NONE', #5437, #4944, #2565 ) ;
#1599 = EDGE_CURVE ( 'NONE', #7265, #4622, #5106, .T. ) ;
#1600 = CIRCLE ( 'NONE', #4548, 0.1377952755905512972 ) ;
#1601 = CARTESIAN_POINT ( 'NONE',  ( 1.159999999999973275, 21.90000000000001990, -0.8346456692913222231 ) ) ;
#1602 = CARTESIAN_POINT ( 'NONE',  ( 5.984739045710472105, 5.904211647661679052, -0.2500000000000000555 ) ) ;
#1603 = CARTESIAN_POINT ( 'NONE',  ( 12.59999999999999609, -7.604772721475247188, -1.719999999999999973 ) ) ;
#1604 = VERTEX_POINT ( 'NONE', #1473 ) ;
#1605 = ITEM_DEFINED_TRANSFORMATION ( 'NONE', 'NONE', #6472,  #5850 ) ;
#1606 = VERTEX_POINT ( 'NONE', #1550 ) ;
#1607 = DIRECTION ( 'NONE',  ( 0.7071067811865473507, -0.7071067811865476838, 0.000000000000000000 ) ) ;
#1608 = DIRECTION ( 'NONE',  ( -1.000000000000000000, 1.720849129867250395E-15, -1.561055996379519324E-16 ) ) ;
#1609 = LINE ( 'NONE', #2877, #1775 ) ;
#1610 = EDGE_CURVE ( 'NONE', #3870, #3977, #6872, .T. ) ;
#1611 = FACE_OUTER_BOUND ( 'NONE', #3664, .T. ) ;
#1612 = EDGE_CURVE ( 'NONE', #7095, #5347, #2086, .T. ) ;
#1613 = CARTESIAN_POINT ( 'NONE',  ( -12.53999999999999737, 0.2500000000000000000, 9.390000000000002345 ) ) ;
#1614 = ADVANCED_FACE ( 'NONE', ( #7447 ), #6830, .F. ) ;
#1615 = LINE ( 'NONE', #6281, #2577 ) ;
#1616 = DIRECTION ( 'NONE',  ( 1.000000000000000000, 0.000000000000000000, 0.000000000000000000 ) ) ;
#1617 = EDGE_LOOP ( 'NONE', ( #1362, #5568, #7030, #437 ) ) ;
#1618 = AXIS2_PLACEMENT_3D ( 'NONE', #4020, #6363, #6249 ) ;
#1619 = ORIENTED_EDGE ( 'NONE', *, *, #2557, .T. ) ;
#1620 = DIRECTION ( 'NONE',  ( -3.304235192336789711E-15, 0.000000000000000000, -1.000000000000000000 ) ) ;
#1621 = CARTESIAN_POINT ( 'NONE',  ( 7.755526866610956915, 6.260566922747311303, 0.000000000000000000 ) ) ;
#1622 = DIRECTION ( 'NONE',  ( 0.000000000000000000, 0.000000000000000000, -1.000000000000000000 ) ) ;
#1623 = AXIS2_PLACEMENT_3D ( 'NONE', #236, #3186, #2572 ) ;
#1624 = CARTESIAN_POINT ( 'NONE',  ( 4.344645669291333334, 2.250000000000000444, 1.090354330708672492 ) ) ;
#1625 = ORIENTED_EDGE ( 'NONE', *, *, #6853, .F. ) ;
#1626 = ORIENTED_EDGE ( 'NONE', *, *, #4429, .T. ) ;
#1627 = CARTESIAN_POINT ( 'NONE',  ( 4.344645669291333334, 2.250000000000000444, 1.090354330708672492 ) ) ;
#1628 = VERTEX_POINT ( 'NONE', #4508 ) ;
#1629 = CARTESIAN_POINT ( 'NONE',  ( -8.145227278524757253, -3.099999999999999201, -1.770000000000000018 ) ) ;
#1630 = ORIENTED_EDGE ( 'NONE', *, *, #5849, .T. ) ;
#1631 = PLANE ( 'NONE',  #2940 ) ;
#1632 = VECTOR ( 'NONE', #5993, 39.37007874015748143 ) ;
#1633 = ORIENTED_EDGE ( 'NONE', *, *, #2973, .F. ) ;
#1634 = DIRECTION ( 'NONE',  ( 0.000000000000000000, 0.000000000000000000, 1.000000000000000000 ) ) ;
#1635 = CARTESIAN_POINT ( 'NONE',  ( 7.846301635355956705, 2.258388240474247688, -0.009109563166084249861 ) ) ;
#1636 = DIRECTION ( 'NONE',  ( 0.7071067811865476838, 0.7071067811865473507, 0.000000000000000000 ) ) ;
#1637 = CARTESIAN_POINT ( 'NONE',  ( -12.60000000000000853, -4.995227278524748016, -1.719999999999999973 ) ) ;
#1638 = ORIENTED_EDGE ( 'NONE', *, *, #3365, .T. ) ;
#1639 = ORIENTED_EDGE ( 'NONE', *, *, #5354, .T. ) ;
#1640 = CARTESIAN_POINT ( 'NONE',  ( -6.300000000000004263, -1.254772721475247099, -1.719999999999999973 ) ) ;
#1641 = LINE ( 'NONE', #4009, #7445 ) ;
#1642 = LINE ( 'NONE', #1684, #4123 ) ;
#1643 = VECTOR ( 'NONE', #283, 39.37007874015748143 ) ;
#1644 = DIRECTION ( 'NONE',  ( -0.000000000000000000, -0.000000000000000000, -1.000000000000000000 ) ) ;
#1645 = CIRCLE ( 'NONE', #4705, 0.1653543307086613734 ) ;
#1646 = CARTESIAN_POINT ( 'NONE',  ( -1.406901716737095587E-14, -1.356878142548454590E-17, -0.3499999999999774403 ) ) ;
#1647 =( NAMED_UNIT ( * ) PLANE_ANGLE_UNIT ( ) SI_UNIT ( $, .RADIAN. ) );
#1648 = ORIENTED_EDGE ( 'NONE', *, *, #2847, .F. ) ;
#1649 = CARTESIAN_POINT ( 'NONE',  ( 4.675354330708656470, 2.250000000000001332, 0.7596456692913496900 ) ) ;
#1650 = VECTOR ( 'NONE', #4800, 39.37007874015748143 ) ;
#1651 = VECTOR ( 'NONE', #5282, 39.37007874015748143 ) ;
#1652 = VERTEX_POINT ( 'NONE', #5625 ) ;
#1653 = ADVANCED_FACE ( 'NONE', ( #2121 ), #371, .T. ) ;
#1654 = DIRECTION ( 'NONE',  ( -1.000000000000000000, 0.000000000000000000, 0.000000000000000000 ) ) ;
#1655 = DIRECTION ( 'NONE',  ( 0.000000000000000000, 1.000000000000000000, 0.000000000000000000 ) ) ;
#1656 = CARTESIAN_POINT ( 'NONE',  ( 10.75477272147524310, -3.099999999999999201, -1.719999999999999973 ) ) ;
#1657 = VECTOR ( 'NONE', #731, 39.37007874015748143 ) ;
#1658 = AXIS2_PLACEMENT_3D ( 'NONE', #3120, #1276, #1882 ) ;
#1659 = ADVANCED_FACE ( 'NONE', ( #2626 ), #6208, .F. ) ;
#1660 = ORIENTED_EDGE ( 'NONE', *, *, #1921, .F. ) ;
#1661 = EDGE_CURVE ( 'NONE', #1856, #2982, #5495, .T. ) ;
#1662 = ORIENTED_EDGE ( 'NONE', *, *, #3490, .T. ) ;
#1663 = ORIENTED_EDGE ( 'NONE', *, *, #3164, .T. ) ;
#1664 = CARTESIAN_POINT ( 'NONE',  ( 1.845227278524741221, -9.449999999999999289, -1.719999999999999973 ) ) ;
#1665 = EDGE_CURVE ( 'NONE', #4887, #2630, #2046, .T. ) ;
#1666 = ORIENTED_EDGE ( 'NONE', *, *, #3293, .F. ) ;
#1667 = VECTOR ( 'NONE', #3857, 39.37007874015748143 ) ;
#1668 = DIRECTION ( 'NONE',  ( 1.000000000000000000, 0.000000000000000000, -0.000000000000000000 ) ) ;
#1669 = ORIENTED_EDGE ( 'NONE', *, *, #309, .T. ) ;
#1670 = DIRECTION ( 'NONE',  ( 0.8635486968584774603, 0.000000000000000000, -0.5042654540557239828 ) ) ;
#1671 = VERTEX_POINT ( 'NONE', #2739 ) ;
#1672 = LINE ( 'NONE', #6413, #6517 ) ;
#1673 = CONTEXT_DEPENDENT_SHAPE_REPRESENTATION ( #698, #66 ) ;
#1674 = DIRECTION ( 'NONE',  ( -0.5042654540557229836, 0.000000000000000000, 0.8635486968584780154 ) ) ;
#1675 = CARTESIAN_POINT ( 'NONE',  ( 6.344645669291334222, 2.249999999999996891, -1.174999999999996714 ) ) ;
#1676 = FACE_OUTER_BOUND ( 'NONE', #7145, .T. ) ;
#1677 = CIRCLE ( 'NONE', #3900, 0.1377952755905512972 ) ;
#1678 = ORIENTED_EDGE ( 'NONE', *, *, #5501, .F. ) ;
#1679 = APPLICATION_PROTOCOL_DEFINITION ( 'draft international standard', 'automotive_design', 1998, #2551 ) ;
#1680 = ORIENTED_EDGE ( 'NONE', *, *, #7263, .T. ) ;
#1681 = PRODUCT_DEFINITION_FORMATION_WITH_SPECIFIED_SOURCE ( 'ANY', '', #3116, .NOT_KNOWN. ) ;
#1682 = FACE_OUTER_BOUND ( 'NONE', #4259, .T. ) ;
#1683 = CARTESIAN_POINT ( 'NONE',  ( 12.54000000000000092, 0.2500000000000000000, 9.390000000000002345 ) ) ;
#1684 = CARTESIAN_POINT ( 'NONE',  ( 6.299999999999990941, 1.354772721475252073, -1.770000000000000018 ) ) ;
#1685 = LINE ( 'NONE', #2807, #2459 ) ;
#1686 = LINE ( 'NONE', #4633, #2204 ) ;
#1687 = ORIENTED_EDGE ( 'NONE', *, *, #6446, .F. ) ;
#1688 = DIRECTION ( 'NONE',  ( -1.000000000000000000, 0.000000000000000000, 0.000000000000000000 ) ) ;
#1689 = EDGE_CURVE ( 'NONE', #910, #7149, #3322, .T. ) ;
#1690 = ORIENTED_EDGE ( 'NONE', *, *, #1699, .F. ) ;
#1691 = PLANE ( 'NONE',  #1784 ) ;
#1692 = CARTESIAN_POINT ( 'NONE',  ( -4.370956789862821150E-15, 5.095227278524752990, -1.770000000000000018 ) ) ;
#1693 = DIRECTION ( 'NONE',  ( -0.7071067811865473507, 0.7071067811865476838, 0.000000000000000000 ) ) ;
#1694 = DIRECTION ( 'NONE',  ( -0.000000000000000000, -0.000000000000000000, -1.000000000000000000 ) ) ;
#1695 = CARTESIAN_POINT ( 'NONE',  ( 6.299999999999990941, -7.604772721475248076, -1.719999999999999973 ) ) ;
#1696 = EDGE_LOOP ( 'NONE', ( #6270, #3713, #1090, #6548 ) ) ;
#1697 = CARTESIAN_POINT ( 'NONE',  ( 3.957952998694673245E-15, 2.000000000000006217, -1.999999999999997335 ) ) ;
#1698 = ORIENTED_EDGE ( 'NONE', *, *, #4305, .T. ) ;
#1699 = EDGE_CURVE ( 'NONE', #6251, #1718, #6913, .T. ) ;
#1700 = LINE ( 'NONE', #1774, #5084 ) ;
#1701 = EDGE_CURVE ( 'NONE', #2448, #148, #6984, .T. ) ;
#1702 = AXIS2_PLACEMENT_3D ( 'NONE', #5586, #5007, #334 ) ;
#1703 = PRODUCT_RELATED_PRODUCT_CATEGORY ( 'part', '', ( #986 ) ) ;
#1704 = PRODUCT_DEFINITION_CONTEXT ( 'detailed design', #2801, 'design' ) ;
#1705 = CIRCLE ( 'NONE', #5257, 0.1377952755905512972 ) ;
#1706 = EDGE_CURVE ( 'NONE', #6699, #5411, #1125, .T. ) ;
#1707 = ORIENTED_EDGE ( 'NONE', *, *, #2691, .T. ) ;
#1708 = CARTESIAN_POINT ( 'NONE',  ( 7.030000000000001137, 0.2500000000000000000, -9.389999999999998792 ) ) ;
#1709 = EDGE_CURVE ( 'NONE', #2657, #5559, #2278, .T. ) ;
#1710 = CARTESIAN_POINT ( 'NONE',  ( 7.860000000000003872, 2.249999999999996003, -0.3499999999999950373 ) ) ;
#1711 = CIRCLE ( 'NONE', #991, 10.04786461282786547 ) ;
#1712 = DIRECTION ( 'NONE',  ( -0.7071067811865476838, -0.7071067811865473507, 0.000000000000000000 ) ) ;
#1713 = VECTOR ( 'NONE', #5407, 39.37007874015748143 ) ;
#1714 = PRODUCT_DEFINITION_SHAPE ( 'NONE', 'NONE',  #7571 ) ;
#1715 = FACE_OUTER_BOUND ( 'NONE', #3342, .T. ) ;
#1716 = VECTOR ( 'NONE', #2343, 39.37007874015748143 ) ;
#1717 = AXIS2_PLACEMENT_3D ( 'NONE', #6680, #3092, #4776 ) ;
#1718 = VERTEX_POINT ( 'NONE', #1803 ) ;
#1719 =( REPRESENTATION_RELATIONSHIP ('NONE','NONE', #754, #2904 ) REPRESENTATION_RELATIONSHIP_WITH_TRANSFORMATION ( #108 )SHAPE_REPRESENTATION_RELATIONSHIP( ) );
#1720 = CONTEXT_DEPENDENT_SHAPE_REPRESENTATION ( #3582, #2267 ) ;
#1721 = EDGE_LOOP ( 'NONE', ( #6569, #1001, #4296, #1399 ) ) ;
#1722 = LINE ( 'NONE', #4080, #879 ) ;
#1723 = CARTESIAN_POINT ( 'NONE',  ( 11.04152073871359185, 2.349999999999996092, -0.3499999999999947042 ) ) ;
#1724 = CARTESIAN_POINT ( 'NONE',  ( 1.409999999999994147, 21.90000000000005187, 0.7500000000000469624 ) ) ;
#1725 = VECTOR ( 'NONE', #4075, 39.37007874015748143 ) ;
#1726 = DIRECTION ( 'NONE',  ( -0.000000000000000000, -0.000000000000000000, -1.000000000000000000 ) ) ;
#1727 = LINE ( 'NONE', #1230, #5149 ) ;
#1728 = VERTEX_POINT ( 'NONE', #590 ) ;
#1729 = DIRECTION ( 'NONE',  ( 1.892934042853975138E-15, 1.000000000000000000, -3.590428791673030081E-15 ) ) ;
#1730 = ORIENTED_EDGE ( 'NONE', *, *, #2025, .F. ) ;
#1731 = DIRECTION ( 'NONE',  ( 0.000000000000000000, 0.000000000000000000, 1.000000000000000000 ) ) ;
#1732 = DIRECTION ( 'NONE',  ( 0.7071067811865476838, 0.7071067811865473507, 0.000000000000000000 ) ) ;
#1733 = CARTESIAN_POINT ( 'NONE',  ( 7.858630163535600843, 1.999999999999995559, 0.05418510713515545252 ) ) ;
#1734 = CARTESIAN_POINT ( 'NONE',  ( -11.60000000000002451, -8.449999999999999289, -1.770000000000000018 ) ) ;
#1735 = AXIS2_PLACEMENT_3D ( 'NONE', #6639, #4393, #3165 ) ;
#1736 = EDGE_LOOP ( 'NONE', ( #5448, #4256, #74, #7212 ) ) ;
#1737 = CARTESIAN_POINT ( 'NONE',  ( 1.509999999999995124, 23.14000000000000412, 0.1000000000000006023 ) ) ;
#1738 = FACE_OUTER_BOUND ( 'NONE', #6182, .T. ) ;
#1739 = ORIENTED_EDGE ( 'NONE', *, *, #7417, .F. ) ;
#1740 = DIRECTION ( 'NONE',  ( -0.7071067811865476838, -0.7071067811865473507, 0.000000000000000000 ) ) ;
#1741 = VECTOR ( 'NONE', #7516, 39.37007874015748143 ) ;
#1742 = EDGE_CURVE ( 'NONE', #4732, #6534, #2926, .T. ) ;
#1743 = ORIENTED_EDGE ( 'NONE', *, *, #2461, .F. ) ;
#1744 = DIRECTION ( 'NONE',  ( 1.720849129867250000E-15, 1.000000000000000000, 3.434323192035072971E-15 ) ) ;
#1745 = EDGE_CURVE ( 'NONE', #1590, #1130, #1159, .T. ) ;
#1746 = CARTESIAN_POINT ( 'NONE',  ( -11.73779527559057634, -8.449999999999999289, -1.645000000000000018 ) ) ;
#1747 = ADVANCED_FACE ( 'NONE', ( #6319 ), #1691, .F. ) ;
#1748 = LINE ( 'NONE', #426, #5214 ) ;
#1749 = CARTESIAN_POINT ( 'NONE',  ( 4.454772721475242392, -3.099999999999999201, -1.719999999999999973 ) ) ;
#1750 = ORIENTED_EDGE ( 'NONE', *, *, #2466, .T. ) ;
#1751 = CONTEXT_DEPENDENT_SHAPE_REPRESENTATION ( #3296, #2822 ) ;
#1752 = ORIENTED_EDGE ( 'NONE', *, *, #1689, .T. ) ;
#1753 = CARTESIAN_POINT ( 'NONE',  ( -11.60000000000002451, 8.449999999999999289, -0.9719999999999998641 ) ) ;
#1754 = CARTESIAN_POINT ( 'NONE',  ( 1.159999999999981934, 23.14000000000000412, -0.3499999999999824918 ) ) ;
#1755 = DIRECTION ( 'NONE',  ( -1.000000000000000000, -0.000000000000000000, -0.000000000000000000 ) ) ;
#1756 = EDGE_CURVE ( 'NONE', #5962, #6699, #2814, .T. ) ;
#1757 = PLANE ( 'NONE',  #4242 ) ;
#1758 = CARTESIAN_POINT ( 'NONE',  ( -11.60000000000002451, -8.449999999999999289, -1.719999999999999973 ) ) ;
#1759 = CARTESIAN_POINT ( 'NONE',  ( 4.676780981213570776, 2.037077157614649359, 0.000000000000000000 ) ) ;
#1760 = CARTESIAN_POINT ( 'NONE',  ( 25.13999999999999346, 9.700000000000001066, 0.6100000000000025402 ) ) ;
#1761 = ORIENTED_EDGE ( 'NONE', *, *, #2607, .F. ) ;
#1762 = CARTESIAN_POINT ( 'NONE',  ( 8.145227278524741266, -3.149999999999997691, -1.719999999999999973 ) ) ;
#1763 = VERTEX_POINT ( 'NONE', #4578 ) ;
#1764 = DIRECTION ( 'NONE',  ( -1.000000000000000000, 1.652117596168388150E-15, -0.000000000000000000 ) ) ;
#1765 = AXIS2_PLACEMENT_3D ( 'NONE', #5521, #5018, #4449 ) ;
#1766 = DIRECTION ( 'NONE',  ( 0.000000000000000000, 3.304235192336776301E-15, -1.000000000000000000 ) ) ;
#1767 = LINE ( 'NONE', #1847, #2567 ) ;
#1768 = LINE ( 'NONE', #5852, #44 ) ;
#1769 = VECTOR ( 'NONE', #20, 39.37007874015748143 ) ;
#1770 = ORIENTED_EDGE ( 'NONE', *, *, #2847, .T. ) ;
#1771 = CARTESIAN_POINT ( 'NONE',  ( 2.176780981213570332, 2.781713543831469071, 0.000000000000000000 ) ) ;
#1772 = CARTESIAN_POINT ( 'NONE',  ( -8.145227278524757253, -3.099999999999999201, -1.719999999999999973 ) ) ;
#1773 = EDGE_LOOP ( 'NONE', ( #2912, #3594, #692, #524 ) ) ;
#1774 = CARTESIAN_POINT ( 'NONE',  ( -4.530000000000007354, 0.000000000000000000, -7.930136022756448355 ) ) ;
#1775 = VECTOR ( 'NONE', #5762, 39.37007874015748143 ) ;
#1776 = VECTOR ( 'NONE', #6316, 39.37007874015748143 ) ;
#1777 = ORIENTED_EDGE ( 'NONE', *, *, #7375, .T. ) ;
#1778 = VECTOR ( 'NONE', #3603, 39.37007874015748854 ) ;
#1779 = DIRECTION ( 'NONE',  ( -0.000000000000000000, -0.000000000000000000, -1.000000000000000000 ) ) ;
#1780 = DIRECTION ( 'NONE',  ( -0.000000000000000000, -0.000000000000000000, -1.000000000000000000 ) ) ;
#1781 = EDGE_CURVE ( 'NONE', #2009, #370, #7214, .T. ) ;
#1782 = CARTESIAN_POINT ( 'NONE',  ( -6.924606895954950936, 11.70033416803600801, -2.000000000000001332 ) ) ;
#1783 = CARTESIAN_POINT ( 'NONE',  ( 4.454772721475242392, 3.250000000000000444, -1.770000000000000018 ) ) ;
#1784 = AXIS2_PLACEMENT_3D ( 'NONE', #480, #1731, #7020 ) ;
#1785 = VERTEX_POINT ( 'NONE', #4019 ) ;
#1786 = ADVANCED_FACE ( 'NONE', ( #2349 ), #4050, .F. ) ;
#1787 = ITEM_DEFINED_TRANSFORMATION ( 'NONE', 'NONE', #4267,  #5850 ) ;
#1788 = ORIENTED_EDGE ( 'NONE', *, *, #6808, .F. ) ;
#1789 = CARTESIAN_POINT ( 'NONE',  ( 2.976638425544313016, 15.12208098833292702, -0.2500000000000000555 ) ) ;
#1790 = DIRECTION ( 'NONE',  ( 1.720849129867249803E-15, 1.000000000000000000, 3.434323192035072183E-15 ) ) ;
#1791 = AXIS2_PLACEMENT_3D ( 'NONE', #1957, #2076, #6278 ) ;
#1792 = ADVANCED_FACE ( 'NONE', ( #7558 ), #3464, .F. ) ;
#1793 = ADVANCED_FACE ( 'NONE', ( #3427 ), #5772, .F. ) ;
#1794 = CARTESIAN_POINT ( 'NONE',  ( 1.159999999999988818, 2.000000000000001776, 1.750000000000005107 ) ) ;
#1795 = EDGE_CURVE ( 'NONE', #6945, #5897, #944, .T. ) ;
#1796 = AXIS2_PLACEMENT_3D ( 'NONE', #4271, #1304, #5876 ) ;
#1797 = CARTESIAN_POINT ( 'NONE',  ( 1.509999999999994458, 2.349999999999996092, 5.327103587645313572E-15 ) ) ;
#1798 = DIRECTION ( 'NONE',  ( 1.000000000000000000, 0.000000000000000000, 0.000000000000000000 ) ) ;
#1799 = ORIENTED_EDGE ( 'NONE', *, *, #5082, .T. ) ;
#1800 = FACE_BOUND ( 'NONE', #5667, .T. ) ;
#1801 = EDGE_CURVE ( 'NONE', #4974, #3286, #4090, .T. ) ;
#1802 = ORIENTED_EDGE ( 'NONE', *, *, #4989, .F. ) ;
#1803 = CARTESIAN_POINT ( 'NONE',  ( 7.030000000000001137, 0.000000000000000000, 9.390000000000002345 ) ) ;
#1804 = EDGE_LOOP ( 'NONE', ( #3856, #1026, #3521, #5166 ) ) ;
#1805 = CARTESIAN_POINT ( 'NONE',  ( -12.60000000000000853, 1.354772721475252073, -1.770000000000000018 ) ) ;
#1806 = DIRECTION ( 'NONE',  ( -1.000000000000000000, 1.892934042853974744E-15, -8.604245649336219925E-17 ) ) ;
#1807 = CARTESIAN_POINT ( 'NONE',  ( 4.344645669291333334, 1.999374015748020206, 0.7596456692913488018 ) ) ;
#1808 = CARTESIAN_POINT ( 'NONE',  ( 1.159999999999990594, 23.14000000000000412, 1.750000000000003553 ) ) ;
#1809 = CARTESIAN_POINT ( 'NONE',  ( 8.145227278524741266, 3.250000000000000444, -1.719999999999999973 ) ) ;
#1810 = EDGE_LOOP ( 'NONE', ( #378, #5550, #1066, #5377 ) ) ;
#1811 = CARTESIAN_POINT ( 'NONE',  ( 4.554772721475242037, 9.449999999999999289, -1.770000000000000018 ) ) ;
#1812 = ORIENTED_EDGE ( 'NONE', *, *, #7175, .F. ) ;
#1813 = CARTESIAN_POINT ( 'NONE',  ( 10.75477272147524310, -3.099999999999999201, -1.719999999999999973 ) ) ;
#1814 =( BOUNDED_SURFACE ( )  B_SPLINE_SURFACE ( 3, 1, ( 
 ( #2574, #7130 ),
 ( #6506, #4276 ),
 ( #3576, #6627 ),
 ( #5923, #662 ) ),
 .UNSPECIFIED., .F., .F., .T. ) 
 B_SPLINE_SURFACE_WITH_KNOTS ( ( 4, 4 ),
 ( 2, 2 ),
 ( 0.000000000000000000, 1.000000000000000000 ),
 ( 0.000000000000000000, 1.000000000000000000 ),
 .UNSPECIFIED. ) 
 GEOMETRIC_REPRESENTATION_ITEM ( )  RATIONAL_B_SPLINE_SURFACE ( (
 ( 1.000000000000000000, 1.000000000000000000),
 ( 0.3333333333333333703, 0.3333333333333333703),
 ( 0.3333333333333333703, 0.3333333333333333703),
 ( 1.000000000000000000, 1.000000000000000000) ) ) 
 REPRESENTATION_ITEM ( '' )  SURFACE ( )  );
#1815 = ORIENTED_EDGE ( 'NONE', *, *, #5354, .F. ) ;
#1816 = CARTESIAN_POINT ( 'NONE',  ( 2.417076221633456257, 14.47682303524409697, 0.000000000000000000 ) ) ;
#1817 = CARTESIAN_POINT ( 'NONE',  ( 8.145227278524741266, 3.200000000000001954, -1.719999999999999973 ) ) ;
#1818 = CYLINDRICAL_SURFACE ( 'NONE', #3936, 0.1653543307086613734 ) ;
#1819 = AXIS2_PLACEMENT_3D ( 'NONE', #5042, #3157, #2697 ) ;
#1820 = CARTESIAN_POINT ( 'NONE',  ( -8.145227278524757253, -3.149999999999998579, -1.770000000000000018 ) ) ;
#1821 = EDGE_LOOP ( 'NONE', ( #2348, #1471, #3786, #4601 ) ) ;
#1822 = EDGE_CURVE ( 'NONE', #3707, #2129, #2314, .T. ) ;
#1823 = ORIENTED_EDGE ( 'NONE', *, *, #3355, .F. ) ;
#1824 = VECTOR ( 'NONE', #7171, 39.37007874015748854 ) ;
#1825 = VECTOR ( 'NONE', #6500, 39.37007874015748143 ) ;
#1826 = ORIENTED_EDGE ( 'NONE', *, *, #3937, .T. ) ;
#1827 = CARTESIAN_POINT ( 'NONE',  ( 5.984739045710472105, 5.904211647661679052, -0.2500000000000000555 ) ) ;
#1828 = LINE ( 'NONE', #7080, #4828 ) ;
#1829 = DIRECTION ( 'NONE',  ( -0.000000000000000000, -0.000000000000000000, -1.000000000000000000 ) ) ;
#1830 = CARTESIAN_POINT ( 'NONE',  ( -8.145227278524757253, 3.200000000000001510, -1.770000000000000018 ) ) ;
#1831 = CARTESIAN_POINT ( 'NONE',  ( 2.344645669291333334, 2.250000000000003997, 1.090354330708672492 ) ) ;
#1832 = VECTOR ( 'NONE', #2499, 39.37007874015748143 ) ;
#1833 = AXIS2_PLACEMENT_3D ( 'NONE', #6443, #4592, #1174 ) ;
#1834 = DIRECTION ( 'NONE',  ( -1.000000000000000000, 0.000000000000000000, -0.000000000000000000 ) ) ;
#1835 = CARTESIAN_POINT ( 'NONE',  ( 126.0000000000000142, 0.000000000000000000, 0.000000000000000000 ) ) ;
#1836 = ORIENTED_EDGE ( 'NONE', *, *, #7216, .F. ) ;
#1837 = DIRECTION ( 'NONE',  ( 1.000000000000000000, 0.000000000000000000, -3.512375991854052315E-15 ) ) ;
#1838 = EDGE_CURVE ( 'NONE', #1059, #1114, #5842, .T. ) ;
#1839 = VECTOR ( 'NONE', #7086, 39.37007874015748143 ) ;
#1840 = ORIENTED_EDGE ( 'NONE', *, *, #3540, .T. ) ;
#1841 = VECTOR ( 'NONE', #1131, 39.37007874015748143 ) ;
#1842 = DIRECTION ( 'NONE',  ( 0.000000000000000000, 3.304235192336776301E-15, -1.000000000000000000 ) ) ;
#1843 = VERTEX_POINT ( 'NONE', #1199 ) ;
#1844 = EDGE_CURVE ( 'NONE', #7061, #3546, #43, .T. ) ;
#1845 = DIRECTION ( 'NONE',  ( -1.000000000000000000, 0.000000000000000000, 0.000000000000000000 ) ) ;
#1846 = EDGE_CURVE ( 'NONE', #536, #2813, #5292, .T. ) ;
#1847 = CARTESIAN_POINT ( 'NONE',  ( -6.300000000000008704, 7.704772721475252162, -1.770000000000000018 ) ) ;
#1848 = CARTESIAN_POINT ( 'NONE',  ( 1.409999999999996811, 23.14000000000000412, 0.1000000000000033085 ) ) ;
#1849 = DIRECTION ( 'NONE',  ( -3.304235192336779062E-15, 0.000000000000000000, -1.000000000000000000 ) ) ;
#1850 = ORIENTED_EDGE ( 'NONE', *, *, #6409, .F. ) ;
#1851 = DIRECTION ( 'NONE',  ( 0.8571673007021122226, 1.049727191138618449E-16, -0.5150380749100542666 ) ) ;
#1852 = ORIENTED_EDGE ( 'NONE', *, *, #3671, .F. ) ;
#1853 = CARTESIAN_POINT ( 'NONE',  ( 4.454772721475242392, -3.099999999999999201, -1.719999999999999973 ) ) ;
#1854 = B_SPLINE_CURVE_WITH_KNOTS ( 'NONE', 3,
 ( #3806, #6161, #3895, #890, #6239, #3225, #7008, #3419, #5761, #5145 ),
 .UNSPECIFIED., .F., .F.,
 ( 4, 2, 2, 2, 4 ),
 ( 0.000000000000000000, 0.2500000000000000000, 0.5000000000000000000, 0.7500000000000000000, 1.000000000000000000 ),
 .UNSPECIFIED. ) ;
#1855 = ORIENTED_EDGE ( 'NONE', *, *, #6750, .T. ) ;
#1856 = VERTEX_POINT ( 'NONE', #4160 ) ;
#1857 = FACE_OUTER_BOUND ( 'NONE', #5389, .T. ) ;
#1858 = DIRECTION ( 'NONE',  ( 0.000000000000000000, -3.304235192336776301E-15, 1.000000000000000000 ) ) ;
#1859 = LINE ( 'NONE', #4431, #981 ) ;
#1860 = EDGE_LOOP ( 'NONE', ( #6140, #7178, #42, #701 ) ) ;
#1861 = ORIENTED_EDGE ( 'NONE', *, *, #71, .F. ) ;
#1862 = ITEM_DEFINED_TRANSFORMATION ( 'NONE', 'NONE', #4870,  #5850 ) ;
#1863 = VERTEX_POINT ( 'NONE', #5963 ) ;
#1864 = CARTESIAN_POINT ( 'NONE',  ( 4.213951224809987295, 5.547856372576045025, -0.2500000000000000555 ) ) ;
#1865 = FILL_AREA_STYLE_COLOUR ( '', #6516 ) ;
#1866 = DIRECTION ( 'NONE',  ( -3.304235192336789711E-15, 0.000000000000000000, -1.000000000000000000 ) ) ;
#1867 = CARTESIAN_POINT ( 'NONE',  ( 2.176780981213570332, 2.781713543831470403, -2.000000000000001332 ) ) ;
#1868 = CARTESIAN_POINT ( 'NONE',  ( 4.187864042533941067, 14.83317831032973011, 0.000000000000000000 ) ) ;
#1869 = DIRECTION ( 'NONE',  ( -1.000000000000000000, 0.000000000000000000, 0.000000000000000000 ) ) ;
#1870 = DIRECTION ( 'NONE',  ( 0.000000000000000000, 0.000000000000000000, 1.000000000000000222 ) ) ;
#1871 = ORIENTED_EDGE ( 'NONE', *, *, #6064, .T. ) ;
#1872 = DIRECTION ( 'NONE',  ( 0.000000000000000000, -1.000000000000000000, 0.000000000000000000 ) ) ;
#1873 = ORIENTED_EDGE ( 'NONE', *, *, #4066, .T. ) ;
#1874 = DIRECTION ( 'NONE',  ( -1.720849129867250000E-15, -1.000000000000000000, -3.434323192035072971E-15 ) ) ;
#1875 = EDGE_LOOP ( 'NONE', ( #5316, #3920, #361, #966 ) ) ;
#1876 = CARTESIAN_POINT ( 'NONE',  ( 1.509999999999995124, 23.14000000000000412, 5.805176986536559586E-16 ) ) ;
#1877 = CARTESIAN_POINT ( 'NONE',  ( -11.73779527559057634, -8.449999999999999289, -1.645000000000000018 ) ) ;
#1878 = PLANE ( 'NONE',  #5976 ) ;
#1879 = LINE ( 'NONE', #747, #6567 ) ;
#1880 = EDGE_CURVE ( 'NONE', #3870, #4221, #127, .T. ) ;
#1881 = ORIENTED_EDGE ( 'NONE', *, *, #7221, .F. ) ;
#1882 = DIRECTION ( 'NONE',  ( -1.000000000000000000, 0.000000000000000000, 0.000000000000000000 ) ) ;
#1883 = VERTEX_POINT ( 'NONE', #1350 ) ;
#1884 = DIRECTION ( 'NONE',  ( 0.7071067811865474617, 0.7071067811865474617, 0.000000000000000000 ) ) ;
#1885 = EDGE_CURVE ( 'NONE', #7150, #5432, #2462, .T. ) ;
#1886 = EDGE_CURVE ( 'NONE', #5053, #94, #5488, .T. ) ;
#1887 = AXIS2_PLACEMENT_3D ( 'NONE', #5639, #3838, #1979 ) ;
#1888 = ORIENTED_EDGE ( 'NONE', *, *, #4254, .T. ) ;
#1889 = VERTEX_POINT ( 'NONE', #4314 ) ;
#1890 = DIRECTION ( 'NONE',  ( -1.000000000000000000, 0.000000000000000000, 0.000000000000000000 ) ) ;
#1891 = ADVANCED_FACE ( 'NONE', ( #3079 ), #4880, .F. ) ;
#1892 = AXIS2_PLACEMENT_3D ( 'NONE', #7483, #4639, #3458 ) ;
#1893 = ORIENTED_EDGE ( 'NONE', *, *, #115, .F. ) ;
#1894 = CARTESIAN_POINT ( 'NONE',  ( 2.675354330708656470, 2.000000000000003997, 0.9250000000000102585 ) ) ;
#1895 = PRODUCT_DEFINITION_SHAPE ( 'NONE', 'NONE',  #7591 ) ;
#1896 = VECTOR ( 'NONE', #3795, 39.37007874015748143 ) ;
#1897 = ORIENTED_EDGE ( 'NONE', *, *, #1933, .F. ) ;
#1898 = VECTOR ( 'NONE', #5565, 39.37007874015748143 ) ;
#1899 = CIRCLE ( 'NONE', #6222, 0.1653543307086607073 ) ;
#1900 = ORIENTED_EDGE ( 'NONE', *, *, #2971, .T. ) ;
#1901 = VERTEX_POINT ( 'NONE', #3151 ) ;
#1902 = DIRECTION ( 'NONE',  ( -1.000000000000000000, 0.000000000000000000, 0.000000000000000000 ) ) ;
#1903 = LINE ( 'NONE', #2416, #3251 ) ;
#1904 = DIRECTION ( 'NONE',  ( -0.000000000000000000, -0.000000000000000000, -1.000000000000000000 ) ) ;
#1905 = VECTOR ( 'NONE', #3281, 39.37007874015748143 ) ;
#1906 = DIRECTION ( 'NONE',  ( -1.000000000000000000, 0.000000000000000000, 0.000000000000000000 ) ) ;
#1907 = DIRECTION ( 'NONE',  ( 1.000000000000000000, 0.000000000000000000, 0.000000000000000000 ) ) ;
#1908 = ORIENTED_EDGE ( 'NONE', *, *, #103, .F. ) ;
#1909 = LINE ( 'NONE', #7162, #1825 ) ;
#1910 = DIRECTION ( 'NONE',  ( 0.000000000000000000, 0.000000000000000000, 1.000000000000000222 ) ) ;
#1911 = ORIENTED_EDGE ( 'NONE', *, *, #1381, .F. ) ;
#1912 = PLANE ( 'NONE',  #2522 ) ;
#1913 = CARTESIAN_POINT ( 'NONE',  ( 7.849041308284766316, 2.173733356870180877, -0.2058252359239846063 ) ) ;
#1914 = ORIENTED_EDGE ( 'NONE', *, *, #3216, .T. ) ;
#1915 = ORIENTED_EDGE ( 'NONE', *, *, #6261, .F. ) ;
#1916 = PLANE ( 'NONE',  #1352 ) ;
#1917 = AXIS2_PLACEMENT_3D ( 'NONE', #4230, #1910, #1265 ) ;
#1918 = DIRECTION ( 'NONE',  ( -1.000000000000000000, 0.000000000000000000, 0.000000000000000000 ) ) ;
#1919 = CARTESIAN_POINT ( 'NONE',  ( 2.185860046268665258, 22.89000000000000412, 0.000000000000000000 ) ) ;
#1920 = FACE_OUTER_BOUND ( 'NONE', #3657, .T. ) ;
#1921 = EDGE_CURVE ( 'NONE', #2037, #2720, #3032, .T. ) ;
#1922 = VERTEX_POINT ( 'NONE', #6666 ) ;
#1923 = DIRECTION ( 'NONE',  ( -0.000000000000000000, -0.000000000000000000, 1.000000000000000000 ) ) ;
#1924 = VERTEX_POINT ( 'NONE', #3730 ) ;
#1925 = ORIENTED_EDGE ( 'NONE', *, *, #3979, .F. ) ;
#1926 = DIRECTION ( 'NONE',  ( -1.000000000000000000, 0.000000000000000000, 0.000000000000000000 ) ) ;
#1927 = ORIENTED_EDGE ( 'NONE', *, *, #3975, .T. ) ;
#1928 = VERTEX_POINT ( 'NONE', #167 ) ;
#1929 = DIRECTION ( 'NONE',  ( -0.7071067811865476838, -0.7071067811865473507, 0.000000000000000000 ) ) ;
#1930 = ADVANCED_FACE ( 'NONE', ( #1386 ), #3658, .F. ) ;
#1931 = ORIENTED_EDGE ( 'NONE', *, *, #6372, .F. ) ;
#1932 = LINE ( 'NONE', #6565, #6499 ) ;
#1933 = EDGE_CURVE ( 'NONE', #1308, #3217, #6076, .T. ) ;
#1934 = EDGE_CURVE ( 'NONE', #2428, #1308, #4598, .T. ) ;
#1935 = EDGE_CURVE ( 'NONE', #2811, #4452, #3699, .T. ) ;
#1936 = ORIENTED_EDGE ( 'NONE', *, *, #3445, .T. ) ;
#1937 = CONTEXT_DEPENDENT_SHAPE_REPRESENTATION ( #51, #559 ) ;
#1938 = FACE_OUTER_BOUND ( 'NONE', #4478, .T. ) ;
#1939 = FACE_OUTER_BOUND ( 'NONE', #829, .T. ) ;
#1940 = CARTESIAN_POINT ( 'NONE',  ( 2.420580475199245019, 19.71186723724616385, -0.2500000000000012212 ) ) ;
#1941 = CARTESIAN_POINT ( 'NONE',  ( 1.409999999999979714, 19.90000000000002345, -0.9999999999999839018 ) ) ;
#1942 = PRODUCT_DEFINITION_SHAPE ( 'NONE', 'NONE',  #7568 ) ;
#1943 = PLANE ( 'NONE',  #1959 ) ;
#1944 = DIRECTION ( 'NONE',  ( 1.000000000000000000, -2.093734754490789434E-16, 0.000000000000000000 ) ) ;
#1945 = VECTOR ( 'NONE', #1355, 39.37007874015748854 ) ;
#1946 = CIRCLE ( 'NONE', #5142, 0.1377952755905512972 ) ;
#1947 = ORIENTED_EDGE ( 'NONE', *, *, #2702, .T. ) ;
#1948 = CYLINDRICAL_SURFACE ( 'NONE', #5391, 0.3499999999999999778 ) ;
#1949 = VERTEX_POINT ( 'NONE', #5447 ) ;
#1950 = FACE_BOUND ( 'NONE', #2346, .T. ) ;
#1951 = CARTESIAN_POINT ( 'NONE',  ( 7.844932043193940885, 2.336907696089908004, 5.526380480343199057E-15 ) ) ;
#1952 = CARTESIAN_POINT ( 'NONE',  ( 1.790872624858488082, 6.700334168036005345, -0.2500000000000000000 ) ) ;
#1953 = VERTEX_POINT ( 'NONE', #1952 ) ;
#1954 = CIRCLE ( 'NONE', #6267, 0.1653543307086615122 ) ;
#1955 = AXIS2_PLACEMENT_3D ( 'NONE', #2234, #1581, #6939 ) ;
#1956 = FACE_BOUND ( 'NONE', #1517, .T. ) ;
#1957 = CARTESIAN_POINT ( 'NONE',  ( 1.509999999999995124, 23.14000000000000412, -0.3500000000000005884 ) ) ;
#1958 = CARTESIAN_POINT ( 'NONE',  ( 4.187864042533941067, 15.64893697419836904, -2.000000000000001332 ) ) ;
#1959 = AXIS2_PLACEMENT_3D ( 'NONE', #4304, #1377, #5566 ) ;
#1960 = DIRECTION ( 'NONE',  ( 1.892934042853975533E-15, 1.000000000000000000, -3.590428791673030081E-15 ) ) ;
#1961 = VECTOR ( 'NONE', #4176, 39.37007874015748143 ) ;
#1962 = ORIENTED_EDGE ( 'NONE', *, *, #5228, .F. ) ;
#1963 = CARTESIAN_POINT ( 'NONE',  ( -11.46220472440947269, 8.449999999999999289, -0.9719999999999998641 ) ) ;
#1964 = ORIENTED_EDGE ( 'NONE', *, *, #6609, .T. ) ;
#1965 = CARTESIAN_POINT ( 'NONE',  ( 6.299999999999990941, 1.354772721475252073, -1.719999999999999973 ) ) ;
#1966 = CARTESIAN_POINT ( 'NONE',  ( 1.509999999999995568, 2.000000000000008882, 0.1000000000000087624 ) ) ;
#1967 = ORIENTED_EDGE ( 'NONE', *, *, #5272, .F. ) ;
#1968 = ORIENTED_EDGE ( 'NONE', *, *, #25, .T. ) ;
#1969 = CARTESIAN_POINT ( 'NONE',  ( -4.530000000000007354, 0.2500000000000000000, -7.930136022756448355 ) ) ;
#1970 = EDGE_CURVE ( 'NONE', #5320, #2413, #4199, .T. ) ;
#1971 = CARTESIAN_POINT ( 'NONE',  ( 2.344645669291333778, 2.250000000000005329, 0.7596456692913496900 ) ) ;
#1972 = VERTEX_POINT ( 'NONE', #6588 ) ;
#1973 = CARTESIAN_POINT ( 'NONE',  ( 1.410000000000001252, 22.14000000000000412, 1.750000000000003775 ) ) ;
#1974 = ADVANCED_FACE ( 'NONE', ( #7211 ), #1814, .F. ) ;
#1975 = ADVANCED_FACE ( 'NONE', ( #2993 ), #5333, .T. ) ;
#1976 = ORIENTED_EDGE ( 'NONE', *, *, #4023, .F. ) ;
#1977 = EDGE_CURVE ( 'NONE', #2554, #5944, #1269, .T. ) ;
#1978 = LINE ( 'NONE', #1526, #6969 ) ;
#1979 = DIRECTION ( 'NONE',  ( -0.000000000000000000, 0.000000000000000000, 1.000000000000000000 ) ) ;
#1980 = DIRECTION ( 'NONE',  ( 0.7071067811865474617, 0.7071067811865474617, 0.000000000000000000 ) ) ;
#1981 = DIRECTION ( 'NONE',  ( 1.000000000000000000, 0.000000000000000000, -3.551402391763537648E-15 ) ) ;
#1982 = COLOUR_RGB ( '',0.7921568627450980005, 0.8196078431372548767, 0.9333333333333333481 ) ;
#1983 = EDGE_CURVE ( 'NONE', #1484, #4077, #6704, .T. ) ;
#1984 = CARTESIAN_POINT ( 'NONE',  ( 4.675354330708657358, 1.999374015748018429, -1.009645669291334258 ) ) ;
#1985 = ADVANCED_FACE ( 'NONE', ( #433 ), #6118, .F. ) ;
#1986 = EDGE_LOOP ( 'NONE', ( #3122, #4600, #1707, #5356 ) ) ;
#1987 = DIRECTION ( 'NONE',  ( 3.304235192336789711E-15, 0.000000000000000000, -1.000000000000000000 ) ) ;
#1988 = EDGE_CURVE ( 'NONE', #7341, #7435, #5330, .T. ) ;
#1989 = DIRECTION ( 'NONE',  ( 1.000000000000000000, 0.000000000000000000, 0.000000000000000000 ) ) ;
#1990 = ORIENTED_EDGE ( 'NONE', *, *, #3681, .T. ) ;
#1991 = DIRECTION ( 'NONE',  ( 1.000000000000000000, -1.892934042853974744E-15, 8.604245649336249508E-17 ) ) ;
#1992 = DIRECTION ( 'NONE',  ( 0.000000000000000000, -0.000000000000000000, -1.000000000000000000 ) ) ;
#1993 = LINE ( 'NONE', #1537, #4003 ) ;
#1994 = VERTEX_POINT ( 'NONE', #970 ) ;
#1995 = PLANE ( 'NONE',  #5518 ) ;
#1996 = DIRECTION ( 'NONE',  ( -1.000000000000000000, 0.000000000000000000, 0.000000000000000000 ) ) ;
#1997 = CARTESIAN_POINT ( 'NONE',  ( 4.529999999999996696, 0.2500000000000000000, 7.930136022756444802 ) ) ;
#1998 = EDGE_CURVE ( 'NONE', #4686, #6167, #930, .T. ) ;
#1999 = LINE ( 'NONE', #4350, #2085 ) ;
#2000 = AXIS2_PLACEMENT_3D ( 'NONE', #1734, #4094, #4619 ) ;
#2001 = EDGE_LOOP ( 'NONE', ( #1028, #1897, #2016, #4529 ) ) ;
#2002 = CARTESIAN_POINT ( 'NONE',  ( 8.145227278524741266, -3.099999999999999201, -1.719999999999999973 ) ) ;
#2003 = EDGE_LOOP ( 'NONE', ( #6105, #6589, #1232 ) ) ;
#2004 = PLANE ( 'NONE',  #7337 ) ;
#2005 = CARTESIAN_POINT ( 'NONE',  ( 2.344645669291333334, 2.000000000000004441, 0.7596456692913488018 ) ) ;
#2006 = CARTESIAN_POINT ( 'NONE',  ( 1.159999999999981934, 2.000000000000001776, -0.3499999999999816591 ) ) ;
#2007 = APPLICATION_CONTEXT ( 'automotive_design' ) ;
#2008 = EDGE_LOOP ( 'NONE', ( #7128, #2438, #649, #1915 ) ) ;
#2009 = VERTEX_POINT ( 'NONE', #2730 ) ;
#2010 = CARTESIAN_POINT ( 'NONE',  ( -11.46220472440947269, -8.449999999999999289, -1.719999999999999973 ) ) ;
#2011 = AXIS2_PLACEMENT_3D ( 'NONE', #372, #5627, #6131 ) ;
#2012 = LINE ( 'NONE', #5013, #1528 ) ;
#2013 = ORIENTED_EDGE ( 'NONE', *, *, #2041, .F. ) ;
#2014 = CARTESIAN_POINT ( 'NONE',  ( -8.741913579725642299E-15, 7.704772721475252162, -1.719999999999999973 ) ) ;
#2015 = VECTOR ( 'NONE', #3880, 39.37007874015748143 ) ;
#2016 = ORIENTED_EDGE ( 'NONE', *, *, #1934, .F. ) ;
#2017 = VECTOR ( 'NONE', #4568, 39.37007874015748143 ) ;
#2018 = ADVANCED_FACE ( 'NONE', ( #399 ), #279, .F. ) ;
#2019 = CARTESIAN_POINT ( 'NONE',  ( 1.509999999999994458, 1.999999999999995781, 0.1000000000000041966 ) ) ;
#2020 = CARTESIAN_POINT ( 'NONE',  ( -11.73779527559057634, -8.449999999999999289, -1.719999999999999973 ) ) ;
#2021 = LINE ( 'NONE', #4371, #6459 ) ;
#2022 = DIRECTION ( 'NONE',  ( 0.000000000000000000, 0.000000000000000000, 1.000000000000000000 ) ) ;
#2023 = AXIS2_PLACEMENT_3D ( 'NONE', #3307, #2070, #7439 ) ;
#2024 = AXIS2_PLACEMENT_3D ( 'NONE', #5623, #5045, #2118 ) ;
#2025 = EDGE_CURVE ( 'NONE', #6328, #7113, #5206, .T. ) ;
#2026 = ORIENTED_EDGE ( 'NONE', *, *, #679, .F. ) ;
#2027 = LINE ( 'NONE', #6113, #1106 ) ;
#2028 = DIRECTION ( 'NONE',  ( 1.000000000000000000, 0.000000000000000000, 0.000000000000000000 ) ) ;
#2029 = ORIENTED_EDGE ( 'NONE', *, *, #4996, .T. ) ;
#2030 = VECTOR ( 'NONE', #824, 39.37007874015748143 ) ;
#2031 = DIRECTION ( 'NONE',  ( 1.000000000000000000, -0.000000000000000000, -3.512375991854052315E-15 ) ) ;
#2032 = EDGE_CURVE ( 'NONE', #6794, #6395, #6162, .T. ) ;
#2033 = DIRECTION ( 'NONE',  ( 0.7071067811865476838, 0.7071067811865473507, -0.000000000000000000 ) ) ;
#2034 = ADVANCED_FACE ( 'NONE', ( #5686 ), #3269, .F. ) ;
#2035 = DIRECTION ( 'NONE',  ( -0.7071067811865476838, -0.7071067811865473507, 0.000000000000000000 ) ) ;
#2036 = EDGE_CURVE ( 'NONE', #1278, #2445, #1993, .T. ) ;
#2037 = VERTEX_POINT ( 'NONE', #2616 ) ;
#2038 = FACE_OUTER_BOUND ( 'NONE', #4026, .T. ) ;
#2039 = DIRECTION ( 'NONE',  ( 0.000000000000000000, 0.000000000000000000, 1.000000000000000000 ) ) ;
#2040 = PLANE ( 'NONE',  #90 ) ;
#2041 = EDGE_CURVE ( 'NONE', #1371, #4200, #682, .T. ) ;
#2042 = CARTESIAN_POINT ( 'NONE',  ( 7.860000000000005649, 1.999999999999991562, -1.999999999999996669 ) ) ;
#2043 = ORIENTED_EDGE ( 'NONE', *, *, #4696, .F. ) ;
#2044 = PLANE ( 'NONE',  #4253 ) ;
#2045 = ORIENTED_EDGE ( 'NONE', *, *, #5983, .F. ) ;
#2046 = LINE ( 'NONE', #979, #1905 ) ;
#2047 = CARTESIAN_POINT ( 'NONE',  ( 12.59999999999999609, -1.254772721475247099, -1.719999999999999973 ) ) ;
#2048 = DIRECTION ( 'NONE',  ( 0.7071067811865473507, -0.7071067811865475727, 0.000000000000000000 ) ) ;
#2049 = ORIENTED_EDGE ( 'NONE', *, *, #4645, .F. ) ;
#2050 = EDGE_LOOP ( 'NONE', ( #669, #548 ) ) ;
#2051 = ORIENTED_EDGE ( 'NONE', *, *, #364, .F. ) ;
#2052 = FACE_OUTER_BOUND ( 'NONE', #3515, .T. ) ;
#2053 = ORIENTED_EDGE ( 'NONE', *, *, #6233, .T. ) ;
#2054 = LINE ( 'NONE', #3828, #5703 ) ;
#2055 = ORIENTED_EDGE ( 'NONE', *, *, #4696, .T. ) ;
#2056 = CARTESIAN_POINT ( 'NONE',  ( 3.785868085707962109E-15, 2.000000000000013323, -3.005032793030689343E-15 ) ) ;
#2057 = ADVANCED_FACE ( 'NONE', ( #6684 ), #267, .F. ) ;
#2058 = ORIENTED_EDGE ( 'NONE', *, *, #1108, .T. ) ;
#2059 = CONTEXT_DEPENDENT_SHAPE_REPRESENTATION ( #3587, #7564 ) ;
#2060 = CARTESIAN_POINT ( 'NONE',  ( 4.534437457200212782E-15, 2.000000000000011546, 1.584471836325272706E-14 ) ) ;
#2061 = DIRECTION ( 'NONE',  ( 0.000000000000000000, 3.434323192035072971E-15, -1.000000000000000000 ) ) ;
#2062 = CARTESIAN_POINT ( 'NONE',  ( 4.000000000000003553, 2.000000000000000888, -1.340354330708657615 ) ) ;
#2063 = DIRECTION ( 'NONE',  ( 0.000000000000000000, 0.000000000000000000, -1.000000000000000000 ) ) ;
#2064 =( BOUNDED_CURVE ( )  B_SPLINE_CURVE ( 3, ( #1602, #2909, #6301, #5239 ),
 .UNSPECIFIED., .F., .T. ) 
 B_SPLINE_CURVE_WITH_KNOTS ( ( 4, 4 ),
 ( 3.141592653589793116, 6.283185307179586232 ),
 .UNSPECIFIED. ) 
 CURVE ( )  GEOMETRIC_REPRESENTATION_ITEM ( )  RATIONAL_B_SPLINE_CURVE ( ( 1.000000000000000000, 0.3333333333333333703, 0.3333333333333333703, 1.000000000000000000 ) ) 
 REPRESENTATION_ITEM ( '' )  );
#2065 = DIRECTION ( 'NONE',  ( -2.468850131082264555E-15, 0.7071067811865479058, -0.7071067811865472397 ) ) ;
#2066 = DIRECTION ( 'NONE',  ( -1.000000000000000222, 0.000000000000000000, 0.000000000000000000 ) ) ;
#2067 = ORIENTED_EDGE ( 'NONE', *, *, #7319, .F. ) ;
#2068 = CARTESIAN_POINT ( 'NONE',  ( -12.60000000000000497, -9.449999999999999289, 0.000000000000000000 ) ) ;
#2069 = CARTESIAN_POINT ( 'NONE',  ( 7.843561962427146206, 2.349999999999996092, -0.2499999999999946709 ) ) ;
#2070 = DIRECTION ( 'NONE',  ( -0.000000000000000000, -0.000000000000000000, 1.000000000000000000 ) ) ;
#2071 = ORIENTED_EDGE ( 'NONE', *, *, #6513, .F. ) ;
#2072 = LINE ( 'NONE', #1354, #5644 ) ;
#2073 = EDGE_CURVE ( 'NONE', #1502, #4986, #2689, .T. ) ;
#2074 = DIRECTION ( 'NONE',  ( 1.000000000000000000, -0.000000000000000000, 3.512375991854052315E-15 ) ) ;
#2075 = B_SPLINE_SURFACE_WITH_KNOTS ( 'NONE', 1, 3, ( 
 ( #635, #1208, #3075, #1913, #775, #4274, #4097, #1348, #3697, #6037 ),
 ( #3110, #1951, #1384, #4415, #2189, #2655, #1424, #4990, #3306, #5573 ) ),
 .UNSPECIFIED., .F., .F., .F.,
 ( 2, 2 ),
 ( 4, 2, 2, 2, 4 ),
 ( 0.000000000000000000, 1.000000000000000000 ),
 ( 0.000000000000000000, 0.2500000000000000000, 0.5000000000000000000, 0.7500000000000000000, 1.000000000000000000 ),
 .UNSPECIFIED. ) ;
#2076 = DIRECTION ( 'NONE',  ( 0.000000000000000000, -1.000000000000000000, -0.000000000000000000 ) ) ;
#2077 = LINE ( 'NONE', #4423, #3848 ) ;
#2078 = EDGE_CURVE ( 'NONE', #6878, #1351, #3769, .T. ) ;
#2079 = FACE_OUTER_BOUND ( 'NONE', #5236, .T. ) ;
#2080 = ORIENTED_EDGE ( 'NONE', *, *, #4802, .F. ) ;
#2081 = CARTESIAN_POINT ( 'NONE',  ( 2.185860046268665258, 22.89000000000000412, -0.2500000000000000000 ) ) ;
#2082 = VECTOR ( 'NONE', #6287, 39.37007874015748143 ) ;
#2083 = ORIENTED_EDGE ( 'NONE', *, *, #639, .T. ) ;
#2084 = EDGE_CURVE ( 'NONE', #2901, #2792, #848, .T. ) ;
#2085 = VECTOR ( 'NONE', #1046, 39.37007874015748143 ) ;
#2086 = LINE ( 'NONE', #2775, #5217 ) ;
#2087 = CARTESIAN_POINT ( 'NONE',  ( -6.924606895954950936, 11.70033416803600801, 0.000000000000000000 ) ) ;
#2088 = CARTESIAN_POINT ( 'NONE',  ( -4.454772721475258379, 3.200000000000001954, -1.719999999999999973 ) ) ;
#2089 = FACE_OUTER_BOUND ( 'NONE', #3202, .T. ) ;
#2090 = VECTOR ( 'NONE', #2747, 39.37007874015748143 ) ;
#2091 = ORIENTED_EDGE ( 'NONE', *, *, #7417, .T. ) ;
#2092 = ORIENTED_EDGE ( 'NONE', *, *, #4145, .F. ) ;
#2093 = ORIENTED_EDGE ( 'NONE', *, *, #2463, .F. ) ;
#2094 = LINE ( 'NONE', #951, #2090 ) ;
#2095 = ORIENTED_EDGE ( 'NONE', *, *, #1463, .T. ) ;
#2096 = DIRECTION ( 'NONE',  ( -0.7071067811865473507, 0.7071067811865476838, 0.000000000000000000 ) ) ;
#2097 = VECTOR ( 'NONE', #5942, 39.37007874015748143 ) ;
#2098 = ORIENTED_EDGE ( 'NONE', *, *, #4336, .F. ) ;
#2099 = DIRECTION ( 'NONE',  ( -0.7071067811865475727, 0.7071067811865475727, 0.000000000000000000 ) ) ;
#2100 = ORIENTED_EDGE ( 'NONE', *, *, #6712, .T. ) ;
#2101 = CARTESIAN_POINT ( 'NONE',  ( -12.60000000000000853, 7.704772721475252162, -1.719999999999999973 ) ) ;
#2102 = CARTESIAN_POINT ( 'NONE',  ( 1.409999999999994147, 21.90000000000005187, 0.7500000000000469624 ) ) ;
#2103 = CARTESIAN_POINT ( 'NONE',  ( 8.045227278524743397, 9.449999999999999289, -1.770000000000000018 ) ) ;
#2104 = DIRECTION ( 'NONE',  ( 1.000000000000000000, -0.000000000000000000, 3.512375991854052315E-15 ) ) ;
#2105 = ORIENTED_EDGE ( 'NONE', *, *, #244, .F. ) ;
#2106 = DIRECTION ( 'NONE',  ( 0.000000000000000000, 0.000000000000000000, 1.000000000000000000 ) ) ;
#2107 = ORIENTED_EDGE ( 'NONE', *, *, #78, .T. ) ;
#2108 = FACE_OUTER_BOUND ( 'NONE', #2111, .T. ) ;
#2109 = CARTESIAN_POINT ( 'NONE',  ( 4.554772721475242037, 9.449999999999999289, -1.719999999999999973 ) ) ;
#2110 = DIRECTION ( 'NONE',  ( 0.000000000000000000, -0.000000000000000000, 1.000000000000000000 ) ) ;
#2111 = EDGE_LOOP ( 'NONE', ( #6163, #5051, #1482, #651, #6746, #5756 ) ) ;
#2112 =( BOUNDED_SURFACE ( )  B_SPLINE_SURFACE ( 3, 1, ( 
 ( #1560, #421 ),
 ( #2753, #2210 ),
 ( #7465, #2173 ),
 ( #4556, #1595 ) ),
 .UNSPECIFIED., .F., .F., .T. ) 
 B_SPLINE_SURFACE_WITH_KNOTS ( ( 4, 4 ),
 ( 2, 2 ),
 ( 0.000000000000000000, 1.000000000000000000 ),
 ( 0.000000000000000000, 1.000000000000000000 ),
 .UNSPECIFIED. ) 
 GEOMETRIC_REPRESENTATION_ITEM ( )  RATIONAL_B_SPLINE_SURFACE ( (
 ( 1.000000000000000000, 1.000000000000000000),
 ( 0.3333333333333333703, 0.3333333333333333703),
 ( 0.3333333333333333703, 0.3333333333333333703),
 ( 1.000000000000000000, 1.000000000000000000) ) ) 
 REPRESENTATION_ITEM ( '' )  SURFACE ( )  );
#2113 = LINE ( 'NONE', #1079, #1118 ) ;
#2114 =( REPRESENTATION_RELATIONSHIP ('NONE','NONE', #754, #6547 ) REPRESENTATION_RELATIONSHIP_WITH_TRANSFORMATION ( #577 )SHAPE_REPRESENTATION_RELATIONSHIP( ) );
#2115 = CARTESIAN_POINT ( 'NONE',  ( -12.60000000000000853, -4.995227278524748016, -1.770000000000000018 ) ) ;
#2116 = DIRECTION ( 'NONE',  ( 0.000000000000000000, -1.000000000000000000, 0.000000000000000000 ) ) ;
#2117 = ORIENTED_EDGE ( 'NONE', *, *, #440, .F. ) ;
#2118 = DIRECTION ( 'NONE',  ( 0.000000000000000000, 3.304235192336770779E-15, 1.000000000000000000 ) ) ;
#2119 = EDGE_CURVE ( 'NONE', #867, #2400, #5651, .T. ) ;
#2120 = ORIENTED_EDGE ( 'NONE', *, *, #3164, .F. ) ;
#2121 = FACE_OUTER_BOUND ( 'NONE', #6637, .T. ) ;
#2122 = LINE ( 'NONE', #5774, #645 ) ;
#2123 = PLANE ( 'NONE',  #1702 ) ;
#2124 = EDGE_LOOP ( 'NONE', ( #3911, #2286, #522, #4664 ) ) ;
#2125 = ADVANCED_FACE ( 'NONE', ( #5532 ), #4457, .F. ) ;
#2126 = VECTOR ( 'NONE', #1391, 39.37007874015748854 ) ;
#2127 = VERTEX_POINT ( 'NONE', #6820 ) ;
#2128 = VERTEX_POINT ( 'NONE', #4379 ) ;
#2129 = VERTEX_POINT ( 'NONE', #1006 ) ;
#2130 = CARTESIAN_POINT ( 'NONE',  ( -11.60000000000002451, -8.449999999999999289, -1.770000000000000018 ) ) ;
#2131 = ORIENTED_EDGE ( 'NONE', *, *, #1143, .F. ) ;
#2132 = DIRECTION ( 'NONE',  ( 0.000000000000000000, 3.304235192336776301E-15, -1.000000000000000000 ) ) ;
#2133 = ORIENTED_EDGE ( 'NONE', *, *, #6989, .T. ) ;
#2134 = ADVANCED_FACE ( 'NONE', ( #6744 ), #3346, .F. ) ;
#2135 = LINE ( 'NONE', #4482, #4769 ) ;
#2136 = EDGE_CURVE ( 'NONE', #1606, #7555, #1642, .T. ) ;
#2137 = FACE_OUTER_BOUND ( 'NONE', #3751, .T. ) ;
#2138 = EDGE_LOOP ( 'NONE', ( #288, #6769, #3875, #3486 ) ) ;
#2139 = EDGE_CURVE ( 'NONE', #5280, #3286, #1609, .T. ) ;
#2140 = FACE_BOUND ( 'NONE', #2050, .T. ) ;
#2141 = AXIS2_PLACEMENT_3D ( 'NONE', #7351, #6188, #2061 ) ;
#2142 = CARTESIAN_POINT ( 'NONE',  ( 1.509999999999995568, 2.349999999999996092, -0.3499999999999947042 ) ) ;
#2143 = AXIS2_PLACEMENT_3D ( 'NONE', #2395, #1740, #4731 ) ;
#2144 = VERTEX_POINT ( 'NONE', #6309 ) ;
#2145 = ITEM_DEFINED_TRANSFORMATION ( 'NONE', 'NONE', #3401,  #5850 ) ;
#2146 = VERTEX_POINT ( 'NONE', #2304 ) ;
#2147 = LINE ( 'NONE', #4498, #412 ) ;
#2148 = LINE ( 'NONE', #6702, #2760 ) ;
#2149 = CARTESIAN_POINT ( 'NONE',  ( -4.370956789862821150E-15, -7.604772721475247188, -1.719999999999999973 ) ) ;
#2150 = CIRCLE ( 'NONE', #1055, 0.3500000000000000333 ) ;
#2151 = VECTOR ( 'NONE', #5878, 39.37007874015748143 ) ;
#2152 = LINE ( 'NONE', #5763, #4184 ) ;
#2153 = CARTESIAN_POINT ( 'NONE',  ( 2.976638425544313016, 15.12208098833292702, -0.2500000000000012212 ) ) ;
#2154 = AXIS2_PLACEMENT_3D ( 'NONE', #4405, #7350, #3138 ) ;
#2155 = DIRECTION ( 'NONE',  ( -0.7071067811865476838, -0.7071067811865473507, 0.000000000000000000 ) ) ;
#2156 = VECTOR ( 'NONE', #1980, 39.37007874015748854 ) ;
#2157 = AXIS2_PLACEMENT_3D ( 'NONE', #163, #3074, #1233 ) ;
#2158 = CARTESIAN_POINT ( 'NONE',  ( 0.000000000000000000, 0.000000000000000000, 0.000000000000000000 ) ) ;
#2159 = ORIENTED_EDGE ( 'NONE', *, *, #6595, .F. ) ;
#2160 = DIRECTION ( 'NONE',  ( -1.000000000000000000, 0.000000000000000000, 0.000000000000000000 ) ) ;
#2161 = ORIENTED_EDGE ( 'NONE', *, *, #1983, .F. ) ;
#2162 = DIRECTION ( 'NONE',  ( -1.000000000000000000, 1.892934042853975138E-15, -8.646343036883249483E-31 ) ) ;
#2163 = DIRECTION ( 'NONE',  ( 0.000000000000000000, 3.304235192336773540E-15, 1.000000000000000000 ) ) ;
#2164 = VECTOR ( 'NONE', #5584, 39.37007874015748143 ) ;
#2165 = CARTESIAN_POINT ( 'NONE',  ( 1.845227278524741221, -3.099999999999999201, -1.719999999999999973 ) ) ;
#2166 = ADVANCED_FACE ( 'NONE', ( #3420 ), #4082, .F. ) ;
#2167 = ORIENTED_EDGE ( 'NONE', *, *, #3362, .T. ) ;
#2168 = VERTEX_POINT ( 'NONE', #4043 ) ;
#2169 = LINE ( 'NONE', #2632, #5161 ) ;
#2170 = ORIENTED_EDGE ( 'NONE', *, *, #1000, .F. ) ;
#2171 = DIRECTION ( 'NONE',  ( -1.000000000000000000, 0.000000000000000000, 0.000000000000000000 ) ) ;
#2172 = ORIENTED_EDGE ( 'NONE', *, *, #6885, .F. ) ;
#2173 = CARTESIAN_POINT ( 'NONE',  ( 2.976638425544313016, 15.12208098833292702, 0.000000000000000000 ) ) ;
#2174 = CARTESIAN_POINT ( 'NONE',  ( 1.845227278524741221, -3.149999999999997691, -1.719999999999999973 ) ) ;
#2175 = AXIS2_PLACEMENT_3D ( 'NONE', #5995, #736, #3695 ) ;
#2176 = EDGE_LOOP ( 'NONE', ( #4338, #1788, #1469, #7311 ) ) ;
#2177 = EDGE_CURVE ( 'NONE', #5819, #2321, #1040, .T. ) ;
#2178 = DIRECTION ( 'NONE',  ( 1.000000000000000000, 0.000000000000000000, -3.512375991854052315E-15 ) ) ;
#2179 = CARTESIAN_POINT ( 'NONE',  ( 4.676780981213570776, 2.037077157614649359, 0.000000000000000000 ) ) ;
#2180 = CARTESIAN_POINT ( 'NONE',  ( 4.454772721475242392, -3.099999999999999201, -1.719999999999999973 ) ) ;
#2181 = ADVANCED_FACE ( 'NONE', ( #509 ), #1078, .F. ) ;
#2182 = DIRECTION ( 'NONE',  ( 1.206113904487532858E-16, -0.000000000000000000, 1.000000000000000000 ) ) ;
#2183 = ADVANCED_FACE ( 'NONE', ( #1 ), #581, .T. ) ;
#2184 = ORIENTED_EDGE ( 'NONE', *, *, #5890, .F. ) ;
#2185 = ORIENTED_EDGE ( 'NONE', *, *, #1513, .T. ) ;
#2186 = APPLICATION_PROTOCOL_DEFINITION ( 'draft international standard', 'automotive_design', 1998, #3189 ) ;
#2187 = ORIENTED_EDGE ( 'NONE', *, *, #2511, .F. ) ;
#2188 = CARTESIAN_POINT ( 'NONE',  ( 4.187864042533941067, 15.64893697419836904, -0.2500000000000000555 ) ) ;
#2189 = CARTESIAN_POINT ( 'NONE',  ( 7.850411144749171122, 2.288545328002504320, 0.02003331576018764840 ) ) ;
#2190 = DIRECTION ( 'NONE',  ( -0.000000000000000000, -0.000000000000000000, 1.000000000000000000 ) ) ;
#2191 = DIRECTION ( 'NONE',  ( 1.720849129867250000E-15, 1.000000000000000000, 3.434323192035072971E-15 ) ) ;
#2192 = DIRECTION ( 'NONE',  ( -1.000000000000000000, 0.000000000000000000, 0.000000000000000000 ) ) ;
#2193 = CARTESIAN_POINT ( 'NONE',  ( 11.73779527559057634, 8.449999999999999289, -0.9719999999999998641 ) ) ;
#2194 = CARTESIAN_POINT ( 'NONE',  ( 37.74000000000000199, -1.750000000000017319, -9.971245176874560452E-15 ) ) ;
#2195 = VERTEX_POINT ( 'NONE', #2846 ) ;
#2196 = DIRECTION ( 'NONE',  ( 1.000000000000000000, -0.000000000000000000, 3.512375991854052315E-15 ) ) ;
#2197 = ORIENTED_EDGE ( 'NONE', *, *, #3109, .T. ) ;
#2198 = CARTESIAN_POINT ( 'NONE',  ( -11.60000000000002451, -8.449999999999999289, -1.645000000000000018 ) ) ;
#2199 = VECTOR ( 'NONE', #2719, 39.37007874015748143 ) ;
#2200 = SURFACE_STYLE_FILL_AREA ( #1126 ) ;
#2201 = CARTESIAN_POINT ( 'NONE',  ( 7.846301635355956705, 2.258388240474247688, -0.2408904368339049584 ) ) ;
#2202 = ORIENTED_EDGE ( 'NONE', *, *, #5225, .T. ) ;
#2203 = AXIS2_PLACEMENT_3D ( 'NONE', #3581, #5926, #4921 ) ;
#2204 = VECTOR ( 'NONE', #2308, 39.37007874015748143 ) ;
#2205 = ORIENTED_EDGE ( 'NONE', *, *, #169, .T. ) ;
#2206 = DIRECTION ( 'NONE',  ( -0.000000000000000000, -0.000000000000000000, -1.000000000000000000 ) ) ;
#2207 = EDGE_LOOP ( 'NONE', ( #1458, #6439, #6752, #2639 ) ) ;
#2208 = CARTESIAN_POINT ( 'NONE',  ( 4.187864042533941067, 14.83317831032973011, -0.2500000000000000555 ) ) ;
#2209 = VERTEX_POINT ( 'NONE', #3969 ) ;
#2210 = CARTESIAN_POINT ( 'NONE',  ( 1.209354858209618300, 19.18501125138071828, 0.000000000000000000 ) ) ;
#2211 = VECTOR ( 'NONE', #3849, 39.37007874015748143 ) ;
#2212 = CIRCLE ( 'NONE', #7019, 0.1377952755905512972 ) ;
#2213 = EDGE_CURVE ( 'NONE', #910, #7287, #7550, .T. ) ;
#2214 = ORIENTED_EDGE ( 'NONE', *, *, #1417, .T. ) ;
#2215 = DIRECTION ( 'NONE',  ( 1.000000000000000000, 0.000000000000000000, 0.000000000000000000 ) ) ;
#2216 = CONTEXT_DEPENDENT_SHAPE_REPRESENTATION ( #5795, #7508 ) ;
#2217 = CONICAL_SURFACE ( 'NONE', #4420, 0.1377952755905512972, 1.029744258676654312 ) ;
#2218 = LINE ( 'NONE', #1102, #4724 ) ;
#2219 = ADVANCED_FACE ( 'NONE', ( #6389 ), #5120, .T. ) ;
#2220 = CARTESIAN_POINT ( 'NONE',  ( 6.344645669291334222, 2.249999999999997335, 1.090354330708672492 ) ) ;
#2221 = CARTESIAN_POINT ( 'NONE',  ( 5.984739045710472105, 5.904211647661679052, 0.000000000000000000 ) ) ;
#2222 = EDGE_CURVE ( 'NONE', #2532, #4807, #2342, .T. ) ;
#2223 = EDGE_CURVE ( 'NONE', #3483, #596, #7355, .T. ) ;
#2224 = ORIENTED_EDGE ( 'NONE', *, *, #244, .T. ) ;
#2225 = EDGE_LOOP ( 'NONE', ( #6252, #5264, #492, #5626 ) ) ;
#2226 = PLANE ( 'NONE',  #5783 ) ;
#2227 = CYLINDRICAL_SURFACE ( 'NONE', #5449, 51.95339843179001349 ) ;
#2228 = CARTESIAN_POINT ( 'NONE',  ( 6.299999999999990941, -4.995227278524748016, -1.719999999999999973 ) ) ;
#2229 = ADVANCED_FACE ( 'NONE', ( #7518 ), #1757, .F. ) ;
#2230 = CARTESIAN_POINT ( 'NONE',  ( 4.187864042533941067, 14.83317831032973011, 0.000000000000000000 ) ) ;
#2231 = EDGE_CURVE ( 'NONE', #4925, #6912, #6935, .T. ) ;
#2232 = DIRECTION ( 'NONE',  ( -0.000000000000000000, -0.000000000000000000, -1.000000000000000000 ) ) ;
#2233 = EDGE_CURVE ( 'NONE', #6716, #3330, #4604, .T. ) ;
#2234 = CARTESIAN_POINT ( 'NONE',  ( 0.000000000000000000, 0.000000000000000000, -1.719999999999999973 ) ) ;
#2235 = DIRECTION ( 'NONE',  ( 1.000000000000000000, 0.000000000000000000, 0.000000000000000000 ) ) ;
#2236 = ORIENTED_EDGE ( 'NONE', *, *, #4204, .T. ) ;
#2237 = CARTESIAN_POINT ( 'NONE',  ( -1.845227278524757653, 3.200000000000001510, -1.719999999999999973 ) ) ;
#2238 = VECTOR ( 'NONE', #4510, 39.37007874015748143 ) ;
#2239 = EDGE_LOOP ( 'NONE', ( #1823, #2482, #5012 ) ) ;
#2240 = DIRECTION ( 'NONE',  ( -0.8635486968584779044, -0.000000000000000000, -0.5042654540557228726 ) ) ;
#2241 = CARTESIAN_POINT ( 'NONE',  ( 4.187864042533941067, 14.83317831032973011, -0.2500000000000012212 ) ) ;
#2242 = LINE ( 'NONE', #3947, #5148 ) ;
#2243 = CARTESIAN_POINT ( 'NONE',  ( 4.675354330708656470, 1.999374015748019762, 0.7596456692913488018 ) ) ;
#2244 = DIRECTION ( 'NONE',  ( -0.7071067811865473507, 0.7071067811865476838, 0.000000000000000000 ) ) ;
#2245 = ORIENTED_EDGE ( 'NONE', *, *, #2559, .F. ) ;
#2246 = VERTEX_POINT ( 'NONE', #3489 ) ;
#2247 = CARTESIAN_POINT ( 'NONE',  ( 4.675354330708657358, 2.250000000000000444, -1.174999999999996936 ) ) ;
#2248 = ORIENTED_EDGE ( 'NONE', *, *, #5184, .F. ) ;
#2249 = PLANE ( 'NONE',  #2508 ) ;
#2250 = ORIENTED_EDGE ( 'NONE', *, *, #2315, .F. ) ;
#2251 = CARTESIAN_POINT ( 'NONE',  ( 1.790872624858488082, 6.700334168036006233, -0.2500000000000012212 ) ) ;
#2252 = CIRCLE ( 'NONE', #7559, 0.2500000000000027756 ) ;
#2253 = ORIENTED_EDGE ( 'NONE', *, *, #3451, .F. ) ;
#2254 = DIRECTION ( 'NONE',  ( -0.000000000000000000, -0.000000000000000000, -1.000000000000000000 ) ) ;
#2255 = CARTESIAN_POINT ( 'NONE',  ( 7.844932043193940885, 2.336907696089907116, -0.2499999999999946709 ) ) ;
#2256 = LINE ( 'NONE', #6967, #569 ) ;
#2257 = CARTESIAN_POINT ( 'NONE',  ( 1.409999999999994813, 21.90000000000005187, 0.5846456692913861719 ) ) ;
#2258 = ADVANCED_FACE ( 'NONE', ( #2917 ), #5246, .T. ) ;
#2259 = ORIENTED_EDGE ( 'NONE', *, *, #2365, .F. ) ;
#2260 = VERTEX_POINT ( 'NONE', #3528 ) ;
#2261 = DIRECTION ( 'NONE',  ( 1.000000000000000000, 0.000000000000000000, 0.000000000000000000 ) ) ;
#2262 = CARTESIAN_POINT ( 'NONE',  ( -11.73779527559057634, -8.449999999999999289, -1.770000000000000018 ) ) ;
#2263 = DIRECTION ( 'NONE',  ( 1.000000000000000000, -0.000000000000000000, 3.512375991854052315E-15 ) ) ;
#2264 = AXIS2_PLACEMENT_3D ( 'NONE', #2627, #7261, #862 ) ;
#2265 = CARTESIAN_POINT ( 'NONE',  ( 1.509999999999995346, 2.000000000000003109, 1.750000000000009770 ) ) ;
#2266 = AXIS2_PLACEMENT_3D ( 'NONE', #6333, #5743, #525 ) ;
#2267 = PRODUCT_DEFINITION_SHAPE ( 'NONE', 'NONE',  #7570 ) ;
#2268 = EDGE_CURVE ( 'NONE', #3206, #506, #5873, .T. ) ;
#2269 = CARTESIAN_POINT ( 'NONE',  ( 10.75477272147524310, 3.200000000000001510, -1.719999999999999973 ) ) ;
#2270 = ADVANCED_FACE ( 'NONE', ( #4151 ), #802, .F. ) ;
#2271 = CARTESIAN_POINT ( 'NONE',  ( -0.06000000000000631911, 66.39999999999999147, 0.6100000000000025402 ) ) ;
#2272 = EDGE_LOOP ( 'NONE', ( #7443, #6837, #6983 ) ) ;
#2273 = CARTESIAN_POINT ( 'NONE',  ( 5.984739045710472105, 5.904211647661679052, -0.2500000000000012212 ) ) ;
#2274 = EDGE_CURVE ( 'NONE', #4158, #3669, #1170, .T. ) ;
#2275 = AXIS2_PLACEMENT_3D ( 'NONE', #4234, #3111, #7249 ) ;
#2276 = VECTOR ( 'NONE', #5872, 39.37007874015748143 ) ;
#2277 = ORIENTED_EDGE ( 'NONE', *, *, #6553, .T. ) ;
#2278 = LINE ( 'NONE', #3503, #4136 ) ;
#2279 = SURFACE_STYLE_USAGE ( .BOTH. , #4546 ) ;
#2280 = CARTESIAN_POINT ( 'NONE',  ( 11.60000000000002451, 8.449999999999999289, -0.9719999999999998641 ) ) ;
#2281 = LINE ( 'NONE', #6990, #3800 ) ;
#2282 = EDGE_CURVE ( 'NONE', #7090, #2474, #4189, .T. ) ;
#2283 = VECTOR ( 'NONE', #6026, 39.37007874015748854 ) ;
#2284 = CARTESIAN_POINT ( 'NONE',  ( 1.409999999999993259, 3.000000000000055511, 0.5846456692913201136 ) ) ;
#2285 = DIRECTION ( 'NONE',  ( -1.000000000000000000, 0.000000000000000000, 0.000000000000000000 ) ) ;
#2286 = ORIENTED_EDGE ( 'NONE', *, *, #4153, .T. ) ;
#2287 = DIRECTION ( 'NONE',  ( 1.720849129867249803E-15, 1.000000000000000000, 3.434323192035072577E-15 ) ) ;
#2288 = ORIENTED_EDGE ( 'NONE', *, *, #7170, .F. ) ;
#2289 = AXIS2_PLACEMENT_3D ( 'NONE', #5864, #3163, #3781 ) ;
#2290 = CARTESIAN_POINT ( 'NONE',  ( -6.300000000000004263, -7.604772721475247188, -1.719999999999999973 ) ) ;
#2291 = DIRECTION ( 'NONE',  ( -0.000000000000000000, -0.000000000000000000, -1.000000000000000000 ) ) ;
#2292 = ORIENTED_EDGE ( 'NONE', *, *, #3345, .F. ) ;
#2293 = CARTESIAN_POINT ( 'NONE',  ( 7.860000000000003872, 2.249999999999997780, -0.3499999999999965361 ) ) ;
#2294 = CARTESIAN_POINT ( 'NONE',  ( 1.409999999999979714, 21.90000000000001990, -0.9999999999999836797 ) ) ;
#2295 = DIRECTION ( 'NONE',  ( 0.000000000000000000, -1.000000000000000000, 0.000000000000000000 ) ) ;
#2296 = DIRECTION ( 'NONE',  ( 1.000000000000000000, -2.478176394252578183E-15, 0.000000000000000000 ) ) ;
#2297 = PRODUCT_DEFINITION_FORMATION_WITH_SPECIFIED_SOURCE ( 'ANY', '', #181, .NOT_KNOWN. ) ;
#2298 = VERTEX_POINT ( 'NONE', #4869 ) ;
#2299 = PRODUCT_CONTEXT ( 'NONE', #1127, 'mechanical' ) ;
#2300 = ORIENTED_EDGE ( 'NONE', *, *, #164, .T. ) ;
#2301 = AXIS2_PLACEMENT_3D ( 'NONE', #4831, #2345, #4194 ) ;
#2302 = DIRECTION ( 'NONE',  ( 0.7071067811865473507, -0.7071067811865475727, 0.000000000000000000 ) ) ;
#2303 = LINE ( 'NONE', #1116, #6336 ) ;
#2304 = CARTESIAN_POINT ( 'NONE',  ( 6.675354330708657358, 2.249999999999996891, -1.009645669291334924 ) ) ;
#2305 =( REPRESENTATION_RELATIONSHIP ('NONE','NONE', #754, #6547 ) REPRESENTATION_RELATIONSHIP_WITH_TRANSFORMATION ( #6304 )SHAPE_REPRESENTATION_RELATIONSHIP( ) );
#2306 = DIRECTION ( 'NONE',  ( -0.000000000000000000, -0.000000000000000000, -1.000000000000000000 ) ) ;
#2307 = ORIENTED_EDGE ( 'NONE', *, *, #5175, .T. ) ;
#2308 = DIRECTION ( 'NONE',  ( 0.000000000000000000, 0.000000000000000000, 1.000000000000000000 ) ) ;
#2309 = EDGE_CURVE ( 'NONE', #5695, #6667, #4825, .T. ) ;
#2310 = DIRECTION ( 'NONE',  ( -0.000000000000000000, -0.000000000000000000, -1.000000000000000000 ) ) ;
#2311 = ORIENTED_EDGE ( 'NONE', *, *, #6468, .T. ) ;
#2312 = CARTESIAN_POINT ( 'NONE',  ( 4.187864042533941067, 14.83317831032973011, -0.2500000000000012212 ) ) ;
#2313 = ORIENTED_EDGE ( 'NONE', *, *, #2036, .F. ) ;
#2314 = LINE ( 'NONE', #6431, #2407 ) ;
#2315 = EDGE_CURVE ( 'NONE', #4829, #1901, #2150, .T. ) ;
#2316 = EDGE_CURVE ( 'NONE', #6405, #7287, #804, .T. ) ;
#2317 = FACE_OUTER_BOUND ( 'NONE', #6643, .T. ) ;
#2318 =( BOUNDED_SURFACE ( )  B_SPLINE_SURFACE ( 3, 1, ( 
 ( #3904, #6245 ),
 ( #977, #2624 ),
 ( #3201, #6284 ),
 ( #5694, #6753 ) ),
 .UNSPECIFIED., .F., .F., .T. ) 
 B_SPLINE_SURFACE_WITH_KNOTS ( ( 4, 4 ),
 ( 2, 2 ),
 ( 0.000000000000000000, 1.000000000000000000 ),
 ( 0.000000000000000000, 1.000000000000000000 ),
 .UNSPECIFIED. ) 
 GEOMETRIC_REPRESENTATION_ITEM ( )  RATIONAL_B_SPLINE_SURFACE ( (
 ( 1.000000000000000000, 1.000000000000000000),
 ( 0.3333333333333333703, 0.3333333333333333703),
 ( 0.3333333333333333703, 0.3333333333333333703),
 ( 1.000000000000000000, 1.000000000000000000) ) ) 
 REPRESENTATION_ITEM ( '' )  SURFACE ( )  );
#2319 = LINE ( 'NONE', #1695, #7310 ) ;
#2320 = EDGE_CURVE ( 'NONE', #280, #6305, #4789, .T. ) ;
#2321 = VERTEX_POINT ( 'NONE', #2376 ) ;
#2322 = FACE_OUTER_BOUND ( 'NONE', #1406, .T. ) ;
#2323 = FACE_OUTER_BOUND ( 'NONE', #3551, .T. ) ;
#2324 = ORIENTED_EDGE ( 'NONE', *, *, #303, .T. ) ;
#2325 = LINE ( 'NONE', #6558, #5713 ) ;
#2326 = AXIS2_PLACEMENT_3D ( 'NONE', #4804, #3702, #2430 ) ;
#2327 = UNCERTAINTY_MEASURE_WITH_UNIT (LENGTH_MEASURE( 1.000000000000000082E-05 ), #6320, 'distance_accuracy_value', 'NONE');
#2328 = VECTOR ( 'NONE', #1140, 39.37007874015748143 ) ;
#2329 = ADVANCED_FACE ( 'NONE', ( #4303 ), #1261, .F. ) ;
#2330 = ORIENTED_EDGE ( 'NONE', *, *, #784, .T. ) ;
#2331 = FACE_OUTER_BOUND ( 'NONE', #1875, .T. ) ;
#2332 = DIRECTION ( 'NONE',  ( 0.000000000000000000, -1.000000000000000000, 0.000000000000000000 ) ) ;
#2333 = LINE ( 'NONE', #5099, #2521 ) ;
#2334 = AXIS2_PLACEMENT_3D ( 'NONE', #3070, #7124, #5366 ) ;
#2335 = PRODUCT_DEFINITION_SHAPE ( 'NONE', 'NONE',  #7603 ) ;
#2336 = CARTESIAN_POINT ( 'NONE',  ( 1.790872624858488305, 16.70033416803600801, 0.000000000000000000 ) ) ;
#2337 = VECTOR ( 'NONE', #7484, 39.37007874015748143 ) ;
#2338 = VECTOR ( 'NONE', #2714, 39.37007874015748143 ) ;
#2339 = EDGE_LOOP ( 'NONE', ( #3816, #2947, #6013, #1146 ) ) ;
#2340 = CARTESIAN_POINT ( 'NONE',  ( -12.60000000000000853, 1.354772721475252073, -1.719999999999999973 ) ) ;
#2341 = LINE ( 'NONE', #4042, #6578 ) ;
#2342 = LINE ( 'NONE', #6975, #6084 ) ;
#2343 = DIRECTION ( 'NONE',  ( 1.000000000000000000, 0.000000000000000000, -1.206113904487533598E-16 ) ) ;
#2344 = CARTESIAN_POINT ( 'NONE',  ( 2.185860046268665258, 23.14000000000000412, -0.2500000000000000000 ) ) ;
#2345 = DIRECTION ( 'NONE',  ( 0.000000000000000000, 0.000000000000000000, 1.000000000000000222 ) ) ;
#2346 = EDGE_LOOP ( 'NONE', ( #52, #2752 ) ) ;
#2347 = FACE_OUTER_BOUND ( 'NONE', #7340, .T. ) ;
#2348 = ORIENTED_EDGE ( 'NONE', *, *, #4846, .T. ) ;
#2349 = FACE_OUTER_BOUND ( 'NONE', #4417, .T. ) ;
#2350 = DIRECTION ( 'NONE',  ( -0.000000000000000000, -0.000000000000000000, -1.000000000000000000 ) ) ;
#2351 = CARTESIAN_POINT ( 'NONE',  ( 3.631806092188872181, 20.23872322311160943, -0.2500000000000012212 ) ) ;
#2352 = ADVANCED_FACE ( 'NONE', ( #5435 ), #7159, .F. ) ;
#2353 = ORIENTED_EDGE ( 'NONE', *, *, #6224, .T. ) ;
#2354 = LINE ( 'NONE', #3988, #3199 ) ;
#2355 = CARTESIAN_POINT ( 'NONE',  ( 11.60000000000002451, -8.449999999999999289, -1.645000000000000018 ) ) ;
#2356 = ORIENTED_EDGE ( 'NONE', *, *, #3886, .F. ) ;
#2357 = CARTESIAN_POINT ( 'NONE',  ( 1.159999999999991926, 3.000000000000055511, 0.9153543307086414726 ) ) ;
#2358 = PRESENTATION_LAYER_ASSIGNMENT (  '', '', ( #2972 ) ) ;
#2359 = ADVANCED_FACE ( 'NONE', ( #6657 ), #5951, .F. ) ;
#2360 = VERTEX_POINT ( 'NONE', #79 ) ;
#2361 = EDGE_CURVE ( 'NONE', #867, #3363, #654, .T. ) ;
#2362 = CARTESIAN_POINT ( 'NONE',  ( 4.213951224809987295, 5.547856372576045025, 0.000000000000000000 ) ) ;
#2363 = EDGE_CURVE ( 'NONE', #3829, #5347, #5364, .T. ) ;
#2364 = DIRECTION ( 'NONE',  ( -0.000000000000000000, 1.000000000000000000, 0.000000000000000000 ) ) ;
#2365 = EDGE_CURVE ( 'NONE', #688, #487, #1376, .T. ) ;
#2366 = DIRECTION ( 'NONE',  ( -1.000000000000000000, 2.093734754490789434E-16, 0.000000000000000000 ) ) ;
#2367 = DIRECTION ( 'NONE',  ( 1.720849129867249803E-15, 1.000000000000000000, 3.434323192035072577E-15 ) ) ;
#2368 = DIRECTION ( 'NONE',  ( -1.000000000000000000, 0.000000000000000000, 0.000000000000000000 ) ) ;
#2369 = ORIENTED_EDGE ( 'NONE', *, *, #5501, .T. ) ;
#2370 = EDGE_CURVE ( 'NONE', #7410, #982, #5283, .T. ) ;
#2371 = ITEM_DEFINED_TRANSFORMATION ( 'NONE', 'NONE', #1917,  #5850 ) ;
#2372 = ORIENTED_EDGE ( 'NONE', *, *, #4846, .F. ) ;
#2373 = PLANE ( 'NONE',  #5336 ) ;
#2374 = DIRECTION ( 'NONE',  ( 0.7071067811865474617, 0.7071067811865474617, 0.000000000000000000 ) ) ;
#2375 = CARTESIAN_POINT ( 'NONE',  ( 4.187864042533941067, 14.83317831032973011, -2.000000000000001332 ) ) ;
#2376 = CARTESIAN_POINT ( 'NONE',  ( 2.420580475199245019, 19.71186723724616385, 0.000000000000000000 ) ) ;
#2377 = DIRECTION ( 'NONE',  ( 0.7071067811865476838, 0.7071067811865473507, -0.000000000000000000 ) ) ;
#2378 = DIRECTION ( 'NONE',  ( -1.000000000000000000, 0.000000000000000000, 0.000000000000000000 ) ) ;
#2379 = DIRECTION ( 'NONE',  ( -3.512375991854046399E-15, 1.720849129867249803E-15, -1.000000000000000000 ) ) ;
#2380 = VERTEX_POINT ( 'NONE', #2985 ) ;
#2381 = AXIS2_PLACEMENT_3D ( 'NONE', #4843, #4806, #783 ) ;
#2382 = CARTESIAN_POINT ( 'NONE',  ( 4.213951224809987295, 5.547856372576045025, -0.2500000000000000555 ) ) ;
#2383 = ORIENTED_EDGE ( 'NONE', *, *, #5363, .F. ) ;
#2384 = DIRECTION ( 'NONE',  ( -1.000000000000000000, 0.000000000000000000, 0.000000000000000000 ) ) ;
#2385 = ORIENTED_EDGE ( 'NONE', *, *, #4937, .F. ) ;
#2386 = AXIS2_PLACEMENT_3D ( 'NONE', #258, #4933, #7307 ) ;
#2387 = PLANE ( 'NONE',  #2576 ) ;
#2388 = DIRECTION ( 'NONE',  ( -1.000000000000000000, 8.537024980200836116E-17, -3.551402391763537648E-15 ) ) ;
#2389 = LINE ( 'NONE', #1848, #582 ) ;
#2390 = CARTESIAN_POINT ( 'NONE',  ( 4.187864042533941067, 15.64893697419836904, -0.2500000000000012212 ) ) ;
#2391 = VECTOR ( 'NONE', #5900, 39.37007874015748143 ) ;
#2392 = ORIENTED_EDGE ( 'NONE', *, *, #4645, .T. ) ;
#2393 = CARTESIAN_POINT ( 'NONE',  ( 12.59999999999999609, 9.449999999999999289, 0.000000000000000000 ) ) ;
#2394 = ORIENTED_EDGE ( 'NONE', *, *, #3411, .F. ) ;
#2395 = CARTESIAN_POINT ( 'NONE',  ( -10.75477272147525909, -9.449999999999999289, -1.719999999999999973 ) ) ;
#2396 = VECTOR ( 'NONE', #2110, 39.37007874015748143 ) ;
#2397 = AXIS2_PLACEMENT_3D ( 'NONE', #6954, #5300, #17 ) ;
#2398 = EDGE_CURVE ( 'NONE', #1953, #1507, #4852, .T. ) ;
#2399 = UNCERTAINTY_MEASURE_WITH_UNIT (LENGTH_MEASURE( 1.000000000000000082E-05 ), #7245, 'distance_accuracy_value', 'NONE');
#2400 = VERTEX_POINT ( 'NONE', #2451 ) ;
#2401 = AXIS2_PLACEMENT_3D ( 'NONE', #4822, #7157, #1185 ) ;
#2402 = CARTESIAN_POINT ( 'NONE',  ( 11.60000000000002451, 8.449999999999999289, -0.9719999999999998641 ) ) ;
#2403 = DIRECTION ( 'NONE',  ( 1.361676060502509788E-31, -1.000000000000000000, 3.876794692995643179E-17 ) ) ;
#2404 = LINE ( 'NONE', #7110, #1465 ) ;
#2405 =( REPRESENTATION_RELATIONSHIP ('NONE','NONE', #754, #6547 ) REPRESENTATION_RELATIONSHIP_WITH_TRANSFORMATION ( #6024 )SHAPE_REPRESENTATION_RELATIONSHIP( ) );
#2406 = DIRECTION ( 'NONE',  ( -0.000000000000000000, 1.000000000000000000, -0.000000000000000000 ) ) ;
#2407 = VECTOR ( 'NONE', #1764, 39.37007874015748143 ) ;
#2408 = EDGE_CURVE ( 'NONE', #4221, #4801, #2418, .T. ) ;
#2409 = VERTEX_POINT ( 'NONE', #5990 ) ;
#2410 = ORIENTED_EDGE ( 'NONE', *, *, #4802, .T. ) ;
#2411 = CONTEXT_DEPENDENT_SHAPE_REPRESENTATION ( #1719, #4596 ) ;
#2412 = EDGE_CURVE ( 'NONE', #3764, #4269, #3061, .T. ) ;
#2413 = VERTEX_POINT ( 'NONE', #6852 ) ;
#2414 = DIRECTION ( 'NONE',  ( -0.7071067811865476838, -0.7071067811865473507, 0.000000000000000000 ) ) ;
#2415 = FACE_OUTER_BOUND ( 'NONE', #4437, .T. ) ;
#2416 = CARTESIAN_POINT ( 'NONE',  ( 7.030000000000001137, 0.2500000000000000000, -9.389999999999998792 ) ) ;
#2417 = EDGE_CURVE ( 'NONE', #7410, #1480, #4450, .T. ) ;
#2418 = LINE ( 'NONE', #3648, #5837 ) ;
#2419 = AXIS2_PLACEMENT_3D ( 'NONE', #5766, #4046, #5152 ) ;
#2420 = CARTESIAN_POINT ( 'NONE',  ( 2.420580475199245019, 19.71186723724616385, -0.2500000000000012212 ) ) ;
#2421 = AXIS2_PLACEMENT_3D ( 'NONE', #2685, #3106, #6698 ) ;
#2422 = CARTESIAN_POINT ( 'NONE',  ( -1.845227278524757653, 3.200000000000001510, -1.719999999999999973 ) ) ;
#2423 = DIRECTION ( 'NONE',  ( 0.000000000000000000, 0.000000000000000000, 1.000000000000000000 ) ) ;
#2424 = ORIENTED_EDGE ( 'NONE', *, *, #5886, .F. ) ;
#2425 = LINE ( 'NONE', #4757, #6845 ) ;
#2426 = ORIENTED_EDGE ( 'NONE', *, *, #3482, .F. ) ;
#2427 = CARTESIAN_POINT ( 'NONE',  ( -12.60000000000000497, -9.449999999999999289, -1.770000000000000018 ) ) ;
#2428 = VERTEX_POINT ( 'NONE', #7314 ) ;
#2429 = DIRECTION ( 'NONE',  ( 0.7071067811865473507, -0.7071067811865475727, 0.000000000000000000 ) ) ;
#2430 = DIRECTION ( 'NONE',  ( 0.000000000000000000, 0.000000000000000000, 1.000000000000000000 ) ) ;
#2431 = DIRECTION ( 'NONE',  ( -3.304235192336779062E-15, 0.000000000000000000, -1.000000000000000000 ) ) ;
#2432 = CARTESIAN_POINT ( 'NONE',  ( -10.75477272147525909, 3.200000000000001954, -1.770000000000000018 ) ) ;
#2433 = EDGE_LOOP ( 'NONE', ( #6628, #2184 ) ) ;
#2434 = CARTESIAN_POINT ( 'NONE',  ( -4.554772721475260688, 9.449999999999999289, -1.719999999999999973 ) ) ;
#2435 = ORIENTED_EDGE ( 'NONE', *, *, #3833, .T. ) ;
#2436 = CARTESIAN_POINT ( 'NONE',  ( 1.159999999999987264, 23.14000000000000412, 0.7500000000000067724 ) ) ;
#2437 = ORIENTED_EDGE ( 'NONE', *, *, #1742, .F. ) ;
#2438 = ORIENTED_EDGE ( 'NONE', *, *, #3618, .T. ) ;
#2439 = LINE ( 'NONE', #5426, #5036 ) ;
#2440 = CARTESIAN_POINT ( 'NONE',  ( -1.845227278524757653, -9.449999999999999289, -1.719999999999999973 ) ) ;
#2441 = AXIS2_PLACEMENT_3D ( 'NONE', #7365, #1996, #2039 ) ;
#2442 = VECTOR ( 'NONE', #6342, 39.37007874015748854 ) ;
#2443 = CARTESIAN_POINT ( 'NONE',  ( -12.53999999999999737, 0.000000000000000000, 9.390000000000002345 ) ) ;
#2444 = ORIENTED_EDGE ( 'NONE', *, *, #686, .T. ) ;
#2445 = VERTEX_POINT ( 'NONE', #3923 ) ;
#2446 = VECTOR ( 'NONE', #2946, 39.37007874015748143 ) ;
#2447 = STYLED_ITEM ( 'NONE', ( #5728 ), #3335 ) ;
#2448 = VERTEX_POINT ( 'NONE', #6690 ) ;
#2449 = CARTESIAN_POINT ( 'NONE',  ( 1.159999999999995035, 2.000000000000001776, 4.370956789862821150E-15 ) ) ;
#2450 = CARTESIAN_POINT ( 'NONE',  ( -6.300000000000008704, -4.995227278524748016, -1.719999999999999973 ) ) ;
#2451 = CARTESIAN_POINT ( 'NONE',  ( -4.370956789862821150E-15, 1.354772721475247632, -1.770000000000000018 ) ) ;
#2452 = LINE ( 'NONE', #7160, #3813 ) ;
#2453 = EDGE_CURVE ( 'NONE', #7333, #4862, #3255, .T. ) ;
#2454 = DIRECTION ( 'NONE',  ( 0.000000000000000000, 0.000000000000000000, 1.000000000000000000 ) ) ;
#2455 = CARTESIAN_POINT ( 'NONE',  ( -10.75477272147525909, 3.200000000000001954, -1.719999999999999973 ) ) ;
#2456 = CARTESIAN_POINT ( 'NONE',  ( 50.33999999999999631, 9.700000000000001066, 0.6100000000000025402 ) ) ;
#2457 = EDGE_LOOP ( 'NONE', ( #6741, #3320, #1761, #7056 ) ) ;
#2458 = FACE_OUTER_BOUND ( 'NONE', #5668, .T. ) ;
#2459 = VECTOR ( 'NONE', #4013, 39.37007874015748143 ) ;
#2460 = EDGE_LOOP ( 'NONE', ( #4183, #2974, #3291, #7477, #773, #1082, #5103, #2197, #2311, #6679, #4089, #7342 ) ) ;
#2461 = EDGE_CURVE ( 'NONE', #4801, #3977, #7433, .T. ) ;
#2462 = LINE ( 'NONE', #1238, #4718 ) ;
#2463 = EDGE_CURVE ( 'NONE', #1074, #344, #6152, .T. ) ;
#2464 = VERTEX_POINT ( 'NONE', #4407 ) ;
#2465 = CARTESIAN_POINT ( 'NONE',  ( 6.299999999999995381, 5.095227278524752990, -1.719999999999999973 ) ) ;
#2466 = EDGE_CURVE ( 'NONE', #6699, #1061, #349, .T. ) ;
#2467 = CARTESIAN_POINT ( 'NONE',  ( 10.75477272147524310, -3.149999999999998579, -1.719999999999999973 ) ) ;
#2468 = DIRECTION ( 'NONE',  ( 0.000000000000000000, 0.000000000000000000, 1.000000000000000000 ) ) ;
#2469 = CARTESIAN_POINT ( 'NONE',  ( 0.000000000000000000, 0.000000000000000000, -1.770000000000000018 ) ) ;
#2470 = ORIENTED_EDGE ( 'NONE', *, *, #1478, .F. ) ;
#2471 = DIRECTION ( 'NONE',  ( 0.000000000000000000, 1.000000000000000000, 0.000000000000000000 ) ) ;
#2472 = VERTEX_POINT ( 'NONE', #6814 ) ;
#2473 = DIRECTION ( 'NONE',  ( -0.8571673007021122226, 0.000000000000000000, -0.5150380749100542666 ) ) ;
#2474 = VERTEX_POINT ( 'NONE', #1529 ) ;
#2475 = ORIENTED_EDGE ( 'NONE', *, *, #1251, .F. ) ;
#2476 = CARTESIAN_POINT ( 'NONE',  ( 2.344645669291333778, 1.999374015748022870, -1.009645669291334480 ) ) ;
#2477 = DIRECTION ( 'NONE',  ( -1.720849129867250000E-15, -1.000000000000000000, -3.434323192035072971E-15 ) ) ;
#2478 = LINE ( 'NONE', #3785, #733 ) ;
#2479 = ORIENTED_EDGE ( 'NONE', *, *, #7317, .F. ) ;
#2480 = ORIENTED_EDGE ( 'NONE', *, *, #6645, .F. ) ;
#2481 = CONTEXT_DEPENDENT_SHAPE_REPRESENTATION ( #2114, #5895 ) ;
#2482 = ORIENTED_EDGE ( 'NONE', *, *, #5077, .T. ) ;
#2483 = CARTESIAN_POINT ( 'NONE',  ( -10.75477272147525909, 3.250000000000000444, -1.719999999999999973 ) ) ;
#2484 = CARTESIAN_POINT ( 'NONE',  ( -11.46220472440947269, 8.449999999999999289, -0.9719999999999998641 ) ) ;
#2485 = LINE ( 'NONE', #6025, #385 ) ;
#2486 = CARTESIAN_POINT ( 'NONE',  ( 4.344645669291333334, 1.999374015748018429, -1.174999999999995826 ) ) ;
#2487 = CARTESIAN_POINT ( 'NONE',  ( -1.845227278524757653, 3.250000000000000444, -1.719999999999999973 ) ) ;
#2488 = EDGE_CURVE ( 'NONE', #4540, #596, #6230, .T. ) ;
#2490 = CIRCLE ( 'NONE', #3724, 0.1653543307086607073 ) ;
#2489 = DIRECTION ( 'NONE',  ( -0.8635486968584782375, 0.000000000000000000, -0.5042654540557226506 ) ) ;
#2491 = CARTESIAN_POINT ( 'NONE',  ( -4.454772721475258379, 3.250000000000000444, -1.770000000000000018 ) ) ;
#2492 = DIRECTION ( 'NONE',  ( 1.000000000000000000, 0.000000000000000000, 0.000000000000000000 ) ) ;
#2493 = ORIENTED_EDGE ( 'NONE', *, *, #2976, .T. ) ;
#2494 = CARTESIAN_POINT ( 'NONE',  ( 4.187864042533941067, 14.83317831032973011, -0.2500000000000000555 ) ) ;
#2495 = CARTESIAN_POINT ( 'NONE',  ( 1.409999999999997033, 23.14000000000000412, 7.649174382259936223E-15 ) ) ;
#2496 = ORIENTED_EDGE ( 'NONE', *, *, #5091, .F. ) ;
#2497 = CARTESIAN_POINT ( 'NONE',  ( -7.029999999999996696, 0.2500000000000000000, -9.389999999999998792 ) ) ;
#2498 = ORIENTED_EDGE ( 'NONE', *, *, #2781, .T. ) ;
#2499 = DIRECTION ( 'NONE',  ( 1.892934042853975533E-15, 1.000000000000000000, -3.590428791673030081E-15 ) ) ;
#2500 = EDGE_CURVE ( 'NONE', #7, #3472, #2645, .T. ) ;
#2501 = PLANE ( 'NONE',  #6636 ) ;
#2502 = DIRECTION ( 'NONE',  ( -8.537024980200854605E-17, -1.000000000000000000, 4.660230287205253334E-17 ) ) ;
#2503 = CYLINDRICAL_SURFACE ( 'NONE', #2381, 0.1653543307086616510 ) ;
#2504 = ADVANCED_FACE ( 'NONE', ( #884 ), #6735, .F. ) ;
#2505 = ORIENTED_EDGE ( 'NONE', *, *, #1412, .T. ) ;
#2506 =( REPRESENTATION_RELATIONSHIP ('NONE','NONE', #754, #6547 ) REPRESENTATION_RELATIONSHIP_WITH_TRANSFORMATION ( #2524 )SHAPE_REPRESENTATION_RELATIONSHIP( ) );
#2507 = FACE_BOUND ( 'NONE', #3018, .T. ) ;
#2508 = AXIS2_PLACEMENT_3D ( 'NONE', #4587, #5781, #1668 ) ;
#2509 = ORIENTED_EDGE ( 'NONE', *, *, #4389, .F. ) ;
#2510 = EDGE_CURVE ( 'NONE', #4269, #3707, #6107, .T. ) ;
#2511 = EDGE_CURVE ( 'NONE', #6285, #3053, #1411, .T. ) ;
#2512 = EDGE_LOOP ( 'NONE', ( #2743, #3340, #6283, #4629 ) ) ;
#2513 = ORIENTED_EDGE ( 'NONE', *, *, #6261, .T. ) ;
#2514 = CARTESIAN_POINT ( 'NONE',  ( 4.454772721475242392, -3.149999999999998579, -1.719999999999999973 ) ) ;
#2515 = LINE ( 'NONE', #3290, #5946 ) ;
#2516 = VECTOR ( 'NONE', #191, 39.37007874015748143 ) ;
#2517 = ORIENTED_EDGE ( 'NONE', *, *, #5754, .T. ) ;
#2518 = VECTOR ( 'NONE', #478, 39.37007874015748143 ) ;
#2519 = PLANE ( 'NONE',  #377 ) ;
#2520 = VECTOR ( 'NONE', #7109, 39.37007874015748854 ) ;
#2521 = VECTOR ( 'NONE', #1712, 39.37007874015748143 ) ;
#2522 = AXIS2_PLACEMENT_3D ( 'NONE', #4273, #1347, #3574 ) ;
#2523 = ORIENTED_EDGE ( 'NONE', *, *, #2073, .T. ) ;
#2524 = ITEM_DEFINED_TRANSFORMATION ( 'NONE', 'NONE', #6108,  #5850 ) ;
#2525 = LINE ( 'NONE', #6455, #7084 ) ;
#2526 = FACE_OUTER_BOUND ( 'NONE', #5122, .T. ) ;
#2527 = DIRECTION ( 'NONE',  ( 0.000000000000000000, 0.000000000000000000, 1.000000000000000000 ) ) ;
#2528 = CARTESIAN_POINT ( 'NONE',  ( 7.860000000000003872, 2.349999999999996092, -0.2499999999999944766 ) ) ;
#2529 = CARTESIAN_POINT ( 'NONE',  ( -12.53999999999999737, 0.000000000000000000, 9.390000000000002345 ) ) ;
#2530 = DIRECTION ( 'NONE',  ( -0.7071067811865474617, -0.7071067811865474617, 0.000000000000000000 ) ) ;
#2531 = DIRECTION ( 'NONE',  ( -1.000000000000000222, 0.000000000000000000, 0.000000000000000000 ) ) ;
#2532 = VERTEX_POINT ( 'NONE', #4909 ) ;
#2533 = AXIS2_PLACEMENT_3D ( 'NONE', #3351, #3423, #5185 ) ;
#2534 = CARTESIAN_POINT ( 'NONE',  ( 1.409999999999983267, 0.000000000000000000, 1.311287036958846345E-14 ) ) ;
#2535 = CARTESIAN_POINT ( 'NONE',  ( 1.790872624858488082, 6.700334168036005345, -0.2500000000000000000 ) ) ;
#2536 = CARTESIAN_POINT ( 'NONE',  ( 7.176780981213570776, 2.781713543831470403, -0.2500000000000012212 ) ) ;
#2537 = ORIENTED_EDGE ( 'NONE', *, *, #5227, .T. ) ;
#2538 = DIRECTION ( 'NONE',  ( 1.892934042853972377E-15, 1.000000000000000000, 0.000000000000000000 ) ) ;
#2539 = CYLINDRICAL_SURFACE ( 'NONE', #6707, 2.608540463109217278 ) ;
#2540 = DIRECTION ( 'NONE',  ( 0.7071067811865473507, -0.7071067811865476838, 0.000000000000000000 ) ) ;
#2541 = EDGE_CURVE ( 'NONE', #4650, #1197, #3299, .T. ) ;
#2542 = LINE ( 'NONE', #3736, #5348 ) ;
#2543 = DIRECTION ( 'NONE',  ( -0.000000000000000000, -0.000000000000000000, -1.000000000000000000 ) ) ;
#2544 = ORIENTED_EDGE ( 'NONE', *, *, #2596, .F. ) ;
#2545 = DIRECTION ( 'NONE',  ( 0.7071067811865473507, -0.7071067811865475727, 0.000000000000000000 ) ) ;
#2546 = EDGE_CURVE ( 'NONE', #7419, #4481, #5064, .T. ) ;
#2547 = ORIENTED_EDGE ( 'NONE', *, *, #257, .T. ) ;
#2548 = CARTESIAN_POINT ( 'NONE',  ( 0.000000000000000000, 0.2500000000000000000, 0.000000000000000000 ) ) ;
#2549 = EDGE_CURVE ( 'NONE', #5732, #4007, #5593, .T. ) ;
#2550 = DIRECTION ( 'NONE',  ( -0.000000000000000000, -0.000000000000000000, -1.000000000000000000 ) ) ;
#2551 = APPLICATION_CONTEXT ( 'automotive_design' ) ;
#2552 = EDGE_CURVE ( 'NONE', #2246, #448, #2564, .T. ) ;
#2553 = ORIENTED_EDGE ( 'NONE', *, *, #4790, .T. ) ;
#2554 = VERTEX_POINT ( 'NONE', #4334 ) ;
#2555 = CARTESIAN_POINT ( 'NONE',  ( -4.454772721475258379, -3.099999999999999201, -1.719999999999999973 ) ) ;
#2556 = ORIENTED_EDGE ( 'NONE', *, *, #5309, .F. ) ;
#2557 = EDGE_CURVE ( 'NONE', #5539, #3870, #4489, .T. ) ;
#2558 = DIRECTION ( 'NONE',  ( -0.000000000000000000, -0.000000000000000000, -1.000000000000000000 ) ) ;
#2559 = EDGE_CURVE ( 'NONE', #487, #6395, #326, .T. ) ;
#2560 = EDGE_CURVE ( 'NONE', #40, #901, #2021, .T. ) ;
#2561 = EDGE_LOOP ( 'NONE', ( #1752, #6611, #7515, #5844 ) ) ;
#2562 = DIRECTION ( 'NONE',  ( 0.000000000000000000, 0.000000000000000000, 1.000000000000000000 ) ) ;
#2563 = CARTESIAN_POINT ( 'NONE',  ( 2.420580475199245019, 19.71186723724616385, 0.000000000000000000 ) ) ;
#2564 = LINE ( 'NONE', #7395, #2156 ) ;
#2565 = DIRECTION ( 'NONE',  ( -3.304235192336779062E-15, 0.000000000000000000, -1.000000000000000000 ) ) ;
#2566 = LINE ( 'NONE', #6110, #5929 ) ;
#2567 = VECTOR ( 'NONE', #4883, 39.37007874015748854 ) ;
#2568 = AXIS2_PLACEMENT_3D ( 'NONE', #1095, #6296, #1031 ) ;
#2569 = ORIENTED_EDGE ( 'NONE', *, *, #1423, .F. ) ;
#2570 = DIRECTION ( 'NONE',  ( -0.000000000000000000, -0.000000000000000000, -1.000000000000000000 ) ) ;
#2571 = VERTEX_POINT ( 'NONE', #462 ) ;
#2572 = DIRECTION ( 'NONE',  ( 0.7071067811865476838, 0.7071067811865473507, 0.000000000000000000 ) ) ;
#2573 = CARTESIAN_POINT ( 'NONE',  ( 1.159999999999993925, 19.90000000000005542, 0.7500000000000373035 ) ) ;
#2574 = CARTESIAN_POINT ( 'NONE',  ( 4.187864042533941067, 15.64893697419836904, -0.2500000000000000555 ) ) ;
#2575 = ORIENTED_EDGE ( 'NONE', *, *, #1108, .F. ) ;
#2576 = AXIS2_PLACEMENT_3D ( 'NONE', #6549, #3617, #6001 ) ;
#2577 = VECTOR ( 'NONE', #3495, 39.37007874015748143 ) ;
#2578 = PLANE ( 'NONE',  #2709 ) ;
#2579 = FACE_OUTER_BOUND ( 'NONE', #4443, .T. ) ;
#2580 = DIRECTION ( 'NONE',  ( 0.000000000000000000, 0.000000000000000000, -1.000000000000000000 ) ) ;
#2581 = DIRECTION ( 'NONE',  ( -0.000000000000000000, -0.000000000000000000, 1.000000000000000000 ) ) ;
#2582 = CIRCLE ( 'NONE', #1234, 0.1653543307086616510 ) ;
#2583 = SHAPE_REPRESENTATION_RELATIONSHIP ( 'NONE' , 'NONE' ,  #3642, #3691 ) ;
#2584 = CIRCLE ( 'NONE', #5156, 0.1653543307086607073 ) ;
#2585 = ORIENTED_EDGE ( 'NONE', *, *, #1378, .F. ) ;
#2586 = DIRECTION ( 'NONE',  ( 1.720849129867250000E-15, 1.000000000000000000, 3.434323192035072971E-15 ) ) ;
#2587 = ORIENTED_EDGE ( 'NONE', *, *, #1844, .F. ) ;
#2588 = CARTESIAN_POINT ( 'NONE',  ( 12.59999999999999609, -7.604772721475247188, -1.770000000000000018 ) ) ;
#2589 = CARTESIAN_POINT ( 'NONE',  ( 4.676780981213570776, 2.037077157614649359, -0.2500000000000000555 ) ) ;
#2590 = EDGE_CURVE ( 'NONE', #6346, #4832, #1748, .T. ) ;
#2591 = EDGE_LOOP ( 'NONE', ( #7126, #636, #5105 ) ) ;
#2592 = ORIENTED_EDGE ( 'NONE', *, *, #1921, .T. ) ;
#2593 = LINE ( 'NONE', #4894, #6020 ) ;
#2594 = FACE_OUTER_BOUND ( 'NONE', #4209, .T. ) ;
#2595 = ORIENTED_EDGE ( 'NONE', *, *, #4286, .F. ) ;
#2596 = EDGE_CURVE ( 'NONE', #3053, #4007, #4595, .T. ) ;
#2597 = DIRECTION ( 'NONE',  ( -1.000000000000000000, 0.000000000000000000, -0.000000000000000000 ) ) ;
#2598 = EDGE_CURVE ( 'NONE', #4077, #5707, #4605, .T. ) ;
#2599 = EDGE_CURVE ( 'NONE', #5537, #2428, #5679, .T. ) ;
#2600 = ORIENTED_EDGE ( 'NONE', *, *, #2488, .F. ) ;
#2601 = EDGE_CURVE ( 'NONE', #4516, #6490, #4668, .T. ) ;
#2602 = CONTEXT_DEPENDENT_SHAPE_REPRESENTATION ( #4132, #4118 ) ;
#2603 = CARTESIAN_POINT ( 'NONE',  ( 1.790872624858488082, 6.700334168036006233, -2.000000000000001332 ) ) ;
#2604 = DIRECTION ( 'NONE',  ( 0.000000000000000000, -3.304235192336776301E-15, 1.000000000000000000 ) ) ;
#2605 = DIRECTION ( 'NONE',  ( -5.931810584512617103E-30, -3.590428791673030081E-15, -1.000000000000000000 ) ) ;
#2606 = CIRCLE ( 'NONE', #6298, 0.1653543307086607073 ) ;
#2607 = EDGE_CURVE ( 'NONE', #2413, #6897, #4104, .T. ) ;
#2608 = DIRECTION ( 'NONE',  ( 0.000000000000000000, 0.000000000000000000, 1.000000000000000000 ) ) ;
#2609 =( BOUNDED_CURVE ( )  B_SPLINE_CURVE ( 3, ( #4217, #3638, #2944, #5865 ),
 .UNSPECIFIED., .F., .T. ) 
 B_SPLINE_CURVE_WITH_KNOTS ( ( 4, 4 ),
 ( 0.000000000000000000, 3.141592653589793116 ),
 .UNSPECIFIED. ) 
 CURVE ( )  GEOMETRIC_REPRESENTATION_ITEM ( )  RATIONAL_B_SPLINE_CURVE ( ( 1.000000000000000000, 0.3333333333333333703, 0.3333333333333333703, 1.000000000000000000 ) ) 
 REPRESENTATION_ITEM ( '' )  );
#2610 = ORIENTED_EDGE ( 'NONE', *, *, #1988, .F. ) ;
#2611 = DIMENSIONAL_EXPONENTS ( 1.000000000000000000, 0.000000000000000000, 0.000000000000000000, 0.000000000000000000, 0.000000000000000000, 0.000000000000000000, 0.000000000000000000 ) ;
#2612 = PLANE ( 'NONE',  #3321 ) ;
#2613 = APPLICATION_PROTOCOL_DEFINITION ( 'draft international standard', 'automotive_design', 1998, #4750 ) ;
#2614 = VERTEX_POINT ( 'NONE', #4562 ) ;
#2615 = CARTESIAN_POINT ( 'NONE',  ( -8.145227278524757253, -3.099999999999999201, -1.719999999999999973 ) ) ;
#2616 = CARTESIAN_POINT ( 'NONE',  ( 7.176780981213570776, 2.781713543831469071, -0.2500000000000000000 ) ) ;
#2617 = ORIENTED_EDGE ( 'NONE', *, *, #7075, .T. ) ;
#2618 = VECTOR ( 'NONE', #6005, 39.37007874015748143 ) ;
#2619 = LINE ( 'NONE', #4316, #5902 ) ;
#2620 = DIRECTION ( 'NONE',  ( 0.000000000000000000, 1.000000000000000000, 0.000000000000000000 ) ) ;
#2621 = CARTESIAN_POINT ( 'NONE',  ( 6.344645669291334222, 1.999999999999996225, -1.340354330708657615 ) ) ;
#2622 = CARTESIAN_POINT ( 'NONE',  ( 7.844932043193940885, 2.336907696089908004, 5.526380480343199057E-15 ) ) ;
#2623 = ORIENTED_EDGE ( 'NONE', *, *, #1486, .F. ) ;
#2624 = CARTESIAN_POINT ( 'NONE',  ( 7.755526866610956915, 6.260566922747311303, 0.000000000000000000 ) ) ;
#2625 = ORIENTED_EDGE ( 'NONE', *, *, #5255, .T. ) ;
#2626 = FACE_OUTER_BOUND ( 'NONE', #1519, .T. ) ;
#2627 = CARTESIAN_POINT ( 'NONE',  ( 6.344645669291334222, 1.999999999999996891, -1.174999999999995604 ) ) ;
#2628 = DIRECTION ( 'NONE',  ( -0.000000000000000000, -0.000000000000000000, -1.000000000000000000 ) ) ;
#2629 = EDGE_LOOP ( 'NONE', ( #2498, #2967, #5893, #6521 ) ) ;
#2630 = VERTEX_POINT ( 'NONE', #2758 ) ;
#2631 = ORIENTED_EDGE ( 'NONE', *, *, #1745, .F. ) ;
#2632 = CARTESIAN_POINT ( 'NONE',  ( 11.73779527559057634, -8.449999999999999289, -1.645000000000000018 ) ) ;
#2633 = EDGE_LOOP ( 'NONE', ( #2131, #394, #3678, #1257 ) ) ;
#2634 = AXIS2_PLACEMENT_3D ( 'NONE', #828, #6721, #789 ) ;
#2635 = CARTESIAN_POINT ( 'NONE',  ( -1.845227278524757653, -3.099999999999999201, -1.719999999999999973 ) ) ;
#2636 = ORIENTED_EDGE ( 'NONE', *, *, #3674, .F. ) ;
#2637 = CARTESIAN_POINT ( 'NONE',  ( -11.73659041599845487, -8.468182305476803506, -1.770000000000000018 ) ) ;
#2638 = CIRCLE ( 'NONE', #312, 0.1653543307086612346 ) ;
#2639 = ORIENTED_EDGE ( 'NONE', *, *, #5038, .T. ) ;
#2640 = AXIS2_PLACEMENT_3D ( 'NONE', #7167, #1874, #1842 ) ;
#2641 = VECTOR ( 'NONE', #4063, 39.37007874015748143 ) ;
#2642 = CONTEXT_DEPENDENT_SHAPE_REPRESENTATION ( #3994, #7073 ) ;
#2643 = CARTESIAN_POINT ( 'NONE',  ( 2.420580475199245019, 19.71186723724616385, 0.000000000000000000 ) ) ;
#2644 = LINE ( 'NONE', #391, #4108 ) ;
#2645 = LINE ( 'NONE', #5602, #5960 ) ;
#2646 = FACE_OUTER_BOUND ( 'NONE', #759, .T. ) ;
#2647 = EDGE_CURVE ( 'NONE', #99, #3303, #2256, .T. ) ;
#2648 = VECTOR ( 'NONE', #7281, 39.37007874015748143 ) ;
#2649 = CIRCLE ( 'NONE', #4363, 0.1653543307086613734 ) ;
#2650 = EDGE_CURVE ( 'NONE', #6214, #2464, #2333, .T. ) ;
#2651 = LINE ( 'NONE', #3725, #3443 ) ;
#2652 = CARTESIAN_POINT ( 'NONE',  ( 25.14000000000000412, 85.29999999999999716, 0.6100000000000025402 ) ) ;
#2653 = ORIENTED_EDGE ( 'NONE', *, *, #5460, .T. ) ;
#2654 = VECTOR ( 'NONE', #1780, 39.37007874015748143 ) ;
#2655 = CARTESIAN_POINT ( 'NONE',  ( 7.853150817677981621, 2.270033315760177750, 0.03854532800251424945 ) ) ;
#2656 = CARTESIAN_POINT ( 'NONE',  ( 2.344645669291333778, 1.999374015748021760, -1.340354330708657837 ) ) ;
#2657 = VERTEX_POINT ( 'NONE', #4037 ) ;
#2658 =( BOUNDED_SURFACE ( )  B_SPLINE_SURFACE ( 3, 1, ( 
 ( #2390, #7560 ),
 ( #4130, #7100 ),
 ( #2351, #6404 ),
 ( #3509, #7060 ) ),
 .UNSPECIFIED., .F., .F., .T. ) 
 B_SPLINE_SURFACE_WITH_KNOTS ( ( 4, 4 ),
 ( 2, 2 ),
 ( 0.000000000000000000, 1.000000000000000000 ),
 ( 0.000000000000000000, 1.000000000000000000 ),
 .UNSPECIFIED. ) 
 GEOMETRIC_REPRESENTATION_ITEM ( )  RATIONAL_B_SPLINE_SURFACE ( (
 ( 1.000000000000000000, 1.000000000000000000),
 ( 0.3333333333333333703, 0.3333333333333333703),
 ( 0.3333333333333333703, 0.3333333333333333703),
 ( 1.000000000000000000, 1.000000000000000000) ) ) 
 REPRESENTATION_ITEM ( '' )  SURFACE ( )  );
#2659 = DIRECTION ( 'NONE',  ( 0.7071067811865473507, -0.7071067811865476838, 0.000000000000000000 ) ) ;
#2660 =( REPRESENTATION_RELATIONSHIP ('NONE','NONE', #754, #5201 ) REPRESENTATION_RELATIONSHIP_WITH_TRANSFORMATION ( #3055 )SHAPE_REPRESENTATION_RELATIONSHIP( ) );
#2661 = CARTESIAN_POINT ( 'NONE',  ( 6.344645669291334222, 2.249999999999997780, -1.009645669291335146 ) ) ;
#2662 =( CONVERSION_BASED_UNIT ( 'INCH', #4463 ) LENGTH_UNIT ( ) NAMED_UNIT ( #1439 ) );
#2663 = EDGE_LOOP ( 'NONE', ( #6376, #3864, #4961, #5368 ) ) ;
#2664 = DIRECTION ( 'NONE',  ( -0.000000000000000000, -1.000000000000000000, -0.000000000000000000 ) ) ;
#2665 = ORIENTED_EDGE ( 'NONE', *, *, #4440, .T. ) ;
#2666 = DIRECTION ( 'NONE',  ( -8.510858664735481127E-30, -3.434323192035072183E-15, 1.000000000000000000 ) ) ;
#2667 = AXIS2_PLACEMENT_3D ( 'NONE', #1919, #2468, #1273 ) ;
#2668 = CARTESIAN_POINT ( 'NONE',  ( -11.60000000000002451, -8.449999999999999289, -1.645000000000000018 ) ) ;
#2669 = CARTESIAN_POINT ( 'NONE',  ( 1.159374015748038333, 22.14000000000000412, 1.750000000000004663 ) ) ;
#2670 = ORIENTED_EDGE ( 'NONE', *, *, #7129, .F. ) ;
#2671 = ORIENTED_EDGE ( 'NONE', *, *, #2839, .T. ) ;
#2672 = ORIENTED_EDGE ( 'NONE', *, *, #4021, .F. ) ;
#2673 = AXIS2_PLACEMENT_3D ( 'NONE', #5729, #2235, #476 ) ;
#2674 = DIRECTION ( 'NONE',  ( -1.000000000000000000, 0.000000000000000000, 0.000000000000000000 ) ) ;
#2675 = ORIENTED_EDGE ( 'NONE', *, *, #4386, .T. ) ;
#2676 = DIRECTION ( 'NONE',  ( -1.000000000000000000, 6.641805434596232369E-15, -3.551402391763538042E-15 ) ) ;
#2677 = ORIENTED_EDGE ( 'NONE', *, *, #1412, .F. ) ;
#2678 = DIRECTION ( 'NONE',  ( 0.000000000000000000, -0.000000000000000000, 1.000000000000000000 ) ) ;
#2679 = ORIENTED_EDGE ( 'NONE', *, *, #923, .T. ) ;
#2680 = LINE ( 'NONE', #5638, #3133 ) ;
#2681 = DIRECTION ( 'NONE',  ( 1.000000000000000000, -0.000000000000000000, 3.512375991854052315E-15 ) ) ;
#2682 = CARTESIAN_POINT ( 'NONE',  ( 1.409999999999993703, 21.90000000000005187, 0.9153543307087076419 ) ) ;
#2683 = PLANE ( 'NONE',  #753 ) ;
#2684 = ORIENTED_EDGE ( 'NONE', *, *, #5849, .F. ) ;
#2685 = CARTESIAN_POINT ( 'NONE',  ( 125.9399999999999977, 66.39999999999999147, 0.6100000000000025402 ) ) ;
#2686 = ORIENTED_EDGE ( 'NONE', *, *, #2590, .T. ) ;
#2687 = SURFACE_STYLE_USAGE ( .BOTH. , #968 ) ;
#2688 = DIRECTION ( 'NONE',  ( -0.7071067811865473507, 0.7071067811865476838, 0.000000000000000000 ) ) ;
#2689 = LINE ( 'NONE', #5070, #3622 ) ;
#2690 = ORIENTED_EDGE ( 'NONE', *, *, #720, .F. ) ;
#2691 = EDGE_CURVE ( 'NONE', #6337, #4807, #7473, .T. ) ;
#2692 = FACE_OUTER_BOUND ( 'NONE', #3698, .T. ) ;
#2693 = VECTOR ( 'NONE', #5775, 39.37007874015748143 ) ;
#2694 = VECTOR ( 'NONE', #5673, 39.37007874015748143 ) ;
#2695 = FACE_OUTER_BOUND ( 'NONE', #5170, .T. ) ;
#2696 = FACE_OUTER_BOUND ( 'NONE', #2339, .T. ) ;
#2697 = DIRECTION ( 'NONE',  ( -0.7071067811865474617, -0.7071067811865474617, 0.000000000000000000 ) ) ;
#2698 = EDGE_CURVE ( 'NONE', #4540, #4186, #3550, .T. ) ;
#2699 = APPLICATION_CONTEXT ( 'automotive_design' ) ;
#2700 = ORIENTED_EDGE ( 'NONE', *, *, #2839, .F. ) ;
#2701 = CARTESIAN_POINT ( 'NONE',  ( 4.000000000000004441, 2.000000000000000888, 1.090354330708671604 ) ) ;
#2702 = EDGE_CURVE ( 'NONE', #6793, #4248, #3050, .T. ) ;
#2703 = PRESENTATION_LAYER_ASSIGNMENT (  '', '', ( #615 ) ) ;
#2704 = ORIENTED_EDGE ( 'NONE', *, *, #776, .F. ) ;
#2705 = VECTOR ( 'NONE', #3410, 39.37007874015748143 ) ;
#2706 = DIRECTION ( 'NONE',  ( -1.000000000000000000, 0.000000000000000000, 1.206113904487533598E-16 ) ) ;
#2707 = CARTESIAN_POINT ( 'NONE',  ( 7.860000000000005649, 1.999999999999992228, 1.750000000000009770 ) ) ;
#2708 = EDGE_CURVE ( 'NONE', #4439, #6214, #3452, .T. ) ;
#2709 = AXIS2_PLACEMENT_3D ( 'NONE', #3771, #5450, #4421 ) ;
#2710 = VECTOR ( 'NONE', #223, 39.37007874015748143 ) ;
#2711 = ORIENTED_EDGE ( 'NONE', *, *, #3822, .F. ) ;
#2712 = ORIENTED_EDGE ( 'NONE', *, *, #6979, .T. ) ;
#2713 = ORIENTED_EDGE ( 'NONE', *, *, #6553, .F. ) ;
#2714 = DIRECTION ( 'NONE',  ( -1.000000000000000000, -0.000000000000000000, -0.000000000000000000 ) ) ;
#2715 = EDGE_LOOP ( 'NONE', ( #5681, #4170, #4994, #515 ) ) ;
#2716 = DIRECTION ( 'NONE',  ( 0.000000000000000000, -3.304235192336776301E-15, 1.000000000000000000 ) ) ;
#2717 = AXIS2_PLACEMENT_3D ( 'NONE', #502, #6302, #922 ) ;
#2718 = ORIENTED_EDGE ( 'NONE', *, *, #3405, .F. ) ;
#2719 = DIRECTION ( 'NONE',  ( 7.805279981897893924E-16, -3.590428791673031659E-15, -1.000000000000000000 ) ) ;
#2720 = VERTEX_POINT ( 'NONE', #4521 ) ;
#2721 = DIRECTION ( 'NONE',  ( 0.000000000000000000, 0.000000000000000000, 1.000000000000000000 ) ) ;
#2722 = CARTESIAN_POINT ( 'NONE',  ( 4.454772721475242392, 3.250000000000000444, -1.719999999999999973 ) ) ;
#2723 = CARTESIAN_POINT ( 'NONE',  ( 4.187864042533941067, 14.83317831032973011, 0.000000000000000000 ) ) ;
#2724 = CONICAL_SURFACE ( 'NONE', #7040, 0.1377952755905512972, 1.029744258676655200 ) ;
#2725 = ORIENTED_EDGE ( 'NONE', *, *, #3308, .F. ) ;
#2726 = ITEM_DEFINED_TRANSFORMATION ( 'NONE', 'NONE', #6730,  #5850 ) ;
#2727 = ORIENTED_EDGE ( 'NONE', *, *, #6323, .F. ) ;
#2728 = PRESENTATION_STYLE_ASSIGNMENT (( #2687 ) ) ;
#2729 = CARTESIAN_POINT ( 'NONE',  ( 4.187864042533941067, 15.64893697419836904, 0.000000000000000000 ) ) ;
#2730 = CARTESIAN_POINT ( 'NONE',  ( 1.790872624858488082, 6.700334168036006233, 0.000000000000000000 ) ) ;
#2731 = EDGE_CURVE ( 'NONE', #5457, #5186, #2064, .T. ) ;
#2732 = DIRECTION ( 'NONE',  ( -1.561055996379578489E-16, -3.434323192035072183E-15, 1.000000000000000000 ) ) ;
#2733 = CARTESIAN_POINT ( 'NONE',  ( 2.675354330708657358, 2.250000000000003553, -1.340354330708658726 ) ) ;
#2734 = CYLINDRICAL_SURFACE ( 'NONE', #6186, 0.1377952755905512972 ) ;
#2735 = CARTESIAN_POINT ( 'NONE',  ( 7.846301635355955817, 2.323825211564067850, 0.002602732333173982289 ) ) ;
#2736 = ORIENTED_EDGE ( 'NONE', *, *, #878, .T. ) ;
#2737 = DIRECTION ( 'NONE',  ( 0.000000000000000000, 0.000000000000000000, 1.000000000000000000 ) ) ;
#2738 = VERTEX_POINT ( 'NONE', #1035 ) ;
#2739 = CARTESIAN_POINT ( 'NONE',  ( 1.159999999999980158, 3.000000000000023537, -0.8346456692913223341 ) ) ;
#2740 = CARTESIAN_POINT ( 'NONE',  ( -8.145227278524757253, -3.149999999999998579, -1.719999999999999973 ) ) ;
#2741 = EDGE_CURVE ( 'NONE', #4925, #5829, #6927, .T. ) ;
#2742 = VERTEX_POINT ( 'NONE', #3375 ) ;
#2743 = ORIENTED_EDGE ( 'NONE', *, *, #6645, .T. ) ;
#2744 = ADVANCED_FACE ( 'NONE', ( #5718 ), #7506, .F. ) ;
#2745 = ORIENTED_EDGE ( 'NONE', *, *, #2084, .T. ) ;
#2746 = ORIENTED_EDGE ( 'NONE', *, *, #3538, .F. ) ;
#2747 = DIRECTION ( 'NONE',  ( 0.000000000000000000, -0.000000000000000000, 1.000000000000000000 ) ) ;
#2748 = ORIENTED_EDGE ( 'NONE', *, *, #1054, .T. ) ;
#2749 = EDGE_CURVE ( 'NONE', #901, #928, #4000, .T. ) ;
#2750 = CARTESIAN_POINT ( 'NONE',  ( -4.554772721475260688, 9.449999999999999289, -1.770000000000000018 ) ) ;
#2751 = ADVANCED_FACE ( 'NONE', ( #1069 ), #3413, .F. ) ;
#2752 = ORIENTED_EDGE ( 'NONE', *, *, #6892, .T. ) ;
#2753 = CARTESIAN_POINT ( 'NONE',  ( 1.209354858209618300, 19.18501125138071828, -0.2500000000000012212 ) ) ;
#2754 = LINE ( 'NONE', #422, #4591 ) ;
#2755 = ORIENTED_EDGE ( 'NONE', *, *, #56, .T. ) ;
#2756 = CARTESIAN_POINT ( 'NONE',  ( 7.857260327071194261, 2.252602732333164326, -0.3238252115640670170 ) ) ;
#2757 = VECTOR ( 'NONE', #34, 39.37007874015748143 ) ;
#2758 = CARTESIAN_POINT ( 'NONE',  ( 4.344645669291333334, 2.250000000000001776, -1.009645669291335368 ) ) ;
#2759 = PLANE ( 'NONE',  #6397 ) ;
#2760 = VECTOR ( 'NONE', #7360, 39.37007874015748143 ) ;
#2761 = EDGE_LOOP ( 'NONE', ( #16, #2356, #6799, #126 ) ) ;
#2762 = ORIENTED_EDGE ( 'NONE', *, *, #4392, .T. ) ;
#2763 = CARTESIAN_POINT ( 'NONE',  ( 5.399089659523567342, 16.17579296006381639, -0.2500000000000000555 ) ) ;
#2764 = LINE ( 'NONE', #4378, #5325 ) ;
#2765 = CARTESIAN_POINT ( 'NONE',  ( -44.04411790607416322, -0.2623335308197394244, -0.2500000000000000000 ) ) ;
#2766 = AXIS2_PLACEMENT_3D ( 'NONE', #1724, #2263, #5800 ) ;
#2767 = CIRCLE ( 'NONE', #2397, 0.1000000000000000194 ) ;
#2768 = DIRECTION ( 'NONE',  ( -5.931810584512617103E-30, -3.590428791673030081E-15, -1.000000000000000000 ) ) ;
#2769 = VECTOR ( 'NONE', #3921, 39.37007874015748143 ) ;
#2770 = DIRECTION ( 'NONE',  ( 1.000000000000000000, 0.000000000000000000, -3.551402391763537648E-15 ) ) ;
#2771 =( LENGTH_UNIT ( ) NAMED_UNIT ( * ) SI_UNIT ( $, .METRE. ) );
#2772 = ORIENTED_EDGE ( 'NONE', *, *, #720, .T. ) ;
#2773 = CARTESIAN_POINT ( 'NONE',  ( 4.187864042533941067, 14.83317831032973011, -0.2500000000000012212 ) ) ;
#2774 = ORIENTED_EDGE ( 'NONE', *, *, #2370, .T. ) ;
#2775 = CARTESIAN_POINT ( 'NONE',  ( 10.75477272147524310, -3.099999999999999201, -1.719999999999999973 ) ) ;
#2776 = B_SPLINE_CURVE_WITH_KNOTS ( 'NONE', 1,
 ( #3897, #2848 ),
 .UNSPECIFIED., .F., .F.,
 ( 2, 2 ),
 ( 0.000000000000000000, 1.000000000000000000 ),
 .UNSPECIFIED. ) ;
#2777 = AXIS2_PLACEMENT_3D ( 'NONE', #3536, #5254, #5807 ) ;
#2778 = DIRECTION ( 'NONE',  ( -0.7071067811865475727, 0.7071067811865475727, 0.000000000000000000 ) ) ;
#2779 = ADVANCED_FACE ( 'NONE', ( #1214 ), #2519, .F. ) ;
#2780 = VERTEX_POINT ( 'NONE', #7186 ) ;
#2781 = EDGE_CURVE ( 'NONE', #3912, #4175, #1327, .T. ) ;
#2782 = ORIENTED_EDGE ( 'NONE', *, *, #501, .F. ) ;
#2783 = CARTESIAN_POINT ( 'NONE',  ( -12.60000000000000497, 9.449999999999999289, 0.000000000000000000 ) ) ;
#2784 = VERTEX_POINT ( 'NONE', #4142 ) ;
#2785 =( GEOMETRIC_REPRESENTATION_CONTEXT ( 3 ) GLOBAL_UNCERTAINTY_ASSIGNED_CONTEXT ( ( #5784 ) ) GLOBAL_UNIT_ASSIGNED_CONTEXT ( ( #3853, #3814, #4319 ) ) REPRESENTATION_CONTEXT ( 'NONE', 'WORKASPACE' ) );
#2786 = ADVANCED_FACE ( 'NONE', ( #3597 ), #3673, .T. ) ;
#2787 = FACE_OUTER_BOUND ( 'NONE', #7469, .T. ) ;
#2788 = ORIENTED_EDGE ( 'NONE', *, *, #2032, .F. ) ;
#2789 = FACE_OUTER_BOUND ( 'NONE', #1552, .T. ) ;
#2790 = EDGE_CURVE ( 'NONE', #4862, #6191, #2404, .T. ) ;
#2791 = AXIS2_PLACEMENT_3D ( 'NONE', #5692, #436, #3496 ) ;
#2792 = VERTEX_POINT ( 'NONE', #2440 ) ;
#2793 = DIRECTION ( 'NONE',  ( 0.000000000000000000, 1.000000000000000000, 3.434323192035072183E-15 ) ) ;
#2794 = EDGE_CURVE ( 'NONE', #4590, #1843, #4536, .T. ) ;
#2795 = PLANE ( 'NONE',  #936 ) ;
#2796 = EDGE_CURVE ( 'NONE', #858, #4686, #1932, .T. ) ;
#2797 = DIRECTION ( 'NONE',  ( 1.000000000000000000, -2.478176394252578183E-15, 0.000000000000000000 ) ) ;
#2798 = CARTESIAN_POINT ( 'NONE',  ( 2.344645669291334222, 2.250000000000003997, -1.340354330708658726 ) ) ;
#2799 = EDGE_CURVE ( 'NONE', #1928, #1889, #4736, .T. ) ;
#2800 = LINE ( 'NONE', #1070, #3077 ) ;
#2801 = APPLICATION_CONTEXT ( 'automotive_design' ) ;
#2802 = ORIENTED_EDGE ( 'NONE', *, *, #7519, .T. ) ;
#2803 = ORIENTED_EDGE ( 'NONE', *, *, #5228, .T. ) ;
#2804 = FACE_OUTER_BOUND ( 'NONE', #4446, .T. ) ;
#2805 = CARTESIAN_POINT ( 'NONE',  ( 2.000000000000003997, 2.000000000000004441, -1.340354330708657615 ) ) ;
#2806 = DIRECTION ( 'NONE',  ( 0.000000000000000000, 0.000000000000000000, -1.000000000000000000 ) ) ;
#2807 = CARTESIAN_POINT ( 'NONE',  ( 2.185860046268665258, 23.14000000000000412, -0.2500000000000000000 ) ) ;
#2808 = CARTESIAN_POINT ( 'NONE',  ( 4.187864042533941067, 15.64893697419836904, -0.2500000000000012212 ) ) ;
#2809 = CARTESIAN_POINT ( 'NONE',  ( 7.176780981213570776, 2.781713543831469071, -0.2500000000000000000 ) ) ;
#2810 =( NAMED_UNIT ( * ) SI_UNIT ( $, .STERADIAN. ) SOLID_ANGLE_UNIT ( ) );
#2811 = VERTEX_POINT ( 'NONE', #6447 ) ;
#2812 = PLANE ( 'NONE',  #6452 ) ;
#2813 = VERTEX_POINT ( 'NONE', #4778 ) ;
#2814 = LINE ( 'NONE', #3392, #2902 ) ;
#2815 = AXIS2_PLACEMENT_3D ( 'NONE', #226, #3753, #876 ) ;
#2816 = FACE_OUTER_BOUND ( 'NONE', #6031, .T. ) ;
#2817 = CARTESIAN_POINT ( 'NONE',  ( 7.854520654142388203, 2.044174764076005513, -0.07626664312980847849 ) ) ;
#2818 = AXIS2_PLACEMENT_3D ( 'NONE', #946, #5393, #723 ) ;
#2819 = VECTOR ( 'NONE', #38, 39.37007874015748143 ) ;
#2820 = ORIENTED_EDGE ( 'NONE', *, *, #2282, .F. ) ;
#2821 = DIRECTION ( 'NONE',  ( 0.000000000000000000, -1.000000000000000000, 0.000000000000000000 ) ) ;
#2822 = PRODUCT_DEFINITION_SHAPE ( 'NONE', 'NONE',  #7584 ) ;
#2823 = ORIENTED_EDGE ( 'NONE', *, *, #6184, .T. ) ;
#2824 = PLANE ( 'NONE',  #5318 ) ;
#2825 = ORIENTED_EDGE ( 'NONE', *, *, #6277, .F. ) ;
#2826 = DIRECTION ( 'NONE',  ( -0.7071067811865473507, 0.7071067811865476838, 0.000000000000000000 ) ) ;
#2827 = CIRCLE ( 'NONE', #4057, 0.1653543307086613734 ) ;
#2828 = ADVANCED_FACE ( 'NONE', ( #7152 ), #1818, .F. ) ;
#2829 = VECTOR ( 'NONE', #6179, 39.37007874015748143 ) ;
#2830 = ORIENTED_EDGE ( 'NONE', *, *, #3716, .F. ) ;
#2831 = CARTESIAN_POINT ( 'NONE',  ( 4.344645669291333334, 2.250000000000001332, 0.9250000000000110356 ) ) ;
#2832 = VECTOR ( 'NONE', #1495, 39.37007874015748854 ) ;
#2833 = EDGE_CURVE ( 'NONE', #2195, #1387, #3429, .T. ) ;
#2834 = AXIS2_PLACEMENT_3D ( 'NONE', #5265, #2287, #4623 ) ;
#2835 = FACE_OUTER_BOUND ( 'NONE', #2889, .T. ) ;
#2836 = DIRECTION ( 'NONE',  ( -0.000000000000000000, -0.000000000000000000, -1.000000000000000000 ) ) ;
#2837 = LINE ( 'NONE', #2257, #5395 ) ;
#2838 = EDGE_CURVE ( 'NONE', #2811, #4397, #3048, .T. ) ;
#2839 = EDGE_CURVE ( 'NONE', #2874, #3808, #2609, .T. ) ;
#2840 = EDGE_CURVE ( 'NONE', #1628, #5299, #721, .T. ) ;
#2841 = ORIENTED_EDGE ( 'NONE', *, *, #5225, .F. ) ;
#2842 = APPLICATION_PROTOCOL_DEFINITION ( 'draft international standard', 'automotive_design', 1998, #1127 ) ;
#2843 = ORIENTED_EDGE ( 'NONE', *, *, #217, .F. ) ;
#2844 = DIRECTION ( 'NONE',  ( -0.000000000000000000, -0.000000000000000000, 1.000000000000000000 ) ) ;
#2845 = DIRECTION ( 'NONE',  ( -1.000000000000000000, 0.000000000000000000, 0.000000000000000000 ) ) ;
#2846 = CARTESIAN_POINT ( 'NONE',  ( 3.123257716872914980, 11.70033416803600801, -0.2500000000000000555 ) ) ;
#2847 = EDGE_CURVE ( 'NONE', #4801, #4399, #5979, .T. ) ;
#2848 = CARTESIAN_POINT ( 'NONE',  ( 7.860000000000005649, 1.999999999999997780, 0.1000000000000084988 ) ) ;
#2849 = PLANE ( 'NONE',  #1228 ) ;
#2850 = ORIENTED_EDGE ( 'NONE', *, *, #3727, .T. ) ;
#2851 = CARTESIAN_POINT ( 'NONE',  ( 1.159999999999995257, 23.14000000000000412, 0.000000000000000000 ) ) ;
#2852 = VERTEX_POINT ( 'NONE', #65 ) ;
#2853 = CARTESIAN_POINT ( 'NONE',  ( 6.299999999999990941, -1.254772721475248209, -1.719999999999999973 ) ) ;
#2854 = CARTESIAN_POINT ( 'NONE',  ( 6.675354330708656470, 1.999374015748015987, 0.9250000000000102585 ) ) ;
#2855 = DIRECTION ( 'NONE',  ( -0.000000000000000000, -0.000000000000000000, -1.000000000000000000 ) ) ;
#2856 =( BOUNDED_CURVE ( )  B_SPLINE_CURVE ( 3, ( #4834, #18, #6075, #3471 ),
 .UNSPECIFIED., .F., .T. ) 
 B_SPLINE_CURVE_WITH_KNOTS ( ( 4, 4 ),
 ( 0.000000000000000000, 3.141592653589793116 ),
 .UNSPECIFIED. ) 
 CURVE ( )  GEOMETRIC_REPRESENTATION_ITEM ( )  RATIONAL_B_SPLINE_CURVE ( ( 1.000000000000000000, 0.3333333333333333703, 0.3333333333333333703, 1.000000000000000000 ) ) 
 REPRESENTATION_ITEM ( '' )  );
#2857 = DIRECTION ( 'NONE',  ( -0.000000000000000000, -0.000000000000000000, -1.000000000000000000 ) ) ;
#2858 = DIRECTION ( 'NONE',  ( -0.7071067811865473507, 0.7071067811865476838, 0.000000000000000000 ) ) ;
#2859 = ORIENTED_EDGE ( 'NONE', *, *, #5934, .T. ) ;
#2860 = PLANE ( 'NONE',  #7148 ) ;
#2861 = ORIENTED_EDGE ( 'NONE', *, *, #7181, .F. ) ;
#2862 = LINE ( 'NONE', #5196, #6570 ) ;
#2863 = LINE ( 'NONE', #5745, #851 ) ;
#2864 = AXIS2_PLACEMENT_3D ( 'NONE', #6552, #7139, #1849 ) ;
#2865 = ORIENTED_EDGE ( 'NONE', *, *, #360, .F. ) ;
#2866 = CARTESIAN_POINT ( 'NONE',  ( 12.59999999999999609, -1.254772721475247099, -1.770000000000000018 ) ) ;
#2867 = ITEM_DEFINED_TRANSFORMATION ( 'NONE', 'NONE', #6602,  #5850 ) ;
#2868 = LINE ( 'NONE', #4488, #810 ) ;
#2869 = CARTESIAN_POINT ( 'NONE',  ( 1.509999999999995124, 23.14000000000000412, -0.2500000000000005551 ) ) ;
#2870 = CARTESIAN_POINT ( 'NONE',  ( -8.145227278524757253, -9.449999999999999289, -1.719999999999999973 ) ) ;
#2871 = EDGE_LOOP ( 'NONE', ( #2435, #2292, #3287, #6023 ) ) ;
#2872 = ADVANCED_FACE ( 'NONE', ( #4815 ), #27, .F. ) ;
#2873 = VECTOR ( 'NONE', #5167, 39.37007874015748143 ) ;
#2874 = VERTEX_POINT ( 'NONE', #4260 ) ;
#2875 = CARTESIAN_POINT ( 'NONE',  ( 6.299999999999995381, -1.254772721475247099, -1.719999999999999973 ) ) ;
#2876 = DIRECTION ( 'NONE',  ( 1.720849129867249803E-15, 1.000000000000000000, 3.434323192035072183E-15 ) ) ;
#2877 = CARTESIAN_POINT ( 'NONE',  ( 8.145227278524741266, -3.099999999999999201, -1.770000000000000018 ) ) ;
#2878 = AXIS2_PLACEMENT_3D ( 'NONE', #1613, #3194, #5535 ) ;
#2879 = ADVANCED_FACE ( 'NONE', ( #184 ), #2978, .F. ) ;
#2880 = DIRECTION ( 'NONE',  ( -0.000000000000000000, -0.000000000000000000, -1.000000000000000000 ) ) ;
#2881 = VECTOR ( 'NONE', #4333, 39.37007874015748143 ) ;
#2882 = ADVANCED_FACE ( 'NONE', ( #3831 ), #5596, .F. ) ;
#2883 = CARTESIAN_POINT ( 'NONE',  ( 10.75477272147524310, 3.200000000000001510, -1.770000000000000018 ) ) ;
#2884 = CARTESIAN_POINT ( 'NONE',  ( 37.99000000000000199, -1.750000000000055955, 1.309921112963532418E-13 ) ) ;
#2885 = ORIENTED_EDGE ( 'NONE', *, *, #4991, .F. ) ;
#2886 = CARTESIAN_POINT ( 'NONE',  ( 12.54000000000000092, 0.2500000000000000000, 9.390000000000002345 ) ) ;
#2887 = VECTOR ( 'NONE', #1309, 39.37007874015748143 ) ;
#2888 = VECTOR ( 'NONE', #4788, 39.37007874015748143 ) ;
#2889 = EDGE_LOOP ( 'NONE', ( #452, #2575, #1509, #4969 ) ) ;
#2890 = DIRECTION ( 'NONE',  ( 0.7071067811865476838, 0.7071067811865473507, -0.000000000000000000 ) ) ;
#2891 = FILL_AREA_STYLE_COLOUR ( '', #4298 ) ;
#2892 = AXIS2_PLACEMENT_3D ( 'NONE', #5751, #1674, #6379 ) ;
#2893 = CARTESIAN_POINT ( 'NONE',  ( -8.145227278524757253, 3.200000000000001510, -1.770000000000000018 ) ) ;
#2894 = VECTOR ( 'NONE', #7352, 39.37007874015748143 ) ;
#2895 = CIRCLE ( 'NONE', #1171, 0.1377952755905512972 ) ;
#2896 = DIRECTION ( 'NONE',  ( 2.093734754490789434E-16, 1.000000000000000000, -0.000000000000000000 ) ) ;
#2897 = CARTESIAN_POINT ( 'NONE',  ( -11.60000000000002451, 8.449999999999999289, -0.9719999999999998641 ) ) ;
#2898 = ORIENTED_EDGE ( 'NONE', *, *, #3017, .F. ) ;
#2899 = LINE ( 'NONE', #4025, #6340 ) ;
#2900 = DIRECTION ( 'NONE',  ( 3.304235192336784584E-15, 0.000000000000000000, -1.000000000000000000 ) ) ;
#2901 = VERTEX_POINT ( 'NONE', #835 ) ;
#2902 = VECTOR ( 'NONE', #5157, 39.37007874015748143 ) ;
#2903 = DIRECTION ( 'NONE',  ( 1.892934042853975533E-15, 1.000000000000000000, -3.590428791673030081E-15 ) ) ;
#2904 = SHAPE_REPRESENTATION ( 'LED iPoster - Base', ( #5850 ), #2785 ) ;
#2905 = EDGE_LOOP ( 'NONE', ( #2092, #3627, #4967 ) ) ;
#2906 = CIRCLE ( 'NONE', #4139, 0.1653543307086607073 ) ;
#2907 = LINE ( 'NONE', #7540, #1961 ) ;
#2908 = LINE ( 'NONE', #5237, #4851 ) ;
#2909 = CARTESIAN_POINT ( 'NONE',  ( 7.755526866610956915, 6.260566922747311303, -0.2500000000000000555 ) ) ;
#2910 = PLANE ( 'NONE',  #6022 ) ;
#2911 = ORIENTED_EDGE ( 'NONE', *, *, #3015, .T. ) ;
#2912 = ORIENTED_EDGE ( 'NONE', *, *, #7136, .T. ) ;
#2913 = EDGE_LOOP ( 'NONE', ( #3354, #2172, #4135, #5297 ) ) ;
#2914 = ADVANCED_FACE ( 'NONE', ( #2696 ), #5040, .F. ) ;
#2915 = CARTESIAN_POINT ( 'NONE',  ( 8.145227278524741266, 3.200000000000001954, -1.719999999999999973 ) ) ;
#2916 = CYLINDRICAL_SURFACE ( 'NONE', #5954, 0.1000000000000000194 ) ;
#2917 = FACE_OUTER_BOUND ( 'NONE', #1164, .T. ) ;
#2918 = PLANE ( 'NONE',  #6781 ) ;
#2919 = EDGE_CURVE ( 'NONE', #5732, #4481, #6729, .T. ) ;
#2920 = LINE ( 'NONE', #3974, #7388 ) ;
#2921 = DIRECTION ( 'NONE',  ( 0.000000000000000000, 0.000000000000000000, 1.000000000000000000 ) ) ;
#2922 = ORIENTED_EDGE ( 'NONE', *, *, #2599, .T. ) ;
#2923 = DIRECTION ( 'NONE',  ( 0.000000000000000000, -0.000000000000000000, 1.000000000000000000 ) ) ;
#2924 = ORIENTED_EDGE ( 'NONE', *, *, #1477, .F. ) ;
#2925 = ADVANCED_FACE ( 'NONE', ( #1489, #795, #6770, #6103 ), #6807, .F. ) ;
#2926 = LINE ( 'NONE', #4616, #6225 ) ;
#2927 = DIRECTION ( 'NONE',  ( 0.000000000000000000, 0.000000000000000000, 1.000000000000000000 ) ) ;
#2928 = EDGE_CURVE ( 'NONE', #3330, #5130, #4936, .T. ) ;
#2929 = FACE_OUTER_BOUND ( 'NONE', #7191, .T. ) ;
#2930 = DIRECTION ( 'NONE',  ( -0.000000000000000000, -0.000000000000000000, -1.000000000000000000 ) ) ;
#2931 = ADVANCED_FACE ( 'NONE', ( #5511 ), #3793, .T. ) ;
#2932 = ORIENTED_EDGE ( 'NONE', *, *, #3295, .T. ) ;
#2933 = DIRECTION ( 'NONE',  ( 0.000000000000000000, 3.304235192336773540E-15, 1.000000000000000000 ) ) ;
#2934 = CARTESIAN_POINT ( 'NONE',  ( -8.741913579725642299E-15, -7.604772721475248076, -1.719999999999999973 ) ) ;
#2935 = ORIENTED_EDGE ( 'NONE', *, *, #154, .F. ) ;
#2936 = CARTESIAN_POINT ( 'NONE',  ( 8.145227278524741266, -3.099999999999999201, -1.770000000000000018 ) ) ;
#2937 = EDGE_CURVE ( 'NONE', #1652, #1351, #7309, .T. ) ;
#2938 = AXIS2_PLACEMENT_3D ( 'NONE', #3821, #7377, #5542 ) ;
#2939 = UNCERTAINTY_MEASURE_WITH_UNIT (LENGTH_MEASURE( 1.000000000000000082E-05 ), #1120, 'distance_accuracy_value', 'NONE');
#2940 = AXIS2_PLACEMENT_3D ( 'NONE', #3992, #1065, #6373 ) ;
#2941 = ORIENTED_EDGE ( 'NONE', *, *, #2790, .F. ) ;
#2942 = CARTESIAN_POINT ( 'NONE',  ( 8.145227278524741266, 3.200000000000001954, -1.770000000000000018 ) ) ;
#2943 = CARTESIAN_POINT ( 'NONE',  ( 11.73779527559057634, 8.449999999999999289, -1.719999999999999973 ) ) ;
#2944 = CARTESIAN_POINT ( 'NONE',  ( 2.976638425544313016, 15.12208098833292702, -0.2500000000000000555 ) ) ;
#2945 = AXIS2_PLACEMENT_3D ( 'NONE', #1264, #121, #4229 ) ;
#2946 = DIRECTION ( 'NONE',  ( -1.000000000000000000, 0.000000000000000000, 0.000000000000000000 ) ) ;
#2947 = ORIENTED_EDGE ( 'NONE', *, *, #3490, .F. ) ;
#2948 = AXIS2_PLACEMENT_3D ( 'NONE', #2986, #5247, #4791 ) ;
#2949 = ITEM_DEFINED_TRANSFORMATION ( 'NONE', 'NONE', #6859,  #5850 ) ;
#2950 = ORIENTED_EDGE ( 'NONE', *, *, #2560, .T. ) ;
#2951 = CARTESIAN_POINT ( 'NONE',  ( 1.159999999999994369, 2.349999999999998312, 0.1000000000000033085 ) ) ;
#2952 = LINE ( 'NONE', #2262, #2017 ) ;
#2953 = DIRECTION ( 'NONE',  ( 0.7071067811865474617, 0.7071067811865474617, 0.000000000000000000 ) ) ;
#2954 = DIRECTION ( 'NONE',  ( -0.7071067811865473507, 0.7071067811865476838, 0.000000000000000000 ) ) ;
#2955 = DIRECTION ( 'NONE',  ( 1.000000000000000000, 0.000000000000000000, 0.000000000000000000 ) ) ;
#2956 = DIRECTION ( 'NONE',  ( -1.000000000000000222, 0.000000000000000000, 0.000000000000000000 ) ) ;
#2957 = ORIENTED_EDGE ( 'NONE', *, *, #440, .T. ) ;
#2958 = FACE_OUTER_BOUND ( 'NONE', #4471, .T. ) ;
#2959 = ADVANCED_FACE ( 'NONE', ( #3871 ), #7386, .F. ) ;
#2960 = ORIENTED_EDGE ( 'NONE', *, *, #4752, .T. ) ;
#2961 = DIRECTION ( 'NONE',  ( -1.000000000000000000, 0.000000000000000000, 0.000000000000000000 ) ) ;
#2962 = ORIENTED_EDGE ( 'NONE', *, *, #5901, .F. ) ;
#2963 = CARTESIAN_POINT ( 'NONE',  ( -4.370956789862821150E-15, 5.095227278524752990, -1.719999999999999973 ) ) ;
#2964 = LINE ( 'NONE', #1272, #1945 ) ;
#2965 = ORIENTED_EDGE ( 'NONE', *, *, #3172, .T. ) ;
#2966 = VECTOR ( 'NONE', #2550, 39.37007874015748143 ) ;
#2967 = ORIENTED_EDGE ( 'NONE', *, *, #4071, .T. ) ;
#2968 = CARTESIAN_POINT ( 'NONE',  ( -11.61818230547682695, -8.586590415998429648, -1.770000000000000018 ) ) ;
#2969 = ORIENTED_EDGE ( 'NONE', *, *, #861, .F. ) ;
#2970 = LINE ( 'NONE', #4099, #6822 ) ;
#2971 = EDGE_CURVE ( 'NONE', #448, #6008, #955, .T. ) ;
#2972 = STYLED_ITEM ( 'NONE', ( #2728 ), #816 ) ;
#2973 = EDGE_CURVE ( 'NONE', #4624, #6251, #1449, .T. ) ;
#2974 = ORIENTED_EDGE ( 'NONE', *, *, #6806, .T. ) ;
#2975 = CARTESIAN_POINT ( 'NONE',  ( 10.15238636073762457, 10.15238636073762102, -1.770000000000000018 ) ) ;
#2976 = EDGE_CURVE ( 'NONE', #1256, #3755, #734, .T. ) ;
#2977 = DIRECTION ( 'NONE',  ( -0.7071067811865476838, -0.7071067811865473507, 0.000000000000000000 ) ) ;
#2978 = CYLINDRICAL_SURFACE ( 'NONE', #3311, 10.04786461282786547 ) ;
#2979 = PLANE ( 'NONE',  #4051 ) ;
#2980 = ORIENTED_EDGE ( 'NONE', *, *, #627, .F. ) ;
#2981 = ORIENTED_EDGE ( 'NONE', *, *, #4709, .F. ) ;
#2982 = VERTEX_POINT ( 'NONE', #4293 ) ;
#2983 = DIRECTION ( 'NONE',  ( -1.000000000000000000, 0.000000000000000000, 0.000000000000000000 ) ) ;
#2984 = LINE ( 'NONE', #5322, #6068 ) ;
#2985 = CARTESIAN_POINT ( 'NONE',  ( 1.409999999999979270, 21.90000000000001990, -1.165354330708644470 ) ) ;
#2986 = CARTESIAN_POINT ( 'NONE',  ( 2.344645669291333778, 1.999374015748022870, -1.009645669291334480 ) ) ;
#2987 = CARTESIAN_POINT ( 'NONE',  ( 1.409999999999994813, 21.90000000000005187, 0.5846456692913861719 ) ) ;
#2988 = DIRECTION ( 'NONE',  ( 0.000000000000000000, 0.000000000000000000, 1.000000000000000000 ) ) ;
#2989 = VERTEX_POINT ( 'NONE', #5058 ) ;
#2990 = VECTOR ( 'NONE', #3275, 39.37007874015748143 ) ;
#2991 = CARTESIAN_POINT ( 'NONE',  ( 11.60000000000002451, 8.449999999999999289, -1.719999999999999973 ) ) ;
#2992 = ORIENTED_EDGE ( 'NONE', *, *, #7181, .T. ) ;
#2993 = FACE_OUTER_BOUND ( 'NONE', #1721, .T. ) ;
#2994 = ORIENTED_EDGE ( 'NONE', *, *, #4749, .T. ) ;
#2995 = AXIS2_PLACEMENT_3D ( 'NONE', #2102, #2681, #3219 ) ;
#2996 = CARTESIAN_POINT ( 'NONE',  ( 12.59999999999999609, -1.254772721475247099, -1.719999999999999973 ) ) ;
#2997 = PLANE ( 'NONE',  #5883 ) ;
#2998 = DIRECTION ( 'NONE',  ( 0.7071067811865473507, -0.7071067811865475727, 0.000000000000000000 ) ) ;
#2999 = DIRECTION ( 'NONE',  ( -0.7071067811865473507, 0.7071067811865476838, 0.000000000000000000 ) ) ;
#3000 = VECTOR ( 'NONE', #3968, 39.37007874015748143 ) ;
#3001 = ORIENTED_EDGE ( 'NONE', *, *, #3062, .F. ) ;
#3002 = DIRECTION ( 'NONE',  ( 0.000000000000000000, 0.000000000000000000, 1.000000000000000000 ) ) ;
#3003 = VERTEX_POINT ( 'NONE', #3214 ) ;
#3004 = LINE ( 'NONE', #3473, #3248 ) ;
#3005 = AXIS2_PLACEMENT_3D ( 'NONE', #5726, #5146, #2806 ) ;
#3006 = CIRCLE ( 'NONE', #7332, 0.1653543307086616510 ) ;
#3007 = ORIENTED_EDGE ( 'NONE', *, *, #1885, .T. ) ;
#3008 = VECTOR ( 'NONE', #1297, 39.37007874015748143 ) ;
#3009 = LINE ( 'NONE', #2476, #1237 ) ;
#3010 = CARTESIAN_POINT ( 'NONE',  ( -12.60000000000000853, 7.704772721475252162, -1.719999999999999973 ) ) ;
#3011 = ADVANCED_FACE ( 'NONE', ( #301 ), #5636, .F. ) ;
#3012 = DIRECTION ( 'NONE',  ( -0.7071067811865473507, 0.7071067811865476838, 0.000000000000000000 ) ) ;
#3013 = DIRECTION ( 'NONE',  ( 0.7071067811865473507, -0.7071067811865476838, 0.000000000000000000 ) ) ;
#3014 = ORIENTED_EDGE ( 'NONE', *, *, #460, .T. ) ;
#3015 = EDGE_CURVE ( 'NONE', #928, #5066, #1370, .T. ) ;
#3016 = ORIENTED_EDGE ( 'NONE', *, *, #1742, .T. ) ;
#3017 = EDGE_CURVE ( 'NONE', #7231, #1728, #3132, .T. ) ;
#3018 = EDGE_LOOP ( 'NONE', ( #1730, #3043 ) ) ;
#3019 = CARTESIAN_POINT ( 'NONE',  ( 7.860000000000003872, 1.999999999999997335, -0.3499999999999959810 ) ) ;
#3020 = DIRECTION ( 'NONE',  ( 7.006492321624085355E-46, 3.434323192035072971E-15, -1.000000000000000000 ) ) ;
#3021 = FACE_OUTER_BOUND ( 'NONE', #3952, .T. ) ;
#3022 = EDGE_CURVE ( 'NONE', #3130, #4018, #1705, .T. ) ;
#3023 = DIRECTION ( 'NONE',  ( 0.000000000000000000, -1.000000000000000000, 0.000000000000000000 ) ) ;
#3024 = AXIS2_PLACEMENT_3D ( 'NONE', #2158, #6941, #4085 ) ;
#3025 = CARTESIAN_POINT ( 'NONE',  ( 12.59999999999999609, -4.995227278524752457, -1.719999999999999973 ) ) ;
#3026 = FACE_OUTER_BOUND ( 'NONE', #6128, .T. ) ;
#3027 = DIRECTION ( 'NONE',  ( 0.000000000000000000, 0.000000000000000000, 1.000000000000000000 ) ) ;
#3028 = CARTESIAN_POINT ( 'NONE',  ( 100.7399999999999949, 28.60000000000000142, 0.6100000000000025402 ) ) ;
#3029 = ORIENTED_EDGE ( 'NONE', *, *, #917, .F. ) ;
#3030 = DIRECTION ( 'NONE',  ( 1.000000000000000000, -1.892934042853975138E-15, 8.646343036883340567E-31 ) ) ;
#3031 = EDGE_LOOP ( 'NONE', ( #4357, #3535, #2392, #3057 ) ) ;
#3032 = LINE ( 'NONE', #2536, #1650 ) ;
#3033 = ORIENTED_EDGE ( 'NONE', *, *, #2361, .F. ) ;
#3034 = CARTESIAN_POINT ( 'NONE',  ( 12.59999999999999609, 1.354772721475247632, -1.770000000000000018 ) ) ;
#3035 = ADVANCED_FACE ( 'NONE', ( #6710 ), #5577, .T. ) ;
#3036 = FACE_OUTER_BOUND ( 'NONE', #534, .T. ) ;
#3037 = CARTESIAN_POINT ( 'NONE',  ( 4.187864042533941067, 14.83317831032973011, -0.2500000000000012212 ) ) ;
#3038 = CARTESIAN_POINT ( 'NONE',  ( 4.187864042533941067, 14.83317831032973011, -0.2500000000000012212 ) ) ;
#3039 = VERTEX_POINT ( 'NONE', #1973 ) ;
#3040 = LINE ( 'NONE', #4767, #4975 ) ;
#3041 = ORIENTED_EDGE ( 'NONE', *, *, #3973, .T. ) ;
#3042 = LINE ( 'NONE', #1169, #1407 ) ;
#3043 = ORIENTED_EDGE ( 'NONE', *, *, #5498, .F. ) ;
#3044 = ORIENTED_EDGE ( 'NONE', *, *, #2691, .F. ) ;
#3045 = LINE ( 'NONE', #1969, #624 ) ;
#3046 = ORIENTED_EDGE ( 'NONE', *, *, #2320, .F. ) ;
#3047 = ADVANCED_FACE ( 'NONE', ( #7272 ), #4330, .F. ) ;
#3048 = LINE ( 'NONE', #1178, #1215 ) ;
#3049 = AXIS2_PLACEMENT_3D ( 'NONE', #3115, #4279, #5967 ) ;
#3050 = CIRCLE ( 'NONE', #4900, 2.608540463109217278 ) ;
#3051 = DIRECTION ( 'NONE',  ( 1.720849129867249803E-15, 1.000000000000000000, 3.434323192035072183E-15 ) ) ;
#3052 = EDGE_LOOP ( 'NONE', ( #3409, #4715, #1206, #5085 ) ) ;
#3053 = VERTEX_POINT ( 'NONE', #3957 ) ;
#3054 = AXIS2_PLACEMENT_3D ( 'NONE', #5490, #6164, #6080 ) ;
#3055 = ITEM_DEFINED_TRANSFORMATION ( 'NONE', 'NONE', #1075,  #5850 ) ;
#3056 = MECHANICAL_DESIGN_GEOMETRIC_PRESENTATION_REPRESENTATION (  '', ( #2447 ), #7134 ) ;
#3057 = ORIENTED_EDGE ( 'NONE', *, *, #3451, .T. ) ;
#3058 = FACE_OUTER_BOUND ( 'NONE', #5666, .T. ) ;
#3059 = DIRECTION ( 'NONE',  ( 0.000000000000000000, 3.304235192336776301E-15, -1.000000000000000000 ) ) ;
#3060 = PLANE ( 'NONE',  #6774 ) ;
#3061 = LINE ( 'NONE', #920, #5464 ) ;
#3062 = EDGE_CURVE ( 'NONE', #5342, #1295, #7005, .T. ) ;
#3063 = CARTESIAN_POINT ( 'NONE',  ( 1.509999999999994458, 2.349999999999996092, 5.531992187170133264E-15 ) ) ;
#3064 = ADVANCED_FACE ( 'NONE', ( #3441 ), #6959, .F. ) ;
#3065 = AXIS2_PLACEMENT_3D ( 'NONE', #1758, #2, #5284 ) ;
#3066 = AXIS2_PLACEMENT_3D ( 'NONE', #909, #6918, #3789 ) ;
#3067 = DIRECTION ( 'NONE',  ( -0.7071067811865476838, -0.7071067811865473507, 0.000000000000000000 ) ) ;
#3068 = PRODUCT_DEFINITION_SHAPE ( 'NONE', 'NONE',  #7575 ) ;
#3069 = PRODUCT_RELATED_PRODUCT_CATEGORY ( 'part', '', ( #3867 ) ) ;
#3070 = CARTESIAN_POINT ( 'NONE',  ( -11.60000000000002451, -8.449999999999999289, -1.770000000000000018 ) ) ;
#3071 = CARTESIAN_POINT ( 'NONE',  ( 25.19999999999999929, 0.000000000000000000, 0.000000000000000000 ) ) ;
#3072 = EDGE_CURVE ( 'NONE', #1953, #6191, #6335, .T. ) ;
#3073 = ORIENTED_EDGE ( 'NONE', *, *, #2731, .F. ) ;
#3074 = DIRECTION ( 'NONE',  ( 0.000000000000000000, -1.000000000000000000, 0.000000000000000000 ) ) ;
#3075 = CARTESIAN_POINT ( 'NONE',  ( 7.846301635355955817, 2.258388240474247688, -0.2408904368339049029 ) ) ;
#3076 = EDGE_CURVE ( 'NONE', #6754, #3249, #3406, .T. ) ;
#3077 = VECTOR ( 'NONE', #3884, 39.37007874015748143 ) ;
#3078 = VERTEX_POINT ( 'NONE', #7498 ) ;
#3079 = FACE_OUTER_BOUND ( 'NONE', #1084, .T. ) ;
#3080 = ORIENTED_EDGE ( 'NONE', *, *, #3592, .F. ) ;
#3081 = CARTESIAN_POINT ( 'NONE',  ( -8.145227278524757253, -3.149999999999998579, -1.719999999999999973 ) ) ;
#3082 = CARTESIAN_POINT ( 'NONE',  ( -1.745227278524757564, 9.449999999999999289, -1.770000000000000018 ) ) ;
#3083 = LINE ( 'NONE', #6512, #4406 ) ;
#3084 = CARTESIAN_POINT ( 'NONE',  ( 1.159999999999972831, 19.90000000000002345, -0.9999999999999830136 ) ) ;
#3085 = LINE ( 'NONE', #173, #5199 ) ;
#3086 = ORIENTED_EDGE ( 'NONE', *, *, #6173, .T. ) ;
#3087 = LINE ( 'NONE', #246, #3384 ) ;
#3088 = EDGE_LOOP ( 'NONE', ( #3175, #3710, #1258, #6221 ) ) ;
#3089 =( REPRESENTATION_RELATIONSHIP ('NONE','NONE', #754, #5201 ) REPRESENTATION_RELATIONSHIP_WITH_TRANSFORMATION ( #5141 )SHAPE_REPRESENTATION_RELATIONSHIP( ) );
#3090 = ORIENTED_EDGE ( 'NONE', *, *, #2650, .F. ) ;
#3091 = ORIENTED_EDGE ( 'NONE', *, *, #7503, .T. ) ;
#3092 = DIRECTION ( 'NONE',  ( 0.000000000000000000, -1.000000000000000000, -8.537024980200866931E-17 ) ) ;
#3094 = VECTOR ( 'NONE', #2302, 39.37007874015748854 ) ;
#3093 = CARTESIAN_POINT ( 'NONE',  ( -11.60000000000002451, 8.449999999999999289, -0.8892042454095879789 ) ) ;
#3095 = CARTESIAN_POINT ( 'NONE',  ( 12.59999999999999609, -9.449999999999999289, 0.000000000000000000 ) ) ;
#3096 = ORIENTED_EDGE ( 'NONE', *, *, #3731, .T. ) ;
#3097 = CONTEXT_DEPENDENT_SHAPE_REPRESENTATION ( #2506, #3436 ) ;
#3098 = DIRECTION ( 'NONE',  ( -0.000000000000000000, -0.000000000000000000, -1.000000000000000000 ) ) ;
#3099 = CARTESIAN_POINT ( 'NONE',  ( -12.60000000000000853, -7.604772721475248076, -1.719999999999999973 ) ) ;
#3100 = LINE ( 'NONE', #2375, #3442 ) ;
#3101 = CARTESIAN_POINT ( 'NONE',  ( 12.59999999999999609, -1.254772721475247099, -1.770000000000000018 ) ) ;
#3102 = DIRECTION ( 'NONE',  ( 1.892934042853975138E-15, 1.000000000000000000, -3.491481338843132961E-15 ) ) ;
#3103 = CARTESIAN_POINT ( 'NONE',  ( 1.845227278524741221, -3.099999999999999201, -1.770000000000000018 ) ) ;
#3104 = EDGE_CURVE ( 'NONE', #2400, #1994, #5169, .T. ) ;
#3105 = DIRECTION ( 'NONE',  ( 0.000000000000000000, 0.000000000000000000, 1.000000000000000000 ) ) ;
#3106 = DIRECTION ( 'NONE',  ( 0.000000000000000000, 0.000000000000000000, 1.000000000000000222 ) ) ;
#3107 = ORIENTED_EDGE ( 'NONE', *, *, #3348, .T. ) ;
#3108 = DIRECTION ( 'NONE',  ( -0.000000000000000000, -0.000000000000000000, -1.000000000000000000 ) ) ;
#3109 = EDGE_CURVE ( 'NONE', #5829, #3956, #490, .T. ) ;
#3110 = CARTESIAN_POINT ( 'NONE',  ( 7.843561962427146206, 2.349999999999996092, 5.531992187170133264E-15 ) ) ;
#3111 = DIRECTION ( 'NONE',  ( 0.5042654540557204301, -0.000000000000000000, 0.8635486968584794587 ) ) ;
#3112 = ORIENTED_EDGE ( 'NONE', *, *, #4560, .F. ) ;
#3113 = EDGE_CURVE ( 'NONE', #3502, #867, #4517, .T. ) ;
#3114 = CARTESIAN_POINT ( 'NONE',  ( -6.300000000000004263, -1.254772721475247099, -1.770000000000000018 ) ) ;
#3115 = CARTESIAN_POINT ( 'NONE',  ( 4.344645669291334222, 2.250000000000000888, -1.174999999999996936 ) ) ;
#3116 = PRODUCT ( 'Veloxity LED iPoster Wall', 'Veloxity LED iPoster Wall', '', ( #5528 ) ) ;
#3117 = LINE ( 'NONE', #5452, #4864 ) ;
#3118 = LINE ( 'NONE', #3663, #2618 ) ;
#3119 = ORIENTED_EDGE ( 'NONE', *, *, #5564, .F. ) ;
#3120 = CARTESIAN_POINT ( 'NONE',  ( -11.60000000000002451, 8.449999999999999289, -1.719999999999999973 ) ) ;
#3121 = VECTOR ( 'NONE', #6495, 39.37007874015748143 ) ;
#3122 = ORIENTED_EDGE ( 'NONE', *, *, #4473, .T. ) ;
#3123 = EDGE_CURVE ( 'NONE', #536, #4829, #2863, .T. ) ;
#3124 = LINE ( 'NONE', #2088, #55 ) ;
#3125 = VECTOR ( 'NONE', #5245, 39.37007874015748143 ) ;
#3126 = ORIENTED_EDGE ( 'NONE', *, *, #6750, .F. ) ;
#3127 = ORIENTED_EDGE ( 'NONE', *, *, #6905, .F. ) ;
#3128 = CARTESIAN_POINT ( 'NONE',  ( 8.045227278524738068, 9.449999999999999289, -1.719999999999999973 ) ) ;
#3129 = AXIS2_PLACEMENT_3D ( 'NONE', #3607, #4266, #6538 ) ;
#3130 = VERTEX_POINT ( 'NONE', #7536 ) ;
#3131 = AXIS2_PLACEMENT_3D ( 'NONE', #1737, #2821, #7532 ) ;
#3132 = LINE ( 'NONE', #2637, #983 ) ;
#3133 = VECTOR ( 'NONE', #5017, 39.37007874015748143 ) ;
#3134 = VECTOR ( 'NONE', #1494, 39.37007874015748143 ) ;
#3135 = AXIS2_PLACEMENT_3D ( 'NONE', #7247, #1872, #4797 ) ;
#3136 = ORIENTED_EDGE ( 'NONE', *, *, #5270, .F. ) ;
#3137 = ITEM_DEFINED_TRANSFORMATION ( 'NONE', 'NONE', #4738,  #5850 ) ;
#3138 = DIRECTION ( 'NONE',  ( 0.000000000000000000, -1.000000000000000000, 3.491481338843132961E-15 ) ) ;
#3139 = DIRECTION ( 'NONE',  ( -1.000000000000000000, 0.000000000000000000, -0.000000000000000000 ) ) ;
#3140 = CARTESIAN_POINT ( 'NONE',  ( -8.145227278524757253, -3.099999999999999201, -1.719999999999999973 ) ) ;
#3141 = AXIS2_PLACEMENT_3D ( 'NONE', #7336, #3356, #5118 ) ;
#3142 = CARTESIAN_POINT ( 'NONE',  ( 1.159999999999989040, 2.000000000000001776, 1.750000000000005107 ) ) ;
#3143 = LINE ( 'NONE', #1984, #4701 ) ;
#3144 = ORIENTED_EDGE ( 'NONE', *, *, #2036, .T. ) ;
#3145 = CARTESIAN_POINT ( 'NONE',  ( 4.534437457200208838E-15, 2.000000000000008882, 0.7596456692913488018 ) ) ;
#3146 = CARTESIAN_POINT ( 'NONE',  ( 100.7400000000000091, 85.29999999999999716, 0.6100000000000025402 ) ) ;
#3147 = ORIENTED_EDGE ( 'NONE', *, *, #3934, .F. ) ;
#3148 = VECTOR ( 'NONE', #5024, 39.37007874015748143 ) ;
#3149 = FACE_BOUND ( 'NONE', #5581, .T. ) ;
#3150 = CARTESIAN_POINT ( 'NONE',  ( 1.409999999999992593, 3.000000000000055511, 0.7499999999999813483 ) ) ;
#3151 = CARTESIAN_POINT ( 'NONE',  ( 1.509999999999995124, 23.14000000000000412, -5.463695987328526437E-16 ) ) ;
#3152 = ORIENTED_EDGE ( 'NONE', *, *, #2084, .F. ) ;
#3153 = EDGE_CURVE ( 'NONE', #3755, #1256, #1946, .T. ) ;
#3154 = PLANE ( 'NONE',  #3054 ) ;
#3155 = AXIS2_PLACEMENT_3D ( 'NONE', #7322, #6784, #3891 ) ;
#3156 = CARTESIAN_POINT ( 'NONE',  ( 1.845227278524741221, -3.099999999999999201, -1.719999999999999973 ) ) ;
#3157 = DIRECTION ( 'NONE',  ( -0.7071067811865475727, 0.7071067811865475727, 0.000000000000000000 ) ) ;
#3158 = EDGE_CURVE ( 'NONE', #5411, #5592, #5129, .T. ) ;
#3159 =( NAMED_UNIT ( * ) SI_UNIT ( $, .STERADIAN. ) SOLID_ANGLE_UNIT ( ) );
#3160 = ORIENTED_EDGE ( 'NONE', *, *, #6989, .F. ) ;
#3161 = CARTESIAN_POINT ( 'NONE',  ( 2.675354330708657358, 2.250000000000003997, 0.9250000000000110356 ) ) ;
#3162 = EDGE_LOOP ( 'NONE', ( #3246, #1802, #5334, #1516, #3654 ) ) ;
#3163 = DIRECTION ( 'NONE',  ( 1.720849129867249803E-15, 1.000000000000000000, 3.434323192035072577E-15 ) ) ;
#3164 = EDGE_CURVE ( 'NONE', #506, #823, #2135, .T. ) ;
#3165 = DIRECTION ( 'NONE',  ( -0.000000000000000000, 0.000000000000000000, -1.000000000000000000 ) ) ;
#3166 = ADVANCED_FACE ( 'NONE', ( #6846 ), #2112, .F. ) ;
#3167 = ADVANCED_FACE ( 'NONE', ( #2789 ), #1631, .F. ) ;
#3168 = ORIENTED_EDGE ( 'NONE', *, *, #71, .T. ) ;
#3169 = ORIENTED_EDGE ( 'NONE', *, *, #5259, .T. ) ;
#3170 = DIRECTION ( 'NONE',  ( 0.7071067811865473507, -0.7071067811865476838, 0.000000000000000000 ) ) ;
#3171 = DIRECTION ( 'NONE',  ( -1.000000000000000000, 0.000000000000000000, 0.000000000000000000 ) ) ;
#3172 = EDGE_CURVE ( 'NONE', #2742, #4557, #609, .T. ) ;
#3173 = ORIENTED_EDGE ( 'NONE', *, *, #3538, .T. ) ;
#3174 = CARTESIAN_POINT ( 'NONE',  ( 1.509999999999996456, 2.250000000000003109, -1.999999999999998002 ) ) ;
#3175 = ORIENTED_EDGE ( 'NONE', *, *, #3926, .T. ) ;
#3176 = PLANE ( 'NONE',  #2154 ) ;
#3177 = LINE ( 'NONE', #6813, #551 ) ;
#3178 = CARTESIAN_POINT ( 'NONE',  ( 4.454772721475242392, 9.550000000000000711, -1.719999999999999973 ) ) ;
#3179 = DIRECTION ( 'NONE',  ( 0.7071067811865473507, -0.7071067811865476838, 0.000000000000000000 ) ) ;
#3180 = CARTESIAN_POINT ( 'NONE',  ( -4.454772721475258379, -3.149999999999997691, -1.719999999999999973 ) ) ;
#3181 = AXIS2_PLACEMENT_3D ( 'NONE', #6002, #7137, #708 ) ;
#3182 = VECTOR ( 'NONE', #4610, 39.37007874015748143 ) ;
#3183 = DIRECTION ( 'NONE',  ( 0.000000000000000000, 0.000000000000000000, 1.000000000000000000 ) ) ;
#3184 = DIRECTION ( 'NONE',  ( 0.000000000000000000, 0.000000000000000000, 1.000000000000000000 ) ) ;
#3185 = ORIENTED_EDGE ( 'NONE', *, *, #4615, .T. ) ;
#3186 = DIRECTION ( 'NONE',  ( 0.7071067811865473507, -0.7071067811865476838, 0.000000000000000000 ) ) ;
#3187 = DIRECTION ( 'NONE',  ( -0.000000000000000000, -0.000000000000000000, -1.000000000000000000 ) ) ;
#3188 = DIRECTION ( 'NONE',  ( -0.7071067811865476838, -0.7071067811865473507, 0.000000000000000000 ) ) ;
#3189 = APPLICATION_CONTEXT ( 'automotive_design' ) ;
#3190 = ORIENTED_EDGE ( 'NONE', *, *, #2025, .T. ) ;
#3191 = CIRCLE ( 'NONE', #5654, 0.2500000000000027756 ) ;
#3192 = FACE_BOUND ( 'NONE', #5797, .T. ) ;
#3193 =( REPRESENTATION_RELATIONSHIP ('NONE','NONE', #754, #6547 ) REPRESENTATION_RELATIONSHIP_WITH_TRANSFORMATION ( #2371 )SHAPE_REPRESENTATION_RELATIONSHIP( ) );
#3194 = DIRECTION ( 'NONE',  ( 1.000000000000000000, -0.000000000000000000, 0.000000000000000000 ) ) ;
#3195 = DIRECTION ( 'NONE',  ( 0.7071067811865473507, -0.7071067811865476838, 0.000000000000000000 ) ) ;
#3196 = AXIS2_PLACEMENT_3D ( 'NONE', #3733, #240, #1503 ) ;
#3197 = ADVANCED_FACE ( 'NONE', ( #6243 ), #4462, .F. ) ;
#3198 = LENGTH_MEASURE_WITH_UNIT ( LENGTH_MEASURE( 0.02539999999999999897 ), #7369 );
#3199 = VECTOR ( 'NONE', #1060, 39.37007874015748854 ) ;
#3200 = VERTEX_POINT ( 'NONE', #2042 ) ;
#3201 = CARTESIAN_POINT ( 'NONE',  ( 5.958651863434425877, 15.18953358541536147, -0.2500000000000000555 ) ) ;
#3202 = EDGE_LOOP ( 'NONE', ( #3868, #4818, #5468, #4187 ) ) ;
#3203 = CARTESIAN_POINT ( 'NONE',  ( -11.73779527559057634, 8.449999999999999289, -1.719999999999999973 ) ) ;
#3204 = LINE ( 'NONE', #1966, #4084 ) ;
#3205 = LINE ( 'NONE', #1624, #2693 ) ;
#3206 = VERTEX_POINT ( 'NONE', #7409 ) ;
#3207 = ORIENTED_EDGE ( 'NONE', *, *, #1886, .T. ) ;
#3208 = ORIENTED_EDGE ( 'NONE', *, *, #6701, .T. ) ;
#3209 = DIRECTION ( 'NONE',  ( 0.000000000000000000, 0.000000000000000000, -1.000000000000000000 ) ) ;
#3210 = ORIENTED_EDGE ( 'NONE', *, *, #6559, .T. ) ;
#3211 = ADVANCED_FACE ( 'NONE', ( #367 ), #325, .F. ) ;
#3212 = LINE ( 'NONE', #4400, #435 ) ;
#3213 = ORIENTED_EDGE ( 'NONE', *, *, #6856, .F. ) ;
#3214 = CARTESIAN_POINT ( 'NONE',  ( 4.187864042533941067, 15.64893697419836904, 0.000000000000000000 ) ) ;
#3215 = EDGE_CURVE ( 'NONE', #4007, #3666, #491, .T. ) ;
#3216 = EDGE_CURVE ( 'NONE', #2195, #370, #5579, .T. ) ;
#3217 = VERTEX_POINT ( 'NONE', #5536 ) ;
#3218 = CONICAL_SURFACE ( 'NONE', #5543, 0.1377952755905512972, 1.029744258676654312 ) ;
#3219 = DIRECTION ( 'NONE',  ( 3.304235192336789711E-15, 0.000000000000000000, -1.000000000000000000 ) ) ;
#3220 = DIRECTION ( 'NONE',  ( -0.000000000000000000, -0.000000000000000000, 1.000000000000000000 ) ) ;
#3221 = CARTESIAN_POINT ( 'NONE',  ( 1.845227278524741221, 3.250000000000000444, -1.719999999999999973 ) ) ;
#3222 = VERTEX_POINT ( 'NONE', #4385 ) ;
#3223 = CARTESIAN_POINT ( 'NONE',  ( 1.409999999999995035, 2.349999999999996536, -0.3499999999999950373 ) ) ;
#3224 = ORIENTED_EDGE ( 'NONE', *, *, #1880, .T. ) ;
#3225 = CARTESIAN_POINT ( 'NONE',  ( 7.853150817677980733, 2.070116605160632339, -0.1349086480087751394 ) ) ;
#3226 = DIRECTION ( 'NONE',  ( 0.000000000000000000, -1.000000000000000000, 0.000000000000000000 ) ) ;
#3227 = ORIENTED_EDGE ( 'NONE', *, *, #2417, .T. ) ;
#3228 = VECTOR ( 'NONE', #4872, 39.37007874015748143 ) ;
#3229 = CARTESIAN_POINT ( 'NONE',  ( 4.344645669291333334, 2.250000000000001776, 0.7596456692913496900 ) ) ;
#3230 = CARTESIAN_POINT ( 'NONE',  ( 7.030000000000001137, 0.2500000000000000000, 9.390000000000002345 ) ) ;
#3231 = DIRECTION ( 'NONE',  ( -0.000000000000000000, -0.000000000000000000, -1.000000000000000000 ) ) ;
#3232 = CARTESIAN_POINT ( 'NONE',  ( 4.454772721475242392, 3.200000000000001510, -1.719999999999999973 ) ) ;
#3233 = DIRECTION ( 'NONE',  ( 1.000000000000000000, -1.652117596168385587E-15, 0.000000000000000000 ) ) ;
#3234 = ORIENTED_EDGE ( 'NONE', *, *, #2361, .T. ) ;
#3235 = CARTESIAN_POINT ( 'NONE',  ( -12.60000000000000497, -9.449999999999999289, -1.770000000000000018 ) ) ;
#3236 = ORIENTED_EDGE ( 'NONE', *, *, #3109, .F. ) ;
#3237 = CARTESIAN_POINT ( 'NONE',  ( -4.530000000000002913, 0.2500000000000000000, 7.930136022756446579 ) ) ;
#3238 = DIRECTION ( 'NONE',  ( 0.000000000000000000, -1.000000000000000000, 0.000000000000000000 ) ) ;
#3239 = DIRECTION ( 'NONE',  ( 1.361676060502509788E-31, -1.000000000000000000, 3.876794692995643179E-17 ) ) ;
#3240 = ORIENTED_EDGE ( 'NONE', *, *, #7450, .F. ) ;
#3241 = ORIENTED_EDGE ( 'NONE', *, *, #1463, .F. ) ;
#3242 = EDGE_LOOP ( 'NONE', ( #1669, #7565, #947, #916 ) ) ;
#3243 = CARTESIAN_POINT ( 'NONE',  ( 11.60000000000002451, -8.449999999999999289, -1.770000000000000018 ) ) ;
#3244 = VERTEX_POINT ( 'NONE', #6751 ) ;
#3245 = VECTOR ( 'NONE', #2192, 39.37007874015748143 ) ;
#3246 = ORIENTED_EDGE ( 'NONE', *, *, #639, .F. ) ;
#3247 = CARTESIAN_POINT ( 'NONE',  ( -10.75477272147525909, 3.250000000000000444, -1.719999999999999973 ) ) ;
#3248 = VECTOR ( 'NONE', #2903, 39.37007874015748143 ) ;
#3249 = VERTEX_POINT ( 'NONE', #243 ) ;
#3250 = AXIS2_PLACEMENT_3D ( 'NONE', #6900, #7009, #6457 ) ;
#3251 = VECTOR ( 'NONE', #6656, 39.37007874015748143 ) ;
#3252 = ADVANCED_FACE ( 'NONE', ( #5621, #974, #1467 ), #854, .T. ) ;
#3253 = LINE ( 'NONE', #4942, #6458 ) ;
#3254 = FACE_OUTER_BOUND ( 'NONE', #1821, .T. ) ;
#3255 = LINE ( 'NONE', #1567, #6220 ) ;
#3256 = CARTESIAN_POINT ( 'NONE',  ( 4.554772721475242037, 9.449999999999999289, -1.770000000000000018 ) ) ;
#3257 = CIRCLE ( 'NONE', #5861, 0.1653543307086607073 ) ;
#3258 = AXIS2_PLACEMENT_3D ( 'NONE', #2486, #3685, #5915 ) ;
#3259 = EDGE_CURVE ( 'NONE', #6897, #4925, #820, .T. ) ;
#3260 = EDGE_CURVE ( 'NONE', #2360, #779, #3901, .T. ) ;
#3261 = CARTESIAN_POINT ( 'NONE',  ( -8.741913579725642299E-15, 7.704772721475252162, -1.719999999999999973 ) ) ;
#3262 = EDGE_LOOP ( 'NONE', ( #2324, #3046, #4380, #2755 ) ) ;
#3263 = DIRECTION ( 'NONE',  ( -0.7071067811865475727, 0.7071067811865475727, 0.000000000000000000 ) ) ;
#3264 = DIRECTION ( 'NONE',  ( 1.000000000000000000, 0.000000000000000000, 0.000000000000000000 ) ) ;
#3265 = ORIENTED_EDGE ( 'NONE', *, *, #4999, .F. ) ;
#3266 = VECTOR ( 'NONE', #3525, 39.37007874015748143 ) ;
#3267 = DIRECTION ( 'NONE',  ( -0.000000000000000000, -0.000000000000000000, -1.000000000000000000 ) ) ;
#3268 = LINE ( 'NONE', #5613, #4243 ) ;
#3269 = CYLINDRICAL_SURFACE ( 'NONE', #2023, 10.04786461282786547 ) ;
#3270 = ORIENTED_EDGE ( 'NONE', *, *, #965, .T. ) ;
#3271 = EDGE_CURVE ( 'NONE', #5707, #2146, #3812, .T. ) ;
#3272 = CARTESIAN_POINT ( 'NONE',  ( 1.509999999999996012, 2.000000000000003553, -1.999999999999997335 ) ) ;
#3273 = CYLINDRICAL_SURFACE ( 'NONE', #7348, 0.3500000000000000333 ) ;
#3274 = LINE ( 'NONE', #3156, #5112 ) ;
#3275 = DIRECTION ( 'NONE',  ( -0.7071067811865476838, -0.7071067811865473507, 0.000000000000000000 ) ) ;
#3276 = VECTOR ( 'NONE', #4205, 39.37007874015748143 ) ;
#3277 = LINE ( 'NONE', #3316, #992 ) ;
#3278 = VERTEX_POINT ( 'NONE', #5000 ) ;
#3279 = LINE ( 'NONE', #2701, #5456 ) ;
#3280 = ORIENTED_EDGE ( 'NONE', *, *, #5414, .T. ) ;
#3281 = DIRECTION ( 'NONE',  ( 1.892934042853975533E-15, 1.000000000000000000, -3.590428791673030081E-15 ) ) ;
#3282 = DIRECTION ( 'NONE',  ( 1.000000000000000000, -0.000000000000000000, -3.512375991854052315E-15 ) ) ;
#3283 = DIRECTION ( 'NONE',  ( 1.000000000000000000, -2.093734754490789434E-16, 0.000000000000000000 ) ) ;
#3284 = LINE ( 'NONE', #2707, #5379 ) ;
#3285 = ORIENTED_EDGE ( 'NONE', *, *, #5557, .T. ) ;
#3286 = VERTEX_POINT ( 'NONE', #7367 ) ;
#3287 = ORIENTED_EDGE ( 'NONE', *, *, #2073, .F. ) ;
#3288 = DIRECTION ( 'NONE',  ( 1.000000000000000000, -1.720849129867250197E-15, -7.006492321624085355E-46 ) ) ;
#3289 = ORIENTED_EDGE ( 'NONE', *, *, #1933, .T. ) ;
#3290 = CARTESIAN_POINT ( 'NONE',  ( 4.344645669291333334, 1.999374015748019318, 1.090354330708671604 ) ) ;
#3291 = ORIENTED_EDGE ( 'NONE', *, *, #3971, .T. ) ;
#3292 = DIRECTION ( 'NONE',  ( 1.892934042853975138E-15, 1.000000000000000000, -3.590428791673030081E-15 ) ) ;
#3293 = EDGE_CURVE ( 'NONE', #428, #506, #3274, .T. ) ;
#3294 = ORIENTED_EDGE ( 'NONE', *, *, #5934, .F. ) ;
#3295 = EDGE_CURVE ( 'NONE', #7333, #1953, #3277, .T. ) ;
#3296 =( REPRESENTATION_RELATIONSHIP ('NONE','NONE', #754, #5201 ) REPRESENTATION_RELATIONSHIP_WITH_TRANSFORMATION ( #3485 )SHAPE_REPRESENTATION_RELATIONSHIP( ) );
#3297 = LINE ( 'NONE', #3837, #1896 ) ;
#3298 = DIRECTION ( 'NONE',  ( 1.000000000000000000, -1.720849129867250197E-15, -5.909952076696470801E-30 ) ) ;
#3299 = LINE ( 'NONE', #3140, #2648 ) ;
#3300 = LINE ( 'NONE', #6266, #3948 ) ;
#3301 = EDGE_LOOP ( 'NONE', ( #4466, #5332, #1403, #2762, #7112, #3787, #2859, #2745, #6917, #868, #3711, #5001, #7320, #1172, #6606, #1861, #1393, #1491, #623, #1900, #6502, #7250, #3014, #6368, #4464, #761, #4730, #4759, #6041, #1680, #3715, #5209, #4847, #1030 ) ) ;
#3302 = CONTEXT_DEPENDENT_SHAPE_REPRESENTATION ( #2305, #1714 ) ;
#3303 = VERTEX_POINT ( 'NONE', #1432 ) ;
#3304 = CARTESIAN_POINT ( 'NONE',  ( 7.860000000000005649, 2.249999999999991118, -1.999999999999997558 ) ) ;
#3305 = ADVANCED_FACE ( 'NONE', ( #2079 ), #5656, .F. ) ;
#3306 = CARTESIAN_POINT ( 'NONE',  ( 7.858629919233211858, 2.249999999999996003, 0.08690769608991789907 ) ) ;
#3307 = CARTESIAN_POINT ( 'NONE',  ( -6.924606895954950936, 11.70033416803600801, -2.000000000000001332 ) ) ;
#3308 = EDGE_CURVE ( 'NONE', #6254, #3497, #585, .T. ) ;
#3309 = DIRECTION ( 'NONE',  ( -1.000000000000000000, 2.093734754490789434E-16, 0.000000000000000000 ) ) ;
#3310 = CIRCLE ( 'NONE', #716, 2.608540463109217278 ) ;
#3311 = AXIS2_PLACEMENT_3D ( 'NONE', #1782, #5312, #6607 ) ;
#3312 = CYLINDRICAL_SURFACE ( 'NONE', #2441, 0.1000000000000000194 ) ;
#3313 = EDGE_CURVE ( 'NONE', #6412, #2738, #1999, .T. ) ;
#3314 = LINE ( 'NONE', #5690, #3245 ) ;
#3315 = ADVANCED_FACE ( 'NONE', ( #513 ), #2849, .T. ) ;
#3316 = CARTESIAN_POINT ( 'NONE',  ( 1.790872624858488305, 16.70033416803600801, -0.2500000000000012212 ) ) ;
#3317 = VERTEX_POINT ( 'NONE', #2809 ) ;
#3318 = DIRECTION ( 'NONE',  ( 1.000000000000000000, 0.000000000000000000, 0.000000000000000000 ) ) ;
#3319 = CIRCLE ( 'NONE', #4777, 0.1653543307086612346 ) ;
#3320 = ORIENTED_EDGE ( 'NONE', *, *, #5754, .F. ) ;
#3321 = AXIS2_PLACEMENT_3D ( 'NONE', #1496, #3263, #2530 ) ;
#3322 = LINE ( 'NONE', #409, #457 ) ;
#3323 = DIRECTION ( 'NONE',  ( -1.000000000000000000, 0.000000000000000000, -0.000000000000000000 ) ) ;
#3324 = VECTOR ( 'NONE', #1190, 39.37007874015748143 ) ;
#3325 = AXIS2_PLACEMENT_3D ( 'NONE', #2130, #2206, #2674 ) ;
#3326 = VERTEX_POINT ( 'NONE', #4538 ) ;
#3327 = VERTEX_POINT ( 'NONE', #2883 ) ;
#3328 = ORIENTED_EDGE ( 'NONE', *, *, #5102, .T. ) ;
#3329 = CARTESIAN_POINT ( 'NONE',  ( -12.60000000000000853, 7.704772721475252162, -1.770000000000000018 ) ) ;
#3330 = VERTEX_POINT ( 'NONE', #6908 ) ;
#3331 = LINE ( 'NONE', #5671, #7187 ) ;
#3332 = VERTEX_POINT ( 'NONE', #2344 ) ;
#3333 = DIRECTION ( 'NONE',  ( -0.7071067811865473507, 0.7071067811865476838, 0.000000000000000000 ) ) ;
#3334 = DIRECTION ( 'NONE',  ( 0.7071067811865473507, -0.7071067811865475727, 0.000000000000000000 ) ) ;
#3335 = MANIFOLD_SOLID_BREP ( 'Mirror1', #5688 ) ;
#3336 = ORIENTED_EDGE ( 'NONE', *, *, #501, .T. ) ;
#3337 = CARTESIAN_POINT ( 'NONE',  ( 7.853150817677980733, 2.070116605160632339, -0.1349086480087751394 ) ) ;
#3338 = CARTESIAN_POINT ( 'NONE',  ( -12.53999999999999737, 0.2500000000000000000, -9.389999999999998792 ) ) ;
#3339 = DIRECTION ( 'NONE',  ( -0.7071067811865474617, -0.7071067811865474617, 0.000000000000000000 ) ) ;
#3340 = ORIENTED_EDGE ( 'NONE', *, *, #6274, .T. ) ;
#3341 = APPLICATION_PROTOCOL_DEFINITION ( 'draft international standard', 'automotive_design', 1998, #3477 ) ;
#3342 = EDGE_LOOP ( 'NONE', ( #1522, #4414, #5384, #3378 ) ) ;
#3343 = PLANE ( 'NONE',  #6527 ) ;
#3344 = CARTESIAN_POINT ( 'NONE',  ( 7.849041308284768093, 2.299638101962905967, -0.2626213611645689672 ) ) ;
#3345 = EDGE_CURVE ( 'NONE', #4986, #3327, #4045, .T. ) ;
#3346 = PLANE ( 'NONE',  #4965 ) ;
#3347 = CARTESIAN_POINT ( 'NONE',  ( 7.755526866610956915, 6.260566922747311303, 0.000000000000000000 ) ) ;
#3348 = EDGE_CURVE ( 'NONE', #5347, #5280, #6867, .T. ) ;
#3349 = DIRECTION ( 'NONE',  ( -0.000000000000000000, 0.000000000000000000, -1.000000000000000000 ) ) ;
#3350 = ADVANCED_FACE ( 'NONE', ( #6978 ), #5691, .T. ) ;
#3351 = CARTESIAN_POINT ( 'NONE',  ( 0.000000000000000000, 0.000000000000000000, 0.000000000000000000 ) ) ;
#3352 = ORIENTED_EDGE ( 'NONE', *, *, #6090, .T. ) ;
#3353 = DIRECTION ( 'NONE',  ( -8.510858664735481127E-30, -3.434323192035072183E-15, 1.000000000000000000 ) ) ;
#3354 = ORIENTED_EDGE ( 'NONE', *, *, #5363, .T. ) ;
#3355 = EDGE_CURVE ( 'NONE', #1305, #1256, #4015, .T. ) ;
#3356 = DIRECTION ( 'NONE',  ( 1.892934042853975533E-15, 1.000000000000000000, -3.590428791673030081E-15 ) ) ;
#3357 = CARTESIAN_POINT ( 'NONE',  ( 2.344645669291334222, 2.250000000000005329, -1.009645669291335590 ) ) ;
#3358 = PLANE ( 'NONE',  #7043 ) ;
#3359 = EDGE_CURVE ( 'NONE', #7266, #5547, #1080, .T. ) ;
#3360 = AXIS2_PLACEMENT_3D ( 'NONE', #4582, #4056, #3468 ) ;
#3361 = EDGE_LOOP ( 'NONE', ( #128, #3285, #5970, #4511 ) ) ;
#3362 = EDGE_CURVE ( 'NONE', #1480, #4671, #1615, .T. ) ;
#3363 = VERTEX_POINT ( 'NONE', #3422 ) ;
#3364 = CARTESIAN_POINT ( 'NONE',  ( -6.300000000000004263, 7.704772721475247721, -1.770000000000000018 ) ) ;
#3365 = EDGE_CURVE ( 'NONE', #6442, #4215, #1686, .T. ) ;
#3366 = ORIENTED_EDGE ( 'NONE', *, *, #5249, .T. ) ;
#3367 = CARTESIAN_POINT ( 'NONE',  ( 12.59999999999999609, -9.449999999999999289, -1.770000000000000018 ) ) ;
#3368 = ORIENTED_EDGE ( 'NONE', *, *, #310, .F. ) ;
#3369 = CARTESIAN_POINT ( 'NONE',  ( -8.741913579725642299E-15, 1.354772721475252073, -1.770000000000000018 ) ) ;
#3370 = EDGE_LOOP ( 'NONE', ( #4162, #1826, #4897, #1455 ) ) ;
#3371 = VECTOR ( 'NONE', #5525, 39.37007874015748143 ) ;
#3372 = EDGE_CURVE ( 'NONE', #1308, #2742, #2920, .T. ) ;
#3373 = CARTESIAN_POINT ( 'NONE',  ( 7.843561962427146206, 2.349999999999996092, -0.2499999999999946709 ) ) ;
#3374 = VECTOR ( 'NONE', #190, 39.37007874015748854 ) ;
#3375 = CARTESIAN_POINT ( 'NONE',  ( 4.675354330708657358, 2.250000000000000000, 1.090354330708672492 ) ) ;
#3376 = PLANE ( 'NONE',  #2717 ) ;
#3377 = CIRCLE ( 'NONE', #6828, 0.1653543307086607073 ) ;
#3378 = ORIENTED_EDGE ( 'NONE', *, *, #2596, .T. ) ;
#3379 = EDGE_LOOP ( 'NONE', ( #6970, #880, #5370, #5529 ) ) ;
#3380 = LINE ( 'NONE', #1640, #1542 ) ;
#3381 = CARTESIAN_POINT ( 'NONE',  ( 1.159999999999988818, 2.000000000000001776, 1.750000000000005107 ) ) ;
#3382 = CARTESIAN_POINT ( 'NONE',  ( 1.409999999999994147, 19.90000000000005542, 0.7500000000000381917 ) ) ;
#3383 = VECTOR ( 'NONE', #813, 39.37007874015748143 ) ;
#3384 = VECTOR ( 'NONE', #3626, 39.37007874015748143 ) ;
#3385 = LINE ( 'NONE', #5655, #4306 ) ;
#3386 = CONICAL_SURFACE ( 'NONE', #6841, 0.1377952755905512972, 1.029744258676654312 ) ;
#3387 = DIRECTION ( 'NONE',  ( 3.551402391763537648E-15, 3.876794692995643179E-17, 1.000000000000000000 ) ) ;
#3388 = ORIENTED_EDGE ( 'NONE', *, *, #4198, .F. ) ;
#3389 = CARTESIAN_POINT ( 'NONE',  ( -4.530000000000002913, 0.000000000000000000, 7.930136022756446579 ) ) ;
#3390 = EDGE_CURVE ( 'NONE', #6545, #5280, #4641, .T. ) ;
#3391 = ORIENTED_EDGE ( 'NONE', *, *, #7172, .F. ) ;
#3392 = CARTESIAN_POINT ( 'NONE',  ( 6.299999999999995381, 5.095227278524752990, -1.719999999999999973 ) ) ;
#3393 = CARTESIAN_POINT ( 'NONE',  ( 1.159999999999972831, 21.90000000000001990, -0.9999999999999829026 ) ) ;
#3394 = EDGE_CURVE ( 'NONE', #4653, #3744, #1727, .T. ) ;
#3395 =( BOUNDED_SURFACE ( )  B_SPLINE_SURFACE ( 3, 1, ( 
 ( #763, #110 ),
 ( #4787, #7079 ),
 ( #1789, #6535 ),
 ( #4148, #75 ) ),
 .UNSPECIFIED., .F., .F., .T. ) 
 B_SPLINE_SURFACE_WITH_KNOTS ( ( 4, 4 ),
 ( 2, 2 ),
 ( 0.000000000000000000, 1.000000000000000000 ),
 ( 0.000000000000000000, 1.000000000000000000 ),
 .UNSPECIFIED. ) 
 GEOMETRIC_REPRESENTATION_ITEM ( )  RATIONAL_B_SPLINE_SURFACE ( (
 ( 1.000000000000000000, 1.000000000000000000),
 ( 0.3333333333333333703, 0.3333333333333333703),
 ( 0.3333333333333333703, 0.3333333333333333703),
 ( 1.000000000000000000, 1.000000000000000000) ) ) 
 REPRESENTATION_ITEM ( '' )  SURFACE ( )  );
#3396 = LINE ( 'NONE', #2243, #3649 ) ;
#3397 = ORIENTED_EDGE ( 'NONE', *, *, #2590, .F. ) ;
#3398 = EDGE_LOOP ( 'NONE', ( #3160, #7064, #4107, #6601 ) ) ;
#3399 = CARTESIAN_POINT ( 'NONE',  ( 0.000000000000000000, 0.000000000000000000, -1.770000000000000018 ) ) ;
#3400 = ORIENTED_EDGE ( 'NONE', *, *, #7472, .T. ) ;
#3401 = AXIS2_PLACEMENT_3D ( 'NONE', #2194, #1616, #7524 ) ;
#3402 = ADVANCED_FACE ( 'NONE', ( #6621 ), #1344, .T. ) ;
#3403 = FACE_OUTER_BOUND ( 'NONE', #2457, .T. ) ;
#3404 = VERTEX_POINT ( 'NONE', #2491 ) ;
#3405 = EDGE_CURVE ( 'NONE', #2720, #3472, #7507, .T. ) ;
#3406 = LINE ( 'NONE', #5782, #5642 ) ;
#3407 = EDGE_CURVE ( 'NONE', #6191, #3905, #6268, .T. ) ;
#3408 = EDGE_LOOP ( 'NONE', ( #2505, #7183, #6159, #6197 ) ) ;
#3409 = ORIENTED_EDGE ( 'NONE', *, *, #2412, .T. ) ;
#3410 = DIRECTION ( 'NONE',  ( 1.000000000000000000, -2.093734754490789434E-16, 0.000000000000000000 ) ) ;
#3411 = EDGE_CURVE ( 'NONE', #3905, #4862, #4058, .T. ) ;
#3412 = DIRECTION ( 'NONE',  ( -3.512375991854052315E-15, 0.000000000000000000, -1.000000000000000000 ) ) ;
#3413 = PLANE ( 'NONE',  #249 ) ;
#3414 = CARTESIAN_POINT ( 'NONE',  ( 7.176780981213570776, 2.781713543831470403, 0.000000000000000000 ) ) ;
#3415 = EDGE_LOOP ( 'NONE', ( #6430, #4865, #1310, #7304 ) ) ;
#3416 = ITEM_DEFINED_TRANSFORMATION ( 'NONE', 'NONE', #2791,  #5850 ) ;
#3417 = ORIENTED_EDGE ( 'NONE', *, *, #532, .F. ) ;
#3418 = CARTESIAN_POINT ( 'NONE',  ( -6.924606895954950936, 11.70033416803600801, -0.2500000000000012212 ) ) ;
#3419 = CARTESIAN_POINT ( 'NONE',  ( 7.857260327071193373, 2.009109563166085355, -0.2583882404742477990 ) ) ;
#3420 = FACE_OUTER_BOUND ( 'NONE', #5780, .T. ) ;
#3421 = CARTESIAN_POINT ( 'NONE',  ( 1.409999999999976383, 22.14000000000000412, -1.999999999999983569 ) ) ;
#3422 = CARTESIAN_POINT ( 'NONE',  ( 1.845227278524741221, 3.200000000000001954, -1.719999999999999973 ) ) ;
#3423 = DIRECTION ( 'NONE',  ( 0.000000000000000000, 0.000000000000000000, 1.000000000000000000 ) ) ;
#3424 = EDGE_LOOP ( 'NONE', ( #4390, #1594, #2055, #3987 ) ) ;
#3425 = CARTESIAN_POINT ( 'NONE',  ( 4.187864042533941067, 15.64893697419836904, -0.2500000000000012212 ) ) ;
#3426 = EDGE_LOOP ( 'NONE', ( #3328, #6303, #3096, #2496 ) ) ;
#3427 = FACE_OUTER_BOUND ( 'NONE', #1322, .T. ) ;
#3428 = VECTOR ( 'NONE', #2074, 39.37007874015748143 ) ;
#3429 = CIRCLE ( 'NONE', #6137, 10.04786461282786547 ) ;
#3430 = DIRECTION ( 'NONE',  ( -0.7071067811865473507, 0.7071067811865476838, 0.000000000000000000 ) ) ;
#3431 = CARTESIAN_POINT ( 'NONE',  ( 10.75477272147524310, -3.149999999999998579, -1.719999999999999973 ) ) ;
#3432 = CONICAL_SURFACE ( 'NONE', #7011, 0.1377952755905512972, 1.029744258676655200 ) ;
#3433 = AXIS2_PLACEMENT_3D ( 'NONE', #4713, #5994, #3530 ) ;
#3434 = ORIENTED_EDGE ( 'NONE', *, *, #5222, .F. ) ;
#3435 = CYLINDRICAL_SURFACE ( 'NONE', #2834, 0.1653543307086613734 ) ;
#3436 = PRODUCT_DEFINITION_SHAPE ( 'NONE', 'NONE',  #7608 ) ;
#3437 = ORIENTED_EDGE ( 'NONE', *, *, #3104, .T. ) ;
#3438 = DIRECTION ( 'NONE',  ( 0.000000000000000000, 0.000000000000000000, 1.000000000000000000 ) ) ;
#3439 = ORIENTED_EDGE ( 'NONE', *, *, #5298, .F. ) ;
#3440 = EDGE_CURVE ( 'NONE', #4047, #7155, #1909, .T. ) ;
#3441 = FACE_OUTER_BOUND ( 'NONE', #3242, .T. ) ;
#3442 = VECTOR ( 'NONE', #7118, 39.37007874015748143 ) ;
#3443 = VECTOR ( 'NONE', #808, 39.37007874015748143 ) ;
#3444 =( BOUNDED_SURFACE ( )  B_SPLINE_SURFACE ( 3, 1, ( 
 ( #2773, #4122 ),
 ( #6429, #6943 ),
 ( #5154, #6467 ),
 ( #2273, #6982 ) ),
 .UNSPECIFIED., .F., .F., .T. ) 
 B_SPLINE_SURFACE_WITH_KNOTS ( ( 4, 4 ),
 ( 2, 2 ),
 ( 0.000000000000000000, 1.000000000000000000 ),
 ( 0.000000000000000000, 1.000000000000000000 ),
 .UNSPECIFIED. ) 
 GEOMETRIC_REPRESENTATION_ITEM ( )  RATIONAL_B_SPLINE_SURFACE ( (
 ( 1.000000000000000000, 1.000000000000000000),
 ( 0.3333333333333333703, 0.3333333333333333703),
 ( 0.3333333333333333703, 0.3333333333333333703),
 ( 1.000000000000000000, 1.000000000000000000) ) ) 
 REPRESENTATION_ITEM ( '' )  SURFACE ( )  );
#3445 = EDGE_CURVE ( 'NONE', #344, #4077, #160, .T. ) ;
#3446 = ORIENTED_EDGE ( 'NONE', *, *, #6369, .F. ) ;
#3447 = LINE ( 'NONE', #4665, #3561 ) ;
#3448 = EDGE_CURVE ( 'NONE', #4807, #3707, #6146, .T. ) ;
#3449 = VECTOR ( 'NONE', #3686, 39.37007874015748143 ) ;
#3450 = DIRECTION ( 'NONE',  ( 1.000000000000000000, -0.000000000000000000, -3.512375991854052315E-15 ) ) ;
#3451 = EDGE_CURVE ( 'NONE', #3951, #4566, #3694, .T. ) ;
#3452 = LINE ( 'NONE', #5823, #2328 ) ;
#3453 = CARTESIAN_POINT ( 'NONE',  ( 2.344645669291333778, 2.250000000000003997, 1.090354330708672492 ) ) ;
#3454 = ORIENTED_EDGE ( 'NONE', *, *, #575, .F. ) ;
#3455 = EDGE_LOOP ( 'NONE', ( #302, #7531, #626, #4916 ) ) ;
#3456 = DIRECTION ( 'NONE',  ( 0.000000000000000000, 8.537024980200897746E-17, 1.000000000000000000 ) ) ;
#3457 = CARTESIAN_POINT ( 'NONE',  ( 1.509999999999995346, 2.000000000000003109, 1.750000000000009770 ) ) ;
#3458 = DIRECTION ( 'NONE',  ( -3.304235192336789711E-15, 0.000000000000000000, -1.000000000000000000 ) ) ;
#3459 = DIRECTION ( 'NONE',  ( 1.000000000000000000, -1.652117596168385587E-15, 0.000000000000000000 ) ) ;
#3460 = DIRECTION ( 'NONE',  ( 1.000000000000000000, 0.000000000000000000, 0.000000000000000000 ) ) ;
#3461 = ORIENTED_EDGE ( 'NONE', *, *, #7308, .T. ) ;
#3462 = CARTESIAN_POINT ( 'NONE',  ( 6.299999999999995381, -4.995227278524752457, -1.770000000000000018 ) ) ;
#3463 = EDGE_LOOP ( 'NONE', ( #441, #6738, #1364, #5744 ) ) ;
#3464 = PLANE ( 'NONE',  #2777 ) ;
#3465 = LINE ( 'NONE', #2241, #1104 ) ;
#3466 = DIRECTION ( 'NONE',  ( 0.000000000000000000, -3.304235192336776301E-15, 1.000000000000000000 ) ) ;
#3467 = PLANE ( 'NONE',  #4617 ) ;
#3468 = DIRECTION ( 'NONE',  ( -1.000000000000000000, 0.000000000000000000, 0.000000000000000000 ) ) ;
#3469 = ORIENTED_EDGE ( 'NONE', *, *, #1142, .T. ) ;
#3470 = FACE_OUTER_BOUND ( 'NONE', #5869, .T. ) ;
#3471 = CARTESIAN_POINT ( 'NONE',  ( 5.984739045710472105, 5.904211647661679052, -0.2500000000000012212 ) ) ;
#3472 = VERTEX_POINT ( 'NONE', #6581 ) ;
#3473 = CARTESIAN_POINT ( 'NONE',  ( 4.344645669291333334, 1.999374015748017763, -1.340354330708657615 ) ) ;
#3474 = UNCERTAINTY_MEASURE_WITH_UNIT (LENGTH_MEASURE( 1.000000000000000082E-05 ), #2662, 'distance_accuracy_value', 'NONE');
#3475 = ORIENTED_EDGE ( 'NONE', *, *, #5901, .T. ) ;
#3476 = CARTESIAN_POINT ( 'NONE',  ( 6.344645669291333334, 1.999374015748017097, 0.7596456692913488018 ) ) ;
#3477 = APPLICATION_CONTEXT ( 'automotive_design' ) ;
#3478 = CARTESIAN_POINT ( 'NONE',  ( 12.59999999999999609, 1.354772721475247632, -1.719999999999999973 ) ) ;
#3479 = ADVANCED_FACE ( 'NONE', ( #657 ), #4754, .F. ) ;
#3480 = DIRECTION ( 'NONE',  ( 0.000000000000000000, -1.000000000000000000, -3.434323192035072183E-15 ) ) ;
#3481 = FACE_OUTER_BOUND ( 'NONE', #1773, .T. ) ;
#3482 = EDGE_CURVE ( 'NONE', #4887, #6857, #197, .T. ) ;
#3483 = VERTEX_POINT ( 'NONE', #2987 ) ;
#3484 = VECTOR ( 'NONE', #4770, 39.37007874015748143 ) ;
#3485 = ITEM_DEFINED_TRANSFORMATION ( 'NONE', 'NONE', #6987,  #5850 ) ;
#3486 = ORIENTED_EDGE ( 'NONE', *, *, #3822, .T. ) ;
#3487 = CARTESIAN_POINT ( 'NONE',  ( 1.159999999999990594, 23.14000000000000412, 1.750000000000003553 ) ) ;
#3488 = CARTESIAN_POINT ( 'NONE',  ( -44.04411790607416322, -0.2623335308197394244, -0.2500000000000000000 ) ) ;
#3489 = CARTESIAN_POINT ( 'NONE',  ( -12.60000000000000853, -4.995227278524748016, -1.719999999999999973 ) ) ;
#3490 = EDGE_CURVE ( 'NONE', #5829, #6098, #4270, .T. ) ;
#3491 = FACE_OUTER_BOUND ( 'NONE', #4272, .T. ) ;
#3492 = EDGE_CURVE ( 'NONE', #928, #7300, #699, .T. ) ;
#3493 = VECTOR ( 'NONE', #319, 39.37007874015748143 ) ;
#3494 = PRODUCT_DEFINITION_SHAPE ( 'NONE', 'NONE',  #7600 ) ;
#3495 = DIRECTION ( 'NONE',  ( 0.000000000000000000, 1.000000000000000000, 0.000000000000000000 ) ) ;
#3496 = DIRECTION ( 'NONE',  ( -0.000000000000000000, -0.000000000000000000, -1.000000000000000000 ) ) ;
#3497 = VERTEX_POINT ( 'NONE', #5326 ) ;
#3498 = DIRECTION ( 'NONE',  ( -0.000000000000000000, -0.000000000000000000, -1.000000000000000000 ) ) ;
#3499 = EDGE_CURVE ( 'NONE', #4255, #1728, #4411, .T. ) ;
#3500 = VECTOR ( 'NONE', #3846, 39.37007874015748143 ) ;
#3501 = VECTOR ( 'NONE', #6358, 39.37007874015748143 ) ;
#3502 = VERTEX_POINT ( 'NONE', #2422 ) ;
#3503 = CARTESIAN_POINT ( 'NONE',  ( -4.454772721475258379, -9.449999999999999289, -1.719999999999999973 ) ) ;
#3504 = CARTESIAN_POINT ( 'NONE',  ( 11.73659041599845843, -8.468182305476783966, -1.770000000000000018 ) ) ;
#3505 = VECTOR ( 'NONE', #3745, 39.37007874015748143 ) ;
#3506 = VECTOR ( 'NONE', #5641, 39.37007874015748143 ) ;
#3507 = AXIS2_PLACEMENT_3D ( 'NONE', #2991, #3108, #5329 ) ;
#3508 = CARTESIAN_POINT ( 'NONE',  ( 1.509999999999995568, 2.000000000000003553, -1.999999999999997335 ) ) ;
#3509 = CARTESIAN_POINT ( 'NONE',  ( 2.420580475199245019, 19.71186723724616385, -0.2500000000000012212 ) ) ;
#3510 = EDGE_LOOP ( 'NONE', ( #4555, #6931, #3086, #3991 ) ) ;
#3511 = CARTESIAN_POINT ( 'NONE',  ( 2.409394568923568070, 23.00194783241069629, -0.2500000000000000000 ) ) ;
#3512 = DIRECTION ( 'NONE',  ( -0.7071067811865476838, -0.7071067811865473507, 0.000000000000000000 ) ) ;
#3513 = EDGE_LOOP ( 'NONE', ( #3995, #1888, #5909, #4857 ) ) ;
#3514 = DIRECTION ( 'NONE',  ( -1.000000000000000000, 0.000000000000000000, 0.000000000000000000 ) ) ;
#3515 = EDGE_LOOP ( 'NONE', ( #4811, #5010, #1426, #7018 ) ) ;
#3516 = LINE ( 'NONE', #2942, #5524 ) ;
#3517 = LINE ( 'NONE', #1396, #6344 ) ;
#3518 = DIRECTION ( 'NONE',  ( -0.7071067811865473507, 0.7071067811865476838, 0.000000000000000000 ) ) ;
#3519 = CARTESIAN_POINT ( 'NONE',  ( -12.53999999999999737, 0.2500000000000000000, -9.389999999999998792 ) ) ;
#3520 = LINE ( 'NONE', #5731, #5828 ) ;
#3521 = ORIENTED_EDGE ( 'NONE', *, *, #3394, .F. ) ;
#3522 = EDGE_CURVE ( 'NONE', #3404, #1883, #7088, .T. ) ;
#3523 =( REPRESENTATION_RELATIONSHIP ('NONE','NONE', #754, #3642 ) REPRESENTATION_RELATIONSHIP_WITH_TRANSFORMATION ( #6348 )SHAPE_REPRESENTATION_RELATIONSHIP( ) );
#3524 = VERTEX_POINT ( 'NONE', #4794 ) ;
#3525 = DIRECTION ( 'NONE',  ( -0.000000000000000000, -0.000000000000000000, 1.000000000000000000 ) ) ;
#3526 = CARTESIAN_POINT ( 'NONE',  ( 1.159999999999981934, 2.349999999999996536, -0.3499999999999816591 ) ) ;
#3527 = LINE ( 'NONE', #1683, #3125 ) ;
#3528 = CARTESIAN_POINT ( 'NONE',  ( -6.300000000000004263, 7.704772721475247721, -1.719999999999999973 ) ) ;
#3529 = CARTESIAN_POINT ( 'NONE',  ( 11.46220472440947269, -8.449999999999999289, -1.719999999999999973 ) ) ;
#3530 = DIRECTION ( 'NONE',  ( 0.7071067811865476838, 0.7071067811865473507, 0.000000000000000000 ) ) ;
#3531 = DIRECTION ( 'NONE',  ( -1.000000000000000222, 0.000000000000000000, 0.000000000000000000 ) ) ;
#3532 = EDGE_LOOP ( 'NONE', ( #7222, #2610, #6921, #4131 ) ) ;
#3533 = LINE ( 'NONE', #1762, #4012 ) ;
#3534 = EDGE_CURVE ( 'NONE', #3039, #3825, #771, .T. ) ;
#3535 = ORIENTED_EDGE ( 'NONE', *, *, #6079, .T. ) ;
#3536 = CARTESIAN_POINT ( 'NONE',  ( 1.159374015747964615, 23.14000000000000412, -0.9999999999999826805 ) ) ;
#3537 = FACE_OUTER_BOUND ( 'NONE', #6919, .T. ) ;
#3538 = EDGE_CURVE ( 'NONE', #1114, #4403, #4773, .T. ) ;
#3539 = CARTESIAN_POINT ( 'NONE',  ( 1.159999999999979714, 22.14000000000000412, -1.999999999999982458 ) ) ;
#3540 = EDGE_CURVE ( 'NONE', #7435, #1059, #5287, .T. ) ;
#3541 = LINE ( 'NONE', #6324, #1071 ) ;
#3542 = DIRECTION ( 'NONE',  ( 0.7071067811865476838, 0.7071067811865473507, -0.000000000000000000 ) ) ;
#3543 = ORIENTED_EDGE ( 'NONE', *, *, #5556, .T. ) ;
#3544 = LINE ( 'NONE', #5894, #6085 ) ;
#3545 = DIRECTION ( 'NONE',  ( -0.000000000000000000, -0.000000000000000000, -1.000000000000000000 ) ) ;
#3546 = VERTEX_POINT ( 'NONE', #5917 ) ;
#3547 = DIRECTION ( 'NONE',  ( -1.000000000000000000, 0.000000000000000000, 0.000000000000000000 ) ) ;
#3548 = AXIS2_PLACEMENT_3D ( 'NONE', #5374, #4725, #6550 ) ;
#3549 = PRODUCT_DEFINITION_CONTEXT ( 'detailed design', #2699, 'design' ) ;
#3550 = CIRCLE ( 'NONE', #5758, 0.1653543307086607073 ) ;
#3551 = EDGE_LOOP ( 'NONE', ( #1275, #5672, #4819, #2592 ) ) ;
#3552 = CARTESIAN_POINT ( 'NONE',  ( 1.409999999999994813, 19.90000000000005542, 0.5846456692913775122 ) ) ;
#3553 = LINE ( 'NONE', #5350, #5720 ) ;
#3554 = VECTOR ( 'NONE', #591, 39.37007874015748143 ) ;
#3555 = DIRECTION ( 'NONE',  ( -0.7071067811865474617, -0.7071067811865474617, 0.000000000000000000 ) ) ;
#3556 = VECTOR ( 'NONE', #475, 39.37007874015748143 ) ;
#3557 = PRODUCT_DEFINITION_SHAPE ( 'NONE', 'NONE',  #7609 ) ;
#3558 = DIRECTION ( 'NONE',  ( 0.000000000000000000, -0.000000000000000000, -1.000000000000000000 ) ) ;
#3559 = ORIENTED_EDGE ( 'NONE', *, *, #6101, .T. ) ;
#3560 = AXIS2_PLACEMENT_3D ( 'NONE', #841, #2605, #7354 ) ;
#3561 = VECTOR ( 'NONE', #6526, 39.37007874015748143 ) ;
#3562 = ORIENTED_EDGE ( 'NONE', *, *, #4027, .F. ) ;
#3563 = ITEM_DEFINED_TRANSFORMATION ( 'NONE', 'NONE', #714,  #5850 ) ;
#3564 = ORIENTED_EDGE ( 'NONE', *, *, #7038, .F. ) ;
#3565 = CARTESIAN_POINT ( 'NONE',  ( 4.454772721475242392, 3.250000000000000444, -1.770000000000000018 ) ) ;
#3566 = DIRECTION ( 'NONE',  ( 1.720849129867249803E-15, 1.000000000000000000, 3.434323192035072577E-15 ) ) ;
#3567 =( CONVERSION_BASED_UNIT ( 'INCH', #1222 ) LENGTH_UNIT ( ) NAMED_UNIT ( #5555 ) );
#3568 = CARTESIAN_POINT ( 'NONE',  ( 1.509999999999995124, 23.14000000000000412, -0.3500000000000005884 ) ) ;
#3569 = VECTOR ( 'NONE', #5144, 39.37007874015748143 ) ;
#3570 = CARTESIAN_POINT ( 'NONE',  ( 4.187864042533941067, 15.64893697419836904, -0.2500000000000012212 ) ) ;
#3571 = DIRECTION ( 'NONE',  ( 1.000000000000000000, -0.000000000000000000, -0.000000000000000000 ) ) ;
#3572 = CARTESIAN_POINT ( 'NONE',  ( 50.39999999999999858, 0.000000000000000000, 0.000000000000000000 ) ) ;
#3573 = ORIENTED_EDGE ( 'NONE', *, *, #224, .T. ) ;
#3574 = DIRECTION ( 'NONE',  ( 1.000000000000000000, 0.000000000000000000, -0.000000000000000000 ) ) ;
#3575 = ORIENTED_EDGE ( 'NONE', *, *, #4341, .F. ) ;
#3576 = CARTESIAN_POINT ( 'NONE',  ( 3.631806092188872181, 20.23872322311160943, -0.2500000000000000555 ) ) ;
#3577 = ORIENTED_EDGE ( 'NONE', *, *, #1706, .F. ) ;
#3578 = EDGE_CURVE ( 'NONE', #1671, #4495, #5569, .T. ) ;
#3579 = FACE_OUTER_BOUND ( 'NONE', #7246, .T. ) ;
#3580 = EDGE_CURVE ( 'NONE', #5962, #6557, #2027, .T. ) ;
#3581 = CARTESIAN_POINT ( 'NONE',  ( 6.675354330708657358, 2.249999999999996447, -1.174999999999996714 ) ) ;
#3582 =( REPRESENTATION_RELATIONSHIP ('NONE','NONE', #754, #6547 ) REPRESENTATION_RELATIONSHIP_WITH_TRANSFORMATION ( #6384 )SHAPE_REPRESENTATION_RELATIONSHIP( ) );
#3583 = DIRECTION ( 'NONE',  ( 1.000000000000000000, -0.000000000000000000, -3.512375991854052315E-15 ) ) ;
#3584 = VERTEX_POINT ( 'NONE', #844 ) ;
#3585 = ADVANCED_FACE ( 'NONE', ( #4875 ), #233, .F. ) ;
#3586 = ORIENTED_EDGE ( 'NONE', *, *, #4618, .T. ) ;
#3587 =( REPRESENTATION_RELATIONSHIP ('NONE','NONE', #754, #6547 ) REPRESENTATION_RELATIONSHIP_WITH_TRANSFORMATION ( #4978 )SHAPE_REPRESENTATION_RELATIONSHIP( ) );
#3588 = LINE ( 'NONE', #5497, #7077 ) ;
#3589 = ORIENTED_EDGE ( 'NONE', *, *, #6712, .F. ) ;
#3590 = DIRECTION ( 'NONE',  ( 7.805279981897893924E-16, -3.590428791673031659E-15, -1.000000000000000000 ) ) ;
#3591 = EDGE_CURVE ( 'NONE', #2474, #1949, #1419, .T. ) ;
#3592 = EDGE_CURVE ( 'NONE', #6883, #907, #3803, .T. ) ;
#3593 = ADVANCED_FACE ( 'NONE', ( #7285 ), #7502, .F. ) ;
#3594 = ORIENTED_EDGE ( 'NONE', *, *, #7085, .F. ) ;
#3595 = DIRECTION ( 'NONE',  ( 0.8635486968584774603, 0.000000000000000000, -0.5042654540557239828 ) ) ;
#3596 = CARTESIAN_POINT ( 'NONE',  ( -12.60000000000000853, 7.704772721475252162, -1.770000000000000018 ) ) ;
#3597 = FACE_OUTER_BOUND ( 'NONE', #3802, .T. ) ;
#3598 = LINE ( 'NONE', #5278, #6263 ) ;
#3599 = ORIENTED_EDGE ( 'NONE', *, *, #2078, .T. ) ;
#3600 = ORIENTED_EDGE ( 'NONE', *, *, #2316, .T. ) ;
#3601 = CONTEXT_DEPENDENT_SHAPE_REPRESENTATION ( #4472, #1045 ) ;
#3602 = ORIENTED_EDGE ( 'NONE', *, *, #6414, .T. ) ;
#3603 = DIRECTION ( 'NONE',  ( 0.7071067811865474617, 0.7071067811865474617, 0.000000000000000000 ) ) ;
#3604 = LINE ( 'NONE', #4746, #3374 ) ;
#3605 =( LENGTH_UNIT ( ) NAMED_UNIT ( * ) SI_UNIT ( $, .METRE. ) );
#3606 = B_SPLINE_CURVE_WITH_KNOTS ( 'NONE', 3,
 ( #4237, #1161, #6590, #6471 ),
 .UNSPECIFIED., .F., .F.,
 ( 4, 4 ),
 ( 0.000000000000000000, 1.000000000000000000 ),
 .UNSPECIFIED. ) ;
#3607 = CARTESIAN_POINT ( 'NONE',  ( 1.509999999999995124, 2.349999999999996536, -0.3500000000000005884 ) ) ;
#3608 = CARTESIAN_POINT ( 'NONE',  ( 3.785868085707956587E-15, 2.000000000000009770, -1.009645669291334480 ) ) ;
#3609 = DIRECTION ( 'NONE',  ( 1.000000000000000000, -1.892934042853975138E-15, 8.646343036883340567E-31 ) ) ;
#3610 = CARTESIAN_POINT ( 'NONE',  ( 25.13999999999999346, 28.60000000000000142, 0.6100000000000025402 ) ) ;
#3611 = EDGE_LOOP ( 'NONE', ( #317, #6731, #6382, #809 ) ) ;
#3612 = LINE ( 'NONE', #3655, #7464 ) ;
#3613 = VERTEX_POINT ( 'NONE', #3841 ) ;
#3614 = CARTESIAN_POINT ( 'NONE',  ( 12.59999999999999609, 1.354772721475247632, -1.719999999999999973 ) ) ;
#3615 = ORIENTED_EDGE ( 'NONE', *, *, #1661, .T. ) ;
#3616 = AXIS2_PLACEMENT_3D ( 'NONE', #3990, #7425, #2132 ) ;
#3617 = DIRECTION ( 'NONE',  ( 0.000000000000000000, 0.000000000000000000, -1.000000000000000000 ) ) ;
#3618 = EDGE_CURVE ( 'NONE', #3053, #1901, #6660, .T. ) ;
#3619 = LINE ( 'NONE', #4238, #1588 ) ;
#3620 = DIRECTION ( 'NONE',  ( -0.000000000000000000, -0.000000000000000000, -1.000000000000000000 ) ) ;
#3621 = FACE_OUTER_BOUND ( 'NONE', #4775, .T. ) ;
#3622 = VECTOR ( 'NONE', #7403, 39.37007874015748143 ) ;
#3623 = AXIS2_PLACEMENT_3D ( 'NONE', #4659, #5302, #53 ) ;
#3624 = EDGE_CURVE ( 'NONE', #4186, #4540, #386, .T. ) ;
#3625 = ORIENTED_EDGE ( 'NONE', *, *, #5460, .F. ) ;
#3626 = DIRECTION ( 'NONE',  ( 0.000000000000000000, 0.000000000000000000, 1.000000000000000000 ) ) ;
#3627 = ORIENTED_EDGE ( 'NONE', *, *, #360, .T. ) ;
#3628 = CARTESIAN_POINT ( 'NONE',  ( -4.530000000000007354, 0.2500000000000000000, -7.930136022756448355 ) ) ;
#3629 = AXIS2_PLACEMENT_3D ( 'NONE', #2142, #6189, #5020 ) ;
#3630 = AXIS2_PLACEMENT_3D ( 'NONE', #3161, #2586, #4888 ) ;
#3631 = ORIENTED_EDGE ( 'NONE', *, *, #1706, .T. ) ;
#3632 = ORIENTED_EDGE ( 'NONE', *, *, #3830, .F. ) ;
#3633 = VECTOR ( 'NONE', #7260, 39.37007874015748854 ) ;
#3634 = ADVANCED_FACE ( 'NONE', ( #6697 ), #2612, .F. ) ;
#3635 = DIRECTION ( 'NONE',  ( 1.892934042853975533E-15, 1.000000000000000000, -3.590428791673030081E-15 ) ) ;
#3636 = ADVANCED_FACE ( 'NONE', ( #7244 ), #1948, .T. ) ;
#3637 = EDGE_CURVE ( 'NONE', #4920, #6226, #5892, .T. ) ;
#3638 = CARTESIAN_POINT ( 'NONE',  ( 1.209354858209618300, 19.18501125138071828, -0.2500000000000000555 ) ) ;
#3639 = CARTESIAN_POINT ( 'NONE',  ( 10.75477272147524310, 3.250000000000000444, -1.770000000000000018 ) ) ;
#3640 = VERTEX_POINT ( 'NONE', #4309 ) ;
#3641 = ADVANCED_FACE ( 'NONE', ( #6192 ), #926, .F. ) ;
#3642 = SHAPE_REPRESENTATION ( 'LED iPoster -RH Back Support', ( #5850 ), #7097 ) ;
#3643 = ORIENTED_EDGE ( 'NONE', *, *, #6650, .F. ) ;
#3644 = ORIENTED_EDGE ( 'NONE', *, *, #219, .F. ) ;
#3645 = CARTESIAN_POINT ( 'NONE',  ( 11.73659041599845843, -8.468182305476783966, -1.719999999999999973 ) ) ;
#3646 = CARTESIAN_POINT ( 'NONE',  ( 8.045227278524739845, 9.449999999999999289, -1.770000000000000018 ) ) ;
#3647 = CARTESIAN_POINT ( 'NONE',  ( 7.030000000000001137, 0.2500000000000000000, 9.390000000000002345 ) ) ;
#3648 = CARTESIAN_POINT ( 'NONE',  ( 6.299999999999990941, 7.704772721475252162, -1.770000000000000018 ) ) ;
#3649 = VECTOR ( 'NONE', #7024, 39.37007874015748143 ) ;
#3650 = LINE ( 'NONE', #7010, #6154 ) ;
#3651 = ORIENTED_EDGE ( 'NONE', *, *, #7460, .T. ) ;
#3652 = DIRECTION ( 'NONE',  ( 0.000000000000000000, 0.000000000000000000, -1.000000000000000000 ) ) ;
#3653 = DIRECTION ( 'NONE',  ( 0.000000000000000000, 0.000000000000000000, 1.000000000000000222 ) ) ;
#3654 = ORIENTED_EDGE ( 'NONE', *, *, #21, .T. ) ;
#3655 = CARTESIAN_POINT ( 'NONE',  ( -1.745227278524758008, 9.449999999999999289, -1.770000000000000018 ) ) ;
#3656 = B_SPLINE_CURVE_WITH_KNOTS ( 'NONE', 3,
 ( #5399, #4745, #4110, #3019 ),
 .UNSPECIFIED., .F., .F.,
 ( 4, 4 ),
 ( 0.000000000000000000, 1.000000000000000000 ),
 .UNSPECIFIED. ) ;
#3657 = EDGE_LOOP ( 'NONE', ( #3240, #5126, #5607, #908 ) ) ;
#3658 = PLANE ( 'NONE',  #2275 ) ;
#3659 = ORIENTED_EDGE ( 'NONE', *, *, #5752, .F. ) ;
#3660 = FACE_OUTER_BOUND ( 'NONE', #2629, .T. ) ;
#3661 = FACE_OUTER_BOUND ( 'NONE', #3726, .T. ) ;
#3662 = CARTESIAN_POINT ( 'NONE',  ( 7.755526866610956915, 6.260566922747311303, -0.2500000000000012212 ) ) ;
#3663 = CARTESIAN_POINT ( 'NONE',  ( 2.675354330708657358, 1.999374015748022204, -1.009645669291334480 ) ) ;
#3664 = EDGE_LOOP ( 'NONE', ( #5964, #336, #2924, #2994 ) ) ;
#3665 = DIRECTION ( 'NONE',  ( -1.000000000000000000, 8.537024980200837349E-17, -3.512375991854052315E-15 ) ) ;
#3666 = VERTEX_POINT ( 'NONE', #3223 ) ;
#3667 = LINE ( 'NONE', #7180, #4004 ) ;
#3668 = ORIENTED_EDGE ( 'NONE', *, *, #7470, .F. ) ;
#3669 = VERTEX_POINT ( 'NONE', #1067 ) ;
#3670 = DIRECTION ( 'NONE',  ( -6.244223985518313956E-16, 3.590428791673030870E-15, 1.000000000000000000 ) ) ;
#3671 = EDGE_CURVE ( 'NONE', #3951, #3332, #3191, .T. ) ;
#3672 = ORIENTED_EDGE ( 'NONE', *, *, #3076, .T. ) ;
#3673 = PLANE ( 'NONE',  #4052 ) ;
#3674 = EDGE_CURVE ( 'NONE', #5457, #107, #2651, .T. ) ;
#3675 = VECTOR ( 'NONE', #1216, 39.37007874015748143 ) ;
#3676 = VECTOR ( 'NONE', #760, 39.37007874015748143 ) ;
#3677 = EDGE_CURVE ( 'NONE', #7155, #6346, #7356, .T. ) ;
#3678 = ORIENTED_EDGE ( 'NONE', *, *, #4198, .T. ) ;
#3679 = VECTOR ( 'NONE', #1311, 39.37007874015748854 ) ;
#3680 = ITEM_DEFINED_TRANSFORMATION ( 'NONE', 'NONE', #97,  #5850 ) ;
#3681 = EDGE_CURVE ( 'NONE', #688, #4590, #3997, .T. ) ;
#3682 = VECTOR ( 'NONE', #1634, 39.37007874015748143 ) ;
#3683 = CARTESIAN_POINT ( 'NONE',  ( 2.409394568923568070, 23.00194783241069629, 0.000000000000000000 ) ) ;
#3684 = CARTESIAN_POINT ( 'NONE',  ( 7.860000000000005649, 1.999999999999998002, 8.741913579725642299E-15 ) ) ;
#3685 = DIRECTION ( 'NONE',  ( 1.892934042853975533E-15, 1.000000000000000000, -3.590428791673030081E-15 ) ) ;
#3686 = DIRECTION ( 'NONE',  ( -0.000000000000000000, -0.000000000000000000, -1.000000000000000000 ) ) ;
#3687 = VECTOR ( 'NONE', #1644, 39.37007874015748143 ) ;
#3688 = CIRCLE ( 'NONE', #1717, 0.1000000000000000194 ) ;
#3689 = CARTESIAN_POINT ( 'NONE',  ( -1.845227278524757653, -3.099999999999999201, -1.770000000000000018 ) ) ;
#3690 =( REPRESENTATION_RELATIONSHIP ('NONE','NONE', #754, #5201 ) REPRESENTATION_RELATIONSHIP_WITH_TRANSFORMATION ( #4146 )SHAPE_REPRESENTATION_RELATIONSHIP( ) );
#3691 = ADVANCED_BREP_SHAPE_REPRESENTATION ( '', ( #5857, #5850 ), #7097 ) ;
#3692 = PRODUCT_DEFINITION_SHAPE ( 'NONE', 'NONE',  #7585 ) ;
#3693 = VERTEX_POINT ( 'NONE', #5484 ) ;
#3694 = LINE ( 'NONE', #5956, #6772 ) ;
#3695 = DIRECTION ( 'NONE',  ( -1.000000000000000222, 0.000000000000000000, 0.000000000000000000 ) ) ;
#3696 = LINE ( 'NONE', #41, #1176 ) ;
#3697 = CARTESIAN_POINT ( 'NONE',  ( 7.858629916778410163, 1.999999999999995559, 0.05417685421260872575 ) ) ;
#3698 = EDGE_LOOP ( 'NONE', ( #940, #6728, #6000, #3860 ) ) ;
#3699 = LINE ( 'NONE', #4836, #3383 ) ;
#3700 = ORIENTED_EDGE ( 'NONE', *, *, #2702, .F. ) ;
#3701 = CARTESIAN_POINT ( 'NONE',  ( 1.509999999999994458, 2.349999999999996092, 0.1000000000000055567 ) ) ;
#3702 = DIRECTION ( 'NONE',  ( 0.000000000000000000, 1.000000000000000000, 0.000000000000000000 ) ) ;
#3703 = FACE_OUTER_BOUND ( 'NONE', #5301, .T. ) ;
#3704 = CARTESIAN_POINT ( 'NONE',  ( 7.755526866610956915, 6.260566922747311303, 0.000000000000000000 ) ) ;
#3705 = VERTEX_POINT ( 'NONE', #4695 ) ;
#3706 = LINE ( 'NONE', #5378, #70 ) ;
#3707 = VERTEX_POINT ( 'NONE', #4034 ) ;
#3708 = CARTESIAN_POINT ( 'NONE',  ( 4.454772721475242392, -9.449999999999999289, -1.719999999999999973 ) ) ;
#3709 = VECTOR ( 'NONE', #3283, 39.37007874015748143 ) ;
#3710 = ORIENTED_EDGE ( 'NONE', *, *, #592, .F. ) ;
#3711 = ORIENTED_EDGE ( 'NONE', *, *, #640, .T. ) ;
#3712 = CARTESIAN_POINT ( 'NONE',  ( -11.60000000000002451, 8.449999999999999289, -1.719999999999999973 ) ) ;
#3713 = ORIENTED_EDGE ( 'NONE', *, *, #1561, .F. ) ;
#3714 = DIRECTION ( 'NONE',  ( 1.000000000000000000, -2.093734754490789434E-16, 0.000000000000000000 ) ) ;
#3715 = ORIENTED_EDGE ( 'NONE', *, *, #3313, .T. ) ;
#3716 = EDGE_CURVE ( 'NONE', #6098, #4624, #493, .T. ) ;
#3717 = LINE ( 'NONE', #2603, #4365 ) ;
#3718 = CARTESIAN_POINT ( 'NONE',  ( 7.860000000000005649, 1.999999999999998002, 8.741913579725642299E-15 ) ) ;
#3719 = CYLINDRICAL_SURFACE ( 'NONE', #5093, 0.3500000000000000333 ) ;
#3720 = CARTESIAN_POINT ( 'NONE',  ( -8.741913579725642299E-15, 1.354772721475252073, -1.719999999999999973 ) ) ;
#3721 = CARTESIAN_POINT ( 'NONE',  ( 6.299999999999995381, 5.095227278524752990, -1.770000000000000018 ) ) ;
#3722 = EDGE_CURVE ( 'NONE', #5670, #6696, #6377, .T. ) ;
#3724 = AXIS2_PLACEMENT_3D ( 'NONE', #1163, #555, #1245 ) ;
#3723 = FACE_OUTER_BOUND ( 'NONE', #7358, .T. ) ;
#3725 = CARTESIAN_POINT ( 'NONE',  ( 5.984739045710472105, 5.904211647661679052, -2.000000000000001332 ) ) ;
#3726 = EDGE_LOOP ( 'NONE', ( #2185, #6623, #4214, #2617 ) ) ;
#3727 = EDGE_CURVE ( 'NONE', #6596, #5299, #2907, .T. ) ;
#3728 = CARTESIAN_POINT ( 'NONE',  ( -6.300000000000004263, 5.095227278524752990, -1.719999999999999973 ) ) ;
#3729 = EDGE_CURVE ( 'NONE', #5346, #1480, #5863, .T. ) ;
#3730 = CARTESIAN_POINT ( 'NONE',  ( 2.675354330708657802, 2.000000000000004441, -1.009645669291334480 ) ) ;
#3731 = EDGE_CURVE ( 'NONE', #2614, #4168, #4662, .T. ) ;
#3732 = ORIENTED_EDGE ( 'NONE', *, *, #357, .T. ) ;
#3733 = CARTESIAN_POINT ( 'NONE',  ( -1.845227278524757653, 3.250000000000000444, -1.719999999999999973 ) ) ;
#3734 =( REPRESENTATION_RELATIONSHIP ('NONE','NONE', #754, #6547 ) REPRESENTATION_RELATIONSHIP_WITH_TRANSFORMATION ( #1372 )SHAPE_REPRESENTATION_RELATIONSHIP( ) );
#3735 = LINE ( 'NONE', #3230, #7379 ) ;
#3736 = CARTESIAN_POINT ( 'NONE',  ( 10.75477272147524310, 3.200000000000001510, -1.719999999999999973 ) ) ;
#3737 = DIRECTION ( 'NONE',  ( -1.000000000000000000, 0.000000000000000000, -0.000000000000000000 ) ) ;
#3738 = EDGE_CURVE ( 'NONE', #6436, #1158, #1672, .T. ) ;
#3739 = CARTESIAN_POINT ( 'NONE',  ( 7.858629919233211858, 2.249999999999996003, 0.08690769608991789907 ) ) ;
#3740 =( CONVERSION_BASED_UNIT ( 'INCH', #1506 ) LENGTH_UNIT ( ) NAMED_UNIT ( #264 ) );
#3741 = EDGE_LOOP ( 'NONE', ( #5306, #517, #1625, #1852, #2049 ) ) ;
#3742 = CARTESIAN_POINT ( 'NONE',  ( 6.344645669291334222, 1.999999999999997335, -1.009645669291334258 ) ) ;
#3743 = VECTOR ( 'NONE', #5509, 39.37007874015748143 ) ;
#3744 = VERTEX_POINT ( 'NONE', #5786 ) ;
#3745 = DIRECTION ( 'NONE',  ( 1.000000000000000000, -2.093734754490789434E-16, 0.000000000000000000 ) ) ;
#3746 = DIRECTION ( 'NONE',  ( 1.892934042853975138E-15, 1.000000000000000000, -3.590428791673030081E-15 ) ) ;
#3747 = AXIS2_PLACEMENT_3D ( 'NONE', #5031, #3187, #7402 ) ;
#3748 = EDGE_LOOP ( 'NONE', ( #5911, #2245, #648, #86 ) ) ;
#3749 = ORIENTED_EDGE ( 'NONE', *, *, #3407, .T. ) ;
#3750 = DIRECTION ( 'NONE',  ( -1.000000000000000000, 0.000000000000000000, 0.000000000000000000 ) ) ;
#3751 = EDGE_LOOP ( 'NONE', ( #5879, #7258, #1893, #7456 ) ) ;
#3752 = VECTOR ( 'NONE', #1851, 39.37007874015748143 ) ;
#3753 = DIRECTION ( 'NONE',  ( -0.000000000000000000, -0.000000000000000000, -1.000000000000000000 ) ) ;
#3754 = VECTOR ( 'NONE', #6150, 39.37007874015748143 ) ;
#3755 = VERTEX_POINT ( 'NONE', #1138 ) ;
#3756 = ITEM_DEFINED_TRANSFORMATION ( 'NONE', 'NONE', #5611,  #5850 ) ;
#3757 = CARTESIAN_POINT ( 'NONE',  ( 1.845227278524741221, -3.099999999999999201, -1.719999999999999973 ) ) ;
#3758 = DIRECTION ( 'NONE',  ( -1.000000000000000000, 8.537024980200837349E-17, -3.491481338843132961E-15 ) ) ;
#3759 = DIRECTION ( 'NONE',  ( -0.000000000000000000, -0.000000000000000000, -1.000000000000000000 ) ) ;
#3760 = AXIS2_PLACEMENT_3D ( 'NONE', #2198, #5696, #5079 ) ;
#3761 = CARTESIAN_POINT ( 'NONE',  ( -8.045227278524757608, 9.449999999999999289, -1.770000000000000018 ) ) ;
#3762 = EDGE_CURVE ( 'NONE', #3764, #2129, #5171, .T. ) ;
#3763 = CARTESIAN_POINT ( 'NONE',  ( -12.60000000000000497, -9.449999999999999289, -1.770000000000000018 ) ) ;
#3764 = VERTEX_POINT ( 'NONE', #24 ) ;
#3765 = CARTESIAN_POINT ( 'NONE',  ( 1.509999999999995124, -8.049506778971739607, 0.09999999999999793776 ) ) ;
#3766 = EDGE_LOOP ( 'NONE', ( #3599, #7349, #6450, #1137 ) ) ;
#3767 =( GEOMETRIC_REPRESENTATION_CONTEXT ( 3 ) GLOBAL_UNCERTAINTY_ASSIGNED_CONTEXT ( ( #3474 ) ) GLOBAL_UNIT_ASSIGNED_CONTEXT ( ( #2662, #6672, #975 ) ) REPRESENTATION_CONTEXT ( 'NONE', 'WORKASPACE' ) );
#3768 = DIRECTION ( 'NONE',  ( 0.7071067811865473507, -0.7071067811865475727, 0.000000000000000000 ) ) ;
#3769 = LINE ( 'NONE', #4953, #2396 ) ;
#3770 = EDGE_LOOP ( 'NONE', ( #3454, #6357 ) ) ;
#3771 = CARTESIAN_POINT ( 'NONE',  ( 4.259101596421455401E-15, 2.250000000000013323, -3.824587191129968111E-15 ) ) ;
#3772 =( GEOMETRIC_REPRESENTATION_CONTEXT ( 3 ) GLOBAL_UNCERTAINTY_ASSIGNED_CONTEXT ( ( #2399 ) ) GLOBAL_UNIT_ASSIGNED_CONTEXT ( ( #7245, #275, #6071 ) ) REPRESENTATION_CONTEXT ( 'NONE', 'WORKASPACE' ) );
#3773 = CARTESIAN_POINT ( 'NONE',  ( 1.409999999999993703, 19.90000000000005542, 0.9153543307086988712 ) ) ;
#3774 = LINE ( 'NONE', #2432, #1263 ) ;
#3775 = ADVANCED_FACE ( 'NONE', ( #4102 ), #2217, .F. ) ;
#3776 = CARTESIAN_POINT ( 'NONE',  ( 3.123257716872914980, 11.70033416803600801, -2.000000000000001332 ) ) ;
#3777 = ORIENTED_EDGE ( 'NONE', *, *, #5303, .T. ) ;
#3778 = DIRECTION ( 'NONE',  ( 0.7071067811865473507, -0.7071067811865476838, 0.000000000000000000 ) ) ;
#3779 = ORIENTED_EDGE ( 'NONE', *, *, #2840, .T. ) ;
#3780 = EDGE_CURVE ( 'NONE', #2298, #107, #1282, .T. ) ;
#3781 = DIRECTION ( 'NONE',  ( 0.000000000000000000, -3.304235192336776301E-15, 1.000000000000000000 ) ) ;
#3782 = EDGE_CURVE ( 'NONE', #4920, #3497, #3447, .T. ) ;
#3783 = ADVANCED_FACE ( 'NONE', ( #2331 ), #1212, .F. ) ;
#3784 = FACE_OUTER_BOUND ( 'NONE', #6325, .T. ) ;
#3785 = CARTESIAN_POINT ( 'NONE',  ( -12.60000000000000497, 9.449999999999999289, -1.770000000000000018 ) ) ;
#3786 = ORIENTED_EDGE ( 'NONE', *, *, #4758, .F. ) ;
#3787 = ORIENTED_EDGE ( 'NONE', *, *, #632, .T. ) ;
#3788 = ORIENTED_EDGE ( 'NONE', *, *, #7514, .F. ) ;
#3789 = DIRECTION ( 'NONE',  ( 1.000000000000000000, 0.000000000000000000, 0.000000000000000000 ) ) ;
#3790 = ORIENTED_EDGE ( 'NONE', *, *, #5512, .T. ) ;
#3791 = DIRECTION ( 'NONE',  ( -0.000000000000000000, -1.000000000000000000, -0.000000000000000000 ) ) ;
#3792 = ORIENTED_EDGE ( 'NONE', *, *, #3925, .T. ) ;
#3793 = PLANE ( 'NONE',  #5381 ) ;
#3794 = ORIENTED_EDGE ( 'NONE', *, *, #4341, .T. ) ;
#3795 = DIRECTION ( 'NONE',  ( -0.7071067811865473507, 0.7071067811865476838, 0.000000000000000000 ) ) ;
#3796 = LINE ( 'NONE', #7394, #2881 ) ;
#3797 = DIRECTION ( 'NONE',  ( 0.000000000000000000, 1.000000000000000000, 0.000000000000000000 ) ) ;
#3798 = AXIS2_PLACEMENT_3D ( 'NONE', #1543, #897, #7441 ) ;
#3799 = FACE_OUTER_BOUND ( 'NONE', #6910, .T. ) ;
#3800 = VECTOR ( 'NONE', #1693, 39.37007874015748143 ) ;
#3801 = VECTOR ( 'NONE', #6032, 39.37007874015748143 ) ;
#3802 = EDGE_LOOP ( 'NONE', ( #7492, #5078, #2631, #2159 ) ) ;
#3803 = LINE ( 'NONE', #4915, #2705 ) ;
#3804 = APPLICATION_PROTOCOL_DEFINITION ( 'draft international standard', 'automotive_design', 1998, #1224 ) ;
#3805 = CARTESIAN_POINT ( 'NONE',  ( -1.845227278524757653, -3.149999999999998579, -1.770000000000000018 ) ) ;
#3806 = CARTESIAN_POINT ( 'NONE',  ( 7.843561962427146206, 2.349999999999996092, 5.327103587645313572E-15 ) ) ;
#3807 = CARTESIAN_POINT ( 'NONE',  ( 6.344645669291334222, 2.249999999999996447, -1.340354330708658503 ) ) ;
#3808 = VERTEX_POINT ( 'NONE', #528 ) ;
#3809 = CIRCLE ( 'NONE', #7387, 0.3500000000000000888 ) ;
#3810 = VECTOR ( 'NONE', #5632, 39.37007874015748143 ) ;
#3811 = CARTESIAN_POINT ( 'NONE',  ( 6.344645669291334222, 1.999374015748015099, -1.009645669291334258 ) ) ;
#3812 = LINE ( 'NONE', #2661, #3944 ) ;
#3813 = VECTOR ( 'NONE', #2306, 39.37007874015748143 ) ;
#3814 =( NAMED_UNIT ( * ) PLANE_ANGLE_UNIT ( ) SI_UNIT ( $, .RADIAN. ) );
#3815 = CIRCLE ( 'NONE', #6155, 0.1653543307086615122 ) ;
#3816 = ORIENTED_EDGE ( 'NONE', *, *, #532, .T. ) ;
#3817 = LINE ( 'NONE', #3235, #6965 ) ;
#3818 = ORIENTED_EDGE ( 'NONE', *, *, #1838, .F. ) ;
#3819 = DIRECTION ( 'NONE',  ( 0.000000000000000000, 0.000000000000000000, 1.000000000000000000 ) ) ;
#3820 = PLANE ( 'NONE',  #3835 ) ;
#3821 = CARTESIAN_POINT ( 'NONE',  ( 11.60000000000002451, -8.449999999999999289, -1.719999999999999973 ) ) ;
#3822 = EDGE_CURVE ( 'NONE', #6716, #741, #6963, .T. ) ;
#3823 = VERTEX_POINT ( 'NONE', #1253 ) ;
#3824 = ORIENTED_EDGE ( 'NONE', *, *, #827, .F. ) ;
#3825 = VERTEX_POINT ( 'NONE', #4140 ) ;
#3826 = CYLINDRICAL_SURFACE ( 'NONE', #4784, 0.1377952755905512972 ) ;
#3827 = ORIENTED_EDGE ( 'NONE', *, *, #4251, .T. ) ;
#3828 = CARTESIAN_POINT ( 'NONE',  ( 11.46220472440947269, 8.449999999999999289, -0.9719999999999998641 ) ) ;
#3829 = VERTEX_POINT ( 'NONE', #2866 ) ;
#3830 = EDGE_CURVE ( 'NONE', #5411, #6505, #7108, .T. ) ;
#3831 = FACE_OUTER_BOUND ( 'NONE', #3766, .T. ) ;
#3832 = EDGE_CURVE ( 'NONE', #6803, #5732, #5200, .T. ) ;
#3833 = EDGE_CURVE ( 'NONE', #7555, #3327, #3516, .T. ) ;
#3834 = ORIENTED_EDGE ( 'NONE', *, *, #5801, .T. ) ;
#3835 = AXIS2_PLACEMENT_3D ( 'NONE', #903, #3238, #4891 ) ;
#3836 = ITEM_DEFINED_TRANSFORMATION ( 'NONE', 'NONE', #6480,  #5850 ) ;
#3837 = CARTESIAN_POINT ( 'NONE',  ( 8.145227278524741266, -9.449999999999999289, -1.770000000000000018 ) ) ;
#3838 = DIRECTION ( 'NONE',  ( -1.000000000000000000, 0.000000000000000000, -0.000000000000000000 ) ) ;
#3839 = DIRECTION ( 'NONE',  ( 1.892934042853975138E-15, 1.000000000000000000, -3.491481338843132961E-15 ) ) ;
#3840 = CARTESIAN_POINT ( 'NONE',  ( -1.845227278524757653, 9.550000000000000711, -1.770000000000000018 ) ) ;
#3841 = CARTESIAN_POINT ( 'NONE',  ( 7.860000000000005649, 1.999999999999992228, 1.750000000000009770 ) ) ;
#3842 = CARTESIAN_POINT ( 'NONE',  ( 25.13999999999999346, 66.39999999999999147, 0.6100000000000025402 ) ) ;
#3843 = ORIENTED_EDGE ( 'NONE', *, *, #4861, .F. ) ;
#3844 = CARTESIAN_POINT ( 'NONE',  ( -4.370956789862821150E-15, -1.254772721475247099, -1.770000000000000018 ) ) ;
#3845 = CARTESIAN_POINT ( 'NONE',  ( 7.854520654142387315, 2.262621361164570466, -0.2996381019629050235 ) ) ;
#3846 = DIRECTION ( 'NONE',  ( -0.000000000000000000, -0.000000000000000000, -1.000000000000000000 ) ) ;
#3847 = ORIENTED_EDGE ( 'NONE', *, *, #3618, .F. ) ;
#3848 = VECTOR ( 'NONE', #3851, 39.37007874015748143 ) ;
#3849 = DIRECTION ( 'NONE',  ( -0.000000000000000000, -0.000000000000000000, -1.000000000000000000 ) ) ;
#3850 = LINE ( 'NONE', #6199, #4173 ) ;
#3851 = DIRECTION ( 'NONE',  ( -0.7071067811865476838, -0.7071067811865473507, 0.000000000000000000 ) ) ;
#3852 = DIRECTION ( 'NONE',  ( 0.000000000000000000, 0.000000000000000000, -1.000000000000000000 ) ) ;
#3853 =( CONVERSION_BASED_UNIT ( 'INCH', #3198 ) LENGTH_UNIT ( ) NAMED_UNIT ( #1490 ) );
#3854 = ORIENTED_EDGE ( 'NONE', *, *, #5653, .F. ) ;
#3855 = DIRECTION ( 'NONE',  ( 0.000000000000000000, -1.000000000000000000, -3.434323192035072183E-15 ) ) ;
#3856 = ORIENTED_EDGE ( 'NONE', *, *, #1284, .T. ) ;
#3857 = DIRECTION ( 'NONE',  ( 1.720849129867249803E-15, 1.000000000000000000, 3.491481338843132961E-15 ) ) ;
#3858 = DIRECTION ( 'NONE',  ( -1.000000000000000000, 0.000000000000000000, 0.000000000000000000 ) ) ;
#3859 = CARTESIAN_POINT ( 'NONE',  ( -4.454772721475258379, -3.099999999999999201, -1.770000000000000018 ) ) ;
#3860 = ORIENTED_EDGE ( 'NONE', *, *, #3123, .F. ) ;
#3861 = EDGE_CURVE ( 'NONE', #6328, #3705, #6485, .T. ) ;
#3862 = ORIENTED_EDGE ( 'NONE', *, *, #5992, .F. ) ;
#3863 = AXIS2_PLACEMENT_3D ( 'NONE', #151, #3566, #653 ) ;
#3864 = ORIENTED_EDGE ( 'NONE', *, *, #5309, .T. ) ;
#3865 = VERTEX_POINT ( 'NONE', #1708 ) ;
#3866 = CARTESIAN_POINT ( 'NONE',  ( 1.509999999999995124, 23.14000000000000412, -0.2499999999999994726 ) ) ;
#3867 = PRODUCT ( 'LED iPoster -RH Back Support', 'LED iPoster -RH Back Support', '', ( #6235 ) ) ;
#3868 = ORIENTED_EDGE ( 'NONE', *, *, #1369, .F. ) ;
#3869 = CARTESIAN_POINT ( 'NONE',  ( -10.75477272147525909, 3.250000000000000444, -1.770000000000000018 ) ) ;
#3870 = VERTEX_POINT ( 'NONE', #5905 ) ;
#3871 = FACE_OUTER_BOUND ( 'NONE', #6407, .T. ) ;
#3872 = AXIS2_PLACEMENT_3D ( 'NONE', #1772, #5896, #1992 ) ;
#3873 = EDGE_CURVE ( 'NONE', #5067, #254, #3009, .T. ) ;
#3874 = DIRECTION ( 'NONE',  ( -1.000000000000000000, 0.000000000000000000, -0.000000000000000000 ) ) ;
#3875 = ORIENTED_EDGE ( 'NONE', *, *, #2233, .F. ) ;
#3876 = EDGE_CURVE ( 'NONE', #779, #2448, #7151, .T. ) ;
#3877 = VECTOR ( 'NONE', #4345, 39.37007874015748143 ) ;
#3878 = VECTOR ( 'NONE', #1320, 39.37007874015748143 ) ;
#3879 = CARTESIAN_POINT ( 'NONE',  ( -8.045227278524757608, 9.449999999999999289, -1.719999999999999973 ) ) ;
#3880 = DIRECTION ( 'NONE',  ( 1.000000000000000000, 0.000000000000000000, -0.000000000000000000 ) ) ;
#3881 = PRODUCT_DEFINITION ( 'UNKNOWN', '', #4744, #22 ) ;
#3882 = CARTESIAN_POINT ( 'NONE',  ( 12.59999999999999609, 7.704772721475247721, -1.719999999999999973 ) ) ;
#3883 = ADVANCED_FACE ( 'NONE', ( #1857 ), #6644, .F. ) ;
#3884 = DIRECTION ( 'NONE',  ( -1.000000000000000000, 0.000000000000000000, 0.000000000000000000 ) ) ;
#3885 = VECTOR ( 'NONE', #5476, 39.37007874015748854 ) ;
#3886 = EDGE_CURVE ( 'NONE', #5559, #6204, #4813, .T. ) ;
#3887 = VECTOR ( 'NONE', #498, 39.37007874015748143 ) ;
#3888 = AXIS2_PLACEMENT_3D ( 'NONE', #587, #6396, #5116 ) ;
#3889 = LINE ( 'NONE', #352, #3148 ) ;
#3890 = VERTEX_POINT ( 'NONE', #6014 ) ;
#3891 = DIRECTION ( 'NONE',  ( -1.000000000000000222, 0.000000000000000000, 0.000000000000000000 ) ) ;
#3892 = ORIENTED_EDGE ( 'NONE', *, *, #5463, .F. ) ;
#3893 = AXIS2_PLACEMENT_3D ( 'NONE', #5224, #3282, #7057 ) ;
#3894 = CARTESIAN_POINT ( 'NONE',  ( -4.454772721475258379, -3.099999999999999201, -1.719999999999999973 ) ) ;
#3895 = CARTESIAN_POINT ( 'NONE',  ( 7.846301635355956705, 2.258388240474247688, -0.009109563166084249861 ) ) ;
#3896 = DIRECTION ( 'NONE',  ( -1.000000000000000000, 2.731847993664263218E-17, 0.000000000000000000 ) ) ;
#3897 = CARTESIAN_POINT ( 'NONE',  ( 7.860000000000005649, 2.250000000000008882, 0.1000000000000095812 ) ) ;
#3898 = CARTESIAN_POINT ( 'NONE',  ( 1.209354858209618300, 19.18501125138071828, -0.2500000000000012212 ) ) ;
#3899 = CARTESIAN_POINT ( 'NONE',  ( 1.790872624858488305, 16.70033416803600801, -0.2500000000000012212 ) ) ;
#3900 = AXIS2_PLACEMENT_3D ( 'NONE', #48, #3620, #172 ) ;
#3901 = LINE ( 'NONE', #404, #129 ) ;
#3902 = SHAPE_REPRESENTATION_RELATIONSHIP ( 'NONE' , 'NONE' ,  #6547, #4780 ) ;
#3903 = ORIENTED_EDGE ( 'NONE', *, *, #60, .F. ) ;
#3904 = CARTESIAN_POINT ( 'NONE',  ( 5.984739045710472105, 5.904211647661679052, -0.2500000000000000555 ) ) ;
#3905 = VERTEX_POINT ( 'NONE', #7184 ) ;
#3906 = DIRECTION ( 'NONE',  ( 1.000000000000000000, 0.000000000000000000, 0.000000000000000000 ) ) ;
#3907 = DIRECTION ( 'NONE',  ( -3.304235192336779062E-15, 0.000000000000000000, -1.000000000000000000 ) ) ;
#3908 = AXIS2_PLACEMENT_3D ( 'NONE', #3572, #2988, #6033 ) ;
#3909 = CYLINDRICAL_SURFACE ( 'NONE', #5677, 0.1653543307086613734 ) ;
#3910 = ORIENTED_EDGE ( 'NONE', *, *, #1385, .F. ) ;
#3911 = ORIENTED_EDGE ( 'NONE', *, *, #2213, .T. ) ;
#3912 = VERTEX_POINT ( 'NONE', #678 ) ;
#3913 = FACE_OUTER_BOUND ( 'NONE', #4835, .T. ) ;
#3914 = ORIENTED_EDGE ( 'NONE', *, *, #5983, .T. ) ;
#3915 = LINE ( 'NONE', #3367, #4594 ) ;
#3916 = ORIENTED_EDGE ( 'NONE', *, *, #7122, .F. ) ;
#3917 = DIRECTION ( 'NONE',  ( -0.7071067811865473507, 0.7071067811865476838, 0.000000000000000000 ) ) ;
#3918 = LINE ( 'NONE', #232, #1632 ) ;
#3919 = EDGE_CURVE ( 'NONE', #741, #5130, #2439, .T. ) ;
#3920 = ORIENTED_EDGE ( 'NONE', *, *, #2488, .T. ) ;
#3921 = DIRECTION ( 'NONE',  ( 0.000000000000000000, -0.000000000000000000, 1.000000000000000000 ) ) ;
#3922 = EDGE_CURVE ( 'NONE', #2738, #1036, #2593, .T. ) ;
#3923 = CARTESIAN_POINT ( 'NONE',  ( 7.860000000000005649, 1.999999999999997780, 0.1000000000000084988 ) ) ;
#3924 = DIRECTION ( 'NONE',  ( 0.000000000000000000, -0.000000000000000000, -1.000000000000000000 ) ) ;
#3925 = EDGE_CURVE ( 'NONE', #5932, #3303, #1324, .T. ) ;
#3926 = EDGE_CURVE ( 'NONE', #5702, #2780, #4327, .T. ) ;
#3927 = ORIENTED_EDGE ( 'NONE', *, *, #3365, .F. ) ;
#3928 = ORIENTED_EDGE ( 'NONE', *, *, #453, .F. ) ;
#3929 = CARTESIAN_POINT ( 'NONE',  ( 3.631806092188872181, 20.23872322311160943, -0.2500000000000000555 ) ) ;
#3930 = DIRECTION ( 'NONE',  ( -0.7071067811865473507, 0.7071067811865476838, 0.000000000000000000 ) ) ;
#3931 = CARTESIAN_POINT ( 'NONE',  ( 8.145227278524741266, -9.449999999999999289, -1.719999999999999973 ) ) ;
#3932 = EDGE_CURVE ( 'NONE', #5937, #957, #1600, .T. ) ;
#3933 = DIRECTION ( 'NONE',  ( -0.000000000000000000, -0.000000000000000000, -1.000000000000000000 ) ) ;
#3934 = EDGE_CURVE ( 'NONE', #3200, #5428, #4258, .T. ) ;
#3935 = AXIS2_PLACEMENT_3D ( 'NONE', #4669, #605, #3013 ) ;
#3936 = AXIS2_PLACEMENT_3D ( 'NONE', #1289, #2367, #1858 ) ;
#3937 = EDGE_CURVE ( 'NONE', #2209, #4812, #3688, .T. ) ;
#3938 = CARTESIAN_POINT ( 'NONE',  ( 11.73779527559057634, -8.449999999999999289, -1.645000000000000018 ) ) ;
#3939 = CARTESIAN_POINT ( 'NONE',  ( -4.370956789862821150E-15, -1.254772721475247099, -1.719999999999999973 ) ) ;
#3940 = CARTESIAN_POINT ( 'NONE',  ( 62.93999999999999773, -1.750000000000017319, -9.971245176874560452E-15 ) ) ;
#3941 = VERTEX_POINT ( 'NONE', #4216 ) ;
#3942 = CARTESIAN_POINT ( 'NONE',  ( 1.409999999999980380, 3.000000000000023537, -0.8346456692913232223 ) ) ;
#3943 = ORIENTED_EDGE ( 'NONE', *, *, #5936, .F. ) ;
#3944 = VECTOR ( 'NONE', #3233, 39.37007874015748143 ) ;
#3945 = CARTESIAN_POINT ( 'NONE',  ( -8.145227278524757253, -3.149999999999998579, -1.719999999999999973 ) ) ;
#3946 = FACE_OUTER_BOUND ( 'NONE', #5340, .T. ) ;
#3947 = CARTESIAN_POINT ( 'NONE',  ( -1.845227278524757653, 3.250000000000000444, -1.719999999999999973 ) ) ;
#3948 = VECTOR ( 'NONE', #6854, 39.37007874015748143 ) ;
#3949 = VECTOR ( 'NONE', #101, 39.37007874015748143 ) ;
#3950 =( BOUNDED_CURVE ( )  B_SPLINE_CURVE ( 3, ( #2188, #2763, #3929, #4530 ),
 .UNSPECIFIED., .F., .T. ) 
 B_SPLINE_CURVE_WITH_KNOTS ( ( 4, 4 ),
 ( 3.141592653589793116, 6.283185307179586232 ),
 .UNSPECIFIED. ) 
 CURVE ( )  GEOMETRIC_REPRESENTATION_ITEM ( )  RATIONAL_B_SPLINE_CURVE ( ( 1.000000000000000000, 0.3333333333333333703, 0.3333333333333333703, 1.000000000000000000 ) ) 
 REPRESENTATION_ITEM ( '' )  );
#3951 = VERTEX_POINT ( 'NONE', #6564 ) ;
#3952 = EDGE_LOOP ( 'NONE', ( #952, #976, #2313, #5714 ) ) ;
#3953 = DIRECTION ( 'NONE',  ( -0.000000000000000000, -0.000000000000000000, -1.000000000000000000 ) ) ;
#3954 = VERTEX_POINT ( 'NONE', #2010 ) ;
#3955 = CARTESIAN_POINT ( 'NONE',  ( 10.75477272147524310, -9.449999999999999289, -1.719999999999999973 ) ) ;
#3956 = VERTEX_POINT ( 'NONE', #1287 ) ;
#3957 = CARTESIAN_POINT ( 'NONE',  ( 1.509999999999995124, 23.14000000000000412, -0.2500000000000005551 ) ) ;
#3958 = VERTEX_POINT ( 'NONE', #6727 ) ;
#3959 = CARTESIAN_POINT ( 'NONE',  ( 7.860000000000003872, 1.999999999999995781, -0.3499999999999958700 ) ) ;
#3960 = DIRECTION ( 'NONE',  ( 0.000000000000000000, 0.000000000000000000, 1.000000000000000000 ) ) ;
#3961 = DIRECTION ( 'NONE',  ( 1.892934042853975138E-15, 1.000000000000000000, -3.590428791673030081E-15 ) ) ;
#3962 = AXIS2_PLACEMENT_3D ( 'NONE', #6948, #1622, #3323 ) ;
#3963 = ADVANCED_FACE ( 'NONE', ( #6604 ), #5977, .F. ) ;
#3964 = ORIENTED_EDGE ( 'NONE', *, *, #1513, .F. ) ;
#3965 = SHAPE_DEFINITION_REPRESENTATION ( #6631, #6547 ) ;
#3966 = ORIENTED_EDGE ( 'NONE', *, *, #2041, .T. ) ;
#3967 = CARTESIAN_POINT ( 'NONE',  ( 7.860000000000005649, 1.999999999999992228, 1.750000000000009770 ) ) ;
#3968 = DIRECTION ( 'NONE',  ( -0.000000000000000000, -0.000000000000000000, 1.000000000000000000 ) ) ;
#3969 = CARTESIAN_POINT ( 'NONE',  ( 1.409999999999996811, 23.14000000000000412, 0.1000000000000037109 ) ) ;
#3970 = AXIS2_PLACEMENT_3D ( 'NONE', #6860, #846, #1574 ) ;
#3971 = EDGE_CURVE ( 'NONE', #6612, #5320, #3045, .T. ) ;
#3972 = DIRECTION ( 'NONE',  ( -0.7071067811865473507, 0.7071067811865476838, 0.000000000000000000 ) ) ;
#3973 = EDGE_CURVE ( 'NONE', #5806, #6490, #2212, .T. ) ;
#3974 = CARTESIAN_POINT ( 'NONE',  ( 4.675354330708656470, 1.999374015748018651, 1.090354330708671604 ) ) ;
#3975 = EDGE_CURVE ( 'NONE', #1507, #3905, #1366, .T. ) ;
#3976 = DIRECTION ( 'NONE',  ( -0.000000000000000000, -0.000000000000000000, -1.000000000000000000 ) ) ;
#3977 = VERTEX_POINT ( 'NONE', #3128 ) ;
#3978 = DIRECTION ( 'NONE',  ( 0.000000000000000000, 3.304235192336770779E-15, 1.000000000000000000 ) ) ;
#3979 = EDGE_CURVE ( 'NONE', #4671, #5346, #832, .T. ) ;
#3980 = ORIENTED_EDGE ( 'NONE', *, *, #3313, .F. ) ;
#3981 = FACE_OUTER_BOUND ( 'NONE', #2176, .T. ) ;
#3982 = VECTOR ( 'NONE', #7366, 39.37007874015748143 ) ;
#3983 = EDGE_CURVE ( 'NONE', #4144, #3244, #5507, .T. ) ;
#3984 = ADVANCED_FACE ( 'NONE', ( #7383, #5125, #6217, #379, #6802 ), #5011, .F. ) ;
#3985 = CIRCLE ( 'NONE', #6811, 0.1377952755905512972 ) ;
#3986 = VERTEX_POINT ( 'NONE', #4513 ) ;
#3987 = ORIENTED_EDGE ( 'NONE', *, *, #6693, .T. ) ;
#3988 = CARTESIAN_POINT ( 'NONE',  ( 4.454772721475242392, -3.149999999999998579, -1.770000000000000018 ) ) ;
#3989 = EDGE_LOOP ( 'NONE', ( #5631, #2841, #794, #6420 ) ) ;
#3990 = CARTESIAN_POINT ( 'NONE',  ( 4.344645669291333334, 2.000000000000000888, 0.9250000000000102585 ) ) ;
#3991 = ORIENTED_EDGE ( 'NONE', *, *, #7172, .T. ) ;
#3992 = CARTESIAN_POINT ( 'NONE',  ( 10.75477272147524310, 3.250000000000000444, -1.719999999999999973 ) ) ;
#3993 =( REPRESENTATION_RELATIONSHIP ('NONE','NONE', #754, #3642 ) REPRESENTATION_RELATIONSHIP_WITH_TRANSFORMATION ( #1605 )SHAPE_REPRESENTATION_RELATIONSHIP( ) );
#3994 =( REPRESENTATION_RELATIONSHIP ('NONE','NONE', #754, #6547 ) REPRESENTATION_RELATIONSHIP_WITH_TRANSFORMATION ( #269 )SHAPE_REPRESENTATION_RELATIONSHIP( ) );
#3995 = ORIENTED_EDGE ( 'NONE', *, *, #2794, .T. ) ;
#3996 = AXIS2_PLACEMENT_3D ( 'NONE', #7161, #1302, #6619 ) ;
#3997 = LINE ( 'NONE', #3145, #4779 ) ;
#3998 = CARTESIAN_POINT ( 'NONE',  ( 7.854520654142384650, 2.044174764076005069, -0.1737333568701807107 ) ) ;
#3999 = AXIS2_PLACEMENT_3D ( 'NONE', #4896, #6055, #2096 ) ;
#4000 = LINE ( 'NONE', #6366, #2442 ) ;
#4001 = PRODUCT_DEFINITION_SHAPE ( 'NONE', 'NONE',  #7607 ) ;
#4002 = CARTESIAN_POINT ( 'NONE',  ( 4.529999999999996696, 0.2500000000000000000, 7.930136022756444802 ) ) ;
#4003 = VECTOR ( 'NONE', #4416, 39.37007874015748143 ) ;
#4004 = VECTOR ( 'NONE', #1884, 39.37007874015748854 ) ;
#4005 = ORIENTED_EDGE ( 'NONE', *, *, #4071, .F. ) ;
#4006 = CONTEXT_DEPENDENT_SHAPE_REPRESENTATION ( #5839, #5150 ) ;
#4007 = VERTEX_POINT ( 'NONE', #416 ) ;
#4008 = LINE ( 'NONE', #5107, #6046 ) ;
#4009 = CARTESIAN_POINT ( 'NONE',  ( -11.46220472440947269, -8.449999999999999289, -1.645000000000000018 ) ) ;
#4010 = DIRECTION ( 'NONE',  ( 1.000000000000000000, -0.000000000000000000, 3.512375991854052315E-15 ) ) ;
#4011 = VECTOR ( 'NONE', #2190, 39.37007874015748143 ) ;
#4012 = VECTOR ( 'NONE', #5845, 39.37007874015748143 ) ;
#4013 = DIRECTION ( 'NONE',  ( 0.000000000000000000, 0.000000000000000000, 1.000000000000000000 ) ) ;
#4014 = AXIS2_PLACEMENT_3D ( 'NONE', #3418, #2844, #2261 ) ;
#4015 = LINE ( 'NONE', #2193, #4544 ) ;
#4016 = EDGE_LOOP ( 'NONE', ( #6805, #505, #313, #4505 ) ) ;
#4017 = CARTESIAN_POINT ( 'NONE',  ( -12.60000000000000497, -9.449999999999999289, -1.770000000000000018 ) ) ;
#4018 = VERTEX_POINT ( 'NONE', #7343 ) ;
#4019 = CARTESIAN_POINT ( 'NONE',  ( 4.675354330708657358, 2.249999999999999556, -1.340354330708658503 ) ) ;
#4020 = CARTESIAN_POINT ( 'NONE',  ( 7.860000000000003872, 1.999999999999997780, -0.2499999999999956979 ) ) ;
#4021 = EDGE_CURVE ( 'NONE', #2989, #2380, #2584, .T. ) ;
#4022 = CARTESIAN_POINT ( 'NONE',  ( -6.300000000000004263, -4.995227278524752457, -1.770000000000000018 ) ) ;
#4023 = EDGE_CURVE ( 'NONE', #1843, #6794, #5591, .T. ) ;
#4024 = ORIENTED_EDGE ( 'NONE', *, *, #219, .T. ) ;
#4025 = CARTESIAN_POINT ( 'NONE',  ( 10.75477272147524310, -3.149999999999998579, -1.770000000000000018 ) ) ;
#4026 = EDGE_LOOP ( 'NONE', ( #791, #6809, #1235, #4958 ) ) ;
#4027 = EDGE_CURVE ( 'NONE', #5176, #4326, #2094, .T. ) ;
#4028 = AXIS2_PLACEMENT_3D ( 'NONE', #1390, #5968, #132 ) ;
#4029 = LINE ( 'NONE', #6370, #4474 ) ;
#4030 = ORIENTED_EDGE ( 'NONE', *, *, #7546, .F. ) ;
#4031 = CARTESIAN_POINT ( 'NONE',  ( -7.029999999999996696, 0.2500000000000000000, 9.390000000000002345 ) ) ;
#4032 = DIRECTION ( 'NONE',  ( 1.000000000000000000, 3.434323192035072971E-15, -3.512375991854046399E-15 ) ) ;
#4033 = ORIENTED_EDGE ( 'NONE', *, *, #4572, .F. ) ;
#4034 = CARTESIAN_POINT ( 'NONE',  ( 6.675354330708656470, 2.249999999999997780, 0.7596456692913496900 ) ) ;
#4035 = CONTEXT_DEPENDENT_SHAPE_REPRESENTATION ( #304, #685 ) ;
#4036 = DIRECTION ( 'NONE',  ( 0.000000000000000000, 0.000000000000000000, -1.000000000000000000 ) ) ;
#4037 = CARTESIAN_POINT ( 'NONE',  ( -4.454772721475258379, -9.449999999999999289, -1.719999999999999973 ) ) ;
#4038 = CARTESIAN_POINT ( 'NONE',  ( 4.529999999999996696, 0.2500000000000000000, 7.930136022756444802 ) ) ;
#4039 = EDGE_LOOP ( 'NONE', ( #1346, #7362, #5140, #3790 ) ) ;
#4040 = ORIENTED_EDGE ( 'NONE', *, *, #2796, .T. ) ;
#4041 = DIRECTION ( 'NONE',  ( -0.000000000000000000, -0.000000000000000000, -1.000000000000000000 ) ) ;
#4042 = CARTESIAN_POINT ( 'NONE',  ( -10.75477272147525909, -3.099999999999999201, -1.719999999999999973 ) ) ;
#4043 = CARTESIAN_POINT ( 'NONE',  ( -6.300000000000008704, 5.095227278524751213, -1.719999999999999973 ) ) ;
#4044 = CARTESIAN_POINT ( 'NONE',  ( 7.843561962427146206, 2.349999999999996092, 5.531992187170133264E-15 ) ) ;
#4045 = LINE ( 'NONE', #2269, #3556 ) ;
#4046 = DIRECTION ( 'NONE',  ( 0.000000000000000000, 0.000000000000000000, 1.000000000000000222 ) ) ;
#4047 = VERTEX_POINT ( 'NONE', #870 ) ;
#4048 = LINE ( 'NONE', #4541, #2151 ) ;
#4049 = ORIENTED_EDGE ( 'NONE', *, *, #1042, .T. ) ;
#4050 = CYLINDRICAL_SURFACE ( 'NONE', #5723, 0.1653543307086607073 ) ;
#4051 = AXIS2_PLACEMENT_3D ( 'NONE', #5240, #531, #5866 ) ;
#4052 = AXIS2_PLACEMENT_3D ( 'NONE', #684, #7232, #6488 ) ;
#4053 = LENGTH_MEASURE_WITH_UNIT ( LENGTH_MEASURE( 0.02539999999999999897 ), #5080 );
#4054 = FACE_OUTER_BOUND ( 'NONE', #7539, .T. ) ;
#4055 = CARTESIAN_POINT ( 'NONE',  ( 7.844931798891551900, 2.304185107135144239, -0.2499999999999944766 ) ) ;
#4056 = DIRECTION ( 'NONE',  ( 0.000000000000000000, 0.000000000000000000, -1.000000000000000000 ) ) ;
#4057 = AXIS2_PLACEMENT_3D ( 'NONE', #4092, #1271, #1766 ) ;
#4058 = CIRCLE ( 'NONE', #859, 10.04786461282786547 ) ;
#4059 = ORIENTED_EDGE ( 'NONE', *, *, #6331, .F. ) ;
#4060 = DIRECTION ( 'NONE',  ( 1.000000000000000000, -1.892934042853974744E-15, 8.604245649336249508E-17 ) ) ;
#4061 = PRODUCT_DEFINITION_SHAPE ( 'NONE', 'NONE',  #7583 ) ;
#4062 = VERTEX_POINT ( 'NONE', #3866 ) ;
#4063 = DIRECTION ( 'NONE',  ( 1.000000000000000000, 0.000000000000000000, 0.000000000000000000 ) ) ;
#4064 = CARTESIAN_POINT ( 'NONE',  ( 1.409999999999979714, 19.90000000000002345, -0.9999999999999839018 ) ) ;
#4065 = VECTOR ( 'NONE', #4955, 39.37007874015748143 ) ;
#4066 = EDGE_CURVE ( 'NONE', #7423, #3986, #7494, .T. ) ;
#4067 = AXIS2_PLACEMENT_3D ( 'NONE', #2831, #1744, #643 ) ;
#4068 = ORIENTED_EDGE ( 'NONE', *, *, #366, .F. ) ;
#4069 = DIRECTION ( 'NONE',  ( 0.7071067811865473507, -0.7071067811865476838, 0.000000000000000000 ) ) ;
#4070 = VECTOR ( 'NONE', #5680, 39.37007874015748143 ) ;
#4071 = EDGE_CURVE ( 'NONE', #4175, #4215, #1027, .T. ) ;
#4072 = DIRECTION ( 'NONE',  ( -3.304235192336789711E-15, 0.000000000000000000, -1.000000000000000000 ) ) ;
#4073 = EDGE_CURVE ( 'NONE', #3472, #2720, #1518, .T. ) ;
#4074 = DIRECTION ( 'NONE',  ( -1.000000000000000000, 8.537024980200837349E-17, -3.512375991854052315E-15 ) ) ;
#4075 = DIRECTION ( 'NONE',  ( -0.8635486968584794587, -0.000000000000000000, 0.5042654540557204301 ) ) ;
#4076 = ADVANCED_FACE ( 'NONE', ( #2052 ), #7422, .F. ) ;
#4077 = VERTEX_POINT ( 'NONE', #4477 ) ;
#4078 = CONTEXT_DEPENDENT_SHAPE_REPRESENTATION ( #7538, #616 ) ;
#4079 = ORIENTED_EDGE ( 'NONE', *, *, #5657, .F. ) ;
#4080 = CARTESIAN_POINT ( 'NONE',  ( 12.59999999999999609, 5.095227278524752990, -1.719999999999999973 ) ) ;
#4081 = CARTESIAN_POINT ( 'NONE',  ( 1.409999999999993703, 19.90000000000005542, 0.9153543307086988712 ) ) ;
#4082 = CYLINDRICAL_SURFACE ( 'NONE', #1892, 0.1653543307086607073 ) ;
#4083 = DIRECTION ( 'NONE',  ( 0.000000000000000000, 0.000000000000000000, 1.000000000000000000 ) ) ;
#4084 = VECTOR ( 'NONE', #4430, 39.37007874015748143 ) ;
#4085 = DIRECTION ( 'NONE',  ( 1.000000000000000000, 0.000000000000000000, 0.000000000000000000 ) ) ;
#4086 = VERTEX_POINT ( 'NONE', #3364 ) ;
#4087 = DIRECTION ( 'NONE',  ( 3.304235192336789711E-15, 0.000000000000000000, -1.000000000000000000 ) ) ;
#4088 = AXIS2_PLACEMENT_3D ( 'NONE', #3487, #6271, #3456 ) ;
#4089 = ORIENTED_EDGE ( 'NONE', *, *, #7317, .T. ) ;
#4090 = LINE ( 'NONE', #2853, #574 ) ;
#4091 =( REPRESENTATION_RELATIONSHIP ('NONE','NONE', #754, #2904 ) REPRESENTATION_RELATIONSHIP_WITH_TRANSFORMATION ( #4222 )SHAPE_REPRESENTATION_RELATIONSHIP( ) );
#4092 = CARTESIAN_POINT ( 'NONE',  ( 6.675354330708656470, 1.999999999999997335, 0.9250000000000102585 ) ) ;
#4093 = CARTESIAN_POINT ( 'NONE',  ( 12.59999999999999609, 7.704772721475247721, -1.719999999999999973 ) ) ;
#4094 = DIRECTION ( 'NONE',  ( -0.000000000000000000, -0.000000000000000000, -1.000000000000000000 ) ) ;
#4095 = ORIENTED_EDGE ( 'NONE', *, *, #877, .T. ) ;
#4096 = PLANE ( 'NONE',  #6715 ) ;
#4097 = CARTESIAN_POINT ( 'NONE',  ( 7.854520654142385538, 2.044174764076005069, -0.07626664312980843685 ) ) ;
#4098 = ORIENTED_EDGE ( 'NONE', *, *, #5454, .F. ) ;
#4099 = CARTESIAN_POINT ( 'NONE',  ( -11.73779527559057634, 8.449999999999999289, -0.9719999999999998641 ) ) ;
#4100 = ADVANCED_FACE ( 'NONE', ( #4398 ), #6766, .F. ) ;
#4101 = ORIENTED_EDGE ( 'NONE', *, *, #5041, .T. ) ;
#4102 = FACE_OUTER_BOUND ( 'NONE', #2239, .T. ) ;
#4103 = CARTESIAN_POINT ( 'NONE',  ( 1.409999999999979714, 19.90000000000002345, -0.9999999999999839018 ) ) ;
#4104 = LINE ( 'NONE', #3338, #6865 ) ;
#4105 = FACE_OUTER_BOUND ( 'NONE', #912, .T. ) ;
#4106 = ADVANCED_FACE ( 'NONE', ( #3913 ), #985, .F. ) ;
#4107 = ORIENTED_EDGE ( 'NONE', *, *, #6595, .T. ) ;
#4108 = VECTOR ( 'NONE', #3758, 39.37007874015748143 ) ;
#4109 = ORIENTED_EDGE ( 'NONE', *, *, #3926, .F. ) ;
#4110 = CARTESIAN_POINT ( 'NONE',  ( 7.860000000000003872, 2.083333333333330817, -0.3499999999999958145 ) ) ;
#4111 = CARTESIAN_POINT ( 'NONE',  ( 1.409999999999976161, 2.000000000000001776, -1.999999999999983569 ) ) ;
#4112 = FACE_OUTER_BOUND ( 'NONE', #5496, .T. ) ;
#4113 = EDGE_CURVE ( 'NONE', #1547, #1922, #6139, .T. ) ;
#4114 = DIRECTION ( 'NONE',  ( -0.7071067811865475727, 0.7071067811865475727, 0.000000000000000000 ) ) ;
#4115 = EDGE_CURVE ( 'NONE', #4873, #3954, #6399, .T. ) ;
#4116 = DIRECTION ( 'NONE',  ( 1.892934042853975138E-15, 1.000000000000000000, -3.590428791673030081E-15 ) ) ;
#4117 = CIRCLE ( 'NONE', #3623, 0.3500000000000000888 ) ;
#4118 = PRODUCT_DEFINITION_SHAPE ( 'NONE', 'NONE',  #7599 ) ;
#4119 = CARTESIAN_POINT ( 'NONE',  ( 2.185860046268665258, 22.89000000000000412, 0.000000000000000000 ) ) ;
#4120 = DIRECTION ( 'NONE',  ( 0.000000000000000000, 0.000000000000000000, 1.000000000000000222 ) ) ;
#4121 = ORIENTED_EDGE ( 'NONE', *, *, #1983, .T. ) ;
#4122 = CARTESIAN_POINT ( 'NONE',  ( 4.187864042533941067, 14.83317831032973011, 0.000000000000000000 ) ) ;
#4123 = VECTOR ( 'NONE', #2953, 39.37007874015748854 ) ;
#4124 = AXIS2_PLACEMENT_3D ( 'NONE', #787, #3665, #5422 ) ;
#4125 = ORIENTED_EDGE ( 'NONE', *, *, #1665, .T. ) ;
#4126 = DIRECTION ( 'NONE',  ( 0.000000000000000000, 0.000000000000000000, 1.000000000000000000 ) ) ;
#4127 = DIRECTION ( 'NONE',  ( 1.000000000000000000, -0.000000000000000000, 3.512375991854052315E-15 ) ) ;
#4128 = VECTOR ( 'NONE', #571, 39.37007874015748143 ) ;
#4129 = PLANE ( 'NONE',  #3548 ) ;
#4130 = CARTESIAN_POINT ( 'NONE',  ( 5.399089659523567342, 16.17579296006381284, -0.2500000000000012212 ) ) ;
#4131 = ORIENTED_EDGE ( 'NONE', *, *, #5604, .F. ) ;
#4132 =( REPRESENTATION_RELATIONSHIP ('NONE','NONE', #754, #6547 ) REPRESENTATION_RELATIONSHIP_WITH_TRANSFORMATION ( #4866 )SHAPE_REPRESENTATION_RELATIONSHIP( ) );
#4133 = LINE ( 'NONE', #6477, #1415 ) ;
#4134 = FACE_OUTER_BOUND ( 'NONE', #227, .T. ) ;
#4135 = ORIENTED_EDGE ( 'NONE', *, *, #2552, .F. ) ;
#4136 = VECTOR ( 'NONE', #6400, 39.37007874015748143 ) ;
#4137 = LINE ( 'NONE', #5859, #187 ) ;
#4138 = ORIENTED_EDGE ( 'NONE', *, *, #1189, .F. ) ;
#4139 = AXIS2_PLACEMENT_3D ( 'NONE', #3084, #3583, #6670 ) ;
#4140 = CARTESIAN_POINT ( 'NONE',  ( 1.409999999999994147, 23.14000000000000412, 0.7500000000000056621 ) ) ;
#4141 = CARTESIAN_POINT ( 'NONE',  ( 4.344645669291334222, 2.250000000000000444, -1.340354330708658503 ) ) ;
#4142 = CARTESIAN_POINT ( 'NONE',  ( 1.159999999999987041, 23.14000000000000412, 0.7500000000000064393 ) ) ;
#4143 = LINE ( 'NONE', #5352, #6402 ) ;
#4144 = VERTEX_POINT ( 'NONE', #5549 ) ;
#4145 = EDGE_CURVE ( 'NONE', #6454, #5480, #2169, .T. ) ;
#4146 = ITEM_DEFINED_TRANSFORMATION ( 'NONE', 'NONE', #1319,  #5850 ) ;
#4147 = ORIENTED_EDGE ( 'NONE', *, *, #2309, .T. ) ;
#4148 = CARTESIAN_POINT ( 'NONE',  ( 4.187864042533941067, 15.64893697419836904, -0.2500000000000000555 ) ) ;
#4149 = LINE ( 'NONE', #3684, #3121 ) ;
#4150 = FILL_AREA_STYLE ('',( #1865 ) ) ;
#4151 = FACE_OUTER_BOUND ( 'NONE', #931, .T. ) ;
#4152 = ADVANCED_FACE ( 'NONE', ( #1591 ), #3826, .F. ) ;
#4153 = EDGE_CURVE ( 'NONE', #7287, #445, #558, .T. ) ;
#4154 = CARTESIAN_POINT ( 'NONE',  ( -7.029999999999996696, 0.2500000000000000000, 9.390000000000002345 ) ) ;
#4155 = DIRECTION ( 'NONE',  ( 1.000000000000000000, 3.434323192035072971E-15, -3.512375991854046399E-15 ) ) ;
#4156 = EDGE_LOOP ( 'NONE', ( #5474, #7533, #5355, #5548 ) ) ;
#4157 = PLANE ( 'NONE',  #3135 ) ;
#4158 = VERTEX_POINT ( 'NONE', #523 ) ;
#4159 = ADVANCED_FACE ( 'NONE', ( #6994 ), #2860, .T. ) ;
#4160 = CARTESIAN_POINT ( 'NONE',  ( 4.187864042533941067, 15.64893697419836904, 0.000000000000000000 ) ) ;
#4161 = EDGE_CURVE ( 'NONE', #6997, #1785, #3815, .T. ) ;
#4162 = ORIENTED_EDGE ( 'NONE', *, *, #4886, .F. ) ;
#4163 = LINE ( 'NONE', #1805, #6010 ) ;
#4164 = EDGE_CURVE ( 'NONE', #5130, #5053, #6329, .T. ) ;
#4165 = LINE ( 'NONE', #665, #1824 ) ;
#4166 = LINE ( 'NONE', #1314, #826 ) ;
#4167 = EDGE_LOOP ( 'NONE', ( #6088, #68 ) ) ;
#4168 = VERTEX_POINT ( 'NONE', #1627 ) ;
#4169 = CARTESIAN_POINT ( 'NONE',  ( 8.145227278524741266, -3.149999999999997691, -1.719999999999999973 ) ) ;
#4170 = ORIENTED_EDGE ( 'NONE', *, *, #6414, .F. ) ;
#4171 = VECTOR ( 'NONE', #6144, 39.37007874015748143 ) ;
#4172 = CARTESIAN_POINT ( 'NONE',  ( 10.75477272147524310, -3.099999999999999201, -1.770000000000000018 ) ) ;
#4173 = VECTOR ( 'NONE', #934, 39.37007874015748143 ) ;
#4174 = AXIS2_PLACEMENT_3D ( 'NONE', #4956, #3852, #4923 ) ;
#4175 = VERTEX_POINT ( 'NONE', #2393 ) ;
#4176 = DIRECTION ( 'NONE',  ( -1.000000000000000000, -0.000000000000000000, 3.613946018757868503E-15 ) ) ;
#4177 = DIRECTION ( 'NONE',  ( -1.000000000000000000, 0.000000000000000000, 0.000000000000000000 ) ) ;
#4178 = MECHANICAL_DESIGN_GEOMETRIC_PRESENTATION_REPRESENTATION (  '', ( #252 ), #7262 ) ;
#4179 = DIRECTION ( 'NONE',  ( 1.000000000000000000, 0.000000000000000000, 0.000000000000000000 ) ) ;
#4180 = VECTOR ( 'NONE', #792, 39.37007874015748143 ) ;
#4181 = PRODUCT_DEFINITION_SHAPE ( 'NONE', 'NONE',  #7582 ) ;
#4182 = CARTESIAN_POINT ( 'NONE',  ( 1.159999999999995257, 23.14000000000000412, -0.2500000000000000000 ) ) ;
#4183 = ORIENTED_EDGE ( 'NONE', *, *, #154, .T. ) ;
#4184 = VECTOR ( 'NONE', #3933, 39.37007874015748143 ) ;
#4185 = VECTOR ( 'NONE', #7028, 39.37007874015748143 ) ;
#4186 = VERTEX_POINT ( 'NONE', #4729 ) ;
#4187 = ORIENTED_EDGE ( 'NONE', *, *, #1385, .T. ) ;
#4188 = LINE ( 'NONE', #652, #3266 ) ;
#4189 = LINE ( 'NONE', #1830, #6714 ) ;
#4190 = ADVANCED_FACE ( 'NONE', ( #3470 ), #3435, .F. ) ;
#4191 = CARTESIAN_POINT ( 'NONE',  ( -44.04411790607416322, -0.2623335308197394244, -0.2500000000000000000 ) ) ;
#4192 = EDGE_CURVE ( 'NONE', #2780, #4575, #2354, .T. ) ;
#4193 = CARTESIAN_POINT ( 'NONE',  ( -6.924606895954950936, 11.70033416803600801, 0.000000000000000000 ) ) ;
#4194 = DIRECTION ( 'NONE',  ( -1.000000000000000222, 0.000000000000000000, 0.000000000000000000 ) ) ;
#4195 = ORIENTED_EDGE ( 'NONE', *, *, #3359, .T. ) ;
#4196 = CARTESIAN_POINT ( 'NONE',  ( 5.984739045710472105, 5.904211647661679052, -0.2500000000000000555 ) ) ;
#4197 = ORIENTED_EDGE ( 'NONE', *, *, #4839, .F. ) ;
#4198 = EDGE_CURVE ( 'NONE', #7419, #3200, #5854, .T. ) ;
#4199 = LINE ( 'NONE', #2497, #322 ) ;
#4200 = VERTEX_POINT ( 'NONE', #3511 ) ;
#4201 = CARTESIAN_POINT ( 'NONE',  ( 11.60000000000002451, -8.449999999999999289, -1.645000000000000018 ) ) ;
#4202 = EDGE_CURVE ( 'NONE', #6226, #1330, #2767, .T. ) ;
#4203 = CARTESIAN_POINT ( 'NONE',  ( -11.73659041599845310, -8.468182305476803506, -1.719999999999999973 ) ) ;
#4204 = EDGE_CURVE ( 'NONE', #3303, #7328, #2899, .T. ) ;
#4205 = DIRECTION ( 'NONE',  ( -3.512375991854052315E-15, 8.537024980200927328E-17, 1.000000000000000000 ) ) ;
#4206 = PLANE ( 'NONE',  #785 ) ;
#4207 = ADVANCED_FACE ( 'NONE', ( #5165 ), #5779, .F. ) ;
#4208 = AXIS2_PLACEMENT_3D ( 'NONE', #1398, #3746, #6095 ) ;
#4209 = EDGE_LOOP ( 'NONE', ( #5610, #6293, #3644, #4434 ) ) ;
#4210 = DIRECTION ( 'NONE',  ( 1.000000000000000000, 0.000000000000000000, 0.000000000000000000 ) ) ;
#4211 = ORIENTED_EDGE ( 'NONE', *, *, #972, .T. ) ;
#4212 = CARTESIAN_POINT ( 'NONE',  ( -1.845227278524757653, 3.250000000000000444, -1.770000000000000018 ) ) ;
#4213 = EDGE_CURVE ( 'NONE', #6436, #4062, #6586, .T. ) ;
#4214 = ORIENTED_EDGE ( 'NONE', *, *, #3922, .F. ) ;
#4215 = VERTEX_POINT ( 'NONE', #4585 ) ;
#4216 = CARTESIAN_POINT ( 'NONE',  ( -1.745227278524757564, 9.449999999999999289, -1.719999999999999973 ) ) ;
#4217 = CARTESIAN_POINT ( 'NONE',  ( 2.420580475199245019, 19.71186723724616385, -0.2500000000000000555 ) ) ;
#4218 = CIRCLE ( 'NONE', #2864, 0.1653543307086612346 ) ;
#4219 = LINE ( 'NONE', #2669, #5256 ) ;
#4220 = ORIENTED_EDGE ( 'NONE', *, *, #6378, .F. ) ;
#4221 = VERTEX_POINT ( 'NONE', #6406 ) ;
#4222 = ITEM_DEFINED_TRANSFORMATION ( 'NONE', 'NONE', #3908,  #5850 ) ;
#4223 = ORIENTED_EDGE ( 'NONE', *, *, #4938, .T. ) ;
#4224 = LINE ( 'NONE', #7116, #4492 ) ;
#4225 = SURFACE_STYLE_FILL_AREA ( #4150 ) ;
#4226 = DIRECTION ( 'NONE',  ( 1.000000000000000000, -0.000000000000000000, -3.512375991854052315E-15 ) ) ;
#4227 = CARTESIAN_POINT ( 'NONE',  ( 11.60000000000002451, -8.449999999999999289, -1.645000000000000018 ) ) ;
#4228 = PLANE ( 'NONE',  #1402 ) ;
#4229 = DIRECTION ( 'NONE',  ( 0.000000000000000000, -3.304235192336776301E-15, 1.000000000000000000 ) ) ;
#4230 = CARTESIAN_POINT ( 'NONE',  ( 125.9399999999999977, 9.700000000000001066, 0.6100000000000025402 ) ) ;
#4231 = ORIENTED_EDGE ( 'NONE', *, *, #4392, .F. ) ;
#4232 = PLANE ( 'NONE',  #2157 ) ;
#4233 = EDGE_LOOP ( 'NONE', ( #6685, #5730, #5188, #4930 ) ) ;
#4234 = CARTESIAN_POINT ( 'NONE',  ( 4.529999999999996696, 0.2500000000000000000, -7.930136022756449243 ) ) ;
#4235 = ORIENTED_EDGE ( 'NONE', *, *, #2749, .F. ) ;
#4236 = CIRCLE ( 'NONE', #2995, 0.1653543307086607073 ) ;
#4237 = CARTESIAN_POINT ( 'NONE',  ( 7.843561962427146206, 2.349999999999996092, 5.531992187170133264E-15 ) ) ;
#4238 = CARTESIAN_POINT ( 'NONE',  ( -7.029999999999996696, 0.2500000000000000000, -9.389999999999998792 ) ) ;
#4239 = ADVANCED_FACE ( 'NONE', ( #2322 ), #4096, .F. ) ;
#4240 = DIRECTION ( 'NONE',  ( 1.000000000000000000, -0.000000000000000000, -3.512375991854052315E-15 ) ) ;
#4241 = DIRECTION ( 'NONE',  ( -0.000000000000000000, -0.000000000000000000, 1.000000000000000000 ) ) ;
#4242 = AXIS2_PLACEMENT_3D ( 'NONE', #2228, #4114, #4569 ) ;
#4243 = VECTOR ( 'NONE', #5685, 39.37007874015748143 ) ;
#4244 = ORIENTED_EDGE ( 'NONE', *, *, #6173, .F. ) ;
#4245 = CARTESIAN_POINT ( 'NONE',  ( 4.454772721475242392, 3.200000000000001510, -1.770000000000000018 ) ) ;
#4246 = PRODUCT_DEFINITION_SHAPE ( 'NONE', 'NONE',  #7602 ) ;
#4247 = EDGE_CURVE ( 'NONE', #1604, #3404, #597, .T. ) ;
#4248 = VERTEX_POINT ( 'NONE', #1771 ) ;
#4249 = LINE ( 'NONE', #6599, #3878 ) ;
#4250 = CIRCLE ( 'NONE', #2401, 0.1653543307086612346 ) ;
#4251 = EDGE_CURVE ( 'NONE', #6442, #1547, #4133, .T. ) ;
#4252 = VECTOR ( 'NONE', #230, 39.37007874015748143 ) ;
#4253 = AXIS2_PLACEMENT_3D ( 'NONE', #287, #4388, #4613 ) ;
#4254 = EDGE_CURVE ( 'NONE', #1843, #5168, #3544, .T. ) ;
#4255 = VERTEX_POINT ( 'NONE', #2968 ) ;
#4256 = ORIENTED_EDGE ( 'NONE', *, *, #5038, .F. ) ;
#4257 = VECTOR ( 'NONE', #7374, 39.37007874015748854 ) ;
#4258 = LINE ( 'NONE', #7267, #6524 ) ;
#4259 = EDGE_LOOP ( 'NONE', ( #1962, #6858, #4507 ) ) ;
#4260 = CARTESIAN_POINT ( 'NONE',  ( 2.420580475199245019, 19.71186723724616385, -0.2500000000000000555 ) ) ;
#4261 = ORIENTED_EDGE ( 'NONE', *, *, #5222, .T. ) ;
#4262 = ORIENTED_EDGE ( 'NONE', *, *, #6125, .F. ) ;
#4263 = CARTESIAN_POINT ( 'NONE',  ( -11.46220472440947269, 8.449999999999999289, -1.719999999999999973 ) ) ;
#4264 = DIRECTION ( 'NONE',  ( 0.7071067811865473507, -0.7071067811865476838, 0.000000000000000000 ) ) ;
#4265 = FACE_OUTER_BOUND ( 'NONE', #5128, .T. ) ;
#4266 = DIRECTION ( 'NONE',  ( -0.000000000000000000, 1.000000000000000000, 0.000000000000000000 ) ) ;
#4267 = AXIS2_PLACEMENT_3D ( 'NONE', #6501, #2921, #83 ) ;
#4268 = LINE ( 'NONE', #5523, #3449 ) ;
#4269 = VERTEX_POINT ( 'NONE', #6089 ) ;
#4270 = LINE ( 'NONE', #4154, #2819 ) ;
#4271 = CARTESIAN_POINT ( 'NONE',  ( 125.9399999999999977, 28.60000000000000142, 0.6100000000000025402 ) ) ;
#4272 = EDGE_LOOP ( 'NONE', ( #3792, #7046, #5328, #7027 ) ) ;
#4273 = CARTESIAN_POINT ( 'NONE',  ( 2.185860046268665258, 22.89000000000000412, -0.2500000000000000000 ) ) ;
#4274 = CARTESIAN_POINT ( 'NONE',  ( 7.853150817677981621, 2.070116605160632339, -0.1150913519912141192 ) ) ;
#4275 = ORIENTED_EDGE ( 'NONE', *, *, #3440, .F. ) ;
#4276 = CARTESIAN_POINT ( 'NONE',  ( 5.399089659523567342, 16.17579296006381284, 0.000000000000000000 ) ) ;
#4277 = VERTEX_POINT ( 'NONE', #3742 ) ;
#4278 = FACE_OUTER_BOUND ( 'NONE', #2761, .T. ) ;
#4279 = DIRECTION ( 'NONE',  ( 1.892934042853975138E-15, 1.000000000000000000, -3.590428791673030081E-15 ) ) ;
#4280 = CARTESIAN_POINT ( 'NONE',  ( 1.509999999999995124, 2.349999999999996536, -5.463695987328526437E-16 ) ) ;
#4281 = DIRECTION ( 'NONE',  ( -0.000000000000000000, -0.000000000000000000, -1.000000000000000000 ) ) ;
#4282 = ORIENTED_EDGE ( 'NONE', *, *, #5830, .T. ) ;
#4283 = CARTESIAN_POINT ( 'NONE',  ( -12.53999999999999737, 0.000000000000000000, 9.390000000000002345 ) ) ;
#4284 = ORIENTED_EDGE ( 'NONE', *, *, #2840, .F. ) ;
#4285 = CARTESIAN_POINT ( 'NONE',  ( 1.509999999999995124, 2.000000000000002665, -1.229331597148918547E-15 ) ) ;
#4286 = EDGE_CURVE ( 'NONE', #5489, #2195, #5961, .T. ) ;
#4287 = ORIENTED_EDGE ( 'NONE', *, *, #2231, .F. ) ;
#4288 = ORIENTED_EDGE ( 'NONE', *, *, #3738, .T. ) ;
#4289 = CARTESIAN_POINT ( 'NONE',  ( 8.145227278524741266, -3.149999999999997691, -1.770000000000000018 ) ) ;
#4290 = PRODUCT_DEFINITION_SHAPE ( 'NONE', 'NONE',  #3881 ) ;
#4291 = ORIENTED_EDGE ( 'NONE', *, *, #6323, .T. ) ;
#4292 = ADVANCED_FACE ( 'NONE', ( #670 ), #6674, .F. ) ;
#4293 = CARTESIAN_POINT ( 'NONE',  ( 2.420580475199245019, 19.71186723724616385, 0.000000000000000000 ) ) ;
#4294 = VECTOR ( 'NONE', #5712, 39.37007874015748854 ) ;
#4295 = EDGE_CURVE ( 'NONE', #3941, #1652, #3588, .T. ) ;
#4296 = ORIENTED_EDGE ( 'NONE', *, *, #4297, .F. ) ;
#4297 = EDGE_CURVE ( 'NONE', #3332, #4387, #3087, .T. ) ;
#4298 = COLOUR_RGB ( '',0.7921568627450980005, 0.8196078431372548767, 0.9333333333333333481 ) ;
#4299 = CONTEXT_DEPENDENT_SHAPE_REPRESENTATION ( #5697, #1290 ) ;
#4300 = DIRECTION ( 'NONE',  ( 0.000000000000000000, 3.434323192035072971E-15, -1.000000000000000000 ) ) ;
#4301 = PLANE ( 'NONE',  #2141 ) ;
#4302 = LINE ( 'NONE', #7195, #6148 ) ;
#4303 = FACE_OUTER_BOUND ( 'NONE', #467, .T. ) ;
#4304 = CARTESIAN_POINT ( 'NONE',  ( 12.59999999999999609, -9.449999999999999289, -1.770000000000000018 ) ) ;
#4305 = EDGE_CURVE ( 'NONE', #2209, #1330, #3040, .T. ) ;
#4306 = VECTOR ( 'NONE', #5147, 39.37007874015748143 ) ;
#4307 = AXIS2_PLACEMENT_3D ( 'NONE', #5087, #3209, #7457 ) ;
#4308 = DIRECTION ( 'NONE',  ( 0.5042654540557226506, 0.000000000000000000, -0.8635486968584782375 ) ) ;
#4309 = CARTESIAN_POINT ( 'NONE',  ( -6.300000000000004263, 1.354772721475247632, -1.719999999999999973 ) ) ;
#4310 = CARTESIAN_POINT ( 'NONE',  ( 75.54000000000000625, 85.29999999999999716, 0.6100000000000025402 ) ) ;
#4311 = EDGE_LOOP ( 'NONE', ( #3559, #2774, #2029, #633, #4858, #7404, #3631, #6178, #7068, #5647, #2772, #1418, #477, #19, #5003, #374, #1239, #989, #6006, #3368, #5676, #106, #1815, #1619, #7115, #5123 ) ) ;
#4312 = CARTESIAN_POINT ( 'NONE',  ( 12.59999999999999609, 9.449999999999999289, -1.770000000000000018 ) ) ;
#4313 = PLANE ( 'NONE',  #3872 ) ;
#4314 = CARTESIAN_POINT ( 'NONE',  ( 4.529999999999996696, 0.000000000000000000, -7.930136022756449243 ) ) ;
#4315 = EDGE_LOOP ( 'NONE', ( #3437, #5624, #3033, #4977 ) ) ;
#4316 = CARTESIAN_POINT ( 'NONE',  ( 1.409999999999980380, 19.90000000000002345, -0.8346456692913232223 ) ) ;
#4317 = AXIS2_PLACEMENT_3D ( 'NONE', #579, #5244, #5360 ) ;
#4318 = CARTESIAN_POINT ( 'NONE',  ( 6.299999999999990941, 1.354772721475252073, -1.719999999999999973 ) ) ;
#4319 =( NAMED_UNIT ( * ) SI_UNIT ( $, .STERADIAN. ) SOLID_ANGLE_UNIT ( ) );
#4320 = ORIENTED_EDGE ( 'NONE', *, *, #6018, .F. ) ;
#4321 = CARTESIAN_POINT ( 'NONE',  ( 2.185860046268665258, 23.14000000000000412, 0.000000000000000000 ) ) ;
#4322 = ORIENTED_EDGE ( 'NONE', *, *, #4932, .F. ) ;
#4323 = CARTESIAN_POINT ( 'NONE',  ( 1.845227278524741221, 3.200000000000001954, -1.719999999999999973 ) ) ;
#4324 = LINE ( 'NONE', #6210, #3709 ) ;
#4325 = EDGE_LOOP ( 'NONE', ( #4291, #4121, #1089, #2093 ) ) ;
#4326 = VERTEX_POINT ( 'NONE', #2434 ) ;
#4327 = LINE ( 'NONE', #1446, #3949 ) ;
#4328 = ORIENTED_EDGE ( 'NONE', *, *, #1477, .T. ) ;
#4329 = EDGE_CURVE ( 'NONE', #957, #5937, #194, .T. ) ;
#4330 = PLANE ( 'NONE',  #6009 ) ;
#4331 = ORIENTED_EDGE ( 'NONE', *, *, #6369, .T. ) ;
#4332 = CARTESIAN_POINT ( 'NONE',  ( 5.399089659523567342, 16.17579296006381639, 0.000000000000000000 ) ) ;
#4333 = DIRECTION ( 'NONE',  ( -1.000000000000000000, 8.537024980200837349E-17, -3.491481338843132961E-15 ) ) ;
#4334 = CARTESIAN_POINT ( 'NONE',  ( 12.59999999999999609, 1.354772721475247632, -1.719999999999999973 ) ) ;
#4335 = LINE ( 'NONE', #3063, #6523 ) ;
#4336 = EDGE_CURVE ( 'NONE', #5948, #100, #3706, .T. ) ;
#4337 = PLANE ( 'NONE',  #533 ) ;
#4338 = ORIENTED_EDGE ( 'NONE', *, *, #2973, .T. ) ;
#4339 = DIRECTION ( 'NONE',  ( -3.304235192336789711E-15, 0.000000000000000000, 1.000000000000000000 ) ) ;
#4340 = CARTESIAN_POINT ( 'NONE',  ( 50.34000000000000341, 85.29999999999999716, 0.6100000000000025402 ) ) ;
#4341 = EDGE_CURVE ( 'NONE', #6794, #688, #2649, .T. ) ;
#4342 = ORIENTED_EDGE ( 'NONE', *, *, #3591, .F. ) ;
#4343 = CARTESIAN_POINT ( 'NONE',  ( 1.159999999999953957, 11.94499999999998785, 11.94500000000000561 ) ) ;
#4344 = EDGE_CURVE ( 'NONE', #5090, #4756, #6049, .T. ) ;
#4345 = DIRECTION ( 'NONE',  ( 0.000000000000000000, -1.000000000000000000, 0.000000000000000000 ) ) ;
#4346 = EDGE_LOOP ( 'NONE', ( #221, #5075 ) ) ;
#4347 = DIRECTION ( 'NONE',  ( 1.892934042853975533E-15, 1.000000000000000000, -3.590428791673030081E-15 ) ) ;
#4348 = LINE ( 'NONE', #1431, #656 ) ;
#4349 = VECTOR ( 'NONE', #3067, 39.37007874015748143 ) ;
#4350 = CARTESIAN_POINT ( 'NONE',  ( 12.59999999999999609, -4.995227278524752457, -1.719999999999999973 ) ) ;
#4351 = ORIENTED_EDGE ( 'NONE', *, *, #1561, .T. ) ;
#4352 = ORIENTED_EDGE ( 'NONE', *, *, #3578, .F. ) ;
#4353 = DIRECTION ( 'NONE',  ( 1.892934042853975533E-15, 1.000000000000000000, -3.590428791673030081E-15 ) ) ;
#4354 = LINE ( 'NONE', #6677, #4445 ) ;
#4355 = DIRECTION ( 'NONE',  ( -1.000000000000000000, -0.000000000000000000, -0.000000000000000000 ) ) ;
#4356 = VECTOR ( 'NONE', #812, 39.37007874015748143 ) ;
#4357 = ORIENTED_EDGE ( 'NONE', *, *, #4442, .F. ) ;
#4358 = ORIENTED_EDGE ( 'NONE', *, *, #668, .F. ) ;
#4359 = CARTESIAN_POINT ( 'NONE',  ( -6.300000000000008704, -7.604772721475248076, -1.719999999999999973 ) ) ;
#4360 = DIRECTION ( 'NONE',  ( 1.000000000000000000, 0.000000000000000000, 0.000000000000000000 ) ) ;
#4361 = AXIS2_PLACEMENT_3D ( 'NONE', #1941, #4226, #1866 ) ;
#4362 = ORIENTED_EDGE ( 'NONE', *, *, #5841, .F. ) ;
#4363 = AXIS2_PLACEMENT_3D ( 'NONE', #6519, #5931, #7144 ) ;
#4364 = CARTESIAN_POINT ( 'NONE',  ( -8.741913579725642299E-15, 7.704772721475252162, -1.719999999999999973 ) ) ;
#4365 = VECTOR ( 'NONE', #6187, 39.37007874015748143 ) ;
#4366 = ORIENTED_EDGE ( 'NONE', *, *, #5710, .F. ) ;
#4367 = ITEM_DEFINED_TRANSFORMATION ( 'NONE', 'NONE', #1192,  #5850 ) ;
#4368 =( REPRESENTATION_RELATIONSHIP ('NONE','NONE', #754, #6547 ) REPRESENTATION_RELATIONSHIP_WITH_TRANSFORMATION ( #4940 )SHAPE_REPRESENTATION_RELATIONSHIP( ) );
#4369 = DIRECTION ( 'NONE',  ( -0.7071067811865475727, 0.7071067811865475727, 0.000000000000000000 ) ) ;
#4370 = FACE_BOUND ( 'NONE', #3455, .T. ) ;
#4371 = CARTESIAN_POINT ( 'NONE',  ( -12.60000000000000853, -1.254772721475248209, -1.719999999999999973 ) ) ;
#4372 = LINE ( 'NONE', #2487, #6901 ) ;
#4373 = CARTESIAN_POINT ( 'NONE',  ( 1.409999999999994147, 19.90000000000005542, 0.7500000000000381917 ) ) ;
#4374 = SHAPE_DEFINITION_REPRESENTATION ( #921, #754 ) ;
#4375 = ORIENTED_EDGE ( 'NONE', *, *, #2223, .T. ) ;
#4376 = AXIS2_PLACEMENT_3D ( 'NONE', #6356, #4611, #4642 ) ;
#4377 = LINE ( 'NONE', #3304, #5061 ) ;
#4378 = CARTESIAN_POINT ( 'NONE',  ( -8.145227278524757253, -3.149999999999998579, -1.770000000000000018 ) ) ;
#4379 = CARTESIAN_POINT ( 'NONE',  ( -4.370956789862821150E-15, 7.704772721475247721, -1.770000000000000018 ) ) ;
#4380 = ORIENTED_EDGE ( 'NONE', *, *, #6038, .F. ) ;
#4381 = EDGE_CURVE ( 'NONE', #5168, #1972, #4845, .T. ) ;
#4382 = DIRECTION ( 'NONE',  ( -0.7071067811865476838, -0.7071067811865473507, 0.000000000000000000 ) ) ;
#4383 = AXIS2_PLACEMENT_3D ( 'NONE', #6909, #6314, #3976 ) ;
#4384 = DIRECTION ( 'NONE',  ( -3.491481338843132961E-15, 8.537024980200927328E-17, 1.000000000000000000 ) ) ;
#4385 = CARTESIAN_POINT ( 'NONE',  ( 12.54000000000000092, 0.000000000000000000, 9.390000000000002345 ) ) ;
#4386 = EDGE_CURVE ( 'NONE', #1763, #1606, #176, .T. ) ;
#4387 = VERTEX_POINT ( 'NONE', #4321 ) ;
#4388 = DIRECTION ( 'NONE',  ( 0.7071067811865473507, -0.7071067811865476838, 0.000000000000000000 ) ) ;
#4389 = EDGE_CURVE ( 'NONE', #4566, #4387, #4487, .T. ) ;
#4390 = ORIENTED_EDGE ( 'NONE', *, *, #2463, .T. ) ;
#4391 = LINE ( 'NONE', #4467, #1667 ) ;
#4392 = EDGE_CURVE ( 'NONE', #5670, #1003, #7102, .T. ) ;
#4393 = DIRECTION ( 'NONE',  ( 1.000000000000000000, 0.000000000000000000, -0.000000000000000000 ) ) ;
#4394 = DIRECTION ( 'NONE',  ( 1.000000000000000000, -0.000000000000000000, -3.512375991854052315E-15 ) ) ;
#4395 = ORIENTED_EDGE ( 'NONE', *, *, #1935, .T. ) ;
#4396 = EDGE_LOOP ( 'NONE', ( #3700, #1553 ) ) ;
#4397 = VERTEX_POINT ( 'NONE', #6635 ) ;
#4398 = FACE_OUTER_BOUND ( 'NONE', #5922, .T. ) ;
#4399 = VERTEX_POINT ( 'NONE', #1811 ) ;
#4400 = CARTESIAN_POINT ( 'NONE',  ( 12.59999999999999609, 5.095227278524752990, -1.719999999999999973 ) ) ;
#4401 = ORIENTED_EDGE ( 'NONE', *, *, #5311, .F. ) ;
#4402 = DIRECTION ( 'NONE',  ( -0.000000000000000000, -0.000000000000000000, -1.000000000000000000 ) ) ;
#4403 = VERTEX_POINT ( 'NONE', #751 ) ;
#4404 = ITEM_DEFINED_TRANSFORMATION ( 'NONE', 'NONE', #5353,  #5850 ) ;
#4405 = CARTESIAN_POINT ( 'NONE',  ( 7.860000000000005649, 1.999999999999991562, -1.999999999999996669 ) ) ;
#4406 = VECTOR ( 'NONE', #5417, 39.37007874015748143 ) ;
#4407 = CARTESIAN_POINT ( 'NONE',  ( -1.845227278524757653, -9.449999999999999289, -1.770000000000000018 ) ) ;
#4408 = AXIS2_PLACEMENT_3D ( 'NONE', #4364, #2099, #7347 ) ;
#4409 = LINE ( 'NONE', #3142, #5388 ) ;
#4410 = VECTOR ( 'NONE', #6510, 39.37007874015748143 ) ;
#4411 = CIRCLE ( 'NONE', #2334, 0.1377952755905512972 ) ;
#4412 = CARTESIAN_POINT ( 'NONE',  ( 1.159374015748035003, 23.14000000000000412, 0.7500000000000064393 ) ) ;
#4413 = DIRECTION ( 'NONE',  ( 0.000000000000000000, 0.000000000000000000, 1.000000000000000222 ) ) ;
#4414 = ORIENTED_EDGE ( 'NONE', *, *, #7474, .T. ) ;
#4415 = CARTESIAN_POINT ( 'NONE',  ( 7.849041308284766316, 2.299638101962905967, 0.01262136116457978838 ) ) ;
#4416 = DIRECTION ( 'NONE',  ( 1.000000000000000000, -1.720849129867250197E-15, -7.006492321624085355E-46 ) ) ;
#4417 = EDGE_LOOP ( 'NONE', ( #2600, #175, #4458, #4375 ) ) ;
#4418 = VECTOR ( 'NONE', #5952, 39.37007874015748143 ) ;
#4419 = ADVANCED_FACE ( 'NONE', ( #712, #2507, #6597, #213 ), #1317, .T. ) ;
#4420 = AXIS2_PLACEMENT_3D ( 'NONE', #2402, #2254, #4733 ) ;
#4421 = DIRECTION ( 'NONE',  ( 0.000000000000000000, 3.590428791673030081E-15, 1.000000000000000000 ) ) ;
#4422 = DIRECTION ( 'NONE',  ( 3.491481338843132961E-15, 0.000000000000000000, 1.000000000000000000 ) ) ;
#4423 = CARTESIAN_POINT ( 'NONE',  ( -6.300000000000004263, -1.254772721475247099, -1.770000000000000018 ) ) ;
#4424 = CARTESIAN_POINT ( 'NONE',  ( -10.75477272147525909, -3.099999999999999201, -1.719999999999999973 ) ) ;
#4425 = AXIS2_PLACEMENT_3D ( 'NONE', #351, #2182, #5100 ) ;
#4426 = EDGE_LOOP ( 'NONE', ( #4352, #2843, #3672, #6763 ) ) ;
#4427 = ORIENTED_EDGE ( 'NONE', *, *, #7075, .F. ) ;
#4428 = CARTESIAN_POINT ( 'NONE',  ( 6.299999999999990941, 7.704772721475252162, -1.719999999999999973 ) ) ;
#4429 = EDGE_CURVE ( 'NONE', #1025, #6912, #4848, .T. ) ;
#4430 = DIRECTION ( 'NONE',  ( -1.720849129867249803E-15, -1.000000000000000000, -3.491481338843132961E-15 ) ) ;
#4431 = CARTESIAN_POINT ( 'NONE',  ( 7.860000000000003872, 2.249999999999997780, -0.2499999999999965028 ) ) ;
#4432 = EDGE_CURVE ( 'NONE', #148, #5932, #5458, .T. ) ;
#4433 = EDGE_CURVE ( 'NONE', #6476, #376, #1394, .T. ) ;
#4434 = ORIENTED_EDGE ( 'NONE', *, *, #917, .T. ) ;
#4435 = PRODUCT_DEFINITION ( 'UNKNOWN', '', #5981, #565 ) ;
#4436 = VERTEX_POINT ( 'NONE', #900 ) ;
#4437 = EDGE_LOOP ( 'NONE', ( #45, #5629, #3152, #2369 ) ) ;
#4438 = DIRECTION ( 'NONE',  ( 1.000000000000000000, -0.000000000000000000, -3.512375991854052315E-15 ) ) ;
#4439 = VERTEX_POINT ( 'NONE', #941 ) ;
#4440 = EDGE_CURVE ( 'NONE', #6305, #6696, #3817, .T. ) ;
#4441 = LINE ( 'NONE', #4972, #6695 ) ;
#4442 = EDGE_CURVE ( 'NONE', #6254, #4566, #570, .T. ) ;
#4443 = EDGE_LOOP ( 'NONE', ( #6360, #4768, #2686, #1597 ) ) ;
#4444 = DIRECTION ( 'NONE',  ( 1.000000000000000000, -2.093734754490789434E-16, 0.000000000000000000 ) ) ;
#4445 = VECTOR ( 'NONE', #4853, 39.37007874015748143 ) ;
#4446 = EDGE_LOOP ( 'NONE', ( #4947, #4799, #3236, #1662 ) ) ;
#4447 = VECTOR ( 'NONE', #6073, 39.37007874015748143 ) ;
#4448 = FACE_BOUND ( 'NONE', #6681, .T. ) ;
#4449 = DIRECTION ( 'NONE',  ( 0.000000000000000000, -0.000000000000000000, -1.000000000000000000 ) ) ;
#4450 = LINE ( 'NONE', #3882, #1898 ) ;
#4451 = CARTESIAN_POINT ( 'NONE',  ( 7.860000000000003872, 2.249999999999997780, -0.3499999999999968137 ) ) ;
#4452 = VERTEX_POINT ( 'NONE', #6827 ) ;
#4453 = DIRECTION ( 'NONE',  ( 0.000000000000000000, 0.000000000000000000, 1.000000000000000000 ) ) ;
#4454 = ORIENTED_EDGE ( 'NONE', *, *, #3448, .T. ) ;
#4455 = CARTESIAN_POINT ( 'NONE',  ( 7.860000000000005649, 1.999999999999992228, 1.750000000000009770 ) ) ;
#4456 = CARTESIAN_POINT ( 'NONE',  ( -12.60000000000000853, 5.095227278524751213, -1.719999999999999973 ) ) ;
#4457 = PLANE ( 'NONE',  #7198 ) ;
#4458 = ORIENTED_EDGE ( 'NONE', *, *, #6798, .T. ) ;
#4459 = CLOSED_SHELL ( 'NONE', ( #3783, #3585, #5491, #125, #1016, #54, #4735, #6949, #5708, #4484, #1975, #3166, #4106, #2134, #4620, #5438, #1520, #4895, #5510, #5792, #7277, #1007, #1191, #4902, #4901, #5665, #3035, #2219, #3636, #1200, #4874, #2786, #3593, #4419, #7274, #865, #914, #4292, #2181, #1786, #4190, #3641, #5137, #1570, #2828, #5701, #1515, #2751, #4855, #7510, #768, #4479 ) ) ;
#4460 = DIRECTION ( 'NONE',  ( 1.000000000000000000, -0.000000000000000000, -0.000000000000000000 ) ) ;
#4461 = CARTESIAN_POINT ( 'NONE',  ( 12.59999999999999609, -4.995227278524752457, -1.770000000000000018 ) ) ;
#4462 = PLANE ( 'NONE',  #1819 ) ;
#4463 = LENGTH_MEASURE_WITH_UNIT ( LENGTH_MEASURE( 0.02539999999999999897 ), #898 );
#4464 = ORIENTED_EDGE ( 'NONE', *, *, #724, .T. ) ;
#4465 = CARTESIAN_POINT ( 'NONE',  ( 11.46220472440947269, -8.449999999999999289, -1.645000000000000018 ) ) ;
#4466 = ORIENTED_EDGE ( 'NONE', *, *, #3973, .F. ) ;
#4467 = CARTESIAN_POINT ( 'NONE',  ( 1.509999999999995346, 2.000000000000003109, 1.750000000000009770 ) ) ;
#4468 = CARTESIAN_POINT ( 'NONE',  ( -4.454772721475258379, 3.250000000000000444, -1.719999999999999973 ) ) ;
#4469 = FACE_BOUND ( 'NONE', #6952, .T. ) ;
#4470 = EDGE_CURVE ( 'NONE', #3744, #2852, #7411, .T. ) ;
#4471 = EDGE_LOOP ( 'NONE', ( #3336, #5862, #3265, #2547 ) ) ;
#4472 =( REPRESENTATION_RELATIONSHIP ('NONE','NONE', #754, #2904 ) REPRESENTATION_RELATIONSHIP_WITH_TRANSFORMATION ( #1787 )SHAPE_REPRESENTATION_RELATIONSHIP( ) );
#4473 = EDGE_CURVE ( 'NONE', #2532, #4635, #3279, .T. ) ;
#4474 = VECTOR ( 'NONE', #3438, 39.37007874015748143 ) ;
#4475 = EDGE_LOOP ( 'NONE', ( #3910, #2672 ) ) ;
#4476 = ORIENTED_EDGE ( 'NONE', *, *, #640, .F. ) ;
#4477 = CARTESIAN_POINT ( 'NONE',  ( 6.344645669291334222, 2.249999999999996447, -1.340354330708658503 ) ) ;
#4478 = EDGE_LOOP ( 'NONE', ( #6050, #2071, #3388, #5385 ) ) ;
#4479 = ADVANCED_FACE ( 'NONE', ( #5002 ), #7334, .F. ) ;
#4480 = DIRECTION ( 'NONE',  ( -3.304235192336779062E-15, 0.000000000000000000, -1.000000000000000000 ) ) ;
#4481 = VERTEX_POINT ( 'NONE', #7371 ) ;
#4482 = CARTESIAN_POINT ( 'NONE',  ( 1.845227278524741221, -3.099999999999999201, -1.770000000000000018 ) ) ;
#4483 = AXIS2_PLACEMENT_3D ( 'NONE', #3457, #1608, #5833 ) ;
#4484 = ADVANCED_FACE ( 'NONE', ( #5659 ), #6717, .T. ) ;
#4485 = LINE ( 'NONE', #1416, #7189 ) ;
#4486 = ORIENTED_EDGE ( 'NONE', *, *, #4790, .F. ) ;
#4487 = CIRCLE ( 'NONE', #1056, 0.2500000000000027756 ) ;
#4488 = CARTESIAN_POINT ( 'NONE',  ( 1.790872624858488527, 22.89000000000000412, -0.2500000000000000000 ) ) ;
#4489 = LINE ( 'NONE', #3178, #6585 ) ;
#4490 = ADVANCED_FACE ( 'NONE', ( #6205 ), #6127, .F. ) ;
#4491 = CARTESIAN_POINT ( 'NONE',  ( 12.59999999999999609, -1.254772721475247099, -1.719999999999999973 ) ) ;
#4492 = VECTOR ( 'NONE', #5361, 39.37007874015748143 ) ;
#4493 = VECTOR ( 'NONE', #4982, 39.37007874015748143 ) ;
#4494 = VECTOR ( 'NONE', #660, 39.37007874015748143 ) ;
#4495 = VERTEX_POINT ( 'NONE', #3942 ) ;
#4496 = ORIENTED_EDGE ( 'NONE', *, *, #2560, .F. ) ;
#4497 = AXIS2_PLACEMENT_3D ( 'NONE', #3945, #442, #943 ) ;
#4498 = CARTESIAN_POINT ( 'NONE',  ( -12.60000000000000497, 9.449999999999999289, -1.770000000000000018 ) ) ;
#4499 = CARTESIAN_POINT ( 'NONE',  ( 7.858630163535599955, 2.249999999999996003, -0.3369100306100374920 ) ) ;
#4500 = CARTESIAN_POINT ( 'NONE',  ( 1.509999999999995568, 2.349999999999996092, -0.3499999999999947042 ) ) ;
#4501 = CARTESIAN_POINT ( 'NONE',  ( 4.454772721475242392, -9.449999999999999289, -1.770000000000000018 ) ) ;
#4502 = AXIS2_PLACEMENT_3D ( 'NONE', #514, #1081, #6427 ) ;
#4503 = CARTESIAN_POINT ( 'NONE',  ( 7.854520654142385538, 2.262621361164570022, 0.04963810196291581350 ) ) ;
#4504 = DIRECTION ( 'NONE',  ( 0.000000000000000000, 0.000000000000000000, 1.000000000000000222 ) ) ;
#4505 = ORIENTED_EDGE ( 'NONE', *, *, #7368, .T. ) ;
#4506 = DIRECTION ( 'NONE',  ( -1.000000000000000000, 1.720849129867250197E-15, -2.600906588039009626E-30 ) ) ;
#4507 = ORIENTED_EDGE ( 'NONE', *, *, #60, .T. ) ;
#4508 = CARTESIAN_POINT ( 'NONE',  ( 1.159999999999976383, 2.000000000000001776, -1.999999999999982681 ) ) ;
#4509 = AXIS2_PLACEMENT_3D ( 'NONE', #7203, #1870, #2956 ) ;
#4510 = DIRECTION ( 'NONE',  ( -0.7071067811865473507, 0.7071067811865476838, 0.000000000000000000 ) ) ;
#4511 = ORIENTED_EDGE ( 'NONE', *, *, #2549, .T. ) ;
#4512 = ORIENTED_EDGE ( 'NONE', *, *, #4336, .T. ) ;
#4513 = CARTESIAN_POINT ( 'NONE',  ( 7.860000000000005649, 2.249999999999992450, 1.750000000000010658 ) ) ;
#4514 = ORIENTED_EDGE ( 'NONE', *, *, #2213, .F. ) ;
#4515 = LINE ( 'NONE', #1063, #796 ) ;
#4516 = VERTEX_POINT ( 'NONE', #4465 ) ;
#4517 = LINE ( 'NONE', #526, #4294 ) ;
#4518 = ORIENTED_EDGE ( 'NONE', *, *, #2408, .T. ) ;
#4519 = ADVANCED_FACE ( 'NONE', ( #1548 ), #2318, .F. ) ;
#4520 = CARTESIAN_POINT ( 'NONE',  ( 8.145227278524741266, 3.250000000000000444, -1.719999999999999973 ) ) ;
#4521 = CARTESIAN_POINT ( 'NONE',  ( 7.176780981213570776, 2.781713543831470403, 0.000000000000000000 ) ) ;
#4522 = CARTESIAN_POINT ( 'NONE',  ( 4.454772721475242392, 3.250000000000000444, -1.719999999999999973 ) ) ;
#4523 = ADVANCED_FACE ( 'NONE', ( #4959 ), #5076, .F. ) ;
#4524 = ADVANCED_FACE ( 'NONE', ( #438 ), #7299, .F. ) ;
#4525 = ADVANCED_FACE ( 'NONE', ( #856 ), #2044, .F. ) ;
#4526 = VERTEX_POINT ( 'NONE', #3425 ) ;
#4527 = ITEM_DEFINED_TRANSFORMATION ( 'NONE', 'NONE', #2533,  #5850 ) ;
#4528 = AXIS2_PLACEMENT_3D ( 'NONE', #1894, #2477, #604 ) ;
#4529 = ORIENTED_EDGE ( 'NONE', *, *, #2599, .F. ) ;
#4530 = CARTESIAN_POINT ( 'NONE',  ( 2.420580475199245019, 19.71186723724616385, -0.2500000000000000555 ) ) ;
#4531 = CARTESIAN_POINT ( 'NONE',  ( 1.409999999999979270, 21.90000000000001990, -1.165354330708644470 ) ) ;
#4532 = DIRECTION ( 'NONE',  ( 3.304235192336789711E-15, 0.000000000000000000, -1.000000000000000000 ) ) ;
#4533 = EDGE_CURVE ( 'NONE', #4403, #1901, #5187, .T. ) ;
#4534 = CARTESIAN_POINT ( 'NONE',  ( 11.46220472440947269, 8.449999999999999289, -1.719999999999999973 ) ) ;
#4535 = AXIS2_PLACEMENT_3D ( 'NONE', #1242, #781, #1918 ) ;
#4536 = CIRCLE ( 'NONE', #4528, 0.1653543307086613734 ) ;
#4537 = PLANE ( 'NONE',  #2878 ) ;
#4538 = CARTESIAN_POINT ( 'NONE',  ( -1.845227278524757653, -3.099999999999999201, -1.770000000000000018 ) ) ;
#4539 = DIRECTION ( 'NONE',  ( -0.000000000000000000, -0.000000000000000000, -1.000000000000000000 ) ) ;
#4540 = VERTEX_POINT ( 'NONE', #5221 ) ;
#4541 = CARTESIAN_POINT ( 'NONE',  ( 1.509999999999995124, 2.349999999999996092, -0.2499999999999946709 ) ) ;
#4542 = VECTOR ( 'NONE', #4723, 39.37007874015748854 ) ;
#4543 = ORIENTED_EDGE ( 'NONE', *, *, #4839, .T. ) ;
#4544 = VECTOR ( 'NONE', #6355, 39.37007874015748143 ) ;
#4545 = CARTESIAN_POINT ( 'NONE',  ( 4.187864042533941067, 15.64893697419836904, 0.000000000000000000 ) ) ;
#4546 = SURFACE_SIDE_STYLE ('',( #2200 ) ) ;
#4547 = AXIS2_PLACEMENT_3D ( 'NONE', #1152, #2377, #2954 ) ;
#4548 = AXIS2_PLACEMENT_3D ( 'NONE', #3712, #4931, #1890 ) ;
#4549 = CARTESIAN_POINT ( 'NONE',  ( 7.850411144749172010, 2.134908648008774890, -0.1798833948393571414 ) ) ;
#4550 = ORIENTED_EDGE ( 'NONE', *, *, #1612, .T. ) ;
#4551 = ORIENTED_EDGE ( 'NONE', *, *, #1281, .F. ) ;
#4552 = CARTESIAN_POINT ( 'NONE',  ( 2.675354330708657358, 1.999374015748021760, -1.174999999999996048 ) ) ;
#4553 = ORIENTED_EDGE ( 'NONE', *, *, #547, .F. ) ;
#4554 = DIRECTION ( 'NONE',  ( 0.7071067811865473507, -0.7071067811865476838, 0.000000000000000000 ) ) ;
#4555 = ORIENTED_EDGE ( 'NONE', *, *, #5259, .F. ) ;
#4556 = CARTESIAN_POINT ( 'NONE',  ( 4.187864042533941067, 15.64893697419836904, -0.2500000000000012212 ) ) ;
#4557 = VERTEX_POINT ( 'NONE', #1649 ) ;
#4558 = CARTESIAN_POINT ( 'NONE',  ( 1.159374015747961062, 22.14000000000000412, -1.999999999999982458 ) ) ;
#4560 = EDGE_CURVE ( 'NONE', #1584, #4887, #3006, .T. ) ;
#4559 = ITEM_DEFINED_TRANSFORMATION ( 'NONE', 'NONE', #7104,  #5850 ) ;
#4561 = DIRECTION ( 'NONE',  ( -0.000000000000000000, -0.000000000000000000, -1.000000000000000000 ) ) ;
#4562 = CARTESIAN_POINT ( 'NONE',  ( 4.344645669291333334, 2.250000000000001776, 0.7596456692913496900 ) ) ;
#4563 = CARTESIAN_POINT ( 'NONE',  ( 1.159999999999979048, 3.000000000000023537, -1.165354330708644914 ) ) ;
#4564 = ORIENTED_EDGE ( 'NONE', *, *, #2315, .T. ) ;
#4565 = CONTEXT_DEPENDENT_SHAPE_REPRESENTATION ( #6486, #5508 ) ;
#4566 = VERTEX_POINT ( 'NONE', #1083 ) ;
#4567 = DIRECTION ( 'NONE',  ( 0.7071067811865476838, 0.7071067811865473507, 0.000000000000000000 ) ) ;
#4568 = DIRECTION ( 'NONE',  ( -0.000000000000000000, -0.000000000000000000, -1.000000000000000000 ) ) ;
#4569 = DIRECTION ( 'NONE',  ( -0.7071067811865474617, -0.7071067811865474617, 0.000000000000000000 ) ) ;
#4570 = EDGE_CURVE ( 'NONE', #6667, #7324, #4576, .T. ) ;
#4571 = CARTESIAN_POINT ( 'NONE',  ( 2.185860046268665258, 23.14000000000000412, -0.2500000000000000000 ) ) ;
#4572 = EDGE_CURVE ( 'NONE', #7266, #823, #1196, .T. ) ;
#4573 = CARTESIAN_POINT ( 'NONE',  ( 3.123257716872914980, 11.70033416803600801, 0.000000000000000000 ) ) ;
#4574 = EDGE_CURVE ( 'NONE', #148, #99, #3533, .T. ) ;
#4575 = VERTEX_POINT ( 'NONE', #3462 ) ;
#4576 = LINE ( 'NONE', #4017, #3501 ) ;
#4577 = ORIENTED_EDGE ( 'NONE', *, *, #3372, .T. ) ;
#4578 = CARTESIAN_POINT ( 'NONE',  ( 4.454772721475242392, 3.200000000000001510, -1.770000000000000018 ) ) ;
#4579 = DIRECTION ( 'NONE',  ( 0.7071067811865474617, 0.7071067811865474617, 0.000000000000000000 ) ) ;
#4580 = DIRECTION ( 'NONE',  ( -1.000000000000000000, 0.000000000000000000, 0.000000000000000000 ) ) ;
#4581 = LINE ( 'NONE', #520, #6354 ) ;
#4582 = CARTESIAN_POINT ( 'NONE',  ( -11.60000000000002451, -8.449999999999999289, -1.719999999999999973 ) ) ;
#4583 = ORIENTED_EDGE ( 'NONE', *, *, #5544, .T. ) ;
#4584 = ORIENTED_EDGE ( 'NONE', *, *, #5184, .T. ) ;
#4585 = CARTESIAN_POINT ( 'NONE',  ( -12.60000000000000497, 9.449999999999999289, 0.000000000000000000 ) ) ;
#4586 = EDGE_LOOP ( 'NONE', ( #1626, #4287, #6876, #2517 ) ) ;
#4587 = CARTESIAN_POINT ( 'NONE',  ( -12.53999999999999737, 0.2500000000000000000, -9.389999999999998792 ) ) ;
#4588 = ORIENTED_EDGE ( 'NONE', *, *, #1227, .T. ) ;
#4589 = CARTESIAN_POINT ( 'NONE',  ( 1.845227278524741221, 3.250000000000000444, -1.719999999999999973 ) ) ;
#4590 = VERTEX_POINT ( 'NONE', #7016 ) ;
#4591 = VECTOR ( 'NONE', #5094, 39.37007874015748143 ) ;
#4592 = DIRECTION ( 'NONE',  ( 1.000000000000000000, -0.000000000000000000, 3.512375991854052315E-15 ) ) ;
#4593 = CARTESIAN_POINT ( 'NONE',  ( 7.846301635355956705, 2.323825211564067850, -0.2526027323331631602 ) ) ;
#4594 = VECTOR ( 'NONE', #988, 39.37007874015748143 ) ;
#4595 = LINE ( 'NONE', #2869, #1544 ) ;
#4596 = PRODUCT_DEFINITION_SHAPE ( 'NONE', 'NONE',  #7586 ) ;
#4597 = CARTESIAN_POINT ( 'NONE',  ( 12.59999999999999609, -9.449999999999999289, -1.770000000000000018 ) ) ;
#4598 = CIRCLE ( 'NONE', #2640, 0.1653543307086613734 ) ;
#4599 = CIRCLE ( 'NONE', #5822, 0.1377952755905512972 ) ;
#4600 = ORIENTED_EDGE ( 'NONE', *, *, #5645, .T. ) ;
#4601 = ORIENTED_EDGE ( 'NONE', *, *, #6985, .F. ) ;
#4602 = CARTESIAN_POINT ( 'NONE',  ( -6.300000000000004263, -7.604772721475247188, -1.770000000000000018 ) ) ;
#4603 = CARTESIAN_POINT ( 'NONE',  ( 10.75477272147524310, 3.250000000000000444, -1.770000000000000018 ) ) ;
#4604 = LINE ( 'NONE', #6424, #4844 ) ;
#4605 = CIRCLE ( 'NONE', #938, 0.1653543307086615122 ) ;
#4606 = AXIS2_PLACEMENT_3D ( 'NONE', #4687, #5814, #486 ) ;
#4607 = CARTESIAN_POINT ( 'NONE',  ( 1.509999999999994458, 2.349999999999996092, -0.2499999999999946709 ) ) ;
#4608 = B_SPLINE_CURVE_WITH_KNOTS ( 'NONE', 3,
 ( #2069, #1536, #969, #3344, #1575, #5069, #3845, #1500, #4499, #7326 ),
 .UNSPECIFIED., .F., .F.,
 ( 4, 2, 2, 2, 4 ),
 ( 0.000000000000000000, 0.2500000000000001665, 0.5000000000000003331, 0.7500000000000004441, 1.000000000000000000 ),
 .UNSPECIFIED. ) ;
#4609 = VECTOR ( 'NONE', #4353, 39.37007874015748143 ) ;
#4610 = DIRECTION ( 'NONE',  ( -1.000000000000000000, 0.000000000000000000, 0.000000000000000000 ) ) ;
#4611 = DIRECTION ( 'NONE',  ( 1.000000000000000000, 3.434323192035072971E-15, -3.512375991854046399E-15 ) ) ;
#4612 = VERTEX_POINT ( 'NONE', #2312 ) ;
#4613 = DIRECTION ( 'NONE',  ( 0.7071067811865476838, 0.7071067811865473507, 0.000000000000000000 ) ) ;
#4614 = ORIENTED_EDGE ( 'NONE', *, *, #4663, .F. ) ;
#4615 = EDGE_CURVE ( 'NONE', #3705, #5630, #1899, .T. ) ;
#4616 = CARTESIAN_POINT ( 'NONE',  ( -7.029999999999996696, 0.000000000000000000, -9.389999999999998792 ) ) ;
#4617 = AXIS2_PLACEMENT_3D ( 'NONE', #1204, #2896, #483 ) ;
#4618 = EDGE_CURVE ( 'NONE', #6840, #3890, #2895, .T. ) ;
#4619 = DIRECTION ( 'NONE',  ( -1.000000000000000000, 0.000000000000000000, 0.000000000000000000 ) ) ;
#4620 = ADVANCED_FACE ( 'NONE', ( #5805 ), #3444, .F. ) ;
#4621 = ORIENTED_EDGE ( 'NONE', *, *, #681, .F. ) ;
#4622 = VERTEX_POINT ( 'NONE', #1157 ) ;
#4623 = DIRECTION ( 'NONE',  ( 0.000000000000000000, -3.304235192336776301E-15, 1.000000000000000000 ) ) ;
#4624 = VERTEX_POINT ( 'NONE', #3389 ) ;
#4625 = AXIS2_PLACEMENT_3D ( 'NONE', #4805, #1356, #6551 ) ;
#4626 = DIRECTION ( 'NONE',  ( -0.7071067811865473507, 0.7071067811865476838, 0.000000000000000000 ) ) ;
#4627 = EDGE_CURVE ( 'NONE', #4007, #7435, #4048, .T. ) ;
#4628 = AXIS2_PLACEMENT_3D ( 'NONE', #5114, #5803, #544 ) ;
#4629 = ORIENTED_EDGE ( 'NONE', *, *, #7026, .F. ) ;
#4630 = DIRECTION ( 'NONE',  ( -8.537024980200854605E-17, -1.000000000000000000, 4.660230287205253334E-17 ) ) ;
#4631 = DIRECTION ( 'NONE',  ( 1.000000000000000000, -0.000000000000000000, -3.512375991854052315E-15 ) ) ;
#4632 = CARTESIAN_POINT ( 'NONE',  ( 2.000000000000004441, 2.000000000000005329, 0.7596456692913488018 ) ) ;
#4633 = CARTESIAN_POINT ( 'NONE',  ( -12.60000000000000497, 9.449999999999999289, -1.770000000000000018 ) ) ;
#4634 = LINE ( 'NONE', #7001, #6383 ) ;
#4635 = VERTEX_POINT ( 'NONE', #516 ) ;
#4636 = ORIENTED_EDGE ( 'NONE', *, *, #5556, .F. ) ;
#4637 = CARTESIAN_POINT ( 'NONE',  ( 6.299999999999995381, -7.604772721475247188, -1.719999999999999973 ) ) ;
#4638 = CARTESIAN_POINT ( 'NONE',  ( -4.454772721475258379, 3.200000000000001954, -1.719999999999999973 ) ) ;
#4639 = DIRECTION ( 'NONE',  ( 1.000000000000000000, -0.000000000000000000, -3.512375991854052315E-15 ) ) ;
#4640 = PLANE ( 'NONE',  #4547 ) ;
#4641 = LINE ( 'NONE', #6426, #6509 ) ;
#4642 = DIRECTION ( 'NONE',  ( -3.512375991854046399E-15, 1.720849129867249803E-15, -1.000000000000000000 ) ) ;
#4643 = ORIENTED_EDGE ( 'NONE', *, *, #5841, .T. ) ;
#4644 = DIRECTION ( 'NONE',  ( -0.000000000000000000, -0.000000000000000000, -1.000000000000000000 ) ) ;
#4645 = EDGE_CURVE ( 'NONE', #7132, #3951, #7209, .T. ) ;
#4646 = ORIENTED_EDGE ( 'NONE', *, *, #3782, .T. ) ;
#4647 = DIRECTION ( 'NONE',  ( -0.7071067811865473507, 0.7071067811865476838, 0.000000000000000000 ) ) ;
#4648 = VECTOR ( 'NONE', #4841, 39.37007874015748143 ) ;
#4649 = AXIS2_PLACEMENT_3D ( 'NONE', #572, #5204, #1636 ) ;
#4650 = VERTEX_POINT ( 'NONE', #1123 ) ;
#4651 = AXIS2_PLACEMENT_3D ( 'NONE', #170, #4127, #1201 ) ;
#4652 = AXIS2_PLACEMENT_3D ( 'NONE', #7202, #3652, #1834 ) ;
#4653 = VERTEX_POINT ( 'NONE', #2886 ) ;
#4654 = CARTESIAN_POINT ( 'NONE',  ( -10.75477272147525909, 3.250000000000000444, -1.770000000000000018 ) ) ;
#4655 = PRODUCT_DEFINITION_SHAPE ( 'NONE', 'NONE',  #7577 ) ;
#4656 = LINE ( 'NONE', #7029, #6213 ) ;
#4657 = ORIENTED_EDGE ( 'NONE', *, *, #2363, .F. ) ;
#4658 = ADVANCED_FACE ( 'NONE', ( #7488 ), #546, .T. ) ;
#4659 = CARTESIAN_POINT ( 'NONE',  ( 1.509999999999995124, 2.349999999999996536, 0.09999999999999882594 ) ) ;
#4660 = EDGE_CURVE ( 'NONE', #5592, #726, #3520, .T. ) ;
#4661 = AXIS2_PLACEMENT_3D ( 'NONE', #4191, #4083, #6425 ) ;
#4662 = CIRCLE ( 'NONE', #4067, 0.1653543307086613734 ) ;
#4663 = EDGE_CURVE ( 'NONE', #6596, #3666, #5252, .T. ) ;
#4664 = ORIENTED_EDGE ( 'NONE', *, *, #1689, .F. ) ;
#4665 = CARTESIAN_POINT ( 'NONE',  ( 1.509999999999996234, 2.250000000000008882, 0.1000000000000095812 ) ) ;
#4666 = ADVANCED_FACE ( 'NONE', ( #2347 ), #2812, .F. ) ;
#4667 = LINE ( 'NONE', #4141, #5101 ) ;
#4668 = LINE ( 'NONE', #1105, #3887 ) ;
#4669 = CARTESIAN_POINT ( 'NONE',  ( -10.75477272147525909, -9.449999999999999289, -1.719999999999999973 ) ) ;
#4670 = CONTEXT_DEPENDENT_SHAPE_REPRESENTATION ( #1328, #137 ) ;
#4671 = VERTEX_POINT ( 'NONE', #4312 ) ;
#4672 = CARTESIAN_POINT ( 'NONE',  ( -11.73779527559057634, 8.449999999999999289, -1.719999999999999973 ) ) ;
#4673 = LINE ( 'NONE', #2805, #439 ) ;
#4674 = CARTESIAN_POINT ( 'NONE',  ( 0.000000000000000000, 0.000000000000000000, -1.770000000000000018 ) ) ;
#4675 = CARTESIAN_POINT ( 'NONE',  ( 2.344645669291334222, 2.250000000000004885, -1.174999999999996936 ) ) ;
#4676 = CARTESIAN_POINT ( 'NONE',  ( -4.454772721475258379, 3.250000000000000444, -1.770000000000000018 ) ) ;
#4677 = DIRECTION ( 'NONE',  ( -1.000000000000000222, 0.000000000000000000, 0.000000000000000000 ) ) ;
#4678 = ORIENTED_EDGE ( 'NONE', *, *, #1423, .T. ) ;
#4679 = CARTESIAN_POINT ( 'NONE',  ( 1.409999999999994147, 19.90000000000005542, 0.7500000000000381917 ) ) ;
#4680 = VECTOR ( 'NONE', #2031, 39.37007874015748143 ) ;
#4681 = ORIENTED_EDGE ( 'NONE', *, *, #6130, .T. ) ;
#4682 = DIRECTION ( 'NONE',  ( 0.8635486968584780154, 0.000000000000000000, 0.5042654540557226506 ) ) ;
#4683 = CARTESIAN_POINT ( 'NONE',  ( -1.845227278524757653, 3.200000000000001510, -1.770000000000000018 ) ) ;
#4684 = PLANE ( 'NONE',  #2667 ) ;
#4685 = ORIENTED_EDGE ( 'NONE', *, *, #3722, .T. ) ;
#4686 = VERTEX_POINT ( 'NONE', #5959 ) ;
#4687 = CARTESIAN_POINT ( 'NONE',  ( 4.454772721475242392, 3.200000000000001510, -1.719999999999999973 ) ) ;
#4688 = DIRECTION ( 'NONE',  ( -0.000000000000000000, -0.000000000000000000, -1.000000000000000000 ) ) ;
#4689 = ORIENTED_EDGE ( 'NONE', *, *, #1241, .F. ) ;
#4690 = LINE ( 'NONE', #1250, #6445 ) ;
#4691 = ADVANCED_FACE ( 'NONE', ( #621 ), #7392, .F. ) ;
#4692 = CIRCLE ( 'NONE', #3360, 0.1377952755905512972 ) ;
#4693 = EDGE_CURVE ( 'NONE', #3330, #3958, #6664, .T. ) ;
#4694 = ORIENTED_EDGE ( 'NONE', *, *, #6474, .F. ) ;
#4695 = CARTESIAN_POINT ( 'NONE',  ( 1.409999999999994813, 19.90000000000005542, 0.5846456692913775122 ) ) ;
#4696 = EDGE_CURVE ( 'NONE', #4277, #5425, #6544, .T. ) ;
#4697 = CARTESIAN_POINT ( 'NONE',  ( 1.409999999999979714, 23.14000000000000412, -0.9999999999999835687 ) ) ;
#4698 = ADVANCED_FACE ( 'NONE', ( #2958 ), #4157, .F. ) ;
#4699 = CARTESIAN_POINT ( 'NONE',  ( -6.924606895954950936, 11.70033416803600801, -0.2500000000000000555 ) ) ;
#4700 = LINE ( 'NONE', #7074, #3675 ) ;
#4701 = VECTOR ( 'NONE', #5482, 39.37007874015748143 ) ;
#4702 = ORIENTED_EDGE ( 'NONE', *, *, #1101, .T. ) ;
#4703 = EDGE_CURVE ( 'NONE', #3941, #545, #3612, .T. ) ;
#4704 = ADVANCED_FACE ( 'NONE', ( #7127, #5290, #5920, #124 ), #738, .T. ) ;
#4705 = AXIS2_PLACEMENT_3D ( 'NONE', #729, #7047, #3059 ) ;
#4706 = ORIENTED_EDGE ( 'NONE', *, *, #3522, .T. ) ;
#4707 = PLANE ( 'NONE',  #5462 ) ;
#4708 = DIRECTION ( 'NONE',  ( -0.000000000000000000, -0.000000000000000000, 1.000000000000000000 ) ) ;
#4709 = EDGE_CURVE ( 'NONE', #6543, #1420, #3696, .T. ) ;
#4710 = CARTESIAN_POINT ( 'NONE',  ( 12.59999999999999609, 7.704772721475247721, -1.719999999999999973 ) ) ;
#4711 = CARTESIAN_POINT ( 'NONE',  ( -12.60000000000000497, -9.449999999999999289, -1.770000000000000018 ) ) ;
#4712 = VECTOR ( 'NONE', #1210, 39.37007874015748143 ) ;
#4713 = CARTESIAN_POINT ( 'NONE',  ( 12.59999999999999609, 5.095227278524752990, -1.719999999999999973 ) ) ;
#4714 = DIRECTION ( 'NONE',  ( -1.000000000000000222, 0.000000000000000000, 0.000000000000000000 ) ) ;
#4715 = ORIENTED_EDGE ( 'NONE', *, *, #2510, .T. ) ;
#4716 = DIRECTION ( 'NONE',  ( -3.512375991854052315E-15, 0.000000000000000000, -1.000000000000000000 ) ) ;
#4717 = ADVANCED_FACE ( 'NONE', ( #2458 ), #4232, .F. ) ;
#4718 = VECTOR ( 'NONE', #704, 39.37007874015748143 ) ;
#4719 = VECTOR ( 'NONE', #7062, 39.37007874015748143 ) ;
#4720 = EDGE_LOOP ( 'NONE', ( #855, #899, #2623, #4889 ) ) ;
#4721 = CARTESIAN_POINT ( 'NONE',  ( 1.409999999999995257, 2.000000000000001776, 9.288283178458495337E-15 ) ) ;
#4722 = ORIENTED_EDGE ( 'NONE', *, *, #4703, .F. ) ;
#4723 = DIRECTION ( 'NONE',  ( 0.7071067811865474617, 0.7071067811865474617, 0.000000000000000000 ) ) ;
#4724 = VECTOR ( 'NONE', #3450, 39.37007874015748143 ) ;
#4725 = DIRECTION ( 'NONE',  ( 0.7071067811865473507, -0.7071067811865476838, 0.000000000000000000 ) ) ;
#4726 = LINE ( 'NONE', #92, #343 ) ;
#4727 = EDGE_LOOP ( 'NONE', ( #1931, #2544, #2187, #248, #2013 ) ) ;
#4728 = ORIENTED_EDGE ( 'NONE', *, *, #1241, .T. ) ;
#4729 = CARTESIAN_POINT ( 'NONE',  ( 1.159999999999994813, 21.90000000000005187, 0.5846456692913853948 ) ) ;
#4730 = ORIENTED_EDGE ( 'NONE', *, *, #3876, .T. ) ;
#4731 = DIRECTION ( 'NONE',  ( 0.7071067811865473507, -0.7071067811865476838, 0.000000000000000000 ) ) ;
#4732 = VERTEX_POINT ( 'NONE', #6584 ) ;
#4733 = DIRECTION ( 'NONE',  ( -1.000000000000000000, 0.000000000000000000, 0.000000000000000000 ) ) ;
#4734 = LINE ( 'NONE', #1746, #3633 ) ;
#4735 = ADVANCED_FACE ( 'NONE', ( #1950, #4833, #1307, #1800, #7206 ), #1912, .F. ) ;
#4736 = LINE ( 'NONE', #5351, #6764 ) ;
#4737 = DIRECTION ( 'NONE',  ( 0.000000000000000000, 0.000000000000000000, 1.000000000000000000 ) ) ;
#4738 = AXIS2_PLACEMENT_3D ( 'NONE', #5957, #6582, #6 ) ;
#4739 = EDGE_LOOP ( 'NONE', ( #5409, #5178, #6598, #4614, #1316, #3397 ) ) ;
#4740 = ADVANCED_FACE ( 'NONE', ( #6036 ), #774, .F. ) ;
#4741 = ORIENTED_EDGE ( 'NONE', *, *, #1599, .T. ) ;
#4742 = CONTEXT_DEPENDENT_SHAPE_REPRESENTATION ( #550, #5824 ) ;
#4743 = ORIENTED_EDGE ( 'NONE', *, *, #5262, .F. ) ;
#4744 = PRODUCT_DEFINITION_FORMATION_WITH_SPECIFIED_SOURCE ( 'ANY', '', #5436, .NOT_KNOWN. ) ;
#4745 = CARTESIAN_POINT ( 'NONE',  ( 7.860000000000003872, 2.166666666666663854, -0.3499999999999961475 ) ) ;
#4746 = CARTESIAN_POINT ( 'NONE',  ( 10.75477272147524310, 3.200000000000001510, -1.770000000000000018 ) ) ;
#4747 = DIRECTION ( 'NONE',  ( 0.7071067811865474617, 0.7071067811865474617, 0.000000000000000000 ) ) ;
#4748 = EDGE_CURVE ( 'NONE', #2792, #2657, #5445, .T. ) ;
#4749 = EDGE_CURVE ( 'NONE', #3363, #1994, #2425, .T. ) ;
#4750 = APPLICATION_CONTEXT ( 'automotive_design' ) ;
#4751 = LINE ( 'NONE', #3840, #2832 ) ;
#4752 = EDGE_CURVE ( 'NONE', #3286, #3206, #2984, .T. ) ;
#4753 =( REPRESENTATION_RELATIONSHIP ('NONE','NONE', #754, #6547 ) REPRESENTATION_RELATIONSHIP_WITH_TRANSFORMATION ( #1862 )SHAPE_REPRESENTATION_RELATIONSHIP( ) );
#4754 = PLANE ( 'NONE',  #3433 ) ;
#4755 = CARTESIAN_POINT ( 'NONE',  ( 100.7999999999999972, 0.000000000000000000, 0.000000000000000000 ) ) ;
#4756 = VERTEX_POINT ( 'NONE', #2484 ) ;
#4757 = CARTESIAN_POINT ( 'NONE',  ( 1.845227278524741221, 3.200000000000001954, -1.719999999999999973 ) ) ;
#4758 = EDGE_CURVE ( 'NONE', #3986, #3497, #1828, .T. ) ;
#4759 = ORIENTED_EDGE ( 'NONE', *, *, #1701, .T. ) ;
#4760 = DIRECTION ( 'NONE',  ( -0.8635486968584779044, -0.000000000000000000, -0.5042654540557228726 ) ) ;
#4761 = ORIENTED_EDGE ( 'NONE', *, *, #3782, .F. ) ;
#4762 = CARTESIAN_POINT ( 'NONE',  ( 6.299999999999995381, 5.095227278524752990, -1.719999999999999973 ) ) ;
#4763 = CARTESIAN_POINT ( 'NONE',  ( 1.409999999999992149, 3.000000000000055511, 0.9153543307086425829 ) ) ;
#4764 = LINE ( 'NONE', #5927, #215 ) ;
#4765 = CARTESIAN_POINT ( 'NONE',  ( 7.030000000000001137, 0.2500000000000000000, -9.389999999999998792 ) ) ;
#4766 = ORIENTED_EDGE ( 'NONE', *, *, #2698, .F. ) ;
#4767 = CARTESIAN_POINT ( 'NONE',  ( 1.409999999999996811, 23.14000000000000412, 0.1000000000000033085 ) ) ;
#4768 = ORIENTED_EDGE ( 'NONE', *, *, #3677, .T. ) ;
#4769 = VECTOR ( 'NONE', #3333, 39.37007874015748143 ) ;
#4770 = DIRECTION ( 'NONE',  ( -1.000000000000000000, 8.537024980200896513E-17, 3.406111089041124033E-15 ) ) ;
#4771 = DIRECTION ( 'NONE',  ( -0.7071067811865474617, -0.7071067811865474617, 0.000000000000000000 ) ) ;
#4772 = VECTOR ( 'NONE', #6211, 39.37007874015748143 ) ;
#4773 = CIRCLE ( 'NONE', #1472, 0.2500000000000027756 ) ;
#4774 = ORIENTED_EDGE ( 'NONE', *, *, #3448, .F. ) ;
#4775 = EDGE_LOOP ( 'NONE', ( #5153, #3964, #3126, #6555, #954 ) ) ;
#4776 = DIRECTION ( 'NONE',  ( 0.000000000000000000, 0.000000000000000000, 1.000000000000000000 ) ) ;
#4777 = AXIS2_PLACEMENT_3D ( 'NONE', #6986, #7448, #3907 ) ;
#4778 = CARTESIAN_POINT ( 'NONE',  ( 1.409999999999979714, 23.14000000000000412, -0.9999999999999835687 ) ) ;
#4779 = VECTOR ( 'NONE', #6338, 39.37007874015748143 ) ;
#4780 = ADVANCED_BREP_SHAPE_REPRESENTATION ( '', ( #3335, #5850 ), #3767 ) ;
#4781 = LINE ( 'NONE', #3453, #6145 ) ;
#4782 = VERTEX_POINT ( 'NONE', #1335 ) ;
#4783 = CIRCLE ( 'NONE', #7269, 0.1653543307086613734 ) ;
#4784 = AXIS2_PLACEMENT_3D ( 'NONE', #3243, #3953, #6292 ) ;
#4785 = VERTEX_POINT ( 'NONE', #3099 ) ;
#4786 = ORIENTED_EDGE ( 'NONE', *, *, #266, .T. ) ;
#4787 = CARTESIAN_POINT ( 'NONE',  ( 1.209354858209618300, 19.18501125138071828, -0.2500000000000000555 ) ) ;
#4788 = DIRECTION ( 'NONE',  ( -0.000000000000000000, -1.000000000000000000, -0.000000000000000000 ) ) ;
#4789 = LINE ( 'NONE', #6617, #6451 ) ;
#4790 = EDGE_CURVE ( 'NONE', #3327, #5948, #3604, .T. ) ;
#4791 = DIRECTION ( 'NONE',  ( 0.000000000000000000, -1.000000000000000000, 3.590428791673030081E-15 ) ) ;
#4792 = LINE ( 'NONE', #3180, #3371 ) ;
#4793 = ADVANCED_FACE ( 'NONE', ( #5988 ), #5950, .T. ) ;
#4794 = CARTESIAN_POINT ( 'NONE',  ( -12.60000000000000853, -7.604772721475248076, -1.770000000000000018 ) ) ;
#4795 = DIRECTION ( 'NONE',  ( -1.000000000000000222, 0.000000000000000000, 0.000000000000000000 ) ) ;
#4796 = EDGE_LOOP ( 'NONE', ( #2718, #5930 ) ) ;
#4797 = DIRECTION ( 'NONE',  ( 0.000000000000000000, -0.000000000000000000, -1.000000000000000000 ) ) ;
#4798 = EDGE_CURVE ( 'NONE', #3039, #1590, #1298, .T. ) ;
#4799 = ORIENTED_EDGE ( 'NONE', *, *, #1277, .F. ) ;
#4800 = DIRECTION ( 'NONE',  ( -0.000000000000000000, -0.000000000000000000, 1.000000000000000000 ) ) ;
#4801 = VERTEX_POINT ( 'NONE', #3646 ) ;
#4802 = EDGE_CURVE ( 'NONE', #4635, #3764, #1645, .T. ) ;
#4803 = LINE ( 'NONE', #4840, #1832 ) ;
#4804 = CARTESIAN_POINT ( 'NONE',  ( 1.509999999999995124, 23.14000000000000412, -0.3500000000000005884 ) ) ;
#4805 = CARTESIAN_POINT ( 'NONE',  ( 7.030000000000001137, 0.2500000000000000000, 9.390000000000002345 ) ) ;
#4806 = DIRECTION ( 'NONE',  ( 1.892934042853975533E-15, 1.000000000000000000, -3.590428791673030081E-15 ) ) ;
#4807 = VERTEX_POINT ( 'NONE', #5362 ) ;
#4808 = CARTESIAN_POINT ( 'NONE',  ( 2.185860046268665258, 22.89000000000000412, 0.000000000000000000 ) ) ;
#4809 = ORIENTED_EDGE ( 'NONE', *, *, #1054, .F. ) ;
#4810 = DIRECTION ( 'NONE',  ( 0.7071067811865474617, 0.7071067811865474617, 0.000000000000000000 ) ) ;
#4811 = ORIENTED_EDGE ( 'NONE', *, *, #5405, .F. ) ;
#4812 = VERTEX_POINT ( 'NONE', #76 ) ;
#4813 = LINE ( 'NONE', #4359, #6776 ) ;
#4814 = ORIENTED_EDGE ( 'NONE', *, *, #5307, .T. ) ;
#4815 = FACE_OUTER_BOUND ( 'NONE', #6801, .T. ) ;
#4816 = VECTOR ( 'NONE', #993, 39.37007874015748143 ) ;
#4817 = CARTESIAN_POINT ( 'NONE',  ( -8.145227278524757253, 9.550000000000000711, -1.719999999999999973 ) ) ;
#4818 = ORIENTED_EDGE ( 'NONE', *, *, #778, .F. ) ;
#4819 = ORIENTED_EDGE ( 'NONE', *, *, #6892, .F. ) ;
#4820 = CONTEXT_DEPENDENT_SHAPE_REPRESENTATION ( #3690, #3692 ) ;
#4821 = ORIENTED_EDGE ( 'NONE', *, *, #6559, .F. ) ;
#4822 = CARTESIAN_POINT ( 'NONE',  ( 1.409999999999992593, 3.000000000000055511, 0.7499999999999813483 ) ) ;
#4823 = CARTESIAN_POINT ( 'NONE',  ( -4.370956789862821150E-15, -7.604772721475247188, -1.719999999999999973 ) ) ;
#4824 = FACE_OUTER_BOUND ( 'NONE', #1583, .T. ) ;
#4825 = LINE ( 'NONE', #7196, #5455 ) ;
#4826 = DIRECTION ( 'NONE',  ( 1.000000000000000000, -8.537024980200837349E-17, 3.491481338843132961E-15 ) ) ;
#4827 = DIRECTION ( 'NONE',  ( 1.000000000000000000, -0.000000000000000000, -3.512375991854052315E-15 ) ) ;
#4828 = VECTOR ( 'NONE', #3020, 39.37007874015748143 ) ;
#4829 = VERTEX_POINT ( 'NONE', #1754 ) ;
#4830 = CARTESIAN_POINT ( 'NONE',  ( 2.000000000000003997, 2.000000000000005773, -1.009645669291334480 ) ) ;
#4831 = CARTESIAN_POINT ( 'NONE',  ( 100.7399999999999949, 9.700000000000001066, 0.6100000000000025402 ) ) ;
#4832 = VERTEX_POINT ( 'NONE', #4111 ) ;
#4833 = FACE_BOUND ( 'NONE', #446, .T. ) ;
#4834 = CARTESIAN_POINT ( 'NONE',  ( 4.187864042533941067, 14.83317831032973011, -0.2500000000000012212 ) ) ;
#4835 = EDGE_LOOP ( 'NONE', ( #7513, #1205, #5552, #3749 ) ) ;
#4836 = CARTESIAN_POINT ( 'NONE',  ( -10.75477272147525909, -9.449999999999999289, -1.719999999999999973 ) ) ;
#4837 = VERTEX_POINT ( 'NONE', #3526 ) ;
#4838 = VECTOR ( 'NONE', #694, 39.37007874015748143 ) ;
#4839 = EDGE_CURVE ( 'NONE', #4575, #5932, #111, .T. ) ;
#4840 = CARTESIAN_POINT ( 'NONE',  ( 2.344645669291333778, 1.999374015748021760, -1.340354330708657837 ) ) ;
#4841 = DIRECTION ( 'NONE',  ( -0.7071067811865476838, -0.7071067811865473507, 0.000000000000000000 ) ) ;
#4842 = DIRECTION ( 'NONE',  ( -1.361676060502509788E-31, 1.000000000000000000, -3.876794692995643179E-17 ) ) ;
#4843 = CARTESIAN_POINT ( 'NONE',  ( 6.344645669291334222, 1.999374015748014655, -1.174999999999995604 ) ) ;
#4844 = VECTOR ( 'NONE', #1150, 39.37007874015748143 ) ;
#4845 = CIRCLE ( 'NONE', #3630, 0.1653543307086613734 ) ;
#4846 = EDGE_CURVE ( 'NONE', #3613, #2445, #4149, .T. ) ;
#4847 = ORIENTED_EDGE ( 'NONE', *, *, #5183, .F. ) ;
#4848 = LINE ( 'NONE', #4283, #4854 ) ;
#4849 = PRODUCT_DEFINITION_SHAPE ( 'NONE', 'NONE',  #7598 ) ;
#4850 = ORIENTED_EDGE ( 'NONE', *, *, #1977, .F. ) ;
#4851 = VECTOR ( 'NONE', #2403, 39.37007874015748143 ) ;
#4852 = CIRCLE ( 'NONE', #7208, 10.04786461282786547 ) ;
#4853 = DIRECTION ( 'NONE',  ( 1.000000000000000000, 0.000000000000000000, 0.000000000000000000 ) ) ;
#4854 = VECTOR ( 'NONE', #1923, 39.37007874015748143 ) ;
#4855 = ADVANCED_FACE ( 'NONE', ( #5400 ), #1221, .F. ) ;
#4856 = ADVANCED_FACE ( 'NONE', ( #2415 ), #7117, .F. ) ;
#4857 = ORIENTED_EDGE ( 'NONE', *, *, #6938, .F. ) ;
#4858 = ORIENTED_EDGE ( 'NONE', *, *, #64, .T. ) ;
#4859 = VECTOR ( 'NONE', #2961, 39.37007874015748143 ) ;
#4860 = DIRECTION ( 'NONE',  ( 5.931810584512607995E-30, 3.590428791673030081E-15, 1.000000000000000000 ) ) ;
#4861 = EDGE_CURVE ( 'NONE', #296, #3317, #6655, .T. ) ;
#4862 = VERTEX_POINT ( 'NONE', #6778 ) ;
#4863 = CARTESIAN_POINT ( 'NONE',  ( 8.145227278524741266, 3.250000000000000444, -1.719999999999999973 ) ) ;
#4864 = VECTOR ( 'NONE', #666, 39.37007874015748143 ) ;
#4865 = ORIENTED_EDGE ( 'NONE', *, *, #2032, .T. ) ;
#4866 = ITEM_DEFINED_TRANSFORMATION ( 'NONE', 'NONE', #5234,  #5850 ) ;
#4867 = CARTESIAN_POINT ( 'NONE',  ( 1.409999999999995035, 2.000000000000002220, 0.1000000000000037109 ) ) ;
#4868 = DIRECTION ( 'NONE',  ( 0.000000000000000000, 0.000000000000000000, -1.000000000000000000 ) ) ;
#4869 = CARTESIAN_POINT ( 'NONE',  ( 4.187864042533941067, 14.83317831032973011, 0.000000000000000000 ) ) ;
#4870 = AXIS2_PLACEMENT_3D ( 'NONE', #2456, #6542, #3531 ) ;
#4871 = CYLINDRICAL_SURFACE ( 'NONE', #1598, 0.1653543307086612346 ) ;
#4872 = DIRECTION ( 'NONE',  ( 1.000000000000000000, 0.000000000000000000, 0.000000000000000000 ) ) ;
#4873 = VERTEX_POINT ( 'NONE', #2020 ) ;
#4874 = ADVANCED_FACE ( 'NONE', ( #6200 ), #2040, .T. ) ;
#4875 = FACE_OUTER_BOUND ( 'NONE', #586, .T. ) ;
#4876 = DIRECTION ( 'NONE',  ( -1.000000000000000222, 0.000000000000000000, 0.000000000000000000 ) ) ;
#4877 = ORIENTED_EDGE ( 'NONE', *, *, #6603, .F. ) ;
#4878 = DIRECTION ( 'NONE',  ( 0.7071067811865476838, 0.7071067811865473507, -0.000000000000000000 ) ) ;
#4879 = LINE ( 'NONE', #4343, #7199 ) ;
#4880 = PLANE ( 'NONE',  #690 ) ;
#4881 = ORIENTED_EDGE ( 'NONE', *, *, #5749, .F. ) ;
#4882 = DIRECTION ( 'NONE',  ( 1.000000000000000000, 0.000000000000000000, 0.000000000000000000 ) ) ;
#4883 = DIRECTION ( 'NONE',  ( 0.7071067811865474617, 0.7071067811865474617, 0.000000000000000000 ) ) ;
#4884 = FACE_OUTER_BOUND ( 'NONE', #728, .T. ) ;
#4885 = CARTESIAN_POINT ( 'NONE',  ( 5.958651863434425877, 15.18953358541536147, -0.2500000000000012212 ) ) ;
#4886 = EDGE_CURVE ( 'NONE', #2209, #6436, #2644, .T. ) ;
#4887 = VERTEX_POINT ( 'NONE', #7238 ) ;
#4888 = DIRECTION ( 'NONE',  ( 0.000000000000000000, -3.304235192336776301E-15, 1.000000000000000000 ) ) ;
#4889 = ORIENTED_EDGE ( 'NONE', *, *, #7503, .F. ) ;
#4890 = DIRECTION ( 'NONE',  ( -0.7071067811865476838, -0.7071067811865473507, 0.000000000000000000 ) ) ;
#4891 = DIRECTION ( 'NONE',  ( 0.000000000000000000, -0.000000000000000000, -1.000000000000000000 ) ) ;
#4892 = ORIENTED_EDGE ( 'NONE', *, *, #7275, .F. ) ;
#4893 = ORIENTED_EDGE ( 'NONE', *, *, #5091, .T. ) ;
#4894 = CARTESIAN_POINT ( 'NONE',  ( 12.59999999999999609, -7.604772721475247188, -1.719999999999999973 ) ) ;
#4895 = ADVANCED_FACE ( 'NONE', ( #1493 ), #4981, .T. ) ;
#4896 = CARTESIAN_POINT ( 'NONE',  ( -1.845227278524757653, -3.149999999999998579, -1.719999999999999973 ) ) ;
#4897 = ORIENTED_EDGE ( 'NONE', *, *, #6074, .T. ) ;
#4898 = DIRECTION ( 'NONE',  ( -1.000000000000000000, 0.000000000000000000, 0.000000000000000000 ) ) ;
#4899 = CIRCLE ( 'NONE', #2326, 0.1000000000000000194 ) ;
#4900 = AXIS2_PLACEMENT_3D ( 'NONE', #2179, #3960, #6380 ) ;
#4901 = ADVANCED_FACE ( 'NONE', ( #1410, #4370, #839, #1939 ), #4301, .F. ) ;
#4902 = ADVANCED_FACE ( 'NONE', ( #3254 ), #6229, .T. ) ;
#4903 = ORIENTED_EDGE ( 'NONE', *, *, #2790, .T. ) ;
#4904 = VECTOR ( 'NONE', #4579, 39.37007874015748854 ) ;
#4905 = CONTEXT_DEPENDENT_SHAPE_REPRESENTATION ( #6096, #6448 ) ;
#4906 = VECTOR ( 'NONE', #3571, 39.37007874015748143 ) ;
#4907 = LINE ( 'NONE', #1451, #3885 ) ;
#4908 = DIRECTION ( 'NONE',  ( -0.7071067811865474617, -0.7071067811865474617, 0.000000000000000000 ) ) ;
#4909 = CARTESIAN_POINT ( 'NONE',  ( 6.675354330708656470, 1.999999999999996447, 1.090354330708671604 ) ) ;
#4910 = LINE ( 'NONE', #1413, #7147 ) ;
#4911 = AXIS2_PLACEMENT_3D ( 'NONE', #3221, #5404, #3179 ) ;
#4912 = VECTOR ( 'NONE', #180, 39.37007874015748143 ) ;
#4913 = CARTESIAN_POINT ( 'NONE',  ( 2.344645669291333778, 2.250000000000005329, 0.7596456692913496900 ) ) ;
#4914 = EDGE_LOOP ( 'NONE', ( #2885, #3400, #4223, #1554 ) ) ;
#4915 = CARTESIAN_POINT ( 'NONE',  ( -4.454772721475258379, -3.149999999999997691, -1.770000000000000018 ) ) ;
#4916 = ORIENTED_EDGE ( 'NONE', *, *, #3172, .F. ) ;
#4917 = FILL_AREA_STYLE ('',( #1499 ) ) ;
#4918 = DIRECTION ( 'NONE',  ( 1.000000000000000000, 0.000000000000000000, 0.000000000000000000 ) ) ;
#4919 = DIRECTION ( 'NONE',  ( -1.000000000000000000, 2.731847993664263218E-17, 0.000000000000000000 ) ) ;
#4920 = VERTEX_POINT ( 'NONE', #919 ) ;
#4921 = DIRECTION ( 'NONE',  ( 0.000000000000000000, 3.304235192336773540E-15, 1.000000000000000000 ) ) ;
#4922 = CARTESIAN_POINT ( 'NONE',  ( 5.984739045710472105, 5.904211647661679052, -0.2500000000000012212 ) ) ;
#4923 = DIRECTION ( 'NONE',  ( -1.000000000000000000, 0.000000000000000000, -0.000000000000000000 ) ) ;
#4924 = ORIENTED_EDGE ( 'NONE', *, *, #2282, .T. ) ;
#4925 = VERTEX_POINT ( 'NONE', #883 ) ;
#4926 = FACE_OUTER_BOUND ( 'NONE', #1211, .T. ) ;
#4927 = DIRECTION ( 'NONE',  ( 0.000000000000000000, 0.000000000000000000, 1.000000000000000000 ) ) ;
#4928 = AXIS2_PLACEMENT_3D ( 'NONE', #7449, #1655, #5160 ) ;
#4929 = ORIENTED_EDGE ( 'NONE', *, *, #5886, .T. ) ;
#4930 = ORIENTED_EDGE ( 'NONE', *, *, #5660, .F. ) ;
#4931 = DIRECTION ( 'NONE',  ( -0.000000000000000000, -0.000000000000000000, -1.000000000000000000 ) ) ;
#4932 = EDGE_CURVE ( 'NONE', #5289, #3206, #3177, .T. ) ;
#4934 = MECHANICAL_DESIGN_GEOMETRIC_PRESENTATION_REPRESENTATION (  '', ( #2972 ), #6419 ) ;
#4933 = DIRECTION ( 'NONE',  ( -0.7071067811865475727, 0.7071067811865475727, 0.000000000000000000 ) ) ;
#4935 = VERTEX_POINT ( 'NONE', #6734 ) ;
#4936 = LINE ( 'NONE', #3247, #1098 ) ;
#4937 = EDGE_CURVE ( 'NONE', #2321, #3003, #5750, .T. ) ;
#4938 = EDGE_CURVE ( 'NONE', #1130, #3078, #3796, .T. ) ;
#4939 = ORIENTED_EDGE ( 'NONE', *, *, #3440, .T. ) ;
#4940 = ITEM_DEFINED_TRANSFORMATION ( 'NONE', 'NONE', #2175,  #5850 ) ;
#4941 = ADVANCED_FACE ( 'NONE', ( #1452 ), #5600, .F. ) ;
#4942 = CARTESIAN_POINT ( 'NONE',  ( 12.59999999999999609, -9.449999999999999289, -1.770000000000000018 ) ) ;
#4943 = DIRECTION ( 'NONE',  ( 1.000000000000000000, -1.720849129867250197E-15, -2.360463002061416414E-31 ) ) ;
#4944 = DIRECTION ( 'NONE',  ( 1.000000000000000000, -0.000000000000000000, -3.512375991854052315E-15 ) ) ;
#4945 = EDGE_CURVE ( 'NONE', #596, #3483, #4236, .T. ) ;
#4946 = ADVANCED_FACE ( 'NONE', ( #229 ), #5563, .F. ) ;
#4947 = ORIENTED_EDGE ( 'NONE', *, *, #3716, .T. ) ;
#4948 = DIRECTION ( 'NONE',  ( 0.000000000000000000, 0.000000000000000000, 1.000000000000000000 ) ) ;
#4949 = ADVANCED_FACE ( 'NONE', ( #1527 ), #425, .F. ) ;
#4950 = CARTESIAN_POINT ( 'NONE',  ( 0.000000000000000000, 0.000000000000000000, 0.000000000000000000 ) ) ;
#4951 = ORIENTED_EDGE ( 'NONE', *, *, #724, .F. ) ;
#4952 = CARTESIAN_POINT ( 'NONE',  ( 1.209354858209618300, 19.18501125138071828, 0.000000000000000000 ) ) ;
#4953 = CARTESIAN_POINT ( 'NONE',  ( 1.745227278524738468, 9.449999999999999289, -1.770000000000000018 ) ) ;
#4954 = ORIENTED_EDGE ( 'NONE', *, *, #6513, .T. ) ;
#4955 = DIRECTION ( 'NONE',  ( -1.000000000000000000, 1.652117596168388150E-15, -0.000000000000000000 ) ) ;
#4956 = CARTESIAN_POINT ( 'NONE',  ( 0.000000000000000000, 12.69999999999999929, -1.719999999999999973 ) ) ;
#4957 = DIRECTION ( 'NONE',  ( 1.000000000000000000, 0.000000000000000000, 0.000000000000000000 ) ) ;
#4958 = ORIENTED_EDGE ( 'NONE', *, *, #3983, .F. ) ;
#4959 = FACE_OUTER_BOUND ( 'NONE', #383, .T. ) ;
#4960 = AXIS2_PLACEMENT_3D ( 'NONE', #419, #6294, #6996 ) ;
#4961 = ORIENTED_EDGE ( 'NONE', *, *, #3738, .F. ) ;
#4962 = CARTESIAN_POINT ( 'NONE',  ( 2.420580475199245019, 19.71186723724616385, 0.000000000000000000 ) ) ;
#4963 = CARTESIAN_POINT ( 'NONE',  ( 1.409999999999993703, 21.90000000000005187, 0.9153543307087076419 ) ) ;
#4964 = FACE_BOUND ( 'NONE', #599, .T. ) ;
#4965 = AXIS2_PLACEMENT_3D ( 'NONE', #1461, #3896, #5181 ) ;
#4966 = VECTOR ( 'NONE', #5211, 39.37007874015748143 ) ;
#4967 = ORIENTED_EDGE ( 'NONE', *, *, #5463, .T. ) ;
#4968 = ORIENTED_EDGE ( 'NONE', *, *, #2309, .F. ) ;
#4969 = ORIENTED_EDGE ( 'NONE', *, *, #5515, .T. ) ;
#4970 = CARTESIAN_POINT ( 'NONE',  ( 1.409999999999979714, 21.90000000000001990, -0.9999999999999836797 ) ) ;
#4971 = ORIENTED_EDGE ( 'NONE', *, *, #7308, .F. ) ;
#4972 = CARTESIAN_POINT ( 'NONE',  ( -6.300000000000008704, 5.095227278524751213, -1.719999999999999973 ) ) ;
#4973 = VECTOR ( 'NONE', #3759, 39.37007874015748143 ) ;
#4974 = VERTEX_POINT ( 'NONE', #62 ) ;
#4975 = VECTOR ( 'NONE', #95, 39.37007874015748143 ) ;
#4976 = DIRECTION ( 'NONE',  ( -0.000000000000000000, -0.000000000000000000, -1.000000000000000000 ) ) ;
#4977 = ORIENTED_EDGE ( 'NONE', *, *, #2119, .T. ) ;
#4979 = ADVANCED_FACE ( 'NONE', ( #5238 ), #962, .F. ) ;
#4978 = ITEM_DEFINED_TRANSFORMATION ( 'NONE', 'NONE', #350,  #5850 ) ;
#4980 = FACE_OUTER_BOUND ( 'NONE', #5739, .T. ) ;
#4981 = PLANE ( 'NONE',  #1887 ) ;
#4982 = DIRECTION ( 'NONE',  ( -1.000000000000000000, 1.892934042853975138E-15, -8.646343036883249483E-31 ) ) ;
#4983 = DIRECTION ( 'NONE',  ( -1.000000000000000000, 0.000000000000000000, 0.000000000000000000 ) ) ;
#4984 = DIRECTION ( 'NONE',  ( 1.000000000000000000, -0.000000000000000000, 3.512375991854052315E-15 ) ) ;
#4985 = DIRECTION ( 'NONE',  ( 0.000000000000000000, 0.000000000000000000, 1.000000000000000222 ) ) ;
#4986 = VERTEX_POINT ( 'NONE', #793 ) ;
#4987 = AXIS2_PLACEMENT_3D ( 'NONE', #3940, #3460, #4539 ) ;
#4988 = FACE_OUTER_BOUND ( 'NONE', #381, .T. ) ;
#4989 = EDGE_CURVE ( 'NONE', #6254, #6226, #182, .T. ) ;
#4990 = CARTESIAN_POINT ( 'NONE',  ( 7.857260327071196926, 2.252602732333164326, 0.07382521156407782781 ) ) ;
#4991 = EDGE_CURVE ( 'NONE', #1330, #1158, #5427, .T. ) ;
#4992 = CARTESIAN_POINT ( 'NONE',  ( 10.75477272147524310, -3.099999999999999201, -1.719999999999999973 ) ) ;
#4993 = EDGE_CURVE ( 'NONE', #1972, #487, #833, .T. ) ;
#4994 = ORIENTED_EDGE ( 'NONE', *, *, #4996, .F. ) ;
#4995 = DIRECTION ( 'NONE',  ( 0.7071067811865476838, 0.7071067811865473507, 0.000000000000000000 ) ) ;
#4996 = EDGE_CURVE ( 'NONE', #982, #7061, #3212, .T. ) ;
#4997 = CARTESIAN_POINT ( 'NONE',  ( -12.60000000000000497, 9.449999999999999289, -1.770000000000000018 ) ) ;
#4998 = FACE_OUTER_BOUND ( 'NONE', #705, .T. ) ;
#4999 = EDGE_CURVE ( 'NONE', #5547, #858, #6768, .T. ) ;
#5000 = CARTESIAN_POINT ( 'NONE',  ( -1.845227278524757653, -3.149999999999998579, -1.719999999999999973 ) ) ;
#5001 = ORIENTED_EDGE ( 'NONE', *, *, #6905, .T. ) ;
#5002 = FACE_OUTER_BOUND ( 'NONE', #1986, .T. ) ;
#5003 = ORIENTED_EDGE ( 'NONE', *, *, #5601, .T. ) ;
#5004 = CARTESIAN_POINT ( 'NONE',  ( 1.409999999999989040, 2.000000000000001776, 1.750000000000005995 ) ) ;
#5005 = AXIS2_PLACEMENT_3D ( 'NONE', #5558, #1960, #1546 ) ;
#5006 = DIRECTION ( 'NONE',  ( -0.000000000000000000, -0.000000000000000000, -1.000000000000000000 ) ) ;
#5007 = DIRECTION ( 'NONE',  ( 0.000000000000000000, 0.000000000000000000, 1.000000000000000000 ) ) ;
#5008 = ORIENTED_EDGE ( 'NONE', *, *, #3072, .F. ) ;
#5009 = ORIENTED_EDGE ( 'NONE', *, *, #4432, .F. ) ;
#5010 = ORIENTED_EDGE ( 'NONE', *, *, #1599, .F. ) ;
#5011 = PLANE ( 'NONE',  #6903 ) ;
#5012 = ORIENTED_EDGE ( 'NONE', *, *, #3153, .T. ) ;
#5013 = CARTESIAN_POINT ( 'NONE',  ( 4.529999999999996696, 0.2500000000000000000, -7.930136022756449243 ) ) ;
#5014 = ORIENTED_EDGE ( 'NONE', *, *, #3215, .F. ) ;
#5015 = CARTESIAN_POINT ( 'NONE',  ( -10.75477272147525909, -3.149999999999997691, -1.719999999999999973 ) ) ;
#5016 = ORIENTED_EDGE ( 'NONE', *, *, #2398, .T. ) ;
#5017 = DIRECTION ( 'NONE',  ( -1.000000000000000000, 0.000000000000000000, 0.000000000000000000 ) ) ;
#5018 = DIRECTION ( 'NONE',  ( 0.000000000000000000, -1.000000000000000000, 0.000000000000000000 ) ) ;
#5019 = VECTOR ( 'NONE', #5908, 39.37007874015748143 ) ;
#5020 = DIRECTION ( 'NONE',  ( 0.000000000000000000, 0.000000000000000000, 1.000000000000000000 ) ) ;
#5021 = VECTOR ( 'NONE', #3714, 39.37007874015748143 ) ;
#5022 = PRODUCT_DEFINITION_SHAPE ( 'NONE', 'NONE',  #7179 ) ;
#5023 = DIRECTION ( 'NONE',  ( 0.7071067811865476838, 0.7071067811865473507, 0.000000000000000000 ) ) ;
#5024 = DIRECTION ( 'NONE',  ( -0.000000000000000000, -0.000000000000000000, -1.000000000000000000 ) ) ;
#5025 = VECTOR ( 'NONE', #6629, 39.37007874015748143 ) ;
#5026 = AXIS2_PLACEMENT_3D ( 'NONE', #4424, #2155, #3195 ) ;
#5027 = EDGE_LOOP ( 'NONE', ( #7557, #1947, #1850, #6291 ) ) ;
#5028 = DIRECTION ( 'NONE',  ( 0.000000000000000000, 0.000000000000000000, 1.000000000000000000 ) ) ;
#5029 = ORIENTED_EDGE ( 'NONE', *, *, #6308, .T. ) ;
#5030 = LINE ( 'NONE', #2615, #7296 ) ;
#5031 = CARTESIAN_POINT ( 'NONE',  ( -11.60000000000002451, 8.449999999999999289, -0.9719999999999998641 ) ) ;
#5032 = ADVANCED_FACE ( 'NONE', ( #2594 ), #911, .F. ) ;
#5033 = DIRECTION ( 'NONE',  ( -1.000000000000000000, 0.000000000000000000, 0.000000000000000000 ) ) ;
#5034 = ORIENTED_EDGE ( 'NONE', *, *, #4386, .F. ) ;
#5035 = VECTOR ( 'NONE', #3459, 39.37007874015748143 ) ;
#5036 = VECTOR ( 'NONE', #5349, 39.37007874015748143 ) ;
#5037 = PLANE ( 'NONE',  #388 ) ;
#5038 = EDGE_CURVE ( 'NONE', #6612, #1889, #2012, .T. ) ;
#5039 = DIRECTION ( 'NONE',  ( -0.8571673007021125557, 0.000000000000000000, -0.5150380749100536004 ) ) ;
#5040 = PLANE ( 'NONE',  #6104 ) ;
#5041 = EDGE_CURVE ( 'NONE', #2464, #4439, #6015, .T. ) ;
#5042 = CARTESIAN_POINT ( 'NONE',  ( 6.299999999999990941, 7.704772721475252162, -1.719999999999999973 ) ) ;
#5043 = AXIS2_PLACEMENT_3D ( 'NONE', #4491, #427, #5023 ) ;
#5044 = ORIENTED_EDGE ( 'NONE', *, *, #7082, .F. ) ;
#5045 = DIRECTION ( 'NONE',  ( 1.892934042853975533E-15, 1.000000000000000000, -3.590428791673030081E-15 ) ) ;
#5046 = ORIENTED_EDGE ( 'NONE', *, *, #3271, .T. ) ;
#5047 = EDGE_CURVE ( 'NONE', #2168, #1883, #4441, .T. ) ;
#5048 = PLANE ( 'NONE',  #6591 ) ;
#5049 = DIRECTION ( 'NONE',  ( -0.000000000000000000, -0.000000000000000000, -1.000000000000000000 ) ) ;
#5050 = FACE_OUTER_BOUND ( 'NONE', #2871, .T. ) ;
#5051 = ORIENTED_EDGE ( 'NONE', *, *, #3534, .F. ) ;
#5052 = ORIENTED_EDGE ( 'NONE', *, *, #3677, .F. ) ;
#5053 = VERTEX_POINT ( 'NONE', #299 ) ;
#5054 = CARTESIAN_POINT ( 'NONE',  ( 2.176780981213570332, 2.781713543831470403, 0.000000000000000000 ) ) ;
#5055 = ORIENTED_EDGE ( 'NONE', *, *, #6701, .F. ) ;
#5056 = CARTESIAN_POINT ( 'NONE',  ( 1.159999999999979492, 3.000000000000023537, -0.9999999999999835687 ) ) ;
#5057 = EDGE_LOOP ( 'NONE', ( #32, #770, #6620, #268 ) ) ;
#5058 = CARTESIAN_POINT ( 'NONE',  ( 1.409999999999980380, 21.90000000000001990, -0.8346456692913230002 ) ) ;
#5059 = FACE_OUTER_BOUND ( 'NONE', #2272, .T. ) ;
#5060 = ORIENTED_EDGE ( 'NONE', *, *, #3861, .T. ) ;
#5061 = VECTOR ( 'NONE', #1991, 39.37007874015748143 ) ;
#5062 = CARTESIAN_POINT ( 'NONE',  ( 4.675354330708657358, 2.000000000000000000, 1.090354330708671604 ) ) ;
#5063 = B_SPLINE_CURVE_WITH_KNOTS ( 'NONE', 3,
 ( #6403, #4055, #2201, #5229, #4549, #5737, #2817, #5162, #1733, #6434 ),
 .UNSPECIFIED., .F., .F.,
 ( 4, 2, 2, 2, 4 ),
 ( 0.000000000000000000, 0.2499999999999998890, 0.4999999999999997780, 0.7499999999999998890, 1.000000000000000000 ),
 .UNSPECIFIED. ) ;
#5064 = LINE ( 'NONE', #5479, #6964 ) ;
#5065 = FACE_OUTER_BOUND ( 'NONE', #2913, .T. ) ;
#5066 = VERTEX_POINT ( 'NONE', #1485 ) ;
#5067 = VERTEX_POINT ( 'NONE', #7345 ) ;
#5068 = DIRECTION ( 'NONE',  ( 0.7071067811865476838, 0.7071067811865473507, -0.000000000000000000 ) ) ;
#5069 = CARTESIAN_POINT ( 'NONE',  ( 7.853150817677982509, 2.270033315760178194, -0.2885453280025034872 ) ) ;
#5070 = CARTESIAN_POINT ( 'NONE',  ( 8.145227278524741266, 3.200000000000001954, -1.719999999999999973 ) ) ;
#5071 = VECTOR ( 'NONE', #5453, 39.37007874015748143 ) ;
#5072 = CARTESIAN_POINT ( 'NONE',  ( 6.344645669291333334, 2.249999999999996891, 1.090354330708672492 ) ) ;
#5073 = PLANE ( 'NONE',  #1312 ) ;
#5074 = CARTESIAN_POINT ( 'NONE',  ( 7.849041308284766316, 2.299638101962905967, 0.01262136116457978838 ) ) ;
#5075 = ORIENTED_EDGE ( 'NONE', *, *, #4945, .F. ) ;
#5076 = CYLINDRICAL_SURFACE ( 'NONE', #6833, 0.1377952755905512972 ) ;
#5077 = EDGE_CURVE ( 'NONE', #1305, #3755, #2054, .T. ) ;
#5078 = ORIENTED_EDGE ( 'NONE', *, *, #4938, .F. ) ;
#5079 = DIRECTION ( 'NONE',  ( -1.000000000000000000, 0.000000000000000000, 0.000000000000000000 ) ) ;
#5080 =( LENGTH_UNIT ( ) NAMED_UNIT ( * ) SI_UNIT ( $, .METRE. ) );
#5081 = ORIENTED_EDGE ( 'NONE', *, *, #3293, .T. ) ;
#5082 = EDGE_CURVE ( 'NONE', #5066, #3640, #6804, .T. ) ;
#5083 = ORIENTED_EDGE ( 'NONE', *, *, #4615, .F. ) ;
#5084 = VECTOR ( 'NONE', #5817, 39.37007874015748143 ) ;
#5085 = ORIENTED_EDGE ( 'NONE', *, *, #3762, .F. ) ;
#5086 = ORIENTED_EDGE ( 'NONE', *, *, #6609, .F. ) ;
#5087 = CARTESIAN_POINT ( 'NONE',  ( -11.60000000000002451, -8.449999999999999289, -1.719999999999999973 ) ) ;
#5088 = ORIENTED_EDGE ( 'NONE', *, *, #3873, .T. ) ;
#5089 = DIRECTION ( 'NONE',  ( -3.512375991854052315E-15, 0.000000000000000000, -1.000000000000000000 ) ) ;
#5090 = VERTEX_POINT ( 'NONE', #3093 ) ;
#5091 = EDGE_CURVE ( 'NONE', #3217, #4168, #2515, .T. ) ;
#5092 = ADVANCED_FACE ( 'NONE', ( #488 ), #5127, .F. ) ;
#5093 = AXIS2_PLACEMENT_3D ( 'NONE', #7239, #152, #1375 ) ;
#5094 = DIRECTION ( 'NONE',  ( -1.892934042853975138E-15, -1.000000000000000000, 3.613946018757868503E-15 ) ) ;
#5095 = EDGE_LOOP ( 'NONE', ( #2922, #6269, #2353, #1881 ) ) ;
#5096 = ADVANCED_FACE ( 'NONE', ( #1558 ), #7461, .F. ) ;
#5097 = AXIS2_PLACEMENT_3D ( 'NONE', #153, #6063, #7119 ) ;
#5098 = CARTESIAN_POINT ( 'NONE',  ( 1.509999999999994458, 2.349999999999996092, -0.2499999999999945322 ) ) ;
#5099 = CARTESIAN_POINT ( 'NONE',  ( -4.370956789862821150E-15, -7.604772721475247188, -1.770000000000000018 ) ) ;
#5100 = DIRECTION ( 'NONE',  ( 1.000000000000000000, 0.000000000000000000, -1.206113904487532858E-16 ) ) ;
#5101 = VECTOR ( 'NONE', #102, 39.37007874015748143 ) ;
#5102 = EDGE_CURVE ( 'NONE', #3217, #5537, #675, .T. ) ;
#5103 = ORIENTED_EDGE ( 'NONE', *, *, #2741, .T. ) ;
#5104 = CONTEXT_DEPENDENT_SHAPE_REPRESENTATION ( #6745, #1942 ) ;
#5105 = ORIENTED_EDGE ( 'NONE', *, *, #2833, .T. ) ;
#5106 = CIRCLE ( 'NONE', #3760, 0.1377952755905512972 ) ;
#5107 = CARTESIAN_POINT ( 'NONE',  ( 7.030000000000001137, 0.2500000000000000000, 9.390000000000002345 ) ) ;
#5108 = CARTESIAN_POINT ( 'NONE',  ( -6.300000000000008704, -7.604772721475248076, -1.719999999999999973 ) ) ;
#5109 = DIRECTION ( 'NONE',  ( 0.000000000000000000, 1.000000000000000000, -3.590428791673030081E-15 ) ) ;
#5110 = PLANE ( 'NONE',  #7017 ) ;
#5111 = LINE ( 'NONE', #473, #5578 ) ;
#5112 = VECTOR ( 'NONE', #3231, 39.37007874015748143 ) ;
#5113 =( NAMED_UNIT ( * ) SI_UNIT ( $, .STERADIAN. ) SOLID_ANGLE_UNIT ( ) );
#5114 = CARTESIAN_POINT ( 'NONE',  ( 12.79000000000000448, -1.750000000000055955, 1.309921112963532418E-13 ) ) ;
#5115 = ORIENTED_EDGE ( 'NONE', *, *, #5414, .F. ) ;
#5116 = DIRECTION ( 'NONE',  ( -1.000000000000000000, 0.000000000000000000, 0.000000000000000000 ) ) ;
#5117 = ORIENTED_EDGE ( 'NONE', *, *, #1331, .F. ) ;
#5118 = DIRECTION ( 'NONE',  ( 0.000000000000000000, 3.304235192336770779E-15, 1.000000000000000000 ) ) ;
#5119 = DIRECTION ( 'NONE',  ( -0.000000000000000000, -0.000000000000000000, 1.000000000000000000 ) ) ;
#5120 = PLANE ( 'NONE',  #3005 ) ;
#5121 = ADVANCED_FACE ( 'NONE', ( #5634 ), #6255, .F. ) ;
#5122 = EDGE_LOOP ( 'NONE', ( #7427, #2823, #294, #7547 ) ) ;
#5123 = ORIENTED_EDGE ( 'NONE', *, *, #6703, .F. ) ;
#5124 = CARTESIAN_POINT ( 'NONE',  ( -10.75477272147525909, -3.099999999999999201, -1.770000000000000018 ) ) ;
#5125 = FACE_BOUND ( 'NONE', #4167, .T. ) ;
#5126 = ORIENTED_EDGE ( 'NONE', *, *, #4709, .T. ) ;
#5127 = CYLINDRICAL_SURFACE ( 'NONE', #57, 0.1377952755905512972 ) ;
#5128 = EDGE_LOOP ( 'NONE', ( #2288, #1648, #135 ) ) ;
#5129 = LINE ( 'NONE', #4589, #6265 ) ;
#5130 = VERTEX_POINT ( 'NONE', #3869 ) ;
#5131 = DIRECTION ( 'NONE',  ( -0.000000000000000000, 1.000000000000000000, 8.537024980200866931E-17 ) ) ;
#5132 = ADVANCED_FACE ( 'NONE', ( #2787 ), #2824, .F. ) ;
#5133 = CONTEXT_DEPENDENT_SHAPE_REPRESENTATION ( #6895, #6330 ) ;
#5134 = CARTESIAN_POINT ( 'NONE',  ( 1.159999999999983045, 0.000000000000000000, 1.393242476768774222E-14 ) ) ;
#5135 = EDGE_CURVE ( 'NONE', #4144, #5670, #1593, .T. ) ;
#5136 = CARTESIAN_POINT ( 'NONE',  ( 1.159999999999994147, 21.90000000000005187, 0.7500000000000460743 ) ) ;
#5137 = ADVANCED_FACE ( 'NONE', ( #7496 ), #953, .F. ) ;
#5138 = CARTESIAN_POINT ( 'NONE',  ( 2.417076221633456257, 14.47682303524409697, 0.000000000000000000 ) ) ;
#5139 = EDGE_CURVE ( 'NONE', #1671, #6754, #2638, .T. ) ;
#5140 = ORIENTED_EDGE ( 'NONE', *, *, #618, .F. ) ;
#5141 = ITEM_DEFINED_TRANSFORMATION ( 'NONE', 'NONE', #4376,  #5850 ) ;
#5142 = AXIS2_PLACEMENT_3D ( 'NONE', #990, #2291, #5197 ) ;
#5143 = ORIENTED_EDGE ( 'NONE', *, *, #3671, .T. ) ;
#5144 = DIRECTION ( 'NONE',  ( -0.7071067811865476838, -0.7071067811865473507, 0.000000000000000000 ) ) ;
#5145 = CARTESIAN_POINT ( 'NONE',  ( 7.860000000000003872, 1.999999999999997335, -0.3499999999999959810 ) ) ;
#5146 = DIRECTION ( 'NONE',  ( 0.000000000000000000, -1.000000000000000000, -0.000000000000000000 ) ) ;
#5147 = DIRECTION ( 'NONE',  ( 3.512375991854052315E-15, -0.000000000000000000, 1.000000000000000000 ) ) ;
#5148 = VECTOR ( 'NONE', #5810, 39.37007874015748143 ) ;
#5149 = VECTOR ( 'NONE', #1303, 39.37007874015748143 ) ;
#5150 = PRODUCT_DEFINITION_SHAPE ( 'NONE', 'NONE',  #7576 ) ;
#5151 = SURFACE_STYLE_FILL_AREA ( #6393 ) ;
#5152 = DIRECTION ( 'NONE',  ( -1.000000000000000222, 0.000000000000000000, 0.000000000000000000 ) ) ;
#5153 = ORIENTED_EDGE ( 'NONE', *, *, #3022, .F. ) ;
#5154 = CARTESIAN_POINT ( 'NONE',  ( 4.213951224809987295, 5.547856372576045025, -0.2500000000000012212 ) ) ;
#5155 = ORIENTED_EDGE ( 'NONE', *, *, #1010, .F. ) ;
#5156 = AXIS2_PLACEMENT_3D ( 'NONE', #4970, #4438, #338 ) ;
#5157 = DIRECTION ( 'NONE',  ( -0.7071067811865476838, -0.7071067811865473507, 0.000000000000000000 ) ) ;
#5158 =( REPRESENTATION_RELATIONSHIP ('NONE','NONE', #754, #6547 ) REPRESENTATION_RELATIONSHIP_WITH_TRANSFORMATION ( #3836 )SHAPE_REPRESENTATION_RELATIONSHIP( ) );
#5159 = CARTESIAN_POINT ( 'NONE',  ( 5.958651863434425877, 15.18953358541536147, 0.000000000000000000 ) ) ;
#5160 = DIRECTION ( 'NONE',  ( 0.000000000000000000, 0.000000000000000000, 1.000000000000000000 ) ) ;
#5161 = VECTOR ( 'NONE', #6877, 39.37007874015748854 ) ;
#5162 = CARTESIAN_POINT ( 'NONE',  ( 7.857260327071198702, 2.009109563166084467, 0.008388240474258635768 ) ) ;
#5163 = DIRECTION ( 'NONE',  ( -0.000000000000000000, -0.000000000000000000, -1.000000000000000000 ) ) ;
#5164 = ORIENTED_EDGE ( 'NONE', *, *, #7519, .F. ) ;
#5165 = FACE_OUTER_BOUND ( 'NONE', #6234, .T. ) ;
#5166 = ORIENTED_EDGE ( 'NONE', *, *, #5710, .T. ) ;
#5167 = DIRECTION ( 'NONE',  ( -1.000000000000000000, 0.000000000000000000, 0.000000000000000000 ) ) ;
#5168 = VERTEX_POINT ( 'NONE', #6842 ) ;
#5169 = LINE ( 'NONE', #3369, #7123 ) ;
#5170 = EDGE_LOOP ( 'NONE', ( #980, #6349, #2250, #2095 ) ) ;
#5171 = LINE ( 'NONE', #3476, #389 ) ;
#5172 = CARTESIAN_POINT ( 'NONE',  ( 7.857260327071193373, 2.009109563166085355, -0.2583882404742477990 ) ) ;
#5173 = DIRECTION ( 'NONE',  ( -3.304235192336789711E-15, 0.000000000000000000, 1.000000000000000000 ) ) ;
#5174 = DIRECTION ( 'NONE',  ( 0.000000000000000000, -1.000000000000000000, 0.000000000000000000 ) ) ;
#5175 = EDGE_CURVE ( 'NONE', #7328, #3829, #3915, .T. ) ;
#5176 = VERTEX_POINT ( 'NONE', #2750 ) ;
#5177 = CONTEXT_DEPENDENT_SHAPE_REPRESENTATION ( #5431, #3068 ) ;
#5178 = ORIENTED_EDGE ( 'NONE', *, *, #1846, .F. ) ;
#5179 = DIRECTION ( 'NONE',  ( -0.5042654540557239828, 0.000000000000000000, -0.8635486968584774603 ) ) ;
#5180 = DIRECTION ( 'NONE',  ( 0.000000000000000000, 0.000000000000000000, 1.000000000000000000 ) ) ;
#5181 = DIRECTION ( 'NONE',  ( -2.731847993664263218E-17, -1.000000000000000000, 0.000000000000000000 ) ) ;
#5182 = EDGE_CURVE ( 'NONE', #4829, #4047, #3331, .T. ) ;
#5183 = EDGE_CURVE ( 'NONE', #6836, #1036, #1283, .T. ) ;
#5184 = EDGE_CURVE ( 'NONE', #4974, #5289, #4515, .T. ) ;
#5185 = DIRECTION ( 'NONE',  ( 1.000000000000000000, 0.000000000000000000, 0.000000000000000000 ) ) ;
#5186 = VERTEX_POINT ( 'NONE', #2208 ) ;
#5187 = LINE ( 'NONE', #2851, #1776 ) ;
#5188 = ORIENTED_EDGE ( 'NONE', *, *, #4021, .T. ) ;
#5189 = DIRECTION ( 'NONE',  ( -0.000000000000000000, -0.000000000000000000, -1.000000000000000000 ) ) ;
#5190 = DIRECTION ( 'NONE',  ( 1.892934042853975138E-15, 1.000000000000000000, -3.590428791673030081E-15 ) ) ;
#5191 = FACE_OUTER_BOUND ( 'NONE', #888, .T. ) ;
#5192 = CARTESIAN_POINT ( 'NONE',  ( -12.60000000000000853, -1.254772721475248209, -1.719999999999999973 ) ) ;
#5193 = VERTEX_POINT ( 'NONE', #1629 ) ;
#5194 = DIRECTION ( 'NONE',  ( 0.000000000000000000, 0.000000000000000000, -1.000000000000000000 ) ) ;
#5195 = ORIENTED_EDGE ( 'NONE', *, *, #5272, .T. ) ;
#5196 = CARTESIAN_POINT ( 'NONE',  ( -8.145227278524757253, 3.200000000000001510, -1.719999999999999973 ) ) ;
#5197 = DIRECTION ( 'NONE',  ( -1.000000000000000000, 0.000000000000000000, 0.000000000000000000 ) ) ;
#5198 = EDGE_LOOP ( 'NONE', ( #1072, #6962, #6216, #578 ) ) ;
#5199 = VECTOR ( 'NONE', #4281, 39.37007874015748143 ) ;
#5200 = LINE ( 'NONE', #2293, #1359 ) ;
#5201 = SHAPE_REPRESENTATION ( 'LED iPoster -LH Back Support', ( #5850 ), #7223 ) ;
#5202 = CARTESIAN_POINT ( 'NONE',  ( 7.844932045648741692, 2.304176854212597991, 5.323896892284433265E-15 ) ) ;
#5203 = AXIS2_PLACEMENT_3D ( 'NONE', #2290, #4554, #6879 ) ;
#5204 = DIRECTION ( 'NONE',  ( 0.7071067811865473507, -0.7071067811865476838, 0.000000000000000000 ) ) ;
#5205 = DIRECTION ( 'NONE',  ( -1.000000000000000000, -0.000000000000000000, -0.000000000000000000 ) ) ;
#5206 = CIRCLE ( 'NONE', #69, 0.1653543307086607073 ) ;
#5207 = VECTOR ( 'NONE', #1460, 39.37007874015748143 ) ;
#5208 = ORIENTED_EDGE ( 'NONE', *, *, #861, .T. ) ;
#5209 = ORIENTED_EDGE ( 'NONE', *, *, #3922, .T. ) ;
#5210 = PLANE ( 'NONE',  #4088 ) ;
#5211 = DIRECTION ( 'NONE',  ( 1.000000000000000000, -0.000000000000000000, -3.512375991854052315E-15 ) ) ;
#5212 = DIRECTION ( 'NONE',  ( -0.000000000000000000, -1.000000000000000000, -0.000000000000000000 ) ) ;
#5213 = AXIS2_PLACEMENT_3D ( 'NONE', #2548, #2364, #7037 ) ;
#5214 = VECTOR ( 'NONE', #5788, 39.37007874015748143 ) ;
#5215 = AXIS2_PLACEMENT_3D ( 'NONE', #2081, #2737, #369 ) ;
#5216 = DIRECTION ( 'NONE',  ( -1.000000000000000000, 2.093734754490789434E-16, 0.000000000000000000 ) ) ;
#5217 = VECTOR ( 'NONE', #6795, 39.37007874015748143 ) ;
#5218 = ADVANCED_FACE ( 'NONE', ( #3403 ), #2249, .F. ) ;
#5219 = CARTESIAN_POINT ( 'NONE',  ( 10.75477272147524310, -3.099999999999999201, -1.770000000000000018 ) ) ;
#5220 = ORIENTED_EDGE ( 'NONE', *, *, #5249, .F. ) ;
#5221 = CARTESIAN_POINT ( 'NONE',  ( 1.159999999999993703, 21.90000000000005187, 0.9153543307087067538 ) ) ;
#5222 = EDGE_CURVE ( 'NONE', #4255, #4397, #4029, .T. ) ;
#5223 = ORIENTED_EDGE ( 'NONE', *, *, #7470, .T. ) ;
#5224 = CARTESIAN_POINT ( 'NONE',  ( 1.159999999999972831, 19.90000000000002345, -0.9999999999999830136 ) ) ;
#5225 = EDGE_CURVE ( 'NONE', #5066, #7090, #2862, .T. ) ;
#5226 = LINE ( 'NONE', #5773, #1479 ) ;
#5227 = EDGE_CURVE ( 'NONE', #1584, #6156, #3004, .T. ) ;
#5228 = EDGE_CURVE ( 'NONE', #5090, #790, #2970, .T. ) ;
#5229 = CARTESIAN_POINT ( 'NONE',  ( 7.849041308284764540, 2.173733356870179989, -0.2058252359239844953 ) ) ;
#5230 = FACE_OUTER_BOUND ( 'NONE', #405, .T. ) ;
#5231 = ORIENTED_EDGE ( 'NONE', *, *, #2453, .T. ) ;
#5232 = DIRECTION ( 'NONE',  ( -2.543990764463414454E-15, -0.7071067811865479058, 0.7071067811865472397 ) ) ;
#5233 = EDGE_LOOP ( 'NONE', ( #138, #5986, #7235 ) ) ;
#5234 = AXIS2_PLACEMENT_3D ( 'NONE', #3028, #5367, #4795 ) ;
#5235 = CARTESIAN_POINT ( 'NONE',  ( 1.159999999999979936, 23.14000000000000412, -0.9999999999999826805 ) ) ;
#5236 = EDGE_LOOP ( 'NONE', ( #4147, #2105, #6663, #6634 ) ) ;
#5237 = CARTESIAN_POINT ( 'NONE',  ( 1.159999999999981934, 2.000000000000001776, -0.3499999999999816591 ) ) ;
#5238 = FACE_OUTER_BOUND ( 'NONE', #1535, .T. ) ;
#5239 = CARTESIAN_POINT ( 'NONE',  ( 4.187864042533941067, 14.83317831032973011, -0.2500000000000000555 ) ) ;
#5240 = CARTESIAN_POINT ( 'NONE',  ( -4.370956789862821150E-15, 5.095227278524752990, -1.719999999999999973 ) ) ;
#5241 =( BOUNDED_CURVE ( )  B_SPLINE_CURVE ( 3, ( #6276, #3347, #7522, #2230 ),
 .UNSPECIFIED., .F., .T. ) 
 B_SPLINE_CURVE_WITH_KNOTS ( ( 4, 4 ),
 ( 3.141592653589793116, 6.283185307179586232 ),
 .UNSPECIFIED. ) 
 CURVE ( )  GEOMETRIC_REPRESENTATION_ITEM ( )  RATIONAL_B_SPLINE_CURVE ( ( 1.000000000000000000, 0.3333333333333333703, 0.3333333333333333703, 1.000000000000000000 ) ) 
 REPRESENTATION_ITEM ( '' )  );
#5242 = ITEM_DEFINED_TRANSFORMATION ( 'NONE', 'NONE', #2301,  #5850 ) ;
#5243 = ORIENTED_EDGE ( 'NONE', *, *, #3592, .T. ) ;
#5244 = DIRECTION ( 'NONE',  ( -1.000000000000000000, 8.537024980200837349E-17, -3.512375991854052315E-15 ) ) ;
#5245 = DIRECTION ( 'NONE',  ( -0.000000000000000000, -1.000000000000000000, -0.000000000000000000 ) ) ;
#5246 = PLANE ( 'NONE',  #1538 ) ;
#5247 = DIRECTION ( 'NONE',  ( 5.931810584512607995E-30, 3.590428791673030081E-15, 1.000000000000000000 ) ) ;
#5248 = SURFACE_STYLE_USAGE ( .BOTH. , #7486 ) ;
#5249 = EDGE_CURVE ( 'NONE', #3825, #2784, #5382, .T. ) ;
#5250 = DIRECTION ( 'NONE',  ( -1.000000000000000222, 0.000000000000000000, 0.000000000000000000 ) ) ;
#5251 = ORIENTED_EDGE ( 'NONE', *, *, #5270, .T. ) ;
#5252 = LINE ( 'NONE', #8, #2518 ) ;
#5253 = ORIENTED_EDGE ( 'NONE', *, *, #1781, .T. ) ;
#5254 = DIRECTION ( 'NONE',  ( 2.483624881916825330E-15, -0.7071067811865477948, 0.7071067811865472397 ) ) ;
#5255 = EDGE_CURVE ( 'NONE', #376, #5702, #600, .T. ) ;
#5256 = VECTOR ( 'NONE', #1476, 39.37007874015748143 ) ;
#5257 = AXIS2_PLACEMENT_3D ( 'NONE', #5472, #2558, #4898 ) ;
#5258 = DIRECTION ( 'NONE',  ( 0.7071067811865473507, -0.7071067811865476838, 0.000000000000000000 ) ) ;
#5259 = EDGE_CURVE ( 'NONE', #5342, #7190, #7065, .T. ) ;
#5260 = CARTESIAN_POINT ( 'NONE',  ( 1.159999999999995257, 23.14000000000000412, 0.000000000000000000 ) ) ;
#5261 = MECHANICAL_DESIGN_GEOMETRIC_PRESENTATION_REPRESENTATION (  '', ( #615 ), #1596 ) ;
#5262 = EDGE_CURVE ( 'NONE', #1889, #4732, #1700, .T. ) ;
#5263 = PRESENTATION_LAYER_ASSIGNMENT (  '', '', ( #2447 ) ) ;
#5264 = ORIENTED_EDGE ( 'NONE', *, *, #2919, .T. ) ;
#5265 = CARTESIAN_POINT ( 'NONE',  ( 2.344645669291333334, 1.999374015748023314, 0.9250000000000102585 ) ) ;
#5266 = CARTESIAN_POINT ( 'NONE',  ( 1.509999999999995124, 2.349999999999996536, -0.3500000000000005884 ) ) ;
#5267 = ORIENTED_EDGE ( 'NONE', *, *, #2833, .F. ) ;
#5268 = LINE ( 'NONE', #98, #1769 ) ;
#5269 = AXIS2_PLACEMENT_3D ( 'NONE', #7475, #3961, #6968 ) ;
#5270 = EDGE_CURVE ( 'NONE', #4200, #1114, #4137, .T. ) ;
#5271 = VECTOR ( 'NONE', #7035, 39.37007874015748143 ) ;
#5272 = EDGE_CURVE ( 'NONE', #1718, #3222, #7031, .T. ) ;
#5273 = EDGE_CURVE ( 'NONE', #2813, #4047, #672, .T. ) ;
#5274 = ORIENTED_EDGE ( 'NONE', *, *, #4164, .F. ) ;
#5275 = DIRECTION ( 'NONE',  ( 1.000000000000000000, -2.093734754490789434E-16, 0.000000000000000000 ) ) ;
#5276 = FACE_OUTER_BOUND ( 'NONE', #3532, .T. ) ;
#5277 = DIRECTION ( 'NONE',  ( -1.000000000000000000, -0.000000000000000000, -0.000000000000000000 ) ) ;
#5278 = CARTESIAN_POINT ( 'NONE',  ( 4.454772721475242392, 3.200000000000001510, -1.719999999999999973 ) ) ;
#5279 = EDGE_LOOP ( 'NONE', ( #4903, #5008, #5747, #5231 ) ) ;
#5280 = VERTEX_POINT ( 'NONE', #2936 ) ;
#5281 = FACE_OUTER_BOUND ( 'NONE', #3408, .T. ) ;
#5282 = DIRECTION ( 'NONE',  ( -1.000000000000000000, 0.000000000000000000, 0.000000000000000000 ) ) ;
#5283 = LINE ( 'NONE', #4710, #7462 ) ;
#5284 = DIRECTION ( 'NONE',  ( -1.000000000000000000, 0.000000000000000000, 0.000000000000000000 ) ) ;
#5285 = CIRCLE ( 'NONE', #4208, 0.1653543307086615122 ) ;
#5286 =( REPRESENTATION_RELATIONSHIP ('NONE','NONE', #754, #6547 ) REPRESENTATION_RELATIONSHIP_WITH_TRANSFORMATION ( #31 )SHAPE_REPRESENTATION_RELATIONSHIP( ) );
#5287 = LINE ( 'NONE', #1797, #4906 ) ;
#5288 = CARTESIAN_POINT ( 'NONE',  ( 63.19000000000000483, -1.750000000000055955, 1.309921112963532418E-13 ) ) ;
#5289 = VERTEX_POINT ( 'NONE', #2180 ) ;
#5290 = FACE_BOUND ( 'NONE', #4475, .T. ) ;
#5291 = ORIENTED_EDGE ( 'NONE', *, *, #6856, .T. ) ;
#5292 = LINE ( 'NONE', #5999, #5469 ) ;
#5293 = ORIENTED_EDGE ( 'NONE', *, *, #1970, .F. ) ;
#5294 = PLANE ( 'NONE',  #5769 ) ;
#5295 = FACE_OUTER_BOUND ( 'NONE', #4914, .T. ) ;
#5296 = LINE ( 'NONE', #1808, #3276 ) ;
#5297 = ORIENTED_EDGE ( 'NONE', *, *, #668, .T. ) ;
#5298 = EDGE_CURVE ( 'NONE', #7231, #4785, #2325, .T. ) ;
#5299 = VERTEX_POINT ( 'NONE', #6440 ) ;
#5300 = DIRECTION ( 'NONE',  ( -0.000000000000000000, 1.000000000000000000, 8.537024980200866931E-17 ) ) ;
#5301 = EDGE_LOOP ( 'NONE', ( #166, #7437, #7002, #368 ) ) ;
#5302 = DIRECTION ( 'NONE',  ( 0.000000000000000000, 1.000000000000000000, 0.000000000000000000 ) ) ;
#5303 = EDGE_CURVE ( 'NONE', #6545, #4974, #5268, .T. ) ;
#5304 = AXIS2_PLACEMENT_3D ( 'NONE', #5419, #818, #2999 ) ;
#5305 = UNCERTAINTY_MEASURE_WITH_UNIT (LENGTH_MEASURE( 1.000000000000000082E-05 ), #6980, 'distance_accuracy_value', 'NONE');
#5306 = ORIENTED_EDGE ( 'NONE', *, *, #6560, .T. ) ;
#5307 = EDGE_CURVE ( 'NONE', #5289, #428, #7146, .T. ) ;
#5308 = CARTESIAN_POINT ( 'NONE',  ( 8.145227278524741266, -9.449999999999999289, -1.719999999999999973 ) ) ;
#5309 = EDGE_CURVE ( 'NONE', #1349, #1158, #4117, .T. ) ;
#5310 = CARTESIAN_POINT ( 'NONE',  ( 11.04152073871359185, 2.349999999999996092, -0.3499999999999947042 ) ) ;
#5311 = EDGE_CURVE ( 'NONE', #942, #3404, #6408, .T. ) ;
#5312 = DIRECTION ( 'NONE',  ( -0.000000000000000000, -0.000000000000000000, 1.000000000000000000 ) ) ;
#5313 = CYLINDRICAL_SURFACE ( 'NONE', #7133, 0.1000000000000000194 ) ;
#5314 = ORIENTED_EDGE ( 'NONE', *, *, #4932, .T. ) ;
#5315 = ADVANCED_FACE ( 'NONE', ( #1279 ), #1134, .F. ) ;
#5316 = ORIENTED_EDGE ( 'NONE', *, *, #3624, .T. ) ;
#5317 = ADVANCED_BREP_SHAPE_REPRESENTATION ( '', ( #816, #5850 ), #7223 ) ;
#5318 = AXIS2_PLACEMENT_3D ( 'NONE', #1029, #6219, #5709 ) ;
#5319 = CONTEXT_DEPENDENT_SHAPE_REPRESENTATION ( #4091, #5955 ) ;
#5320 = VERTEX_POINT ( 'NONE', #3628 ) ;
#5321 = CARTESIAN_POINT ( 'NONE',  ( -12.53999999999999737, 0.000000000000000000, -9.389999999999998792 ) ) ;
#5322 = CARTESIAN_POINT ( 'NONE',  ( 6.299999999999995381, -1.254772721475247099, -1.770000000000000018 ) ) ;
#5323 = CARTESIAN_POINT ( 'NONE',  ( -6.924606895954950936, 11.70033416803600801, -0.2500000000000012212 ) ) ;
#5324 = CARTESIAN_POINT ( 'NONE',  ( 5.399089659523567342, 16.17579296006381639, -0.2500000000000012212 ) ) ;
#5325 = VECTOR ( 'NONE', #3768, 39.37007874015748854 ) ;
#5326 = CARTESIAN_POINT ( 'NONE',  ( 7.860000000000005649, 2.250000000000008882, 0.1000000000000095812 ) ) ;
#5327 = DIRECTION ( 'NONE',  ( 1.000000000000000000, 3.434323192035072971E-15, -3.512375991854046399E-15 ) ) ;
#5328 = ORIENTED_EDGE ( 'NONE', *, *, #4574, .F. ) ;
#5329 = DIRECTION ( 'NONE',  ( -1.000000000000000000, 0.000000000000000000, 0.000000000000000000 ) ) ;
#5330 = CIRCLE ( 'NONE', #7451, 0.3500000000000000333 ) ;
#5331 = VECTOR ( 'NONE', #1508, 39.37007874015748143 ) ;
#5332 = ORIENTED_EDGE ( 'NONE', *, *, #6709, .T. ) ;
#5333 = PLANE ( 'NONE',  #932 ) ;
#5334 = ORIENTED_EDGE ( 'NONE', *, *, #4442, .T. ) ;
#5335 = CARTESIAN_POINT ( 'NONE',  ( 6.299999999999995381, -7.604772721475247188, -1.719999999999999973 ) ) ;
#5336 = AXIS2_PLACEMENT_3D ( 'NONE', #2483, #2414, #5912 ) ;
#5337 = DIRECTION ( 'NONE',  ( 0.000000000000000000, 1.000000000000000000, 0.000000000000000000 ) ) ;
#5338 = FACE_OUTER_BOUND ( 'NONE', #3052, .T. ) ;
#5339 = CARTESIAN_POINT ( 'NONE',  ( 10.85477272147524275, 9.449999999999999289, -1.719999999999999973 ) ) ;
#5340 = EDGE_LOOP ( 'NONE', ( #7201, #6706, #2300, #1365 ) ) ;
#5341 = DIRECTION ( 'NONE',  ( 1.000000000000000000, 0.000000000000000000, 0.000000000000000000 ) ) ;
#5342 = VERTEX_POINT ( 'NONE', #2357 ) ;
#5343 = CARTESIAN_POINT ( 'NONE',  ( 1.409999999999992149, 3.000000000000055511, 0.9153543307086423608 ) ) ;
#5344 = DIRECTION ( 'NONE',  ( 1.000000000000000000, -0.000000000000000000, -3.512375991854052315E-15 ) ) ;
#5345 = EDGE_CURVE ( 'NONE', #7095, #6545, #6522, .T. ) ;
#5346 = VERTEX_POINT ( 'NONE', #715 ) ;
#5347 = VERTEX_POINT ( 'NONE', #4172 ) ;
#5348 = VECTOR ( 'NONE', #2998, 39.37007874015748854 ) ;
#5349 = DIRECTION ( 'NONE',  ( -1.000000000000000000, 0.000000000000000000, 0.000000000000000000 ) ) ;
#5350 = CARTESIAN_POINT ( 'NONE',  ( -4.370956789862821150E-15, -1.254772721475247099, -1.770000000000000018 ) ) ;
#5351 = CARTESIAN_POINT ( 'NONE',  ( 4.529999999999996696, 0.000000000000000000, -7.930136022756449243 ) ) ;
#5352 = CARTESIAN_POINT ( 'NONE',  ( 1.159999999999994369, -9.436925948312431114E-17, 0.1000000000000034472 ) ) ;
#5353 = AXIS2_PLACEMENT_3D ( 'NONE', #4340, #3184, #6193 ) ;
#5354 = EDGE_CURVE ( 'NONE', #5539, #1351, #3042, .T. ) ;
#5355 = ORIENTED_EDGE ( 'NONE', *, *, #3873, .F. ) ;
#5356 = ORIENTED_EDGE ( 'NONE', *, *, #2222, .F. ) ;
#5357 = CONTEXT_DEPENDENT_SHAPE_REPRESENTATION ( #6347, #6580 ) ;
#5358 = EDGE_CURVE ( 'NONE', #7341, #7419, #4690, .T. ) ;
#5359 = ORIENTED_EDGE ( 'NONE', *, *, #3271, .F. ) ;
#5360 = DIRECTION ( 'NONE',  ( -3.304235192336784584E-15, 0.000000000000000000, 1.000000000000000000 ) ) ;
#5361 = DIRECTION ( 'NONE',  ( 1.000000000000000000, 0.000000000000000000, 0.000000000000000000 ) ) ;
#5362 = CARTESIAN_POINT ( 'NONE',  ( 6.675354330708656470, 2.249999999999996891, 1.090354330708672492 ) ) ;
#5363 = EDGE_CURVE ( 'NONE', #7324, #7525, #3667, .T. ) ;
#5364 = LINE ( 'NONE', #3101, #1657 ) ;
#5365 = CARTESIAN_POINT ( 'NONE',  ( 8.145227278524741266, -3.149999999999997691, -1.719999999999999973 ) ) ;
#5366 = DIRECTION ( 'NONE',  ( -1.000000000000000000, 0.000000000000000000, 0.000000000000000000 ) ) ;
#5367 = DIRECTION ( 'NONE',  ( 0.000000000000000000, 0.000000000000000000, 1.000000000000000222 ) ) ;
#5368 = ORIENTED_EDGE ( 'NONE', *, *, #4213, .T. ) ;
#5369 = DIRECTION ( 'NONE',  ( -0.000000000000000000, 0.000000000000000000, -1.000000000000000000 ) ) ;
#5370 = ORIENTED_EDGE ( 'NONE', *, *, #4627, .F. ) ;
#5371 = DIRECTION ( 'NONE',  ( -3.512375991854052315E-15, -0.000000000000000000, -1.000000000000000000 ) ) ;
#5372 = ORIENTED_EDGE ( 'NONE', *, *, #1478, .T. ) ;
#5373 = LINE ( 'NONE', #3504, #5891 ) ;
#5374 = CARTESIAN_POINT ( 'NONE',  ( 12.59999999999999609, -7.604772721475247188, -1.719999999999999973 ) ) ;
#5375 = CARTESIAN_POINT ( 'NONE',  ( -12.60000000000000497, 9.449999999999999289, -1.719999999999999973 ) ) ;
#5376 = LINE ( 'NONE', #1958, #5943 ) ;
#5377 = ORIENTED_EDGE ( 'NONE', *, *, #6885, .T. ) ;
#5378 = CARTESIAN_POINT ( 'NONE',  ( 12.59999999999999609, -9.449999999999999289, -1.770000000000000018 ) ) ;
#5379 = VECTOR ( 'NONE', #6132, 39.37007874015748143 ) ;
#5380 = ORIENTED_EDGE ( 'NONE', *, *, #3762, .T. ) ;
#5381 = AXIS2_PLACEMENT_3D ( 'NONE', #6183, #1523, #2597 ) ;
#5382 = LINE ( 'NONE', #2436, #3484 ) ;
#5383 = AXIS2_PLACEMENT_3D ( 'NONE', #4193, #3105, #1869 ) ;
#5384 = ORIENTED_EDGE ( 'NONE', *, *, #7175, .T. ) ;
#5385 = ORIENTED_EDGE ( 'NONE', *, *, #2546, .T. ) ;
#5386 = DIRECTION ( 'NONE',  ( -1.000000000000000000, -0.000000000000000000, 1.206113904487532858E-16 ) ) ;
#5387 = DIRECTION ( 'NONE',  ( 2.093734754490789434E-16, 1.000000000000000000, -0.000000000000000000 ) ) ;
#5388 = VECTOR ( 'NONE', #4826, 39.37007874015748143 ) ;
#5389 = EDGE_LOOP ( 'NONE', ( #4681, #5046, #5164, #2043 ) ) ;
#5390 = DIRECTION ( 'NONE',  ( -0.8635486968584794587, -0.000000000000000000, 0.5042654540557204301 ) ) ;
#5391 = AXIS2_PLACEMENT_3D ( 'NONE', #3765, #5131, #3183 ) ;
#5392 = PRODUCT_DEFINITION_SHAPE ( 'NONE', 'NONE',  #7596 ) ;
#5393 = DIRECTION ( 'NONE',  ( 2.093734754490789434E-16, 1.000000000000000000, -0.000000000000000000 ) ) ;
#5394 = EDGE_LOOP ( 'NONE', ( #239, #7156, #198 ) ) ;
#5395 = VECTOR ( 'NONE', #2104, 39.37007874015748143 ) ;
#5396 = EDGE_LOOP ( 'NONE', ( #4068, #3892, #6236, #7380 ) ) ;
#5397 = ITEM_DEFINED_TRANSFORMATION ( 'NONE', 'NONE', #5617,  #5850 ) ;
#5398 = ORIENTED_EDGE ( 'NONE', *, *, #494, .T. ) ;
#5399 = CARTESIAN_POINT ( 'NONE',  ( 7.860000000000003872, 2.249999999999997780, -0.3499999999999968137 ) ) ;
#5400 = FACE_OUTER_BOUND ( 'NONE', #1498, .T. ) ;
#5401 = LINE ( 'NONE', #6062, #4838 ) ;
#5402 = DIRECTION ( 'NONE',  ( 1.892934042853975138E-15, 1.000000000000000000, -3.590428791673030081E-15 ) ) ;
#5403 = CIRCLE ( 'NONE', #4317, 0.1653543307086609571 ) ;
#5404 = DIRECTION ( 'NONE',  ( -0.7071067811865476838, -0.7071067811865473507, 0.000000000000000000 ) ) ;
#5405 = EDGE_CURVE ( 'NONE', #4622, #3954, #4249, .T. ) ;
#5406 = LINE ( 'NONE', #807, #4349 ) ;
#5407 = DIRECTION ( 'NONE',  ( -0.7071067811865473507, 0.7071067811865476838, 0.000000000000000000 ) ) ;
#5408 = CARTESIAN_POINT ( 'NONE',  ( 75.53999999999999204, 47.50000000000000000, 0.6100000000000025402 ) ) ;
#5409 = ORIENTED_EDGE ( 'NONE', *, *, #1436, .F. ) ;
#5410 = CARTESIAN_POINT ( 'NONE',  ( 4.000000000000003553, 2.000000000000002220, -1.009645669291334258 ) ) ;
#5411 = VERTEX_POINT ( 'NONE', #237 ) ;
#5412 = EDGE_CURVE ( 'NONE', #2168, #6716, #165, .T. ) ;
#5413 = DIRECTION ( 'NONE',  ( -2.731847993664263218E-17, -1.000000000000000000, 0.000000000000000000 ) ) ;
#5414 = EDGE_CURVE ( 'NONE', #2784, #2144, #4879, .T. ) ;
#5415 = ORIENTED_EDGE ( 'NONE', *, *, #3937, .F. ) ;
#5416 = DIRECTION ( 'NONE',  ( -1.000000000000000000, 0.000000000000000000, 0.000000000000000000 ) ) ;
#5417 = DIRECTION ( 'NONE',  ( -0.000000000000000000, -0.000000000000000000, -1.000000000000000000 ) ) ;
#5418 = DIRECTION ( 'NONE',  ( -1.000000000000000000, 0.000000000000000000, 0.000000000000000000 ) ) ;
#5419 = CARTESIAN_POINT ( 'NONE',  ( -1.845227278524757653, 9.550000000000000711, -1.719999999999999973 ) ) ;
#5420 = ADVANCED_FACE ( 'NONE', ( #5487 ), #4313, .F. ) ;
#5421 = ORIENTED_EDGE ( 'NONE', *, *, #3104, .F. ) ;
#5422 = DIRECTION ( 'NONE',  ( -3.512375991854052315E-15, 8.537024980200927328E-17, 1.000000000000000000 ) ) ;
#5423 = EDGE_LOOP ( 'NONE', ( #4211, #50, #4476, #489 ) ) ;
#5424 = ORIENTED_EDGE ( 'NONE', *, *, #310, .T. ) ;
#5425 = VERTEX_POINT ( 'NONE', #5446 ) ;
#5426 = CARTESIAN_POINT ( 'NONE',  ( -8.145227278524757253, 3.250000000000000444, -1.770000000000000018 ) ) ;
#5427 = LINE ( 'NONE', #7268, #185 ) ;
#5428 = VERTEX_POINT ( 'NONE', #1167 ) ;
#5429 = DIRECTION ( 'NONE',  ( 0.000000000000000000, 1.000000000000000000, 0.000000000000000000 ) ) ;
#5430 = AXIS2_PLACEMENT_3D ( 'NONE', #3431, #3542, #5812 ) ;
#5431 =( REPRESENTATION_RELATIONSHIP ('NONE','NONE', #754, #6547 ) REPRESENTATION_RELATIONSHIP_WITH_TRANSFORMATION ( #2726 )SHAPE_REPRESENTATION_RELATIONSHIP( ) );
#5432 = VERTEX_POINT ( 'NONE', #6665 ) ;
#5433 = CARTESIAN_POINT ( 'NONE',  ( 6.675354330708656470, 1.999999999999996891, -1.340354330708657615 ) ) ;
#5434 = SURFACE_SIDE_STYLE ('',( #4225 ) ) ;
#5435 = FACE_OUTER_BOUND ( 'NONE', #1804, .T. ) ;
#5436 = PRODUCT ( 'LED iPoster - Base', 'LED iPoster - Base', '', ( #1002 ) ) ;
#5437 = CARTESIAN_POINT ( 'NONE',  ( 1.409999999999979714, 3.000000000000023537, -0.9999999999999844569 ) ) ;
#5438 = ADVANCED_FACE ( 'NONE', ( #2323 ), #2539, .F. ) ;
#5439 = CARTESIAN_POINT ( 'NONE',  ( 1.845227278524741221, 3.200000000000001954, -1.770000000000000018 ) ) ;
#5440 = VECTOR ( 'NONE', #5551, 39.37007874015748143 ) ;
#5441 = ORIENTED_EDGE ( 'NONE', *, *, #5606, .F. ) ;
#5442 = CARTESIAN_POINT ( 'NONE',  ( 6.344645669291334222, 1.999374015748013989, -1.340354330708657615 ) ) ;
#5443 = DIRECTION ( 'NONE',  ( 1.000000000000000000, 0.000000000000000000, 0.000000000000000000 ) ) ;
#5444 = ORIENTED_EDGE ( 'NONE', *, *, #5047, .F. ) ;
#5445 = LINE ( 'NONE', #85, #202 ) ;
#5446 = CARTESIAN_POINT ( 'NONE',  ( 6.675354330708657358, 1.999999999999997335, -1.009645669291334258 ) ) ;
#5447 = CARTESIAN_POINT ( 'NONE',  ( -4.454772721475258379, 3.200000000000001954, -1.770000000000000018 ) ) ;
#5448 = ORIENTED_EDGE ( 'NONE', *, *, #2799, .T. ) ;
#5449 = AXIS2_PLACEMENT_3D ( 'NONE', #3488, #580, #5725 ) ;
#5450 = DIRECTION ( 'NONE',  ( 1.892934042853975138E-15, 1.000000000000000000, -3.590428791673030081E-15 ) ) ;
#5451 = CARTESIAN_POINT ( 'NONE',  ( -6.300000000000004263, -1.254772721475247099, -1.719999999999999973 ) ) ;
#5452 = CARTESIAN_POINT ( 'NONE',  ( 6.675354330708656470, 1.999374015748014655, -1.009645669291334036 ) ) ;
#5453 = DIRECTION ( 'NONE',  ( -1.000000000000000000, -0.000000000000000000, -0.000000000000000000 ) ) ;
#5454 = EDGE_CURVE ( 'NONE', #2209, #3825, #200, .T. ) ;
#5455 = VECTOR ( 'NONE', #6575, 39.37007874015748143 ) ;
#5456 = VECTOR ( 'NONE', #4506, 39.37007874015748143 ) ;
#5457 = VERTEX_POINT ( 'NONE', #7063 ) ;
#5458 = LINE ( 'NONE', #4169, #1545 ) ;
#5459 = ORIENTED_EDGE ( 'NONE', *, *, #6940, .F. ) ;
#5460 = EDGE_CURVE ( 'NONE', #4612, #6543, #2856, .T. ) ;
#5461 = EDGE_CURVE ( 'NONE', #1197, #5695, #4656, .T. ) ;
#5462 = AXIS2_PLACEMENT_3D ( 'NONE', #2101, #4369, #390 ) ;
#5463 = EDGE_CURVE ( 'NONE', #4516, #5480, #4599, .T. ) ;
#5464 = VECTOR ( 'NONE', #4943, 39.37007874015748143 ) ;
#5465 = LINE ( 'NONE', #290, #6322 ) ;
#5466 = VECTOR ( 'NONE', #3030, 39.37007874015748143 ) ;
#5467 = ORIENTED_EDGE ( 'NONE', *, *, #103, .T. ) ;
#5468 = ORIENTED_EDGE ( 'NONE', *, *, #5660, .T. ) ;
#5469 = VECTOR ( 'NONE', #5371, 39.37007874015748143 ) ;
#5470 = CARTESIAN_POINT ( 'NONE',  ( -12.60000000000000497, 9.449999999999999289, -1.770000000000000018 ) ) ;
#5471 = ORIENTED_EDGE ( 'NONE', *, *, #401, .F. ) ;
#5472 = CARTESIAN_POINT ( 'NONE',  ( 11.60000000000002451, -8.449999999999999289, -1.770000000000000018 ) ) ;
#5473 = AXIS2_PLACEMENT_3D ( 'NONE', #2271, #1155, #1047 ) ;
#5474 = ORIENTED_EDGE ( 'NONE', *, *, #6027, .T. ) ;
#5475 = ITEM_DEFINED_TRANSFORMATION ( 'NONE', 'NONE', #5858,  #5850 ) ;
#5476 = DIRECTION ( 'NONE',  ( 0.7071067811865474617, 0.7071067811865474617, 0.000000000000000000 ) ) ;
#5477 = DIRECTION ( 'NONE',  ( -0.7071067811865475727, 0.7071067811865475727, 0.000000000000000000 ) ) ;
#5478 = DIRECTION ( 'NONE',  ( 2.093734754490789434E-16, 1.000000000000000000, -0.000000000000000000 ) ) ;
#5479 = CARTESIAN_POINT ( 'NONE',  ( 1.509999999999995568, 2.000000000000003553, -1.999999999999997335 ) ) ;
#5480 = VERTEX_POINT ( 'NONE', #3938 ) ;
#5481 = FACE_OUTER_BOUND ( 'NONE', #4426, .T. ) ;
#5482 = DIRECTION ( 'NONE',  ( 1.892934042853975533E-15, 1.000000000000000000, -3.590428791673030081E-15 ) ) ;
#5483 = CONTEXT_DEPENDENT_SHAPE_REPRESENTATION ( #3993, #5765 ) ;
#5484 = CARTESIAN_POINT ( 'NONE',  ( -12.60000000000000853, 7.704772721475252162, -1.719999999999999973 ) ) ;
#5485 = ORIENTED_EDGE ( 'NONE', *, *, #2799, .F. ) ;
#5486 = FACE_OUTER_BOUND ( 'NONE', #3463, .T. ) ;
#5487 = FACE_OUTER_BOUND ( 'NONE', #7463, .T. ) ;
#5488 = LINE ( 'NONE', #2427, #1414 ) ;
#5489 = VERTEX_POINT ( 'NONE', #2535 ) ;
#5490 = CARTESIAN_POINT ( 'NONE',  ( 1.159999999999976383, 23.14000000000000412, -1.999999999999982681 ) ) ;
#5491 = ADVANCED_FACE ( 'NONE', ( #4134 ), #6625, .F. ) ;
#5492 = LINE ( 'NONE', #1997, #2126 ) ;
#5493 = DIRECTION ( 'NONE',  ( 0.000000000000000000, 0.000000000000000000, -1.000000000000000000 ) ) ;
#5494 = CARTESIAN_POINT ( 'NONE',  ( 0.000000000000000000, 0.000000000000000000, 0.000000000000000000 ) ) ;
#5495 =( BOUNDED_CURVE ( )  B_SPLINE_CURVE ( 3, ( #4545, #6247, #1018, #4962 ),
 .UNSPECIFIED., .F., .T. ) 
 B_SPLINE_CURVE_WITH_KNOTS ( ( 4, 4 ),
 ( 3.141592653589793116, 6.283185307179586232 ),
 .UNSPECIFIED. ) 
 CURVE ( )  GEOMETRIC_REPRESENTATION_ITEM ( )  RATIONAL_B_SPLINE_CURVE ( ( 1.000000000000000000, 0.3333333333333333703, 0.3333333333333333703, 1.000000000000000000 ) ) 
 REPRESENTATION_ITEM ( '' )  );
#5496 = EDGE_LOOP ( 'NONE', ( #2117, #1395, #5904, #4351 ) ) ;
#5497 = CARTESIAN_POINT ( 'NONE',  ( -1.845227278524757653, 9.550000000000000711, -1.719999999999999973 ) ) ;
#5498 = EDGE_CURVE ( 'NONE', #7113, #6328, #3377, .T. ) ;
#5499 = EDGE_LOOP ( 'NONE', ( #1112, #4766 ) ) ;
#5500 = CARTESIAN_POINT ( 'NONE',  ( -4.454772721475258379, 3.200000000000001954, -1.770000000000000018 ) ) ;
#5501 = EDGE_CURVE ( 'NONE', #2901, #6214, #7207, .T. ) ;
#5502 = FACE_OUTER_BOUND ( 'NONE', #1195, .T. ) ;
#5503 = EDGE_CURVE ( 'NONE', #7435, #4837, #1050, .T. ) ;
#5504 = ORIENTED_EDGE ( 'NONE', *, *, #4297, .T. ) ;
#5505 = VECTOR ( 'NONE', #5277, 39.37007874015748143 ) ;
#5506 = EDGE_LOOP ( 'NONE', ( #6048, #3966, #5251, #3818 ) ) ;
#5507 = LINE ( 'NONE', #256, #866 ) ;
#5508 = PRODUCT_DEFINITION_SHAPE ( 'NONE', 'NONE',  #7569 ) ;
#5509 = DIRECTION ( 'NONE',  ( -1.000000000000000000, 0.000000000000000000, 0.000000000000000000 ) ) ;
#5510 = ADVANCED_FACE ( 'NONE', ( #1738 ), #2075, .T. ) ;
#5511 = FACE_OUTER_BOUND ( 'NONE', #1051, .T. ) ;
#5512 = EDGE_CURVE ( 'NONE', #5944, #3829, #2148, .T. ) ;
#5513 = CIRCLE ( 'NONE', #2203, 0.1653543307086615122 ) ;
#5514 = VECTOR ( 'NONE', #1154, 39.37007874015748143 ) ;
#5515 = EDGE_CURVE ( 'NONE', #1371, #1059, #6839, .T. ) ;
#5516 = DIRECTION ( 'NONE',  ( 0.000000000000000000, 0.000000000000000000, -1.000000000000000000 ) ) ;
#5517 = ORIENTED_EDGE ( 'NONE', *, *, #2461, .T. ) ;
#5518 = AXIS2_PLACEMENT_3D ( 'NONE', #3272, #5534, #2538 ) ;
#5519 = AXIS2_PLACEMENT_3D ( 'NONE', #6825, #2116, #5493 ) ;
#5520 = CARTESIAN_POINT ( 'NONE',  ( 1.509999999999995124, -8.049506778971739607, 0.09999999999999793776 ) ) ;
#5521 = CARTESIAN_POINT ( 'NONE',  ( -8.145227278524757253, 3.250000000000000444, -1.719999999999999973 ) ) ;
#5522 = CARTESIAN_POINT ( 'NONE',  ( 2.344645669291333778, 2.250000000000004885, 0.9250000000000110356 ) ) ;
#5523 = CARTESIAN_POINT ( 'NONE',  ( 11.61818230547681097, -8.586590415998431425, -1.770000000000000018 ) ) ;
#5524 = VECTOR ( 'NONE', #5275, 39.37007874015748143 ) ;
#5525 = DIRECTION ( 'NONE',  ( 1.000000000000000000, -2.093734754490789434E-16, 0.000000000000000000 ) ) ;
#5526 = ORIENTED_EDGE ( 'NONE', *, *, #2316, .F. ) ;
#5527 = CARTESIAN_POINT ( 'NONE',  ( 1.509999999999994458, 2.349999999999996092, 0.1000000000000055567 ) ) ;
#5528 = PRODUCT_CONTEXT ( 'NONE', #1224, 'mechanical' ) ;
#5529 = ORIENTED_EDGE ( 'NONE', *, *, #2549, .F. ) ;
#5530 = DIRECTION ( 'NONE',  ( 0.000000000000000000, -1.000000000000000000, 0.000000000000000000 ) ) ;
#5531 = LINE ( 'NONE', #4456, #5207 ) ;
#5532 = FACE_OUTER_BOUND ( 'NONE', #5598, .T. ) ;
#5533 = EDGE_LOOP ( 'NONE', ( #874, #1666, #1488, #5314 ) ) ;
#5534 = DIRECTION ( 'NONE',  ( 1.000000000000000000, -1.892934042853972377E-15, 7.805279981897960977E-16 ) ) ;
#5535 = DIRECTION ( 'NONE',  ( 0.000000000000000000, 0.000000000000000000, -1.000000000000000000 ) ) ;
#5536 = CARTESIAN_POINT ( 'NONE',  ( 4.344645669291333334, 2.000000000000000000, 1.090354330708671604 ) ) ;
#5537 = VERTEX_POINT ( 'NONE', #397 ) ;
#5538 = DIRECTION ( 'NONE',  ( -1.000000000000000000, 0.000000000000000000, 0.000000000000000000 ) ) ;
#5539 = VERTEX_POINT ( 'NONE', #2109 ) ;
#5540 = FACE_OUTER_BOUND ( 'NONE', #3415, .T. ) ;
#5541 = CARTESIAN_POINT ( 'NONE',  ( -6.300000000000004263, -7.604772721475247188, -1.719999999999999973 ) ) ;
#5542 = DIRECTION ( 'NONE',  ( -1.000000000000000000, 0.000000000000000000, 0.000000000000000000 ) ) ;
#5543 = AXIS2_PLACEMENT_3D ( 'NONE', #2280, #5049, #4580 ) ;
#5544 = EDGE_CURVE ( 'NONE', #2982, #1856, #263, .T. ) ;
#5545 = ORIENTED_EDGE ( 'NONE', *, *, #6064, .F. ) ;
#5546 =( REPRESENTATION_RELATIONSHIP ('NONE','NONE', #754, #6547 ) REPRESENTATION_RELATIONSHIP_WITH_TRANSFORMATION ( #4367 )SHAPE_REPRESENTATION_RELATIONSHIP( ) );
#5547 = VERTEX_POINT ( 'NONE', #7482 ) ;
#5548 = ORIENTED_EDGE ( 'NONE', *, *, #5898, .F. ) ;
#5549 = CARTESIAN_POINT ( 'NONE',  ( 10.75477272147524310, -9.449999999999999289, -1.719999999999999973 ) ) ;
#5550 = ORIENTED_EDGE ( 'NONE', *, *, #784, .F. ) ;
#5551 = DIRECTION ( 'NONE',  ( -1.000000000000000000, 1.652117596168388150E-15, -0.000000000000000000 ) ) ;
#5552 = ORIENTED_EDGE ( 'NONE', *, *, #3072, .T. ) ;
#5553 = EDGE_CURVE ( 'NONE', #6412, #7328, #3268, .T. ) ;
#5554 = CARTESIAN_POINT ( 'NONE',  ( -10.75477272147525909, 3.200000000000001954, -1.719999999999999973 ) ) ;
#5555 = DIMENSIONAL_EXPONENTS ( 1.000000000000000000, 0.000000000000000000, 0.000000000000000000, 0.000000000000000000, 0.000000000000000000, 0.000000000000000000, 0.000000000000000000 ) ;
#5556 = EDGE_CURVE ( 'NONE', #6932, #88, #2764, .T. ) ;
#5557 = EDGE_CURVE ( 'NONE', #1371, #6803, #4608, .T. ) ;
#5558 = CARTESIAN_POINT ( 'NONE',  ( 2.344645669291333778, 1.999374015748022204, -1.174999999999996048 ) ) ;
#5559 = VERTEX_POINT ( 'NONE', #5108 ) ;
#5560 = ADVANCED_FACE ( 'NONE', ( #6117 ), #6195, .F. ) ;
#5561 = CONTEXT_DEPENDENT_SHAPE_REPRESENTATION ( #3734, #3557 ) ;
#5562 = DIRECTION ( 'NONE',  ( -0.7071067811865473507, 0.7071067811865476838, 0.000000000000000000 ) ) ;
#5563 = PLANE ( 'NONE',  #1765 ) ;
#5564 = EDGE_CURVE ( 'NONE', #6505, #726, #929, .T. ) ;
#5565 = DIRECTION ( 'NONE',  ( -0.000000000000000000, -0.000000000000000000, -1.000000000000000000 ) ) ;
#5566 = DIRECTION ( 'NONE',  ( 0.000000000000000000, 0.000000000000000000, -1.000000000000000000 ) ) ;
#5567 = EDGE_CURVE ( 'NONE', #1883, #741, #1005, .T. ) ;
#5568 = ORIENTED_EDGE ( 'NONE', *, *, #78, .F. ) ;
#5569 = LINE ( 'NONE', #5608, #1353 ) ;
#5570 = DIRECTION ( 'NONE',  ( 0.000000000000000000, 0.000000000000000000, 1.000000000000000000 ) ) ;
#5571 = ORIENTED_EDGE ( 'NONE', *, *, #2541, .F. ) ;
#5572 =( NAMED_UNIT ( * ) SI_UNIT ( $, .STERADIAN. ) SOLID_ANGLE_UNIT ( ) );
#5573 = CARTESIAN_POINT ( 'NONE',  ( 7.860000000000006537, 2.249999999999996003, 0.1000000000000059036 ) ) ;
#5574 = DIRECTION ( 'NONE',  ( -1.000000000000000000, 8.537024980200837349E-17, -3.512375991854052315E-15 ) ) ;
#5575 = ORIENTED_EDGE ( 'NONE', *, *, #6090, .F. ) ;
#5576 = FACE_OUTER_BOUND ( 'NONE', #2225, .T. ) ;
#5577 = PLANE ( 'NONE',  #1557 ) ;
#5578 = VECTOR ( 'NONE', #2232, 39.37007874015748143 ) ;
#5579 = LINE ( 'NONE', #3776, #6893 ) ;
#5580 = SHAPE_REPRESENTATION_RELATIONSHIP ( 'NONE' , 'NONE' ,  #2904, #842 ) ;
#5581 = EDGE_LOOP ( 'NONE', ( #3391, #1382 ) ) ;
#5582 = DIRECTION ( 'NONE',  ( 0.000000000000000000, 0.000000000000000000, 1.000000000000000000 ) ) ;
#5583 = EDGE_LOOP ( 'NONE', ( #1549, #84, #6723, #3434, #561, #2898, #3168, #5441 ) ) ;
#5584 = DIRECTION ( 'NONE',  ( -0.000000000000000000, -0.000000000000000000, -1.000000000000000000 ) ) ;
#5585 = PLANE ( 'NONE',  #2011 ) ;
#5586 = CARTESIAN_POINT ( 'NONE',  ( 2.185860046268665258, 22.89000000000000412, 0.000000000000000000 ) ) ;
#5587 = AXIS2_PLACEMENT_3D ( 'NONE', #2656, #1501, #5109 ) ;
#5588 = ORIENTED_EDGE ( 'NONE', *, *, #6944, .T. ) ;
#5589 = EDGE_LOOP ( 'NONE', ( #1587, #1968 ) ) ;
#5590 = ORIENTED_EDGE ( 'NONE', *, *, #2222, .T. ) ;
#5591 = LINE ( 'NONE', #447, #2829 ) ;
#5592 = VERTEX_POINT ( 'NONE', #847 ) ;
#5593 = CIRCLE ( 'NONE', #3629, 0.1000000000000000194 ) ;
#5594 = ORIENTED_EDGE ( 'NONE', *, *, #5041, .F. ) ;
#5595 = AXIS2_PLACEMENT_3D ( 'NONE', #7220, #3002, #5341 ) ;
#5596 = PLANE ( 'NONE',  #4408 ) ;
#5597 = ADVANCED_FACE ( 'NONE', ( #6743 ), #6078, .F. ) ;
#5598 = EDGE_LOOP ( 'NONE', ( #7092, #788, #4231, #4685 ) ) ;
#5599 = DIRECTION ( 'NONE',  ( 0.000000000000000000, 0.000000000000000000, 1.000000000000000000 ) ) ;
#5600 = PLANE ( 'NONE',  #6206 ) ;
#5601 = EDGE_CURVE ( 'NONE', #3958, #3693, #5531, .T. ) ;
#5602 = CARTESIAN_POINT ( 'NONE',  ( 2.176780981213570332, 2.781713543831470403, -0.2500000000000012212 ) ) ;
#5603 = DIRECTION ( 'NONE',  ( 0.000000000000000000, 1.000000000000000000, 0.000000000000000000 ) ) ;
#5604 = EDGE_CURVE ( 'NONE', #1059, #5428, #1854, .T. ) ;
#5605 = DIRECTION ( 'NONE',  ( -0.000000000000000000, -0.000000000000000000, -1.000000000000000000 ) ) ;
#5606 = EDGE_CURVE ( 'NONE', #7265, #4873, #2952, .T. ) ;
#5607 = ORIENTED_EDGE ( 'NONE', *, *, #5888, .T. ) ;
#5608 = CARTESIAN_POINT ( 'NONE',  ( 1.409999999999980380, 3.000000000000023537, -0.8346456692913232223 ) ) ;
#5609 =( LENGTH_UNIT ( ) NAMED_UNIT ( * ) SI_UNIT ( $, .METRE. ) );
#5610 = ORIENTED_EDGE ( 'NONE', *, *, #2136, .T. ) ;
#5611 = AXIS2_PLACEMENT_3D ( 'NONE', #3842, #4413, #2531 ) ;
#5612 = FACE_BOUND ( 'NONE', #4346, .T. ) ;
#5613 = CARTESIAN_POINT ( 'NONE',  ( 12.59999999999999609, -4.995227278524752457, -1.719999999999999973 ) ) ;
#5614 = DIRECTION ( 'NONE',  ( 0.000000000000000000, 0.000000000000000000, 1.000000000000000000 ) ) ;
#5615 = ORIENTED_EDGE ( 'NONE', *, *, #2559, .T. ) ;
#5616 = CARTESIAN_POINT ( 'NONE',  ( 4.344645669291334222, 2.250000000000000444, -1.340354330708658503 ) ) ;
#5617 = AXIS2_PLACEMENT_3D ( 'NONE', #4755, #7163, #7125 ) ;
#5618 = DIRECTION ( 'NONE',  ( -0.000000000000000000, 1.000000000000000000, -0.000000000000000000 ) ) ;
#5619 = DIRECTION ( 'NONE',  ( -0.000000000000000000, 1.000000000000000000, 0.000000000000000000 ) ) ;
#5620 = LINE ( 'NONE', #853, #6202 ) ;
#5621 = FACE_BOUND ( 'NONE', #3770, .T. ) ;
#5622 = ORIENTED_EDGE ( 'NONE', *, *, #4861, .T. ) ;
#5623 = CARTESIAN_POINT ( 'NONE',  ( 6.675354330708656470, 1.999374015748013989, -1.174999999999995604 ) ) ;
#5624 = ORIENTED_EDGE ( 'NONE', *, *, #4749, .F. ) ;
#5625 = CARTESIAN_POINT ( 'NONE',  ( -4.370956789862821150E-15, 7.704772721475247721, -1.719999999999999973 ) ) ;
#5626 = ORIENTED_EDGE ( 'NONE', *, *, #5358, .F. ) ;
#5627 = DIRECTION ( 'NONE',  ( -0.7071067811865476838, -0.7071067811865473507, 0.000000000000000000 ) ) ;
#5628 = CARTESIAN_POINT ( 'NONE',  ( 1.159999999999973275, 19.90000000000002345, -0.8346456692913223341 ) ) ;
#5629 = ORIENTED_EDGE ( 'NONE', *, *, #266, .F. ) ;
#5630 = VERTEX_POINT ( 'NONE', #4081 ) ;
#5631 = ORIENTED_EDGE ( 'NONE', *, *, #205, .T. ) ;
#5632 = DIRECTION ( 'NONE',  ( 1.000000000000000000, 0.000000000000000000, 0.000000000000000000 ) ) ;
#5633 = ORIENTED_EDGE ( 'NONE', *, *, #1227, .F. ) ;
#5634 = FACE_OUTER_BOUND ( 'NONE', #5027, .T. ) ;
#5635 = EDGE_LOOP ( 'NONE', ( #1145, #1687, #892, #179 ) ) ;
#5636 = PLANE ( 'NONE',  #5884 ) ;
#5637 = ORIENTED_EDGE ( 'NONE', *, *, #3216, .F. ) ;
#5638 = CARTESIAN_POINT ( 'NONE',  ( -8.145227278524757253, -3.099999999999999201, -1.770000000000000018 ) ) ;
#5639 = CARTESIAN_POINT ( 'NONE',  ( 1.509999999999994458, 2.349999999999996092, 0.1000000000000055567 ) ) ;
#5640 = VECTOR ( 'NONE', #6489, 39.37007874015748143 ) ;
#5641 = DIRECTION ( 'NONE',  ( 1.000000000000000000, -0.000000000000000000, 3.512375991854052315E-15 ) ) ;
#5642 = VECTOR ( 'NONE', #6257, 39.37007874015748143 ) ;
#5643 = PLANE ( 'NONE',  #4425 ) ;
#5644 = VECTOR ( 'NONE', #1428, 39.37007874015748143 ) ;
#5645 = EDGE_CURVE ( 'NONE', #4635, #6337, #2303, .T. ) ;
#5646 = AXIS2_PLACEMENT_3D ( 'NONE', #4373, #4984, #1987 ) ;
#5647 = ORIENTED_EDGE ( 'NONE', *, *, #6603, .T. ) ;
#5648 = ORIENTED_EDGE ( 'NONE', *, *, #3919, .F. ) ;
#5649 = CARTESIAN_POINT ( 'NONE',  ( -8.145227278524757253, 3.200000000000001510, -1.719999999999999973 ) ) ;
#5650 = CARTESIAN_POINT ( 'NONE',  ( 7.843561962427146206, 2.349999999999996092, -0.2499999999999946709 ) ) ;
#5651 = LINE ( 'NONE', #6862, #1288 ) ;
#5652 = VECTOR ( 'NONE', #6109, 39.37007874015748143 ) ;
#5653 = EDGE_CURVE ( 'NONE', #3317, #6793, #6899, .T. ) ;
#5654 = AXIS2_PLACEMENT_3D ( 'NONE', #1380, #314, #2215 ) ;
#5655 = CARTESIAN_POINT ( 'NONE',  ( 1.409999999999982601, 2.000000000000001776, -0.2499999999999828471 ) ) ;
#5656 = PLANE ( 'NONE',  #5026 ) ;
#5657 = EDGE_CURVE ( 'NONE', #6534, #1025, #6423, .T. ) ;
#5658 = ORIENTED_EDGE ( 'NONE', *, *, #2838, .F. ) ;
#5659 = FACE_OUTER_BOUND ( 'NONE', #225, .T. ) ;
#5660 = EDGE_CURVE ( 'NONE', #1343, #2380, #6974, .T. ) ;
#5661 = ORIENTED_EDGE ( 'NONE', *, *, #2647, .T. ) ;
#5662 = PLANE ( 'NONE',  #6463 ) ;
#5663 = LINE ( 'NONE', #7529, #503 ) ;
#5664 = CARTESIAN_POINT ( 'NONE',  ( 4.454772721475242392, -3.149999999999998579, -1.719999999999999973 ) ) ;
#5665 = ADVANCED_FACE ( 'NONE', ( #4112 ), #538, .T. ) ;
#5666 = EDGE_LOOP ( 'NONE', ( #691, #2700, #1964, #4583 ) ) ;
#5667 = EDGE_LOOP ( 'NONE', ( #7398, #7176 ) ) ;
#5668 = EDGE_LOOP ( 'NONE', ( #5291, #3632, #3577, #1750 ) ) ;
#5669 = DIRECTION ( 'NONE',  ( 0.7071067811865474617, 0.7071067811865474617, 0.000000000000000000 ) ) ;
#5670 = VERTEX_POINT ( 'NONE', #1148 ) ;
#5671 = CARTESIAN_POINT ( 'NONE',  ( 1.159999999999983045, 23.14000000000000412, 1.393242476768774222E-14 ) ) ;
#5672 = ORIENTED_EDGE ( 'NONE', *, *, #2500, .F. ) ;
#5673 = DIRECTION ( 'NONE',  ( -0.000000000000000000, -0.000000000000000000, 1.000000000000000000 ) ) ;
#5674 = AXIS2_PLACEMENT_3D ( 'NONE', #2589, #4927, #7303 ) ;
#5675 = DIRECTION ( 'NONE',  ( -0.000000000000000000, -0.000000000000000000, -1.000000000000000000 ) ) ;
#5676 = ORIENTED_EDGE ( 'NONE', *, *, #4295, .T. ) ;
#5677 = AXIS2_PLACEMENT_3D ( 'NONE', #2854, #6321, #3466 ) ;
#5678 = CARTESIAN_POINT ( 'NONE',  ( 7.849041308284765428, 2.299638101962905967, -0.2626213611645689672 ) ) ;
#5679 = LINE ( 'NONE', #4632, #1293 ) ;
#5680 = DIRECTION ( 'NONE',  ( -0.7071067811865476838, -0.7071067811865473507, 0.000000000000000000 ) ) ;
#5681 = ORIENTED_EDGE ( 'NONE', *, *, #7319, .T. ) ;
#5682 = APPLICATION_PROTOCOL_DEFINITION ( 'draft international standard', 'automotive_design', 1998, #2801 ) ;
#5683 = ORIENTED_EDGE ( 'NONE', *, *, #4660, .F. ) ;
#5684 = PLANE ( 'NONE',  #144 ) ;
#5685 = DIRECTION ( 'NONE',  ( -0.000000000000000000, -0.000000000000000000, -1.000000000000000000 ) ) ;
#5686 = FACE_OUTER_BOUND ( 'NONE', #6518, .T. ) ;
#5687 = EDGE_CURVE ( 'NONE', #6972, #659, #5799, .T. ) ;
#5688 = CLOSED_SHELL ( 'NONE', ( #4740, #689, #5985, #5092, #6067, #1024, #6318, #10, #6227, #5315, #2258, #4159, #6653, #4793, #3402, #7120, #497, #6705, #722, #5791, #117, #6659, #674, #417, #7283, #2183, #6034, #2229, #2125, #7234, #73, #6416, #3350, #3197, #2779, #3167, #3479, #3064, #3252, #5032, #4524, #2018, #6758, #6453, #7045, #2931, #3634, #1198, #6834, #964, #4207, #6311, #2882, #6610, #4717, #5978, #1793, #2872, #4239, #2744, #5560, #7372, #3211, #6120, #4856, #4979, #2270, #806, #588, #6176, #6902, #114, #4941, #3963, #4698, #875, #4666, #5836, #5132, #3305, #5420, #7224, #825, #4949, #1181, #1096, #4946, #4525, #3047, #6755, #6850, #5096, #1659, #3011, #4076, #677, #5597, #265, #4152, #6374, #3775, #4523 ) ) ;
#5689 = CARTESIAN_POINT ( 'NONE',  ( 6.344645669291334222, 1.999374015748013989, -1.340354330708657615 ) ) ;
#5690 = CARTESIAN_POINT ( 'NONE',  ( -12.60000000000000497, 9.449999999999999289, -1.719999999999999973 ) ) ;
#5691 = PLANE ( 'NONE',  #1955 ) ;
#5692 = CARTESIAN_POINT ( 'NONE',  ( 88.14000000000000057, -1.750000000000017319, -9.971245176874560452E-15 ) ) ;
#5693 = ORIENTED_EDGE ( 'NONE', *, *, #2781, .F. ) ;
#5694 = CARTESIAN_POINT ( 'NONE',  ( 4.187864042533941067, 14.83317831032973011, -0.2500000000000000555 ) ) ;
#5695 = VERTEX_POINT ( 'NONE', #5124 ) ;
#5696 = DIRECTION ( 'NONE',  ( -0.000000000000000000, -0.000000000000000000, -1.000000000000000000 ) ) ;
#5697 =( REPRESENTATION_RELATIONSHIP ('NONE','NONE', #754, #6547 ) REPRESENTATION_RELATIONSHIP_WITH_TRANSFORMATION ( #3137 )SHAPE_REPRESENTATION_RELATIONSHIP( ) );
#5698 = LINE ( 'NONE', #5808, #4904 ) ;
#5699 = CARTESIAN_POINT ( 'NONE',  ( -6.300000000000008704, 7.704772721475252162, -1.719999999999999973 ) ) ;
#5700 = AXIS2_PLACEMENT_3D ( 'NONE', #6847, #4827, #273 ) ;
#5701 = ADVANCED_FACE ( 'NONE', ( #7517 ), #6934, .F. ) ;
#5702 = VERTEX_POINT ( 'NONE', #1187 ) ;
#5703 = VECTOR ( 'NONE', #340, 39.37007874015748143 ) ;
#5704 = ADVANCED_FACE ( 'NONE', ( #6307 ), #2916, .F. ) ;
#5705 = ORIENTED_EDGE ( 'NONE', *, *, #6184, .F. ) ;
#5706 = DIRECTION ( 'NONE',  ( 1.000000000000000000, 0.000000000000000000, -0.000000000000000000 ) ) ;
#5707 = VERTEX_POINT ( 'NONE', #35 ) ;
#5708 = ADVANCED_FACE ( 'NONE', ( #1039 ), #2227, .T. ) ;
#5709 = DIRECTION ( 'NONE',  ( -0.7071067811865474617, -0.7071067811865474617, 0.000000000000000000 ) ) ;
#5710 = EDGE_CURVE ( 'NONE', #4653, #3222, #3527, .T. ) ;
#5711 = VERTEX_POINT ( 'NONE', #4638 ) ;
#5712 = DIRECTION ( 'NONE',  ( 0.7071067811865473507, -0.7071067811865475727, 0.000000000000000000 ) ) ;
#5713 = VECTOR ( 'NONE', #562, 39.37007874015748143 ) ;
#5714 = ORIENTED_EDGE ( 'NONE', *, *, #6134, .T. ) ;
#5715 = AXIS2_PLACEMENT_3D ( 'NONE', #2765, #5614, #5033 ) ;
#5716 = VECTOR ( 'NONE', #6007, 39.37007874015748854 ) ;
#5717 = CARTESIAN_POINT ( 'NONE',  ( 7.854520654142383762, 2.262621361164570022, -0.2996381019629049680 ) ) ;
#5718 = FACE_OUTER_BOUND ( 'NONE', #3262, .T. ) ;
#5719 = DIRECTION ( 'NONE',  ( -0.000000000000000000, 0.000000000000000000, -1.000000000000000000 ) ) ;
#5720 = VECTOR ( 'NONE', #4890, 39.37007874015748143 ) ;
#5721 = EDGE_LOOP ( 'NONE', ( #5831, #5816, #5982, #3091 ) ) ;
#5722 = ORIENTED_EDGE ( 'NONE', *, *, #4145, .T. ) ;
#5723 = AXIS2_PLACEMENT_3D ( 'NONE', #5847, #6361, #549 ) ;
#5724 = CARTESIAN_POINT ( 'NONE',  ( -10.75477272147525909, 3.200000000000001954, -1.719999999999999973 ) ) ;
#5725 = DIRECTION ( 'NONE',  ( 1.000000000000000000, 0.000000000000000000, 0.000000000000000000 ) ) ;
#5726 = CARTESIAN_POINT ( 'NONE',  ( 1.509999999999995124, 2.349999999999996536, 0.09999999999999882594 ) ) ;
#5727 = CARTESIAN_POINT ( 'NONE',  ( 1.159999999999994369, 19.90000000000005542, 0.5846456692913766240 ) ) ;
#5728 = PRESENTATION_STYLE_ASSIGNMENT (( #5248 ) ) ;
#5729 = CARTESIAN_POINT ( 'NONE',  ( 138.5400000000000205, -1.750000000000017319, -9.971245176874560452E-15 ) ) ;
#5730 = ORIENTED_EDGE ( 'NONE', *, *, #1369, .T. ) ;
#5731 = CARTESIAN_POINT ( 'NONE',  ( -8.741913579725642299E-15, 5.095227278524751213, -1.719999999999999973 ) ) ;
#5732 = VERTEX_POINT ( 'NONE', #7549 ) ;
#5733 = CARTESIAN_POINT ( 'NONE',  ( 4.454772721475242392, 3.250000000000000444, -1.719999999999999973 ) ) ;
#5734 =( NAMED_UNIT ( * ) SI_UNIT ( $, .STERADIAN. ) SOLID_ANGLE_UNIT ( ) );
#5735 = AXIS2_PLACEMENT_3D ( 'NONE', #5408, #4120, #1194 ) ;
#5736 = DIRECTION ( 'NONE',  ( 1.000000000000000000, -0.000000000000000000, -3.512375991854052315E-15 ) ) ;
#5737 = CARTESIAN_POINT ( 'NONE',  ( 7.853150817677981621, 2.070116605160633227, -0.1150913519912141192 ) ) ;
#5738 = ORIENTED_EDGE ( 'NONE', *, *, #398, .T. ) ;
#5739 = EDGE_LOOP ( 'NONE', ( #4059, #3144, #2372, #3824 ) ) ;
#5740 = DIRECTION ( 'NONE',  ( 0.7071067811865473507, -0.7071067811865475727, 0.000000000000000000 ) ) ;
#5741 = ORIENTED_EDGE ( 'NONE', *, *, #6130, .F. ) ;
#5742 = EDGE_CURVE ( 'NONE', #2144, #6398, #7567, .T. ) ;
#5743 = DIRECTION ( 'NONE',  ( 0.000000000000000000, 0.000000000000000000, -1.000000000000000000 ) ) ;
#5744 = ORIENTED_EDGE ( 'NONE', *, *, #4572, .T. ) ;
#5745 = CARTESIAN_POINT ( 'NONE',  ( 1.409999999999982601, 23.14000000000000412, -0.3499999999999834355 ) ) ;
#5746 = EDGE_CURVE ( 'NONE', #1197, #40, #2341, .T. ) ;
#5747 = ORIENTED_EDGE ( 'NONE', *, *, #3295, .F. ) ;
#5748 = DIRECTION ( 'NONE',  ( -1.000000000000000000, 8.537024980200837349E-17, -3.512375991854052315E-15 ) ) ;
#5749 = EDGE_CURVE ( 'NONE', #6175, #1584, #4673, .T. ) ;
#5750 =( BOUNDED_CURVE ( )  B_SPLINE_CURVE ( 3, ( #2563, #1374, #6061, #800 ),
 .UNSPECIFIED., .F., .T. ) 
 B_SPLINE_CURVE_WITH_KNOTS ( ( 4, 4 ),
 ( 0.000000000000000000, 3.141592653589793116 ),
 .UNSPECIFIED. ) 
 CURVE ( )  GEOMETRIC_REPRESENTATION_ITEM ( )  RATIONAL_B_SPLINE_CURVE ( ( 1.000000000000000000, 0.3333333333333333703, 0.3333333333333333703, 1.000000000000000000 ) ) 
 REPRESENTATION_ITEM ( '' )  );
#5751 = CARTESIAN_POINT ( 'NONE',  ( -7.029999999999996696, 0.2500000000000000000, -9.389999999999998792 ) ) ;
#5752 = EDGE_CURVE ( 'NONE', #1863, #4622, #1641, .T. ) ;
#5753 = CARTESIAN_POINT ( 'NONE',  ( 4.344645669291333334, 1.999374015748019318, 1.090354330708671604 ) ) ;
#5754 = EDGE_CURVE ( 'NONE', #6897, #1025, #5914, .T. ) ;
#5755 = CARTESIAN_POINT ( 'NONE',  ( 2.344645669291333334, 2.000000000000003553, 1.090354330708671604 ) ) ;
#5756 = ORIENTED_EDGE ( 'NONE', *, *, #4305, .F. ) ;
#5757 = CONTEXT_DEPENDENT_SHAPE_REPRESENTATION ( #3089, #4 ) ;
#5758 = AXIS2_PLACEMENT_3D ( 'NONE', #5136, #4074, #5173 ) ;
#5759 = EDGE_LOOP ( 'NONE', ( #2802, #1099, #2727, #6215 ) ) ;
#5760 = CARTESIAN_POINT ( 'NONE',  ( 2.675354330708656470, 2.000000000000004441, -1.340354330708657837 ) ) ;
#5761 = CARTESIAN_POINT ( 'NONE',  ( 7.858629916778408386, 1.999999999999995559, -0.3041768542125987684 ) ) ;
#5762 = DIRECTION ( 'NONE',  ( -0.7071067811865473507, 0.7071067811865476838, 0.000000000000000000 ) ) ;
#5763 = CARTESIAN_POINT ( 'NONE',  ( -4.454772721475258379, -3.149999999999997691, -1.719999999999999973 ) ) ;
#5764 = AXIS2_PLACEMENT_3D ( 'NONE', #6433, #6289, #1023 ) ;
#5765 = PRODUCT_DEFINITION_SHAPE ( 'NONE', 'NONE',  #7573 ) ;
#5766 = CARTESIAN_POINT ( 'NONE',  ( -0.06000000000000629830, 28.60000000000000142, 0.6100000000000025402 ) ) ;
#5767 = ORIENTED_EDGE ( 'NONE', *, *, #3780, .T. ) ;
#5768 = CARTESIAN_POINT ( 'NONE',  ( -8.741913579725642299E-15, -1.254772721475248209, -1.719999999999999973 ) ) ;
#5769 = AXIS2_PLACEMENT_3D ( 'NONE', #2465, #5258, #1732 ) ;
#5770 = ORIENTED_EDGE ( 'NONE', *, *, #3729, .F. ) ;
#5771 = AXIS2_PLACEMENT_3D ( 'NONE', #4552, #6838, #1555 ) ;
#5772 = PLANE ( 'NONE',  #7087 ) ;
#5773 = CARTESIAN_POINT ( 'NONE',  ( 1.845227278524741221, -9.449999999999999289, -1.719999999999999973 ) ) ;
#5774 = CARTESIAN_POINT ( 'NONE',  ( -8.741913579725642299E-15, -4.995227278524748016, -1.719999999999999973 ) ) ;
#5775 = DIRECTION ( 'NONE',  ( 1.000000000000000000, -2.478176394252578183E-15, 0.000000000000000000 ) ) ;
#5776 = VECTOR ( 'NONE', #6736, 39.37007874015748143 ) ;
#5777 = FACE_OUTER_BOUND ( 'NONE', #5583, .T. ) ;
#5778 = EDGE_LOOP ( 'NONE', ( #4543, #5009, #6761, #2107 ) ) ;
#5779 = PLANE ( 'NONE',  #4606 ) ;
#5780 = EDGE_LOOP ( 'NONE', ( #5705, #15, #718, #5372 ) ) ;
#5781 = DIRECTION ( 'NONE',  ( 0.000000000000000000, 0.000000000000000000, 1.000000000000000000 ) ) ;
#5782 = CARTESIAN_POINT ( 'NONE',  ( 1.409999999999979270, 3.000000000000023537, -1.165354330708645580 ) ) ;
#5783 = AXIS2_PLACEMENT_3D ( 'NONE', #1004, #5179, #537 ) ;
#5784 = UNCERTAINTY_MEASURE_WITH_UNIT (LENGTH_MEASURE( 1.000000000000000082E-05 ), #3853, 'distance_accuracy_value', 'NONE');
#5785 = VERTEX_POINT ( 'NONE', #3647 ) ;
#5786 = CARTESIAN_POINT ( 'NONE',  ( 12.54000000000000092, 0.2500000000000000000, -9.389999999999998792 ) ) ;
#5787 = CARTESIAN_POINT ( 'NONE',  ( 1.409999999999995035, 2.349999999999996536, 0.1000000000000042660 ) ) ;
#5788 = DIRECTION ( 'NONE',  ( -0.000000000000000000, -1.000000000000000000, -0.000000000000000000 ) ) ;
#5789 = PLANE ( 'NONE',  #3935 ) ;
#5790 = EDGE_CURVE ( 'NONE', #3865, #1928, #1903, .T. ) ;
#5791 = ADVANCED_FACE ( 'NONE', ( #4265 ), #5989, .T. ) ;
#5792 = ADVANCED_FACE ( 'NONE', ( #3021 ), #3719, .T. ) ;
#5793 =( BOUNDED_CURVE ( )  B_SPLINE_CURVE ( 3, ( #228, #4332, #1373, #2643 ),
 .UNSPECIFIED., .F., .T. ) 
 B_SPLINE_CURVE_WITH_KNOTS ( ( 4, 4 ),
 ( 3.141592653589793116, 6.283185307179586232 ),
 .UNSPECIFIED. ) 
 CURVE ( )  GEOMETRIC_REPRESENTATION_ITEM ( )  RATIONAL_B_SPLINE_CURVE ( ( 1.000000000000000000, 0.3333333333333333703, 0.3333333333333333703, 1.000000000000000000 ) ) 
 REPRESENTATION_ITEM ( '' )  );
#5794 = ORIENTED_EDGE ( 'NONE', *, *, #7499, .T. ) ;
#5795 =( REPRESENTATION_RELATIONSHIP ('NONE','NONE', #754, #6547 ) REPRESENTATION_RELATIONSHIP_WITH_TRANSFORMATION ( #4404 )SHAPE_REPRESENTATION_RELATIONSHIP( ) );
#5796 = CONTEXT_DEPENDENT_SHAPE_REPRESENTATION ( #6748, #6520 ) ;
#5797 = EDGE_LOOP ( 'NONE', ( #6147, #2161, #4892, #5359 ) ) ;
#5798 = CARTESIAN_POINT ( 'NONE',  ( -1.845227278524757653, 3.250000000000000444, -1.770000000000000018 ) ) ;
#5799 = LINE ( 'NONE', #4603, #1651 ) ;
#5800 = DIRECTION ( 'NONE',  ( 3.304235192336789711E-15, 0.000000000000000000, -1.000000000000000000 ) ) ;
#5801 = EDGE_CURVE ( 'NONE', #4436, #4439, #5401, .T. ) ;
#5802 = CARTESIAN_POINT ( 'NONE',  ( -4.454772721475258379, 3.200000000000001954, -1.719999999999999973 ) ) ;
#5803 = DIRECTION ( 'NONE',  ( 1.000000000000000000, 3.434323192035072971E-15, -3.512375991854046399E-15 ) ) ;
#5804 = ORIENTED_EDGE ( 'NONE', *, *, #2177, .F. ) ;
#5805 = FACE_OUTER_BOUND ( 'NONE', #6673, .T. ) ;
#5806 = VERTEX_POINT ( 'NONE', #112 ) ;
#5807 = DIRECTION ( 'NONE',  ( -2.468850131082266527E-15, 0.7071067811865472397, 0.7071067811865477948 ) ) ;
#5808 = CARTESIAN_POINT ( 'NONE',  ( -6.300000000000008704, -4.995227278524748016, -1.719999999999999973 ) ) ;
#5809 = DIRECTION ( 'NONE',  ( -0.7071067811865473507, 0.7071067811865476838, 0.000000000000000000 ) ) ;
#5810 = DIRECTION ( 'NONE',  ( -0.000000000000000000, -0.000000000000000000, -1.000000000000000000 ) ) ;
#5811 = FACE_BOUND ( 'NONE', #4396, .T. ) ;
#5812 = DIRECTION ( 'NONE',  ( -0.7071067811865473507, 0.7071067811865476838, 0.000000000000000000 ) ) ;
#5813 = ORIENTED_EDGE ( 'NONE', *, *, #2466, .F. ) ;
#5814 = DIRECTION ( 'NONE',  ( 0.7071067811865476838, 0.7071067811865473507, -0.000000000000000000 ) ) ;
#5815 = DIRECTION ( 'NONE',  ( 0.000000000000000000, -1.000000000000000000, 0.000000000000000000 ) ) ;
#5816 = ORIENTED_EDGE ( 'NONE', *, *, #4560, .T. ) ;
#5817 = DIRECTION ( 'NONE',  ( -1.000000000000000000, -0.000000000000000000, 1.206113904487532858E-16 ) ) ;
#5818 = VECTOR ( 'NONE', #758, 39.37007874015748854 ) ;
#5819 = VERTEX_POINT ( 'NONE', #1940 ) ;
#5820 = CARTESIAN_POINT ( 'NONE',  ( 5.984739045710472105, 5.904211647661679052, 0.000000000000000000 ) ) ;
#5821 = FACE_BOUND ( 'NONE', #1032, .T. ) ;
#5822 = AXIS2_PLACEMENT_3D ( 'NONE', #2355, #4688, #7248 ) ;
#5823 = CARTESIAN_POINT ( 'NONE',  ( 1.845227278524741221, -9.449999999999999289, -1.770000000000000018 ) ) ;
#5824 = PRODUCT_DEFINITION_SHAPE ( 'NONE', 'NONE',  #7590 ) ;
#5825 = CARTESIAN_POINT ( 'NONE',  ( -10.75477272147525909, -3.149999999999997691, -1.719999999999999973 ) ) ;
#5826 = EDGE_CURVE ( 'NONE', #4526, #3003, #4302, .T. ) ;
#5827 = VECTOR ( 'NONE', #1425, 39.37007874015748143 ) ;
#5828 = VECTOR ( 'NONE', #4644, 39.37007874015748143 ) ;
#5829 = VERTEX_POINT ( 'NONE', #730 ) ;
#5830 = EDGE_CURVE ( 'NONE', #7155, #1628, #2485, .T. ) ;
#5831 = ORIENTED_EDGE ( 'NONE', *, *, #5749, .T. ) ;
#5832 = LINE ( 'NONE', #2915, #767 ) ;
#5833 = DIRECTION ( 'NONE',  ( -1.720849129867250395E-15, -1.000000000000000000, 0.000000000000000000 ) ) ;
#5834 = CARTESIAN_POINT ( 'NONE',  ( 2.420580475199245019, 19.71186723724616385, -0.2500000000000012212 ) ) ;
#5835 = AXIS2_PLACEMENT_3D ( 'NONE', #2060, #6777, #4300 ) ;
#5836 = ADVANCED_FACE ( 'NONE', ( #4824 ), #3060, .F. ) ;
#5837 = VECTOR ( 'NONE', #4747, 39.37007874015748854 ) ;
#5838 = AXIS2_PLACEMENT_3D ( 'NONE', #2534, #1837, #4716 ) ;
#5839 =( REPRESENTATION_RELATIONSHIP ('NONE','NONE', #754, #3642 ) REPRESENTATION_RELATIONSHIP_WITH_TRANSFORMATION ( #2145 )SHAPE_REPRESENTATION_RELATIONSHIP( ) );
#5840 = FACE_OUTER_BOUND ( 'NONE', #2905, .T. ) ;
#5841 = EDGE_CURVE ( 'NONE', #5186, #2298, #3100, .T. ) ;
#5842 = CIRCLE ( 'NONE', #6726, 51.95339843179001349 ) ;
#5843 = LENGTH_MEASURE_WITH_UNIT ( LENGTH_MEASURE( 0.02539999999999999897 ), #2771 );
#5844 = ORIENTED_EDGE ( 'NONE', *, *, #681, .T. ) ;
#5845 = DIRECTION ( 'NONE',  ( 1.000000000000000000, -2.093734754490789434E-16, 0.000000000000000000 ) ) ;
#5846 = ORIENTED_EDGE ( 'NONE', *, *, #3932, .F. ) ;
#5847 = CARTESIAN_POINT ( 'NONE',  ( 1.409999999999994147, 21.90000000000005187, 0.7500000000000469624 ) ) ;
#5848 = LINE ( 'NONE', #5335, #6891 ) ;
#5849 = EDGE_CURVE ( 'NONE', #2127, #88, #7158, .T. ) ;
#5850 = AXIS2_PLACEMENT_3D ( 'NONE', #5494, #285, #4957 ) ;
#5851 = FACE_BOUND ( 'NONE', #7101, .T. ) ;
#5852 = CARTESIAN_POINT ( 'NONE',  ( 6.299999999999990941, -4.995227278524748016, -1.719999999999999973 ) ) ;
#5853 = EDGE_LOOP ( 'NONE', ( #1663, #4033, #2704, #5081 ) ) ;
#5854 = LINE ( 'NONE', #1697, #7521 ) ;
#5855 = DIRECTION ( 'NONE',  ( -3.512375991854052315E-15, 8.537024980200927328E-17, 1.000000000000000000 ) ) ;
#5856 = ORIENTED_EDGE ( 'NONE', *, *, #6018, .T. ) ;
#5857 = MANIFOLD_SOLID_BREP ( 'LPattern1', #1033 ) ;
#5858 = AXIS2_PLACEMENT_3D ( 'NONE', #845, #4985, #1497 ) ;
#5859 = CARTESIAN_POINT ( 'NONE',  ( 2.409394568923568070, 23.00194783241069629, -0.2500000000000000000 ) ) ;
#5860 = UNCERTAINTY_MEASURE_WITH_UNIT (LENGTH_MEASURE( 1.000000000000000082E-05 ), #3740, 'distance_accuracy_value', 'NONE');
#5861 = AXIS2_PLACEMENT_3D ( 'NONE', #2294, #4631, #4072 ) ;
#5862 = ORIENTED_EDGE ( 'NONE', *, *, #7368, .F. ) ;
#5863 = LINE ( 'NONE', #2975, #996 ) ;
#5864 = CARTESIAN_POINT ( 'NONE',  ( 4.675354330708656470, 1.999374015748019318, 0.9250000000000102585 ) ) ;
#5865 = CARTESIAN_POINT ( 'NONE',  ( 4.187864042533941067, 15.64893697419836904, -0.2500000000000000555 ) ) ;
#5866 = DIRECTION ( 'NONE',  ( 0.7071067811865476838, 0.7071067811865473507, 0.000000000000000000 ) ) ;
#5867 = ORIENTED_EDGE ( 'NONE', *, *, #6241, .F. ) ;
#5868 = CONTEXT_DEPENDENT_SHAPE_REPRESENTATION ( #3193, #500 ) ;
#5869 = EDGE_LOOP ( 'NONE', ( #3794, #6111, #5615, #2788 ) ) ;
#5870 = CARTESIAN_POINT ( 'NONE',  ( -6.300000000000008704, 1.354772721475252073, -1.719999999999999973 ) ) ;
#5871 = CARTESIAN_POINT ( 'NONE',  ( 6.299999999999990941, -4.995227278524748016, -1.770000000000000018 ) ) ;
#5872 = DIRECTION ( 'NONE',  ( -8.537024980200868164E-17, -1.000000000000000000, 8.537024980200896513E-17 ) ) ;
#5873 = LINE ( 'NONE', #613, #2516 ) ;
#5874 = LINE ( 'NONE', #4711, #1839 ) ;
#5875 = DIRECTION ( 'NONE',  ( 0.000000000000000000, 0.000000000000000000, 1.000000000000000000 ) ) ;
#5876 = DIRECTION ( 'NONE',  ( -1.000000000000000222, 0.000000000000000000, 0.000000000000000000 ) ) ;
#5877 = ORIENTED_EDGE ( 'NONE', *, *, #2598, .T. ) ;
#5878 = DIRECTION ( 'NONE',  ( 0.000000000000000000, 0.000000000000000000, 1.000000000000000000 ) ) ;
#5879 = ORIENTED_EDGE ( 'NONE', *, *, #1699, .T. ) ;
#5880 = ADVANCED_FACE ( 'NONE', ( #2526 ), #6683, .F. ) ;
#5881 = CARTESIAN_POINT ( 'NONE',  ( -44.04411790607416322, -0.2623335308197394244, 0.000000000000000000 ) ) ;
#5882 = ORIENTED_EDGE ( 'NONE', *, *, #4192, .F. ) ;
#5883 = AXIS2_PLACEMENT_3D ( 'NONE', #5451, #2540, #1313 ) ;
#5884 = AXIS2_PLACEMENT_3D ( 'NONE', #384, #7428, #6648 ) ;
#5885 = LINE ( 'NONE', #2963, #1226 ) ;
#5886 = EDGE_CURVE ( 'NONE', #370, #6765, #1711, .T. ) ;
#5887 = LINE ( 'NONE', #208, #4648 ) ;
#5888 = EDGE_CURVE ( 'NONE', #1420, #430, #6299, .T. ) ;
#5889 = CARTESIAN_POINT ( 'NONE',  ( 10.75477272147524310, -3.149999999999998579, -1.719999999999999973 ) ) ;
#5890 = EDGE_CURVE ( 'NONE', #4495, #3249, #3319, .T. ) ;
#5891 = VECTOR ( 'NONE', #2927, 39.37007874015748143 ) ;
#5892 = CIRCLE ( 'NONE', #7391, 0.1000000000000000194 ) ;
#5893 = ORIENTED_EDGE ( 'NONE', *, *, #5921, .T. ) ;
#5894 = CARTESIAN_POINT ( 'NONE',  ( 2.675354330708656470, 1.999374015748022204, 1.090354330708671604 ) ) ;
#5895 = PRODUCT_DEFINITION_SHAPE ( 'NONE', 'NONE',  #7593 ) ;
#5896 = DIRECTION ( 'NONE',  ( 0.000000000000000000, -1.000000000000000000, 0.000000000000000000 ) ) ;
#5897 = VERTEX_POINT ( 'NONE', #6248 ) ;
#5898 = EDGE_CURVE ( 'NONE', #7149, #5067, #1954, .T. ) ;
#5899 = MANIFOLD_SOLID_BREP ( 'Boss-Extrude1', #7431 ) ;
#5900 = DIRECTION ( 'NONE',  ( -1.000000000000000000, 0.000000000000000000, 0.000000000000000000 ) ) ;
#5901 = EDGE_CURVE ( 'NONE', #254, #6405, #6401, .T. ) ;
#5902 = VECTOR ( 'NONE', #206, 39.37007874015748143 ) ;
#5903 = VECTOR ( 'NONE', #6925, 39.37007874015748143 ) ;
#5904 = ORIENTED_EDGE ( 'NONE', *, *, #6331, .T. ) ;
#5905 = CARTESIAN_POINT ( 'NONE',  ( 6.299999999999990941, 7.704772721475252162, -1.719999999999999973 ) ) ;
#5906 = CARTESIAN_POINT ( 'NONE',  ( 6.675354330708656470, 2.249999999999996003, -1.340354330708658503 ) ) ;
#5907 = DIRECTION ( 'NONE',  ( 0.000000000000000000, 0.000000000000000000, 1.000000000000000000 ) ) ;
#5908 = DIRECTION ( 'NONE',  ( -0.000000000000000000, -0.000000000000000000, -1.000000000000000000 ) ) ;
#5909 = ORIENTED_EDGE ( 'NONE', *, *, #4381, .T. ) ;
#5910 = ORIENTED_EDGE ( 'NONE', *, *, #3362, .F. ) ;
#5911 = ORIENTED_EDGE ( 'NONE', *, *, #6936, .F. ) ;
#5912 = DIRECTION ( 'NONE',  ( 0.7071067811865473507, -0.7071067811865476838, 0.000000000000000000 ) ) ;
#5913 = DIRECTION ( 'NONE',  ( -1.000000000000000000, 0.000000000000000000, -0.000000000000000000 ) ) ;
#5914 = LINE ( 'NONE', #77, #2888 ) ;
#5915 = DIRECTION ( 'NONE',  ( 0.000000000000000000, 3.304235192336770779E-15, 1.000000000000000000 ) ) ;
#5916 = LINE ( 'NONE', #1867, #3324 ) ;
#5917 = CARTESIAN_POINT ( 'NONE',  ( 8.145227278524741266, 3.250000000000000444, -1.719999999999999973 ) ) ;
#5918 = DIRECTION ( 'NONE',  ( -3.512375991854046399E-15, 1.720849129867249803E-15, -1.000000000000000000 ) ) ;
#5919 = ORIENTED_EDGE ( 'NONE', *, *, #5888, .F. ) ;
#5920 = FACE_BOUND ( 'NONE', #869, .T. ) ;
#5921 = EDGE_CURVE ( 'NONE', #4215, #834, #5663, .T. ) ;
#5922 = EDGE_LOOP ( 'NONE', ( #3573, #3600, #4514, #4621 ) ) ;
#5923 = CARTESIAN_POINT ( 'NONE',  ( 2.420580475199245019, 19.71186723724616385, -0.2500000000000000555 ) ) ;
#5924 = ORIENTED_EDGE ( 'NONE', *, *, #2320, .T. ) ;
#5925 = DIRECTION ( 'NONE',  ( -0.7071067811865476838, -0.7071067811865473507, 0.000000000000000000 ) ) ;
#5926 = DIRECTION ( 'NONE',  ( 1.892934042853975138E-15, 1.000000000000000000, -3.590428791673030081E-15 ) ) ;
#5927 = CARTESIAN_POINT ( 'NONE',  ( -12.60000000000000497, -9.449999999999999289, 0.000000000000000000 ) ) ;
#5928 = CYLINDRICAL_SURFACE ( 'NONE', #2000, 0.1377952755905512972 ) ;
#5929 = VECTOR ( 'NONE', #3334, 39.37007874015748854 ) ;
#5930 = ORIENTED_EDGE ( 'NONE', *, *, #4073, .F. ) ;
#5931 = DIRECTION ( 'NONE',  ( -1.720849129867250000E-15, -1.000000000000000000, -3.434323192035072971E-15 ) ) ;
#5932 = VERTEX_POINT ( 'NONE', #1087 ) ;
#5933 = DIRECTION ( 'NONE',  ( 0.000000000000000000, 0.000000000000000000, 1.000000000000000000 ) ) ;
#5934 = EDGE_CURVE ( 'NONE', #4436, #2901, #5226, .T. ) ;
#5935 = EDGE_CURVE ( 'NONE', #4612, #430, #3465, .T. ) ;
#5936 = EDGE_CURVE ( 'NONE', #2127, #3823, #5698, .T. ) ;
#5937 = VERTEX_POINT ( 'NONE', #552 ) ;
#5938 = CARTESIAN_POINT ( 'NONE',  ( 6.344645669291334222, 1.999374015748015099, -1.009645669291334258 ) ) ;
#5939 = FACE_OUTER_BOUND ( 'NONE', #2460, .T. ) ;
#5940 = DIRECTION ( 'NONE',  ( -0.7071067811865476838, -0.7071067811865473507, 0.000000000000000000 ) ) ;
#5941 =( REPRESENTATION_RELATIONSHIP ('NONE','NONE', #754, #6547 ) REPRESENTATION_RELATIONSHIP_WITH_TRANSFORMATION ( #3680 )SHAPE_REPRESENTATION_RELATIONSHIP( ) );
#5942 = DIRECTION ( 'NONE',  ( -0.000000000000000000, -1.000000000000000000, -0.000000000000000000 ) ) ;
#5943 = VECTOR ( 'NONE', #4241, 39.37007874015748143 ) ;
#5944 = VERTEX_POINT ( 'NONE', #2996 ) ;
#5945 = ORIENTED_EDGE ( 'NONE', *, *, #2412, .F. ) ;
#5946 = VECTOR ( 'NONE', #7566, 39.37007874015748143 ) ;
#5947 = CONTEXT_DEPENDENT_SHAPE_REPRESENTATION ( #1086, #1229 ) ;
#5948 = VERTEX_POINT ( 'NONE', #3034 ) ;
#5949 = DIRECTION ( 'NONE',  ( 1.000000000000000000, -1.892934042853974744E-15, 8.604245649336219925E-17 ) ) ;
#5950 = PLANE ( 'NONE',  #1044 ) ;
#5951 = CYLINDRICAL_SURFACE ( 'NONE', #3258, 0.1653543307086616510 ) ;
#5952 = DIRECTION ( 'NONE',  ( 1.000000000000000000, -1.892934042853975138E-15, 8.646343036883340567E-31 ) ) ;
#5953 = VECTOR ( 'NONE', #7361, 39.37007874015748143 ) ;
#5954 = AXIS2_PLACEMENT_3D ( 'NONE', #1723, #2845, #5180 ) ;
#5955 = PRODUCT_DEFINITION_SHAPE ( 'NONE', 'NONE',  #7587 ) ;
#5956 = CARTESIAN_POINT ( 'NONE',  ( 2.409394568923568070, 23.00194783241069629, -0.2500000000000000000 ) ) ;
#5957 = CARTESIAN_POINT ( 'NONE',  ( 50.33999999999999631, 28.60000000000000142, 0.6100000000000025402 ) ) ;
#5958 = ORIENTED_EDGE ( 'NONE', *, *, #6280, .T. ) ;
#5959 = CARTESIAN_POINT ( 'NONE',  ( -6.300000000000008704, -1.254772721475248209, -1.719999999999999973 ) ) ;
#5960 = VECTOR ( 'NONE', #3220, 39.37007874015748143 ) ;
#5961 = CIRCLE ( 'NONE', #5595, 10.04786461282786547 ) ;
#5962 = VERTEX_POINT ( 'NONE', #4762 ) ;
#5963 = CARTESIAN_POINT ( 'NONE',  ( -11.60000000000002451, -8.449999999999999289, -1.562204245409588355 ) ) ;
#5964 = ORIENTED_EDGE ( 'NONE', *, *, #401, .T. ) ;
#5965 = DIRECTION ( 'NONE',  ( -0.000000000000000000, -0.000000000000000000, -1.000000000000000000 ) ) ;
#5966 = AXIS2_PLACEMENT_3D ( 'NONE', #5310, #4177, #1254 ) ;
#5967 = DIRECTION ( 'NONE',  ( 0.000000000000000000, 3.304235192336773540E-15, 1.000000000000000000 ) ) ;
#5968 = DIRECTION ( 'NONE',  ( 1.892934042853975138E-15, 1.000000000000000000, -3.590428791673030081E-15 ) ) ;
#5969 = PLANE ( 'NONE',  #5304 ) ;
#5970 = ORIENTED_EDGE ( 'NONE', *, *, #3832, .T. ) ;
#5971 = DIRECTION ( 'NONE',  ( 0.000000000000000000, 0.000000000000000000, 1.000000000000000000 ) ) ;
#5972 = EDGE_LOOP ( 'NONE', ( #2960, #4322, #2248, #6563 ) ) ;
#5973 = DIRECTION ( 'NONE',  ( -1.000000000000000000, 0.000000000000000000, 3.512375991854053104E-15 ) ) ;
#5974 = ORIENTED_EDGE ( 'NONE', *, *, #460, .F. ) ;
#5975 = EDGE_LOOP ( 'NONE', ( #2932, #5016, #3210 ) ) ;
#5976 = AXIS2_PLACEMENT_3D ( 'NONE', #7217, #782, #6004 ) ;
#5977 = PLANE ( 'NONE',  #6149 ) ;
#5978 = ADVANCED_FACE ( 'NONE', ( #7058 ), #5294, .F. ) ;
#5979 = LINE ( 'NONE', #146, #5505 ) ;
#5980 = PLANE ( 'NONE',  #2818 ) ;
#5981 = PRODUCT_DEFINITION_FORMATION_WITH_SPECIFIED_SOURCE ( 'ANY', '', #3867, .NOT_KNOWN. ) ;
#5982 = ORIENTED_EDGE ( 'NONE', *, *, #3482, .T. ) ;
#5983 = EDGE_CURVE ( 'NONE', #4269, #2532, #2827, .T. ) ;
#5984 = EDGE_LOOP ( 'NONE', ( #1094, #2051, #6829, #7255 ) ) ;
#5985 = ADVANCED_FACE ( 'NONE', ( #3579 ), #3432, .F. ) ;
#5986 = ORIENTED_EDGE ( 'NONE', *, *, #5752, .T. ) ;
#5987 = LINE ( 'NONE', #4263, #3008 ) ;
#5988 = FACE_OUTER_BOUND ( 'NONE', #2003, .T. ) ;
#5989 = PLANE ( 'NONE',  #798 ) ;
#5990 = CARTESIAN_POINT ( 'NONE',  ( -10.85477272147525873, 9.449999999999999289, -1.719999999999999973 ) ) ;
#5991 = CARTESIAN_POINT ( 'NONE',  ( 1.159999999999995035, 23.14000000000000412, 0.09999999999999920064 ) ) ;
#5992 = EDGE_CURVE ( 'NONE', #2128, #6878, #46, .T. ) ;
#5993 = DIRECTION ( 'NONE',  ( -1.561055996379578489E-16, -3.434323192035072183E-15, 1.000000000000000000 ) ) ;
#5994 = DIRECTION ( 'NONE',  ( 0.7071067811865473507, -0.7071067811865476838, 0.000000000000000000 ) ) ;
#5995 = CARTESIAN_POINT ( 'NONE',  ( 50.33999999999999631, 47.50000000000000000, 0.6100000000000025402 ) ) ;
#5996 = EDGE_LOOP ( 'NONE', ( #3073, #1133, #4331, #4362 ) ) ;
#5997 = CARTESIAN_POINT ( 'NONE',  ( 2.417076221633455813, 14.47682303524409875, -0.2500000000000000555 ) ) ;
#5998 = ORIENTED_EDGE ( 'NONE', *, *, #408, .T. ) ;
#5999 = CARTESIAN_POINT ( 'NONE',  ( 1.409999999999976161, 23.14000000000000412, -1.999999999999983569 ) ) ;
#6000 = ORIENTED_EDGE ( 'NONE', *, *, #5182, .F. ) ;
#6001 = DIRECTION ( 'NONE',  ( -1.000000000000000000, 0.000000000000000000, -0.000000000000000000 ) ) ;
#6002 = CARTESIAN_POINT ( 'NONE',  ( 1.409999999999992593, 3.000000000000055511, 0.7499999999999813483 ) ) ;
#6003 = B_SPLINE_SURFACE_WITH_KNOTS ( 'NONE', 1, 3, ( 
 ( #6300, #5202, #1635, #1034, #7541, #3337, #3998, #5172, #6999, #3959 ),
 ( #3373, #2255, #4593, #5678, #424, #461, #5717, #2756, #6966, #1710 ) ),
 .UNSPECIFIED., .F., .F., .F.,
 ( 2, 2 ),
 ( 4, 2, 2, 2, 4 ),
 ( 0.000000000000000000, 1.000000000000000000 ),
 ( 0.000000000000000000, 0.2500000000000000000, 0.5000000000000000000, 0.7500000000000000000, 1.000000000000000000 ),
 .UNSPECIFIED. ) ;
#6004 = DIRECTION ( 'NONE',  ( 0.000000000000000000, 1.000000000000000000, 3.434323192035072183E-15 ) ) ;
#6005 = DIRECTION ( 'NONE',  ( 1.892934042853975533E-15, 1.000000000000000000, -3.590428791673030081E-15 ) ) ;
#6006 = ORIENTED_EDGE ( 'NONE', *, *, #211, .T. ) ;
#6007 = DIRECTION ( 'NONE',  ( 0.7071067811865473507, -0.7071067811865475727, 0.000000000000000000 ) ) ;
#6008 = VERTEX_POINT ( 'NONE', #3081 ) ;
#6009 = AXIS2_PLACEMENT_3D ( 'NONE', #6682, #1404, #4626 ) ;
#6010 = VECTOR ( 'NONE', #14, 39.37007874015748854 ) ;
#6011 = VECTOR ( 'NONE', #274, 39.37007874015748854 ) ;
#6012 = ORIENTED_EDGE ( 'NONE', *, *, #2557, .F. ) ;
#6013 = ORIENTED_EDGE ( 'NONE', *, *, #2741, .F. ) ;
#6014 = CARTESIAN_POINT ( 'NONE',  ( 11.46220472440947269, 8.449999999999999289, -1.719999999999999973 ) ) ;
#6015 = LINE ( 'NONE', #872, #924 ) ;
#6016 = CONICAL_SURFACE ( 'NONE', #1487, 0.1377952755905512972, 1.029744258676655200 ) ;
#6017 = ORIENTED_EDGE ( 'NONE', *, *, #4202, .F. ) ;
#6018 = EDGE_CURVE ( 'NONE', #94, #7300, #4163, .T. ) ;
#6019 = CARTESIAN_POINT ( 'NONE',  ( 1.159999999999983045, 2.000000000000001776, 1.393242476768774222E-14 ) ) ;
#6020 = VECTOR ( 'NONE', #1929, 39.37007874015748143 ) ;
#6021 = PRODUCT_DEFINITION_SHAPE ( 'NONE', 'NONE',  #7592 ) ;
#6022 = AXIS2_PLACEMENT_3D ( 'NONE', #1749, #6449, #3558 ) ;
#6023 = ORIENTED_EDGE ( 'NONE', *, *, #915, .T. ) ;
#6024 = ITEM_DEFINED_TRANSFORMATION ( 'NONE', 'NONE', #1563,  #5850 ) ;
#6025 = CARTESIAN_POINT ( 'NONE',  ( 1.159999999999976383, 0.000000000000000000, -1.999999999999982681 ) ) ;
#6026 = DIRECTION ( 'NONE',  ( 0.7071067811865474617, 0.7071067811865474617, 0.000000000000000000 ) ) ;
#6027 = EDGE_CURVE ( 'NONE', #7149, #445, #4803, .T. ) ;
#6028 = CARTESIAN_POINT ( 'NONE',  ( 0.000000000000000000, 0.000000000000000000, -1.770000000000000018 ) ) ;
#6029 = EDGE_CURVE ( 'NONE', #3130, #1036, #5373, .T. ) ;
#6030 = DIRECTION ( 'NONE',  ( -1.000000000000000000, 0.000000000000000000, 0.000000000000000000 ) ) ;
#6031 = EDGE_LOOP ( 'NONE', ( #6562, #566, #2493 ) ) ;
#6032 = DIRECTION ( 'NONE',  ( -0.000000000000000000, -0.000000000000000000, -1.000000000000000000 ) ) ;
#6033 = DIRECTION ( 'NONE',  ( 1.000000000000000000, 0.000000000000000000, 0.000000000000000000 ) ) ;
#6034 = ADVANCED_FACE ( 'NONE', ( #3660 ), #2387, .F. ) ;
#6035 = ORIENTED_EDGE ( 'NONE', *, *, #4202, .T. ) ;
#6036 = FACE_OUTER_BOUND ( 'NONE', #1064, .T. ) ;
#6037 = CARTESIAN_POINT ( 'NONE',  ( 7.860000000000006537, 1.999999999999995781, 0.1000000000000067363 ) ) ;
#6038 = EDGE_CURVE ( 'NONE', #1003, #280, #5848, .T. ) ;
#6039 = ORIENTED_EDGE ( 'NONE', *, *, #3780, .F. ) ;
#6040 = CARTESIAN_POINT ( 'NONE',  ( 6.299999999999990941, 7.704772721475252162, -1.719999999999999973 ) ) ;
#6041 = ORIENTED_EDGE ( 'NONE', *, *, #4574, .T. ) ;
#6042 = PLANE ( 'NONE',  #3196 ) ;
#6043 = CARTESIAN_POINT ( 'NONE',  ( 7.843561962427146206, 2.349999999999996092, -0.2499999999999944766 ) ) ;
#6044 = CYLINDRICAL_SURFACE ( 'NONE', #1306, 0.1653543307086612346 ) ;
#6045 = LINE ( 'NONE', #210, #7316 ) ;
#6046 = VECTOR ( 'NONE', #1147, 39.37007874015748143 ) ;
#6047 =( BOUNDED_CURVE ( )  B_SPLINE_CURVE ( 3, ( #2723, #5138, #7543, #2221 ),
 .UNSPECIFIED., .F., .T. ) 
 B_SPLINE_CURVE_WITH_KNOTS ( ( 4, 4 ),
 ( 0.000000000000000000, 3.141592653589793116 ),
 .UNSPECIFIED. ) 
 CURVE ( )  GEOMETRIC_REPRESENTATION_ITEM ( )  RATIONAL_B_SPLINE_CURVE ( ( 1.000000000000000000, 0.3333333333333333703, 0.3333333333333333703, 1.000000000000000000 ) ) 
 REPRESENTATION_ITEM ( '' )  );
#6048 = ORIENTED_EDGE ( 'NONE', *, *, #5515, .F. ) ;
#6049 = LINE ( 'NONE', #1963, #3752 ) ;
#6050 = ORIENTED_EDGE ( 'NONE', *, *, #819, .T. ) ;
#6051 = DIRECTION ( 'NONE',  ( -0.000000000000000000, 1.000000000000000000, 8.537024980200866931E-17 ) ) ;
#6052 = ORIENTED_EDGE ( 'NONE', *, *, #632, .F. ) ;
#6053 = ORIENTED_EDGE ( 'NONE', *, *, #3580, .F. ) ;
#6054 = CARTESIAN_POINT ( 'NONE',  ( 3.123257716872914980, 11.70033416803600801, -0.2500000000000012212 ) ) ;
#6055 = DIRECTION ( 'NONE',  ( 0.7071067811865476838, 0.7071067811865473507, -0.000000000000000000 ) ) ;
#6056 = EDGE_LOOP ( 'NONE', ( #6035, #212, #2556, #7154 ) ) ;
#6057 = DIRECTION ( 'NONE',  ( -0.000000000000000000, 1.000000000000000000, 0.000000000000000000 ) ) ;
#6058 = VECTOR ( 'NONE', #2858, 39.37007874015748143 ) ;
#6059 = EDGE_LOOP ( 'NONE', ( #2170, #2205, #3615, #5086 ) ) ;
#6060 = PLANE ( 'NONE',  #696 ) ;
#6061 = CARTESIAN_POINT ( 'NONE',  ( 2.976638425544313016, 15.12208098833292702, 0.000000000000000000 ) ) ;
#6062 = CARTESIAN_POINT ( 'NONE',  ( 1.845227278524741221, -9.449999999999999289, -1.719999999999999973 ) ) ;
#6063 = DIRECTION ( 'NONE',  ( -1.000000000000000000, 0.000000000000000000, 0.000000000000000000 ) ) ;
#6064 = EDGE_CURVE ( 'NONE', #3524, #7015, #6432, .T. ) ;
#6065 = CARTESIAN_POINT ( 'NONE',  ( 8.145227278524741266, -3.099999999999999201, -1.719999999999999973 ) ) ;
#6066 = CARTESIAN_POINT ( 'NONE',  ( 1.845227278524741221, -3.099999999999999201, -1.719999999999999973 ) ) ;
#6067 = ADVANCED_FACE ( 'NONE', ( #3537 ), #7096, .F. ) ;
#6068 = VECTOR ( 'NONE', #6574, 39.37007874015748143 ) ;
#6069 = EDGE_LOOP ( 'NONE', ( #2080, #1286, #2045, #5945 ) ) ;
#6070 = DIRECTION ( 'NONE',  ( 1.000000000000000000, -0.000000000000000000, -0.000000000000000000 ) ) ;
#6071 =( NAMED_UNIT ( * ) SI_UNIT ( $, .STERADIAN. ) SOLID_ANGLE_UNIT ( ) );
#6072 = ORIENTED_EDGE ( 'NONE', *, *, #4204, .F. ) ;
#6073 = DIRECTION ( 'NONE',  ( 1.000000000000000000, -1.720849129867250197E-15, -7.006492321624085355E-46 ) ) ;
#6074 = EDGE_CURVE ( 'NONE', #4812, #4062, #628, .T. ) ;
#6075 = CARTESIAN_POINT ( 'NONE',  ( 4.213951224809987295, 5.547856372576045025, -0.2500000000000012212 ) ) ;
#6076 = LINE ( 'NONE', #238, #2887 ) ;
#6077 = ORIENTED_EDGE ( 'NONE', *, *, #2119, .F. ) ;
#6078 = CONICAL_SURFACE ( 'NONE', #3747, 0.1377952755905512972, 1.029744258676654312 ) ;
#6079 = EDGE_CURVE ( 'NONE', #6254, #7132, #3606, .T. ) ;
#6080 = DIRECTION ( 'NONE',  ( 0.000000000000000000, 0.000000000000000000, -1.000000000000000000 ) ) ;
#6081 = CARTESIAN_POINT ( 'NONE',  ( 5.984739045710472105, 5.904211647661679052, -0.2500000000000012212 ) ) ;
#6082 = LINE ( 'NONE', #4765, #5071 ) ;
#6083 = CARTESIAN_POINT ( 'NONE',  ( 7.860000000000005649, 2.250000000000008882, 0.1000000000000095812 ) ) ;
#6084 = VECTOR ( 'NONE', #539, 39.37007874015748143 ) ;
#6085 = VECTOR ( 'NONE', #634, 39.37007874015748143 ) ;
#6086 = EDGE_CURVE ( 'NONE', #6953, #2400, #1240, .T. ) ;
#6087 =( NAMED_UNIT ( * ) PLANE_ANGLE_UNIT ( ) SI_UNIT ( $, .RADIAN. ) );
#6088 = ORIENTED_EDGE ( 'NONE', *, *, #1058, .T. ) ;
#6089 = CARTESIAN_POINT ( 'NONE',  ( 6.675354330708656470, 1.999999999999997780, 0.7596456692913488018 ) ) ;
#6090 = EDGE_CURVE ( 'NONE', #5630, #3705, #6391, .T. ) ;
#6091 = ORIENTED_EDGE ( 'NONE', *, *, #1998, .T. ) ;
#6092 = FACE_OUTER_BOUND ( 'NONE', #756, .T. ) ;
#6093 = EDGE_CURVE ( 'NONE', #5592, #4782, #5885, .T. ) ;
#6094 = VECTOR ( 'NONE', #6494, 39.37007874015748143 ) ;
#6095 = DIRECTION ( 'NONE',  ( 0.000000000000000000, 3.304235192336773540E-15, 1.000000000000000000 ) ) ;
#6096 =( REPRESENTATION_RELATIONSHIP ('NONE','NONE', #754, #6547 ) REPRESENTATION_RELATIONSHIP_WITH_TRANSFORMATION ( #3756 )SHAPE_REPRESENTATION_RELATIONSHIP( ) );
#6097 = ORIENTED_EDGE ( 'NONE', *, *, #776, .T. ) ;
#6098 = VERTEX_POINT ( 'NONE', #664 ) ;
#6099 = VECTOR ( 'NONE', #2384, 39.37007874015748143 ) ;
#6100 = DIRECTION ( 'NONE',  ( 0.000000000000000000, -1.000000000000000000, 3.590428791673030081E-15 ) ) ;
#6101 = EDGE_CURVE ( 'NONE', #186, #7410, #89, .T. ) ;
#6102 = EDGE_LOOP ( 'NONE', ( #7164, #5867, #6956 ) ) ;
#6103 = FACE_OUTER_BOUND ( 'NONE', #2633, .T. ) ;
#6104 = AXIS2_PLACEMENT_3D ( 'NONE', #6823, #5516, #3874 ) ;
#6105 = ORIENTED_EDGE ( 'NONE', *, *, #4113, .F. ) ;
#6106 = DIRECTION ( 'NONE',  ( 0.7071067811865473507, -0.7071067811865476838, 0.000000000000000000 ) ) ;
#6107 = LINE ( 'NONE', #6264, #4252 ) ;
#6108 = AXIS2_PLACEMENT_3D ( 'NONE', #1534, #6740, #2066 ) ;
#6109 = DIRECTION ( 'NONE',  ( -0.000000000000000000, 0.000000000000000000, -1.000000000000000000 ) ) ;
#6110 = CARTESIAN_POINT ( 'NONE',  ( -1.845227278524757653, -3.149999999999998579, -1.719999999999999973 ) ) ;
#6111 = ORIENTED_EDGE ( 'NONE', *, *, #2365, .T. ) ;
#6112 = CARTESIAN_POINT ( 'NONE',  ( 4.675354330708657358, 2.000000000000000888, -1.009645669291334480 ) ) ;
#6113 = CARTESIAN_POINT ( 'NONE',  ( 6.299999999999990941, 5.095227278524751213, -1.719999999999999973 ) ) ;
#6114 = LENGTH_MEASURE_WITH_UNIT ( LENGTH_MEASURE( 0.02539999999999999897 ), #5609 );
#6115 = ORIENTED_EDGE ( 'NONE', *, *, #2370, .F. ) ;
#6116 = ADVANCED_FACE ( 'NONE', ( #5576 ), #1995, .F. ) ;
#6117 = FACE_OUTER_BOUND ( 'NONE', #1617, .T. ) ;
#6118 = PLANE ( 'NONE',  #5587 ) ;
#6119 = ORIENTED_EDGE ( 'NONE', *, *, #3411, .T. ) ;
#6120 = ADVANCED_FACE ( 'NONE', ( #4278 ), #1916, .F. ) ;
#6121 = CARTESIAN_POINT ( 'NONE',  ( 4.454772721475242392, 3.200000000000001510, -1.719999999999999973 ) ) ;
#6122 = CARTESIAN_POINT ( 'NONE',  ( 1.509999999999994014, 2.000000000000009326, -0.3499999999999959810 ) ) ;
#6123 = CARTESIAN_POINT ( 'NONE',  ( -1.845227278524757653, -9.449999999999999289, -1.719999999999999973 ) ) ;
#6124 = CARTESIAN_POINT ( 'NONE',  ( -12.53999999999999737, 0.2500000000000000000, 9.390000000000002345 ) ) ;
#6125 = EDGE_CURVE ( 'NONE', #2657, #5432, #6747, .T. ) ;
#6126 = ORIENTED_EDGE ( 'NONE', *, *, #5345, .F. ) ;
#6127 = CYLINDRICAL_SURFACE ( 'NONE', #2024, 0.1653543307086616510 ) ;
#6128 = EDGE_LOOP ( 'NONE', ( #6844, #7142, #1559, #5804 ) ) ;
#6129 = CARTESIAN_POINT ( 'NONE',  ( -8.145227278524757253, -9.449999999999999289, -1.719999999999999973 ) ) ;
#6130 = EDGE_CURVE ( 'NONE', #4277, #5707, #6198, .T. ) ;
#6131 = DIRECTION ( 'NONE',  ( 0.7071067811865473507, -0.7071067811865476838, 0.000000000000000000 ) ) ;
#6132 = DIRECTION ( 'NONE',  ( 1.720849129867250197E-15, 1.000000000000000000, 3.491481338843132961E-15 ) ) ;
#6133 = ADVANCED_FACE ( 'NONE', ( #2692 ), #3154, .F. ) ;
#6134 = EDGE_CURVE ( 'NONE', #1278, #1349, #3809, .T. ) ;
#6135 = ORIENTED_EDGE ( 'NONE', *, *, #878, .F. ) ;
#6136 = EDGE_LOOP ( 'NONE', ( #2636, #6572, #4643, #5767 ) ) ;
#6137 = AXIS2_PLACEMENT_3D ( 'NONE', #4699, #5907, #4179 ) ;
#6138 = ORIENTED_EDGE ( 'NONE', *, *, #1062, .F. ) ;
#6139 = LINE ( 'NONE', #3329, #12 ) ;
#6140 = ORIENTED_EDGE ( 'NONE', *, *, #629, .F. ) ;
#6141 = DIRECTION ( 'NONE',  ( -0.000000000000000000, -0.000000000000000000, -1.000000000000000000 ) ) ;
#6142 = EDGE_CURVE ( 'NONE', #5320, #4732, #893, .T. ) ;
#6143 = VERTEX_POINT ( 'NONE', #7364 ) ;
#6144 = DIRECTION ( 'NONE',  ( 1.000000000000000000, 0.000000000000000000, -1.206113904487533598E-16 ) ) ;
#6145 = VECTOR ( 'NONE', #2296, 39.37007874015748143 ) ;
#6146 = CIRCLE ( 'NONE', #2945, 0.1653543307086613734 ) ;
#6147 = ORIENTED_EDGE ( 'NONE', *, *, #2598, .F. ) ;
#6148 = VECTOR ( 'NONE', #4708, 39.37007874015748143 ) ;
#6149 = AXIS2_PLACEMENT_3D ( 'NONE', #2555, #719, #3170 ) ;
#6150 = DIRECTION ( 'NONE',  ( -0.000000000000000000, -0.000000000000000000, -1.000000000000000000 ) ) ;
#6151 = CARTESIAN_POINT ( 'NONE',  ( 2.185860046268665258, 2.781713543831469071, -0.2500000000000000000 ) ) ;
#6152 = LINE ( 'NONE', #2062, #4493 ) ;
#6153 = DIRECTION ( 'NONE',  ( -1.000000000000000000, 0.000000000000000000, -0.000000000000000000 ) ) ;
#6154 = VECTOR ( 'NONE', #2880, 39.37007874015748143 ) ;
#6155 = AXIS2_PLACEMENT_3D ( 'NONE', #2247, #7563, #2933 ) ;
#6156 = VERTEX_POINT ( 'NONE', #5616 ) ;
#6157 = CARTESIAN_POINT ( 'NONE',  ( 2.344645669291333334, 1.999374015748023758, 0.7596456692913488018 ) ) ;
#6158 = PRODUCT_CONTEXT ( 'NONE', #2007, 'mechanical' ) ;
#6159 = ORIENTED_EDGE ( 'NONE', *, *, #7271, .T. ) ;
#6160 =( LENGTH_UNIT ( ) NAMED_UNIT ( * ) SI_UNIT ( $, .METRE. ) );
#6161 = CARTESIAN_POINT ( 'NONE',  ( 7.844932045648741692, 2.304176854212597991, 5.323896892284433265E-15 ) ) ;
#6162 = LINE ( 'NONE', #891, #5953 ) ;
#6163 = ORIENTED_EDGE ( 'NONE', *, *, #5454, .T. ) ;
#6164 = DIRECTION ( 'NONE',  ( 0.000000000000000000, -1.000000000000000000, 0.000000000000000000 ) ) ;
#6165 = LINE ( 'NONE', #3232, #3982 ) ;
#6166 = DIRECTION ( 'NONE',  ( 1.000000000000000000, -2.093734754490789434E-16, 0.000000000000000000 ) ) ;
#6167 = VERTEX_POINT ( 'NONE', #3114 ) ;
#6168 = CARTESIAN_POINT ( 'NONE',  ( -44.04411790607416322, -0.2623335308197394244, 0.000000000000000000 ) ) ;
#6169 = ORIENTED_EDGE ( 'NONE', *, *, #4433, .F. ) ;
#6170 = CARTESIAN_POINT ( 'NONE',  ( 4.344645669291333334, 2.000000000000000000, -1.340354330708657615 ) ) ;
#6171 = LINE ( 'NONE', #2047, #156 ) ;
#6172 = CYLINDRICAL_SURFACE ( 'NONE', #1217, 0.1653543307086607073 ) ;
#6173 = EDGE_CURVE ( 'NONE', #1295, #7420, #2072, .T. ) ;
#6174 = VECTOR ( 'NONE', #7338, 39.37007874015748143 ) ;
#6175 = VERTEX_POINT ( 'NONE', #1464 ) ;
#6176 = ADVANCED_FACE ( 'NONE', ( #6668 ), #6042, .F. ) ;
#6177 = ORIENTED_EDGE ( 'NONE', *, *, #1661, .F. ) ;
#6178 = ORIENTED_EDGE ( 'NONE', *, *, #3158, .T. ) ;
#6179 = DIRECTION ( 'NONE',  ( -1.000000000000000000, 1.720849129867250197E-15, -2.600906588039009626E-30 ) ) ;
#6180 = ORIENTED_EDGE ( 'NONE', *, *, #3861, .F. ) ;
#6181 = ADVANCED_FACE ( 'NONE', ( #3192, #1956, #780, #281 ), #2578, .T. ) ;
#6182 = EDGE_LOOP ( 'NONE', ( #1057, #5029, #6826, #1573 ) ) ;
#6183 = CARTESIAN_POINT ( 'NONE',  ( 0.000000000000000000, 6.349999999999999645, -1.719999999999999973 ) ) ;
#6184 = EDGE_CURVE ( 'NONE', #6945, #4158, #2619, .T. ) ;
#6185 = ORIENTED_EDGE ( 'NONE', *, *, #1468, .T. ) ;
#6186 = AXIS2_PLACEMENT_3D ( 'NONE', #6866, #6824, #896 ) ;
#6187 = DIRECTION ( 'NONE',  ( -0.000000000000000000, -0.000000000000000000, 1.000000000000000000 ) ) ;
#6188 = DIRECTION ( 'NONE',  ( -1.720849129867250197E-15, -1.000000000000000000, -3.434323192035072971E-15 ) ) ;
#6189 = DIRECTION ( 'NONE',  ( -1.000000000000000000, 0.000000000000000000, 0.000000000000000000 ) ) ;
#6190 = CARTESIAN_POINT ( 'NONE',  ( -12.60000000000000853, -1.254772721475248209, -1.770000000000000018 ) ) ;
#6191 = VERTEX_POINT ( 'NONE', #1388 ) ;
#6192 = FACE_OUTER_BOUND ( 'NONE', #6995, .T. ) ;
#6193 = DIRECTION ( 'NONE',  ( 1.000000000000000000, 0.000000000000000000, 0.000000000000000000 ) ) ;
#6194 = ORIENTED_EDGE ( 'NONE', *, *, #2708, .T. ) ;
#6195 = PLANE ( 'NONE',  #7071 ) ;
#6196 = CARTESIAN_POINT ( 'NONE',  ( 1.159999999999993925, 19.90000000000005542, 0.7500000000000373035 ) ) ;
#6197 = ORIENTED_EDGE ( 'NONE', *, *, #4113, .T. ) ;
#6198 = LINE ( 'NONE', #3811, #7140 ) ;
#6199 = CARTESIAN_POINT ( 'NONE',  ( 12.59999999999999609, 5.095227278524752990, -1.770000000000000018 ) ) ;
#6200 = FACE_OUTER_BOUND ( 'NONE', #3398, .T. ) ;
#6201 = LINE ( 'NONE', #935, #308 ) ;
#6202 = VECTOR ( 'NONE', #3349, 39.37007874015748143 ) ;
#6203 = CARTESIAN_POINT ( 'NONE',  ( 7.843561962427146206, 2.349999999999996092, 5.531992187170133264E-15 ) ) ;
#6204 = VERTEX_POINT ( 'NONE', #7292 ) ;
#6205 = FACE_OUTER_BOUND ( 'NONE', #5759, .T. ) ;
#6206 = AXIS2_PLACEMENT_3D ( 'NONE', #347, #5477, #4908 ) ;
#6207 = VERTEX_POINT ( 'NONE', #6121 ) ;
#6208 = PLANE ( 'NONE',  #4497 ) ;
#6209 = DIRECTION ( 'NONE',  ( 0.000000000000000000, 0.000000000000000000, 1.000000000000000000 ) ) ;
#6210 = CARTESIAN_POINT ( 'NONE',  ( -10.75477272147525909, -3.149999999999997691, -1.770000000000000018 ) ) ;
#6211 = DIRECTION ( 'NONE',  ( -0.7071067811865473507, 0.7071067811865476838, 0.000000000000000000 ) ) ;
#6212 = VECTOR ( 'NONE', #6352, 39.37007874015748143 ) ;
#6213 = VECTOR ( 'NONE', #3545, 39.37007874015748143 ) ;
#6214 = VERTEX_POINT ( 'NONE', #933 ) ;
#6215 = ORIENTED_EDGE ( 'NONE', *, *, #6693, .F. ) ;
#6216 = ORIENTED_EDGE ( 'NONE', *, *, #7363, .F. ) ;
#6217 = FACE_BOUND ( 'NONE', #2591, .T. ) ;
#6218 = ORIENTED_EDGE ( 'NONE', *, *, #5412, .F. ) ;
#6219 = DIRECTION ( 'NONE',  ( -0.7071067811865475727, 0.7071067811865475727, 0.000000000000000000 ) ) ;
#6220 = VECTOR ( 'NONE', #840, 39.37007874015748143 ) ;
#6221 = ORIENTED_EDGE ( 'NONE', *, *, #542, .T. ) ;
#6222 = AXIS2_PLACEMENT_3D ( 'NONE', #4679, #2196, #4087 ) ;
#6223 = CARTESIAN_POINT ( 'NONE',  ( -4.530000000000002913, 0.000000000000000000, 7.930136022756446579 ) ) ;
#6224 = EDGE_CURVE ( 'NONE', #4557, #2614, #815, .T. ) ;
#6225 = VECTOR ( 'NONE', #2240, 39.37007874015748854 ) ;
#6226 = VERTEX_POINT ( 'NONE', #7330 ) ;
#6227 = ADVANCED_FACE ( 'NONE', ( #2038 ), #324, .F. ) ;
#6228 = CARTESIAN_POINT ( 'NONE',  ( 12.54000000000000092, 0.000000000000000000, 9.390000000000002345 ) ) ;
#6229 = PLANE ( 'NONE',  #1405 ) ;
#6230 = LINE ( 'NONE', #2682, #3506 ) ;
#6231 = LINE ( 'NONE', #3256, #7023 ) ;
#6232 = ADVANCED_FACE ( 'NONE', ( #434 ), #5110, .F. ) ;
#6233 = EDGE_CURVE ( 'NONE', #5711, #1949, #1008, .T. ) ;
#6234 = EDGE_LOOP ( 'NONE', ( #2675, #3029, #967, #414 ) ) ;
#6235 = PRODUCT_CONTEXT ( 'NONE', #2551, 'mechanical' ) ;
#6236 = ORIENTED_EDGE ( 'NONE', *, *, #2601, .T. ) ;
#6237 = AXIS2_PLACEMENT_3D ( 'NONE', #4310, #2106, #2028 ) ;
#6238 = PLANE ( 'NONE',  #3970 ) ;
#6239 = CARTESIAN_POINT ( 'NONE',  ( 7.850411144749170234, 2.134908648008775334, -0.07011660516063200621 ) ) ;
#6240 = DIRECTION ( 'NONE',  ( -1.000000000000000000, 0.000000000000000000, 0.000000000000000000 ) ) ;
#6241 = EDGE_CURVE ( 'NONE', #5432, #6204, #6821, .T. ) ;
#6242 = CARTESIAN_POINT ( 'NONE',  ( -4.454772721475258379, -9.449999999999999289, -1.770000000000000018 ) ) ;
#6243 = FACE_OUTER_BOUND ( 'NONE', #6256, .T. ) ;
#6244 = ORIENTED_EDGE ( 'NONE', *, *, #6326, .T. ) ;
#6245 = CARTESIAN_POINT ( 'NONE',  ( 5.984739045710472105, 5.904211647661679052, 0.000000000000000000 ) ) ;
#6246 = ORIENTED_EDGE ( 'NONE', *, *, #593, .F. ) ;
#6247 = CARTESIAN_POINT ( 'NONE',  ( 5.399089659523567342, 16.17579296006381639, 0.000000000000000000 ) ) ;
#6248 = CARTESIAN_POINT ( 'NONE',  ( 1.159999999999972164, 19.90000000000002345, -1.165354330708643804 ) ) ;
#6249 = DIRECTION ( 'NONE',  ( -1.892934042853972772E-15, -1.000000000000000000, 0.000000000000000000 ) ) ;
#6250 = ORIENTED_EDGE ( 'NONE', *, *, #5461, .F. ) ;
#6251 = VERTEX_POINT ( 'NONE', #512 ) ;
#6252 = ORIENTED_EDGE ( 'NONE', *, *, #540, .F. ) ;
#6253 = DIRECTION ( 'NONE',  ( 0.000000000000000000, 0.000000000000000000, 1.000000000000000000 ) ) ;
#6254 = VERTEX_POINT ( 'NONE', #4044 ) ;
#6255 = CYLINDRICAL_SURFACE ( 'NONE', #4960, 2.608540463109217278 ) ;
#6256 = EDGE_LOOP ( 'NONE', ( #5517, #415, #3224, #4518 ) ) ;
#6257 = DIRECTION ( 'NONE',  ( 1.000000000000000000, -0.000000000000000000, -3.512375991854052315E-15 ) ) ;
#6258 =( BOUNDED_CURVE ( )  B_SPLINE_CURVE ( 3, ( #7407, #3898, #2153, #2808 ),
 .UNSPECIFIED., .F., .T. ) 
 B_SPLINE_CURVE_WITH_KNOTS ( ( 4, 4 ),
 ( 0.000000000000000000, 3.141592653589793116 ),
 .UNSPECIFIED. ) 
 CURVE ( )  GEOMETRIC_REPRESENTATION_ITEM ( )  RATIONAL_B_SPLINE_CURVE ( ( 1.000000000000000000, 0.3333333333333333703, 0.3333333333333333703, 1.000000000000000000 ) ) 
 REPRESENTATION_ITEM ( '' )  );
#6259 = CARTESIAN_POINT ( 'NONE',  ( 1.509999999999995124, 2.000000000000002665, -0.2500000000000012212 ) ) ;
#6260 = ORIENTED_EDGE ( 'NONE', *, *, #6882, .T. ) ;
#6261 = EDGE_CURVE ( 'NONE', #6285, #4403, #1685, .T. ) ;
#6262 = LINE ( 'NONE', #2943, #2654 ) ;
#6263 = VECTOR ( 'NONE', #105, 39.37007874015748854 ) ;
#6264 = CARTESIAN_POINT ( 'NONE',  ( 6.675354330708656470, 1.999374015748016431, 0.7596456692913488018 ) ) ;
#6265 = VECTOR ( 'NONE', #2826, 39.37007874015748143 ) ;
#6266 = CARTESIAN_POINT ( 'NONE',  ( 12.59999999999999609, 9.449999999999999289, -1.770000000000000018 ) ) ;
#6267 = AXIS2_PLACEMENT_3D ( 'NONE', #7491, #5190, #2163 ) ;
#6268 = CIRCLE ( 'NONE', #5383, 10.04786461282786547 ) ;
#6269 = ORIENTED_EDGE ( 'NONE', *, *, #7405, .T. ) ;
#6270 = ORIENTED_EDGE ( 'NONE', *, *, #4066, .F. ) ;
#6271 = DIRECTION ( 'NONE',  ( 8.537024980200868164E-17, 1.000000000000000000, -8.537024980200897746E-17 ) ) ;
#6272 = CARTESIAN_POINT ( 'NONE',  ( 1.845227278524741221, 3.250000000000000444, -1.770000000000000018 ) ) ;
#6273 = DIRECTION ( 'NONE',  ( 0.7071067811865473507, -0.7071067811865476838, 0.000000000000000000 ) ) ;
#6274 = EDGE_CURVE ( 'NONE', #4935, #4086, #6353, .T. ) ;
#6275 = VECTOR ( 'NONE', #2732, 39.37007874015748143 ) ;
#6276 = CARTESIAN_POINT ( 'NONE',  ( 5.984739045710472105, 5.904211647661679052, 0.000000000000000000 ) ) ;
#6277 = EDGE_CURVE ( 'NONE', #3755, #3890, #6904, .T. ) ;
#6278 = DIRECTION ( 'NONE',  ( 0.000000000000000000, 0.000000000000000000, -1.000000000000000000 ) ) ;
#6279 = CARTESIAN_POINT ( 'NONE',  ( 2.176780981213570332, 2.781713543831470403, -0.2500000000000000555 ) ) ;
#6280 = EDGE_CURVE ( 'NONE', #2129, #6337, #4783, .T. ) ;
#6281 = CARTESIAN_POINT ( 'NONE',  ( 12.59999999999999609, -9.449999999999999289, -1.770000000000000018 ) ) ;
#6282 = DIRECTION ( 'NONE',  ( 1.000000000000000000, 0.000000000000000000, 0.000000000000000000 ) ) ;
#6283 = ORIENTED_EDGE ( 'NONE', *, *, #164, .F. ) ;
#6284 = CARTESIAN_POINT ( 'NONE',  ( 5.958651863434425877, 15.18953358541536147, 0.000000000000000000 ) ) ;
#6285 = VERTEX_POINT ( 'NONE', #4571 ) ;
#6286 = CARTESIAN_POINT ( 'NONE',  ( 2.344645669291333334, 1.999374015748022870, 1.090354330708671604 ) ) ;
#6287 = DIRECTION ( 'NONE',  ( 1.000000000000000000, -1.652117596168385587E-15, 0.000000000000000000 ) ) ;
#6288 = FACE_OUTER_BOUND ( 'NONE', #1333, .T. ) ;
#6289 = DIRECTION ( 'NONE',  ( 0.000000000000000000, 0.000000000000000000, -1.000000000000000000 ) ) ;
#6290 = EDGE_LOOP ( 'NONE', ( #5467, #6053, #717, #321 ) ) ;
#6291 = ORIENTED_EDGE ( 'NONE', *, *, #686, .F. ) ;
#6292 = DIRECTION ( 'NONE',  ( -1.000000000000000000, 0.000000000000000000, 0.000000000000000000 ) ) ;
#6293 = ORIENTED_EDGE ( 'NONE', *, *, #915, .F. ) ;
#6294 = DIRECTION ( 'NONE',  ( -0.000000000000000000, -0.000000000000000000, 1.000000000000000000 ) ) ;
#6295 = ORIENTED_EDGE ( 'NONE', *, *, #4433, .T. ) ;
#6296 = DIRECTION ( 'NONE',  ( -1.000000000000000000, 8.537024980200837349E-17, -3.512375991854052315E-15 ) ) ;
#6297 = ORIENTED_EDGE ( 'NONE', *, *, #575, .T. ) ;
#6298 = AXIS2_PLACEMENT_3D ( 'NONE', #3393, #5736, #6874 ) ;
#6299 =( BOUNDED_CURVE ( )  B_SPLINE_CURVE ( 3, ( #6873, #1621, #5159, #6947 ),
 .UNSPECIFIED., .F., .T. ) 
 B_SPLINE_CURVE_WITH_KNOTS ( ( 4, 4 ),
 ( 3.141592653589793116, 6.283185307179586232 ),
 .UNSPECIFIED. ) 
 CURVE ( )  GEOMETRIC_REPRESENTATION_ITEM ( )  RATIONAL_B_SPLINE_CURVE ( ( 1.000000000000000000, 0.3333333333333333703, 0.3333333333333333703, 1.000000000000000000 ) ) 
 REPRESENTATION_ITEM ( '' )  );
#6300 = CARTESIAN_POINT ( 'NONE',  ( 7.843561962427146206, 2.349999999999996092, 5.327103587645313572E-15 ) ) ;
#6301 = CARTESIAN_POINT ( 'NONE',  ( 5.958651863434425877, 15.18953358541536147, -0.2500000000000000555 ) ) ;
#6302 = DIRECTION ( 'NONE',  ( 0.000000000000000000, 0.000000000000000000, -1.000000000000000000 ) ) ;
#6303 = ORIENTED_EDGE ( 'NONE', *, *, #7221, .T. ) ;
#6304 = ITEM_DEFINED_TRANSFORMATION ( 'NONE', 'NONE', #4502,  #5850 ) ;
#6305 = VERTEX_POINT ( 'NONE', #4501 ) ;
#6306 = FACE_OUTER_BOUND ( 'NONE', #1696, .T. ) ;
#6307 = FACE_OUTER_BOUND ( 'NONE', #3361, .T. ) ;
#6308 = EDGE_CURVE ( 'NONE', #3497, #2445, #2776, .T. ) ;
#6309 = CARTESIAN_POINT ( 'NONE',  ( 1.159999999999994147, 22.14000000000000412, 1.750000000000004663 ) ) ;
#6310 = DIRECTION ( 'NONE',  ( -0.000000000000000000, -0.000000000000000000, -1.000000000000000000 ) ) ;
#6311 = ADVANCED_FACE ( 'NONE', ( #1611 ), #5037, .F. ) ;
#6312 = EDGE_CURVE ( 'NONE', #2630, #6997, #6976, .T. ) ;
#6313 = DIRECTION ( 'NONE',  ( -0.000000000000000000, -0.000000000000000000, -1.000000000000000000 ) ) ;
#6314 = DIRECTION ( 'NONE',  ( 1.000000000000000000, 0.000000000000000000, 0.000000000000000000 ) ) ;
#6315 = ORIENTED_EDGE ( 'NONE', *, *, #4247, .T. ) ;
#6316 = DIRECTION ( 'NONE',  ( -1.000000000000000000, -0.000000000000000000, -0.000000000000000000 ) ) ;
#6317 = ORIENTED_EDGE ( 'NONE', *, *, #1281, .T. ) ;
#6318 = ADVANCED_FACE ( 'NONE', ( #7406 ), #873, .F. ) ;
#6319 = FACE_OUTER_BOUND ( 'NONE', #6587, .T. ) ;
#6320 =( CONVERSION_BASED_UNIT ( 'INCH', #4053 ) LENGTH_UNIT ( ) NAMED_UNIT ( #7302 ) );
#6321 = DIRECTION ( 'NONE',  ( 1.720849129867249803E-15, 1.000000000000000000, 3.434323192035072577E-15 ) ) ;
#6322 = VECTOR ( 'NONE', #7376, 39.37007874015748143 ) ;
#6323 = EDGE_CURVE ( 'NONE', #1074, #1484, #2113, .T. ) ;
#6324 = CARTESIAN_POINT ( 'NONE',  ( -1.845227278524757653, -3.149999999999998579, -1.719999999999999973 ) ) ;
#6325 = EDGE_LOOP ( 'NONE', ( #4706, #5444, #2690, #6315 ) ) ;
#6326 = EDGE_CURVE ( 'NONE', #4832, #6596, #3385, .T. ) ;
#6327 = VECTOR ( 'NONE', #2374, 39.37007874015748854 ) ;
#6328 = VERTEX_POINT ( 'NONE', #5727 ) ;
#6329 = LINE ( 'NONE', #4654, #4185 ) ;
#6330 = PRODUCT_DEFINITION_SHAPE ( 'NONE', 'NONE',  #7614 ) ;
#6331 = EDGE_CURVE ( 'NONE', #1278, #2571, #400, .T. ) ;
#6332 = ORIENTED_EDGE ( 'NONE', *, *, #1243, .T. ) ;
#6333 = CARTESIAN_POINT ( 'NONE',  ( 11.60000000000002451, -8.449999999999999289, -1.719999999999999973 ) ) ;
#6334 = ORIENTED_EDGE ( 'NONE', *, *, #5645, .F. ) ;
#6335 = LINE ( 'NONE', #2251, #2694 ) ;
#6336 = VECTOR ( 'NONE', #2876, 39.37007874015748143 ) ;
#6337 = VERTEX_POINT ( 'NONE', #5072 ) ;
#6338 = DIRECTION ( 'NONE',  ( 1.000000000000000000, -1.720849129867250197E-15, -2.360463002061416414E-31 ) ) ;
#6339 = AXIS2_PLACEMENT_3D ( 'NONE', #7240, #5402, #36 ) ;
#6340 = VECTOR ( 'NONE', #5740, 39.37007874015748854 ) ;
#6341 = LINE ( 'NONE', #3478, #4128 ) ;
#6342 = DIRECTION ( 'NONE',  ( 0.7071067811865474617, 0.7071067811865474617, 0.000000000000000000 ) ) ;
#6343 = CARTESIAN_POINT ( 'NONE',  ( -8.145227278524757253, 3.250000000000000444, -1.719999999999999973 ) ) ;
#6344 = VECTOR ( 'NONE', #2977, 39.37007874015748143 ) ;
#6345 = APPLICATION_CONTEXT ( 'automotive_design' ) ;
#6346 = VERTEX_POINT ( 'NONE', #3421 ) ;
#6347 =( REPRESENTATION_RELATIONSHIP ('NONE','NONE', #754, #3642 ) REPRESENTATION_RELATIONSHIP_WITH_TRANSFORMATION ( #535 )SHAPE_REPRESENTATION_RELATIONSHIP( ) );
#6348 = ITEM_DEFINED_TRANSFORMATION ( 'NONE', 'NONE', #4987,  #5850 ) ;
#6349 = ORIENTED_EDGE ( 'NONE', *, *, #877, .F. ) ;
#6350 = DIRECTION ( 'NONE',  ( -0.7071067811865476838, -0.7071067811865473507, 0.000000000000000000 ) ) ;
#6351 = CARTESIAN_POINT ( 'NONE',  ( 7.176780981213570776, 2.781713543831470403, -2.000000000000001332 ) ) ;
#6352 = DIRECTION ( 'NONE',  ( 1.892934042853975533E-15, 1.000000000000000000, -3.590428791673030081E-15 ) ) ;
#6353 = LINE ( 'NONE', #971, #510 ) ;
#6354 = VECTOR ( 'NONE', #2857, 39.37007874015748143 ) ;
#6355 = DIRECTION ( 'NONE',  ( 0.8571673007021122226, 1.049727191138618449E-16, -0.5150380749100542666 ) ) ;
#6356 = CARTESIAN_POINT ( 'NONE',  ( -12.40999999999999659, -1.750000000000055955, 1.309921112963532418E-13 ) ) ;
#6357 = ORIENTED_EDGE ( 'NONE', *, *, #4618, .F. ) ;
#6358 = DIRECTION ( 'NONE',  ( -0.000000000000000000, -1.000000000000000000, -0.000000000000000000 ) ) ;
#6359 = EDGE_CURVE ( 'NONE', #3823, #6883, #2152, .T. ) ;
#6360 = ORIENTED_EDGE ( 'NONE', *, *, #5830, .F. ) ;
#6361 = DIRECTION ( 'NONE',  ( 1.000000000000000000, -0.000000000000000000, 3.512375991854052315E-15 ) ) ;
#6362 = AXIS2_PLACEMENT_3D ( 'NONE', #4950, #5570, #7286 ) ;
#6363 = DIRECTION ( 'NONE',  ( -1.000000000000000000, 1.892934042853972772E-15, -6.244223985518381995E-16 ) ) ;
#6364 = LINE ( 'NONE', #521, #6058 ) ;
#6365 = ORIENTED_EDGE ( 'NONE', *, *, #7375, .F. ) ;
#6366 = CARTESIAN_POINT ( 'NONE',  ( -12.60000000000000853, 1.354772721475252073, -1.719999999999999973 ) ) ;
#6367 = DIRECTION ( 'NONE',  ( -0.7071067811865476838, -0.7071067811865473507, 0.000000000000000000 ) ) ;
#6368 = ORIENTED_EDGE ( 'NONE', *, *, #455, .T. ) ;
#6369 = EDGE_CURVE ( 'NONE', #107, #2298, #5241, .T. ) ;
#6370 = CARTESIAN_POINT ( 'NONE',  ( -11.61818230547682695, -8.586590415998429648, -1.770000000000000018 ) ) ;
#6371 = EDGE_LOOP ( 'NONE', ( #3016, #1836, #5293, #1182 ) ) ;
#6372 = EDGE_CURVE ( 'NONE', #4007, #1371, #7552, .T. ) ;
#6373 = DIRECTION ( 'NONE',  ( 0.000000000000000000, -0.000000000000000000, -1.000000000000000000 ) ) ;
#6374 = ADVANCED_FACE ( 'NONE', ( #5840 ), #6016, .F. ) ;
#6375 = PRODUCT_DEFINITION ( 'UNKNOWN', '', #1681, #6482 ) ;
#6376 = ORIENTED_EDGE ( 'NONE', *, *, #450, .F. ) ;
#6377 = LINE ( 'NONE', #5308, #5271 ) ;
#6378 = EDGE_CURVE ( 'NONE', #5067, #1924, #6576, .T. ) ;
#6379 = DIRECTION ( 'NONE',  ( 0.8635486968584779044, 0.000000000000000000, 0.5042654540557228726 ) ) ;
#6380 = DIRECTION ( 'NONE',  ( -1.000000000000000000, 0.000000000000000000, 0.000000000000000000 ) ) ;
#6381 = CARTESIAN_POINT ( 'NONE',  ( 11.73779527559057634, 8.449999999999999289, -1.719999999999999973 ) ) ;
#6382 = ORIENTED_EDGE ( 'NONE', *, *, #7036, .F. ) ;
#6383 = VECTOR ( 'NONE', #3051, 39.37007874015748143 ) ;
#6384 = ITEM_DEFINED_TRANSFORMATION ( 'NONE', 'NONE', #6855,  #5850 ) ;
#6385 = VECTOR ( 'NONE', #4444, 39.37007874015748143 ) ;
#6386 = ORIENTED_EDGE ( 'NONE', *, *, #1665, .F. ) ;
#6387 = FACE_OUTER_BOUND ( 'NONE', #6600, .T. ) ;
#6388 = DIRECTION ( 'NONE',  ( 0.000000000000000000, 1.000000000000000000, 3.434323192035072183E-15 ) ) ;
#6389 = FACE_OUTER_BOUND ( 'NONE', #6056, .T. ) ;
#6390 = DIRECTION ( 'NONE',  ( 0.7071067811865473507, -0.7071067811865475727, 0.000000000000000000 ) ) ;
#6391 = CIRCLE ( 'NONE', #4651, 0.1653543307086607073 ) ;
#6392 = AXIS2_PLACEMENT_3D ( 'NONE', #1759, #5875, #2378 ) ;
#6393 = FILL_AREA_STYLE ('',( #543 ) ) ;
#6394 = CARTESIAN_POINT ( 'NONE',  ( -0.06000000000000621503, 9.700000000000001066, 0.6100000000000025402 ) ) ;
#6395 = VERTEX_POINT ( 'NONE', #1831 ) ;
#6396 = DIRECTION ( 'NONE',  ( 0.000000000000000000, 0.000000000000000000, 1.000000000000000000 ) ) ;
#6397 = AXIS2_PLACEMENT_3D ( 'NONE', #963, #5174, #3924 ) ;
#6398 = VERTEX_POINT ( 'NONE', #1794 ) ;
#6399 = CIRCLE ( 'NONE', #4307, 0.1377952755905512972 ) ;
#6400 = DIRECTION ( 'NONE',  ( -0.7071067811865473507, 0.7071067811865476838, 0.000000000000000000 ) ) ;
#6401 = LINE ( 'NONE', #3357, #2082 ) ;
#6402 = VECTOR ( 'NONE', #687, 39.37007874015748143 ) ;
#6403 = CARTESIAN_POINT ( 'NONE',  ( 7.843561962427146206, 2.349999999999996092, -0.2499999999999944766 ) ) ;
#6404 = CARTESIAN_POINT ( 'NONE',  ( 3.631806092188872181, 20.23872322311160943, 0.000000000000000000 ) ) ;
#6405 = VERTEX_POINT ( 'NONE', #614 ) ;
#6406 = CARTESIAN_POINT ( 'NONE',  ( 6.299999999999995381, 7.704772721475247721, -1.770000000000000018 ) ) ;
#6407 = EDGE_LOOP ( 'NONE', ( #6916, #7204, #1967, #1690, #1633, #2830, #3417, #6642, #4079, #2437, #4743, #5485 ) ) ;
#6408 = LINE ( 'NONE', #4212, #323 ) ;
#6409 = EDGE_CURVE ( 'NONE', #296, #4248, #5916, .T. ) ;
#6410 = ADVANCED_FACE ( 'NONE', ( #697 ), #7121, .T. ) ;
#6411 = UNCERTAINTY_MEASURE_WITH_UNIT (LENGTH_MEASURE( 1.000000000000000082E-05 ), #889, 'distance_accuracy_value', 'NONE');
#6412 = VERTEX_POINT ( 'NONE', #3025 ) ;
#6413 = CARTESIAN_POINT ( 'NONE',  ( 1.159999999999994369, -9.436925948312431114E-17, 0.1000000000000034472 ) ) ;
#6414 = EDGE_CURVE ( 'NONE', #7061, #6972, #3650, .T. ) ;
#6415 = CARTESIAN_POINT ( 'NONE',  ( 1.790872624858488305, 16.70033416803600801, -0.2500000000000000555 ) ) ;
#6416 = ADVANCED_FACE ( 'NONE', ( #3491 ), #2918, .F. ) ;
#6417 = DIRECTION ( 'NONE',  ( -8.510858664735481127E-30, -3.434323192035072183E-15, 1.000000000000000000 ) ) ;
#6418 = LINE ( 'NONE', #4038, #2097 ) ;
#6419 =( GEOMETRIC_REPRESENTATION_CONTEXT ( 3 ) GLOBAL_UNCERTAINTY_ASSIGNED_CONTEXT ( ( #6411 ) ) GLOBAL_UNIT_ASSIGNED_CONTEXT ( ( #889, #7438, #5572 ) ) REPRESENTATION_CONTEXT ( 'NONE', 'WORKASPACE' ) );
#6420 = ORIENTED_EDGE ( 'NONE', *, *, #3492, .T. ) ;
#6421 = EDGE_LOOP ( 'NONE', ( #2385, #418 ) ) ;
#6422 = DIRECTION ( 'NONE',  ( -0.000000000000000000, -0.000000000000000000, -1.000000000000000000 ) ) ;
#6423 = LINE ( 'NONE', #7048, #7329 ) ;
#6424 = CARTESIAN_POINT ( 'NONE',  ( -8.145227278524757253, 3.250000000000000444, -1.719999999999999973 ) ) ;
#6425 = DIRECTION ( 'NONE',  ( 1.000000000000000000, 0.000000000000000000, 0.000000000000000000 ) ) ;
#6426 = CARTESIAN_POINT ( 'NONE',  ( 8.145227278524741266, -3.099999999999999201, -1.719999999999999973 ) ) ;
#6427 = DIRECTION ( 'NONE',  ( -1.000000000000000222, 0.000000000000000000, 0.000000000000000000 ) ) ;
#6428 = EDGE_LOOP ( 'NONE', ( #2713, #1285, #7458, #1481 ) ) ;
#6429 = CARTESIAN_POINT ( 'NONE',  ( 2.417076221633455813, 14.47682303524409875, -0.2500000000000012212 ) ) ;
#6430 = ORIENTED_EDGE ( 'NONE', *, *, #4023, .T. ) ;
#6431 = CARTESIAN_POINT ( 'NONE',  ( 6.344645669291334222, 2.249999999999998224, 0.7596456692913496900 ) ) ;
#6432 = LINE ( 'NONE', #706, #3554 ) ;
#6433 = CARTESIAN_POINT ( 'NONE',  ( 0.000000000000000000, 0.000000000000000000, -1.770000000000000018 ) ) ;
#6434 = CARTESIAN_POINT ( 'NONE',  ( 7.860000000000005649, 1.999999999999997780, 0.1000000000000084988 ) ) ;
#6435 = CARTESIAN_POINT ( 'NONE',  ( 2.176780981213570332, 2.781713543831470403, -0.2500000000000012212 ) ) ;
#6436 = VERTEX_POINT ( 'NONE', #5991 ) ;
#6437 = DIRECTION ( 'NONE',  ( -1.000000000000000000, 0.000000000000000000, -0.000000000000000000 ) ) ;
#6438 = CARTESIAN_POINT ( 'NONE',  ( 4.676780981213570776, 2.037077157614649359, -0.2500000000000012212 ) ) ;
#6439 = ORIENTED_EDGE ( 'NONE', *, *, #6142, .F. ) ;
#6440 = CARTESIAN_POINT ( 'NONE',  ( 1.159999999999982156, 2.000000000000002665, -0.3499999999999820477 ) ) ;
#6441 = VECTOR ( 'NONE', #139, 39.37007874015748143 ) ;
#6442 = VERTEX_POINT ( 'NONE', #4997 ) ;
#6443 = CARTESIAN_POINT ( 'NONE',  ( 1.409999999999994147, 21.90000000000005187, 0.7500000000000469624 ) ) ;
#6444 = CARTESIAN_POINT ( 'NONE',  ( 4.675354330708656470, 1.999374015748017319, -1.340354330708657615 ) ) ;
#6445 = VECTOR ( 'NONE', #3590, 39.37007874015748143 ) ;
#6446 = EDGE_CURVE ( 'NONE', #3958, #5053, #2452, .T. ) ;
#6447 = CARTESIAN_POINT ( 'NONE',  ( -10.75477272147525909, -9.449999999999999289, -1.719999999999999973 ) ) ;
#6448 = PRODUCT_DEFINITION_SHAPE ( 'NONE', 'NONE',  #7606 ) ;
#6449 = DIRECTION ( 'NONE',  ( 0.000000000000000000, -1.000000000000000000, 0.000000000000000000 ) ) ;
#6450 = ORIENTED_EDGE ( 'NONE', *, *, #7363, .T. ) ;
#6451 = VECTOR ( 'NONE', #1904, 39.37007874015748143 ) ;
#6452 = AXIS2_PLACEMENT_3D ( 'NONE', #2237, #4878, #7165 ) ;
#6453 = ADVANCED_FACE ( 'NONE', ( #6539 ), #4640, .F. ) ;
#6454 = VERTEX_POINT ( 'NONE', #583 ) ;
#6455 = CARTESIAN_POINT ( 'NONE',  ( 7.860000000000003872, 1.999999999999997335, -0.3499999999999954259 ) ) ;
#6456 = CARTESIAN_POINT ( 'NONE',  ( 4.344645669291333334, 1.999374015748020206, 0.7596456692913488018 ) ) ;
#6457 = DIRECTION ( 'NONE',  ( -1.000000000000000000, 0.000000000000000000, -0.000000000000000000 ) ) ;
#6458 = VECTOR ( 'NONE', #5599, 39.37007874015748143 ) ;
#6459 = VECTOR ( 'NONE', #3797, 39.37007874015748143 ) ;
#6460 = ADVANCED_FACE ( 'NONE', ( #1225 ), #1262, .F. ) ;
#6461 = CARTESIAN_POINT ( 'NONE',  ( -4.370956789862821150E-15, -4.995227278524752457, -1.719999999999999973 ) ) ;
#6462 = EDGE_CURVE ( 'NONE', #3954, #4397, #140, .T. ) ;
#6463 = AXIS2_PLACEMENT_3D ( 'NONE', #6286, #2666, #7413 ) ;
#6464 = DIRECTION ( 'NONE',  ( 1.892934042853975533E-15, 1.000000000000000000, -3.590428791673030081E-15 ) ) ;
#6465 = DIRECTION ( 'NONE',  ( 0.000000000000000000, 0.000000000000000000, 1.000000000000000000 ) ) ;
#6466 = ORIENTED_EDGE ( 'NONE', *, *, #4758, .T. ) ;
#6467 = CARTESIAN_POINT ( 'NONE',  ( 4.213951224809987295, 5.547856372576045025, 0.000000000000000000 ) ) ;
#6468 = EDGE_CURVE ( 'NONE', #3956, #6788, #37, .T. ) ;
#6469 = ORIENTED_EDGE ( 'NONE', *, *, #5227, .F. ) ;
#6470 = DIRECTION ( 'NONE',  ( -1.000000000000000000, 0.000000000000000000, 0.000000000000000000 ) ) ;
#6471 = CARTESIAN_POINT ( 'NONE',  ( 7.843561962427146206, 2.349999999999996092, -0.2499999999999944766 ) ) ;
#6472 = AXIS2_PLACEMENT_3D ( 'NONE', #1121, #6282, #2310 ) ;
#6473 = DIRECTION ( 'NONE',  ( 0.7071067811865473507, -0.7071067811865475727, 0.000000000000000000 ) ) ;
#6474 = EDGE_CURVE ( 'NONE', #445, #254, #2582, .T. ) ;
#6475 = CARTESIAN_POINT ( 'NONE',  ( -12.60000000000000853, 1.354772721475252073, -1.770000000000000018 ) ) ;
#6476 = VERTEX_POINT ( 'NONE', #6461 ) ;
#6477 = CARTESIAN_POINT ( 'NONE',  ( -12.60000000000000497, -9.449999999999999289, -1.770000000000000018 ) ) ;
#6478 = DIRECTION ( 'NONE',  ( 1.000000000000000000, -0.000000000000000000, 3.512375991854052315E-15 ) ) ;
#6479 = ORIENTED_EDGE ( 'NONE', *, *, #6737, .F. ) ;
#6480 = AXIS2_PLACEMENT_3D ( 'NONE', #7053, #3653, #6622 ) ;
#6481 = CARTESIAN_POINT ( 'NONE',  ( 7.030000000000001137, 0.000000000000000000, 9.390000000000002345 ) ) ;
#6482 = PRODUCT_DEFINITION_CONTEXT ( 'detailed design', #4750, 'design' ) ;
#6483 = LINE ( 'NONE', #4520, #1421 ) ;
#6484 = ORIENTED_EDGE ( 'NONE', *, *, #4161, .F. ) ;
#6485 = LINE ( 'NONE', #3552, #7141 ) ;
#6486 =( REPRESENTATION_RELATIONSHIP ('NONE','NONE', #754, #6547 ) REPRESENTATION_RELATIONSHIP_WITH_TRANSFORMATION ( #7436 )SHAPE_REPRESENTATION_RELATIONSHIP( ) );
#6487 = LINE ( 'NONE', #4697, #2030 ) ;
#6488 = DIRECTION ( 'NONE',  ( 0.000000000000000000, -8.537024980200897746E-17, -1.000000000000000000 ) ) ;
#6489 = DIRECTION ( 'NONE',  ( -2.731847993664263218E-17, -1.000000000000000000, 0.000000000000000000 ) ) ;
#6490 = VERTEX_POINT ( 'NONE', #3529 ) ;
#6491 = EDGE_CURVE ( 'NONE', #7015, #4452, #5874, .T. ) ;
#6492 = CONTEXT_DEPENDENT_SHAPE_REPRESENTATION ( #2660, #4061 ) ;
#6493 = ORIENTED_EDGE ( 'NONE', *, *, #4533, .T. ) ;
#6494 = DIRECTION ( 'NONE',  ( -0.000000000000000000, -0.000000000000000000, -1.000000000000000000 ) ) ;
#6495 = DIRECTION ( 'NONE',  ( 7.006492321624085355E-46, 3.434323192035072971E-15, -1.000000000000000000 ) ) ;
#6496 = DIRECTION ( 'NONE',  ( 0.7071067811865473507, -0.7071067811865475727, 0.000000000000000000 ) ) ;
#6497 = CARTESIAN_POINT ( 'NONE',  ( 1.845227278524741221, 3.250000000000000444, -1.770000000000000018 ) ) ;
#6498 = CARTESIAN_POINT ( 'NONE',  ( 1.159999999999976383, 2.000000000000001776, -1.999999999999982681 ) ) ;
#6499 = VECTOR ( 'NONE', #3012, 39.37007874015748143 ) ;
#6500 = DIRECTION ( 'NONE',  ( -2.483624881916826908E-15, -0.7071067811865472397, -0.7071067811865477948 ) ) ;
#6501 = CARTESIAN_POINT ( 'NONE',  ( 75.59999999999999432, 0.000000000000000000, 0.000000000000000000 ) ) ;
#6502 = ORIENTED_EDGE ( 'NONE', *, *, #7131, .T. ) ;
#6503 = CARTESIAN_POINT ( 'NONE',  ( 4.187864042533941067, 14.83317831032973011, 0.000000000000000000 ) ) ;
#6504 = EDGE_CURVE ( 'NONE', #4526, #5819, #7050, .T. ) ;
#6505 = VERTEX_POINT ( 'NONE', #6497 ) ;
#6506 = CARTESIAN_POINT ( 'NONE',  ( 5.399089659523567342, 16.17579296006381284, -0.2500000000000000555 ) ) ;
#6507 = ORIENTED_EDGE ( 'NONE', *, *, #1149, .T. ) ;
#6508 = PRODUCT_RELATED_PRODUCT_CATEGORY ( 'part', '', ( #3116 ) ) ;
#6509 = VECTOR ( 'NONE', #6313, 39.37007874015748143 ) ;
#6510 = DIRECTION ( 'NONE',  ( 0.000000000000000000, 0.000000000000000000, -1.000000000000000000 ) ) ;
#6511 = EDGE_CURVE ( 'NONE', #545, #2128, #4751, .T. ) ;
#6512 = CARTESIAN_POINT ( 'NONE',  ( -12.60000000000000853, 7.704772721475252162, -1.719999999999999973 ) ) ;
#6513 = EDGE_CURVE ( 'NONE', #3200, #183, #7315, .T. ) ;
#6514 = DIRECTION ( 'NONE',  ( 1.000000000000000000, 0.000000000000000000, 0.000000000000000000 ) ) ;
#6515 = PLANE ( 'NONE',  #5430 ) ;
#6516 = COLOUR_RGB ( '',0.7921568627450980005, 0.8196078431372548767, 0.9333333333333333481 ) ;
#6517 = VECTOR ( 'NONE', #4630, 39.37007874015748143 ) ;
#6518 = EDGE_LOOP ( 'NONE', ( #5267, #1914, #4929, #168 ) ) ;
#6519 = CARTESIAN_POINT ( 'NONE',  ( 2.344645669291333334, 2.000000000000004441, 0.9250000000000102585 ) ) ;
#6520 = PRODUCT_DEFINITION_SHAPE ( 'NONE', 'NONE',  #7579 ) ;
#6521 = ORIENTED_EDGE ( 'NONE', *, *, #7514, .T. ) ;
#6522 = LINE ( 'NONE', #1813, #2391 ) ;
#6523 = VECTOR ( 'NONE', #2063, 39.37007874015748143 ) ;
#6524 = VECTOR ( 'NONE', #3670, 39.37007874015748143 ) ;
#6525 = ORIENTED_EDGE ( 'NONE', *, *, #4470, .T. ) ;
#6526 = DIRECTION ( 'NONE',  ( 1.000000000000000000, -1.720849129867250197E-15, -7.006492321624085355E-46 ) ) ;
#6527 = AXIS2_PLACEMENT_3D ( 'NONE', #3967, #6898, #6933 ) ;
#6528 = CARTESIAN_POINT ( 'NONE',  ( 5.984739045710472105, 5.904211647661679052, 0.000000000000000000 ) ) ;
#6529 = DIRECTION ( 'NONE',  ( 0.7071067811865473507, -0.7071067811865476838, 0.000000000000000000 ) ) ;
#6530 = LINE ( 'NONE', #1783, #2446 ) ;
#6531 = EDGE_LOOP ( 'NONE', ( #5195, #4366, #2479, #2679 ) ) ;
#6532 = ORIENTED_EDGE ( 'NONE', *, *, #5175, .F. ) ;
#6533 = CONTEXT_DEPENDENT_SHAPE_REPRESENTATION ( #948, #4181 ) ;
#6534 = VERTEX_POINT ( 'NONE', #6691 ) ;
#6535 = CARTESIAN_POINT ( 'NONE',  ( 2.976638425544313016, 15.12208098833292702, 0.000000000000000000 ) ) ;
#6536 = DIRECTION ( 'NONE',  ( 0.000000000000000000, 0.000000000000000000, -1.000000000000000000 ) ) ;
#6537 = PRESENTATION_STYLE_ASSIGNMENT (( #7081 ) ) ;
#6538 = DIRECTION ( 'NONE',  ( 0.000000000000000000, 0.000000000000000000, 1.000000000000000000 ) ) ;
#6539 = FACE_OUTER_BOUND ( 'NONE', #7182, .T. ) ;
#6540 = VECTOR ( 'NONE', #5809, 39.37007874015748143 ) ;
#6541 = DIRECTION ( 'NONE',  ( -1.000000000000000000, 0.000000000000000000, 0.000000000000000000 ) ) ;
#6542 = DIRECTION ( 'NONE',  ( 0.000000000000000000, 0.000000000000000000, 1.000000000000000222 ) ) ;
#6543 = VERTEX_POINT ( 'NONE', #231 ) ;
#6544 = LINE ( 'NONE', #5410, #5466 ) ;
#6545 = VERTEX_POINT ( 'NONE', #6065 ) ;
#6546 = DIRECTION ( 'NONE',  ( 0.000000000000000000, -0.000000000000000000, 1.000000000000000000 ) ) ;
#6547 = SHAPE_REPRESENTATION ( 'LED iPoster - Panel', ( #5850 ), #3767 ) ;
#6548 = ORIENTED_EDGE ( 'NONE', *, *, #6985, .T. ) ;
#6549 = CARTESIAN_POINT ( 'NONE',  ( 0.000000000000000000, 0.000000000000000000, 0.000000000000000000 ) ) ;
#6550 = DIRECTION ( 'NONE',  ( 0.7071067811865476838, 0.7071067811865473507, 0.000000000000000000 ) ) ;
#6551 = DIRECTION ( 'NONE',  ( -1.000000000000000000, 0.000000000000000000, -0.000000000000000000 ) ) ;
#6552 = CARTESIAN_POINT ( 'NONE',  ( 1.159999999999979492, 3.000000000000023537, -0.9999999999999835687 ) ) ;
#6553 = EDGE_CURVE ( 'NONE', #4837, #3666, #4910, .T. ) ;
#6554 = VECTOR ( 'NONE', #6030, 39.37007874015748143 ) ;
#6555 = ORIENTED_EDGE ( 'NONE', *, *, #1136, .F. ) ;
#6556 = CARTESIAN_POINT ( 'NONE',  ( 8.145227278524741266, -9.449999999999999289, -1.719999999999999973 ) ) ;
#6557 = VERTEX_POINT ( 'NONE', #3721 ) ;
#6558 = CARTESIAN_POINT ( 'NONE',  ( -10.75477272147525909, -9.449999999999999289, -1.719999999999999973 ) ) ;
#6559 = EDGE_CURVE ( 'NONE', #1507, #7333, #995, .T. ) ;
#6560 = EDGE_CURVE ( 'NONE', #7132, #1349, #803, .T. ) ;
#6561 = EDGE_CURVE ( 'NONE', #6226, #1349, #4335, .T. ) ;
#6562 = ORIENTED_EDGE ( 'NONE', *, *, #5077, .F. ) ;
#6563 = ORIENTED_EDGE ( 'NONE', *, *, #1801, .T. ) ;
#6564 = CARTESIAN_POINT ( 'NONE',  ( 2.409394568923568070, 23.00194783241069629, -0.2500000000000000000 ) ) ;
#6565 = CARTESIAN_POINT ( 'NONE',  ( -4.454772721475258379, -3.099999999999999201, -1.719999999999999973 ) ) ;
#6566 = FACE_BOUND ( 'NONE', #4796, .T. ) ;
#6567 = VECTOR ( 'NONE', #6594, 39.37007874015748854 ) ;
#6568 = ORIENTED_EDGE ( 'NONE', *, *, #1189, .T. ) ;
#6569 = ORIENTED_EDGE ( 'NONE', *, *, #6074, .F. ) ;
#6570 = VECTOR ( 'NONE', #7105, 39.37007874015748143 ) ;
#6571 = ITEM_DEFINED_TRANSFORMATION ( 'NONE', 'NONE', #584,  #5850 ) ;
#6572 = ORIENTED_EDGE ( 'NONE', *, *, #1058, .F. ) ;
#6573 = LINE ( 'NONE', #189, #6094 ) ;
#6574 = DIRECTION ( 'NONE',  ( -0.7071067811865476838, -0.7071067811865473507, 0.000000000000000000 ) ) ;
#6575 = DIRECTION ( 'NONE',  ( -0.7071067811865473507, 0.7071067811865476838, 0.000000000000000000 ) ) ;
#6576 = LINE ( 'NONE', #3608, #4418 ) ;
#6577 = AXIS2_PLACEMENT_3D ( 'NONE', #3382, #4010, #4532 ) ;
#6578 = VECTOR ( 'NONE', #470, 39.37007874015748143 ) ;
#6579 = CARTESIAN_POINT ( 'NONE',  ( -10.75477272147525909, -3.149999999999997691, -1.719999999999999973 ) ) ;
#6580 = PRODUCT_DEFINITION_SHAPE ( 'NONE', 'NONE',  #7580 ) ;
#6581 = CARTESIAN_POINT ( 'NONE',  ( 2.176780981213570332, 2.781713543831469071, 0.000000000000000000 ) ) ;
#6582 = DIRECTION ( 'NONE',  ( 0.000000000000000000, 0.000000000000000000, 1.000000000000000222 ) ) ;
#6583 = ORIENTED_EDGE ( 'NONE', *, *, #3637, .F. ) ;
#6584 = CARTESIAN_POINT ( 'NONE',  ( -4.530000000000007354, 0.000000000000000000, -7.930136022756448355 ) ) ;
#6585 = VECTOR ( 'NONE', #1453, 39.37007874015748854 ) ;
#6586 = CIRCLE ( 'NONE', #3131, 0.3500000000000000888 ) ;
#6587 = EDGE_LOOP ( 'NONE', ( #5998, #7284, #2935, #6525 ) ) ;
#6588 = CARTESIAN_POINT ( 'NONE',  ( 2.675354330708656470, 2.250000000000004885, 0.7596456692913496900 ) ) ;
#6589 = ORIENTED_EDGE ( 'NONE', *, *, #4251, .F. ) ;
#6590 = CARTESIAN_POINT ( 'NONE',  ( 7.843561962427137324, 2.349999999999995204, -0.1666666666666611618 ) ) ;
#6591 = AXIS2_PLACEMENT_3D ( 'NONE', #3237, #7490, #2706 ) ;
#6592 = LINE ( 'NONE', #1807, #119 ) ;
#6593 = LINE ( 'NONE', #5375, #7476 ) ;
#6594 = DIRECTION ( 'NONE',  ( 0.7071067811865474617, 0.7071067811865474617, 0.000000000000000000 ) ) ;
#6595 = EDGE_CURVE ( 'NONE', #6398, #1590, #4409, .T. ) ;
#6596 = VERTEX_POINT ( 'NONE', #1338 ) ;
#6597 = FACE_BOUND ( 'NONE', #423, .T. ) ;
#6598 = ORIENTED_EDGE ( 'NONE', *, *, #7474, .F. ) ;
#6599 = CARTESIAN_POINT ( 'NONE',  ( -11.46220472440947269, -8.449999999999999289, -1.770000000000000018 ) ) ;
#6600 = EDGE_LOOP ( 'NONE', ( #5220, #4098, #7243, #5223 ) ) ;
#6601 = ORIENTED_EDGE ( 'NONE', *, *, #4798, .F. ) ;
#6602 = AXIS2_PLACEMENT_3D ( 'NONE', #6662, #772, #5443 ) ;
#6603 = EDGE_CURVE ( 'NONE', #4782, #1604, #4372, .T. ) ;
#6604 = FACE_OUTER_BOUND ( 'NONE', #4016, .T. ) ;
#6605 = ADVANCED_FACE ( 'NONE', ( #2646 ), #6658, .F. ) ;
#6606 = ORIENTED_EDGE ( 'NONE', *, *, #4115, .F. ) ;
#6607 = DIRECTION ( 'NONE',  ( 1.000000000000000000, 0.000000000000000000, 0.000000000000000000 ) ) ;
#6608 = PRODUCT_RELATED_PRODUCT_CATEGORY ( 'part', '', ( #181 ) ) ;
#6609 = EDGE_CURVE ( 'NONE', #2874, #2982, #6780, .T. ) ;
#6610 = ADVANCED_FACE ( 'NONE', ( #6618 ), #7241, .F. ) ;
#6611 = ORIENTED_EDGE ( 'NONE', *, *, #5898, .T. ) ;
#6612 = VERTEX_POINT ( 'NONE', #1454 ) ;
#6613 = AXIS2_PLACEMENT_3D ( 'NONE', #2002, #1435, #3778 ) ;
#6614 = CARTESIAN_POINT ( 'NONE',  ( 2.417076221633456257, 14.47682303524409697, -0.2500000000000000555 ) ) ;
#6615 = DIRECTION ( 'NONE',  ( 0.7071067811865476838, 0.7071067811865473507, 0.000000000000000000 ) ) ;
#6616 = CARTESIAN_POINT ( 'NONE',  ( -4.454772721475258379, 3.200000000000001954, -1.719999999999999973 ) ) ;
#6617 = CARTESIAN_POINT ( 'NONE',  ( 4.454772721475242392, -9.449999999999999289, -1.719999999999999973 ) ) ;
#6618 = FACE_OUTER_BOUND ( 'NONE', #235, .T. ) ;
#6619 = DIRECTION ( 'NONE',  ( -1.000000000000000000, 0.000000000000000000, -0.000000000000000000 ) ) ;
#6620 = ORIENTED_EDGE ( 'NONE', *, *, #5303, .F. ) ;
#6621 = FACE_OUTER_BOUND ( 'NONE', #1525, .T. ) ;
#6622 = DIRECTION ( 'NONE',  ( -1.000000000000000222, 0.000000000000000000, 0.000000000000000000 ) ) ;
#6623 = ORIENTED_EDGE ( 'NONE', *, *, #6029, .T. ) ;
#6624 = CARTESIAN_POINT ( 'NONE',  ( 5.984739045710472105, 5.904211647661679052, 0.000000000000000000 ) ) ;
#6625 = CYLINDRICAL_SURFACE ( 'NONE', #556, 0.1653543307086609571 ) ;
#6626 = ORIENTED_EDGE ( 'NONE', *, *, #5746, .T. ) ;
#6627 = CARTESIAN_POINT ( 'NONE',  ( 3.631806092188872181, 20.23872322311160943, 0.000000000000000000 ) ) ;
#6628 = ORIENTED_EDGE ( 'NONE', *, *, #482, .F. ) ;
#6629 = DIRECTION ( 'NONE',  ( -0.000000000000000000, -1.000000000000000000, -0.000000000000000000 ) ) ;
#6630 = CARTESIAN_POINT ( 'NONE',  ( 2.344645669291333778, 2.000000000000003997, -1.340354330708657837 ) ) ;
#6631 = PRODUCT_DEFINITION_SHAPE ( 'NONE', 'NONE',  #1019 ) ;
#6632 = CARTESIAN_POINT ( 'NONE',  ( 5.958651863434425877, 15.18953358541536147, -0.2500000000000012212 ) ) ;
#6633 = CARTESIAN_POINT ( 'NONE',  ( 2.344645669291333778, 2.250000000000005329, -1.009645669291335590 ) ) ;
#6634 = ORIENTED_EDGE ( 'NONE', *, *, #5461, .T. ) ;
#6635 = CARTESIAN_POINT ( 'NONE',  ( -11.61818230547682695, -8.586590415998431425, -1.719999999999999973 ) ) ;
#6636 = AXIS2_PLACEMENT_3D ( 'NONE', #7215, #47, #2388 ) ;
#6637 = EDGE_LOOP ( 'NONE', ( #2746, #3136, #5398, #2513 ) ) ;
#6638 = VECTOR ( 'NONE', #2797, 39.37007874015748143 ) ;
#6639 = CARTESIAN_POINT ( 'NONE',  ( 1.509999999999995568, 2.349999999999996092, -0.3499999999999947042 ) ) ;
#6640 = VECTOR ( 'NONE', #1829, 39.37007874015748143 ) ;
#6641 = AXIS2_PLACEMENT_3D ( 'NONE', #1456, #5748, #4339 ) ;
#6642 = ORIENTED_EDGE ( 'NONE', *, *, #4429, .F. ) ;
#6643 = EDGE_LOOP ( 'NONE', ( #3090, #7291, #5594 ) ) ;
#6644 = PLANE ( 'NONE',  #749 ) ;
#6645 = EDGE_CURVE ( 'NONE', #1270, #4935, #7197, .T. ) ;
#6646 = AXIS2_PLACEMENT_3D ( 'NONE', #155, #2022, #4983 ) ;
#6647 = ORIENTED_EDGE ( 'NONE', *, *, #6280, .F. ) ;
#6648 = DIRECTION ( 'NONE',  ( -1.000000000000000000, 2.093734754490789434E-16, 0.000000000000000000 ) ) ;
#6649 = VECTOR ( 'NONE', #7106, 39.37007874015748143 ) ;
#6650 = EDGE_CURVE ( 'NONE', #5806, #4018, #4268, .T. ) ;
#6651 = ADVANCED_FACE ( 'NONE', ( #5481 ), #4871, .F. ) ;
#6652 = EDGE_LOOP ( 'NONE', ( #5088, #3475, #797, #4220 ) ) ;
#6653 = ADVANCED_FACE ( 'NONE', ( #3799 ), #192, .T. ) ;
#6654 = DIRECTION ( 'NONE',  ( -0.000000000000000000, 1.000000000000000000, 8.537024980200866931E-17 ) ) ;
#6655 = LINE ( 'NONE', #6151, #2015 ) ;
#6656 = DIRECTION ( 'NONE',  ( -0.000000000000000000, -1.000000000000000000, -0.000000000000000000 ) ) ;
#6657 = FACE_OUTER_BOUND ( 'NONE', #145, .T. ) ;
#6658 = PLANE ( 'NONE',  #3560 ) ;
#6659 = ADVANCED_FACE ( 'NONE', ( #766 ), #1943, .T. ) ;
#6660 = LINE ( 'NONE', #6783, #3682 ) ;
#6661 = ADVANCED_FACE ( 'NONE', ( #307 ), #5643, .F. ) ;
#6662 = CARTESIAN_POINT ( 'NONE',  ( 125.9400000000000119, 85.29999999999999716, 0.6100000000000025402 ) ) ;
#6663 = ORIENTED_EDGE ( 'NONE', *, *, #5746, .F. ) ;
#6664 = LINE ( 'NONE', #702, #4494 ) ;
#6665 = CARTESIAN_POINT ( 'NONE',  ( -4.454772721475258379, -9.449999999999999289, -1.770000000000000018 ) ) ;
#6666 = CARTESIAN_POINT ( 'NONE',  ( -10.85477272147525873, 9.449999999999999289, -1.770000000000000018 ) ) ;
#6667 = VERTEX_POINT ( 'NONE', #6190 ) ;
#6668 = FACE_OUTER_BOUND ( 'NONE', #1122, .T. ) ;
#6669 = LINE ( 'NONE', #3773, #3428 ) ;
#6670 = DIRECTION ( 'NONE',  ( -3.304235192336789711E-15, 0.000000000000000000, -1.000000000000000000 ) ) ;
#6671 = FACE_OUTER_BOUND ( 'NONE', #6725, .T. ) ;
#6672 =( NAMED_UNIT ( * ) PLANE_ANGLE_UNIT ( ) SI_UNIT ( $, .RADIAN. ) );
#6673 = EDGE_LOOP ( 'NONE', ( #2981, #3625, #7501, #396 ) ) ;
#6674 = CYLINDRICAL_SURFACE ( 'NONE', #443, 0.1653543307086609571 ) ;
#6675 = ORIENTED_EDGE ( 'NONE', *, *, #2139, .F. ) ;
#6676 = LINE ( 'NONE', #6444, #4609 ) ;
#6677 = CARTESIAN_POINT ( 'NONE',  ( 2.176780981213570332, 2.781713543831470403, -0.2500000000000012212 ) ) ;
#6678 = ORIENTED_EDGE ( 'NONE', *, *, #3348, .F. ) ;
#6679 = ORIENTED_EDGE ( 'NONE', *, *, #115, .T. ) ;
#6680 = CARTESIAN_POINT ( 'NONE',  ( 1.509999999999995124, 23.14000000000000412, 0.1000000000000006023 ) ) ;
#6681 = EDGE_LOOP ( 'NONE', ( #3575, #1976, #485, #7495 ) ) ;
#6682 = CARTESIAN_POINT ( 'NONE',  ( -8.145227278524757253, 9.550000000000000711, -1.719999999999999973 ) ) ;
#6683 = CYLINDRICAL_SURFACE ( 'NONE', #134, 0.1653543307086607073 ) ;
#6684 = FACE_OUTER_BOUND ( 'NONE', #4156, .T. ) ;
#6685 = ORIENTED_EDGE ( 'NONE', *, *, #25, .F. ) ;
#6687 = ADVANCED_FACE ( 'NONE', ( #1676 ), #2759, .F. ) ;
#6686 = CONTEXT_DEPENDENT_SHAPE_REPRESENTATION ( #2405, #1166 ) ;
#6688 = CYLINDRICAL_SURFACE ( 'NONE', #567, 0.1000000000000000194 ) ;
#6689 = DIRECTION ( 'NONE',  ( 1.720849129867250197E-15, 1.000000000000000000, 0.000000000000000000 ) ) ;
#6690 = CARTESIAN_POINT ( 'NONE',  ( 6.299999999999990941, -4.995227278524748016, -1.719999999999999973 ) ) ;
#6691 = CARTESIAN_POINT ( 'NONE',  ( -7.029999999999996696, 0.000000000000000000, -9.389999999999998792 ) ) ;
#6692 = VECTOR ( 'NONE', #1944, 39.37007874015748143 ) ;
#6693 = EDGE_CURVE ( 'NONE', #5425, #1074, #7390, .T. ) ;
#6694 = CARTESIAN_POINT ( 'NONE',  ( 4.529999999999996696, 0.2500000000000000000, 7.930136022756444802 ) ) ;
#6695 = VECTOR ( 'NONE', #6141, 39.37007874015748143 ) ;
#6696 = VERTEX_POINT ( 'NONE', #7396 ) ;
#6697 = FACE_OUTER_BOUND ( 'NONE', #4315, .T. ) ;
#6698 = DIRECTION ( 'NONE',  ( -1.000000000000000222, 0.000000000000000000, 0.000000000000000000 ) ) ;
#6699 = VERTEX_POINT ( 'NONE', #4522 ) ;
#6700 = LINE ( 'NONE', #4455, #4447 ) ;
#6701 = EDGE_CURVE ( 'NONE', #4671, #4175, #3300, .T. ) ;
#6702 = CARTESIAN_POINT ( 'NONE',  ( 12.59999999999999609, -1.254772721475247099, -1.719999999999999973 ) ) ;
#6703 = EDGE_CURVE ( 'NONE', #186, #3977, #2800, .T. ) ;
#6704 = LINE ( 'NONE', #3807, #5827 ) ;
#6705 = ADVANCED_FACE ( 'NONE', ( #393 ), #3376, .T. ) ;
#6706 = ORIENTED_EDGE ( 'NONE', *, *, #211, .F. ) ;
#6707 = AXIS2_PLACEMENT_3D ( 'NONE', #6438, #1132, #4918 ) ;
#6708 = CARTESIAN_POINT ( 'NONE',  ( -4.530000000000007354, 0.2500000000000000000, -7.930136022756448355 ) ) ;
#6709 = EDGE_CURVE ( 'NONE', #5806, #4144, #6888, .T. ) ;
#6710 = FACE_OUTER_BOUND ( 'NONE', #3370, .T. ) ;
#6711 = FACE_OUTER_BOUND ( 'NONE', #5198, .T. ) ;
#6712 = EDGE_CURVE ( 'NONE', #5539, #4399, #6231, .T. ) ;
#6713 = DIRECTION ( 'NONE',  ( 1.720849129867250000E-15, 1.000000000000000000, 3.434323192035072971E-15 ) ) ;
#6714 = VECTOR ( 'NONE', #6496, 39.37007874015748854 ) ;
#6715 = AXIS2_PLACEMENT_3D ( 'NONE', #1664, #6367, #1165 ) ;
#6716 = VERTEX_POINT ( 'NONE', #6343 ) ;
#6717 = CYLINDRICAL_SURFACE ( 'NONE', #5215, 0.2500000000000027756 ) ;
#6718 = EDGE_LOOP ( 'NONE', ( #3044, #6647, #7430, #4774 ) ) ;
#6719 = LINE ( 'NONE', #3010, #2520 ) ;
#6720 = CIRCLE ( 'NONE', #7205, 0.1377952755905512972 ) ;
#6721 = DIRECTION ( 'NONE',  ( -0.000000000000000000, -0.000000000000000000, -1.000000000000000000 ) ) ;
#6722 = CARTESIAN_POINT ( 'NONE',  ( 1.409999999999979714, 21.90000000000001990, -0.9999999999999836797 ) ) ;
#6723 = ORIENTED_EDGE ( 'NONE', *, *, #6462, .T. ) ;
#6724 = ORIENTED_EDGE ( 'NONE', *, *, #3407, .F. ) ;
#6725 = EDGE_LOOP ( 'NONE', ( #6138, #4809, #7385, #1533 ) ) ;
#6726 = AXIS2_PLACEMENT_3D ( 'NONE', #5881, #4126, #6470 ) ;
#6727 = CARTESIAN_POINT ( 'NONE',  ( -12.60000000000000853, 5.095227278524751213, -1.719999999999999973 ) ) ;
#6728 = ORIENTED_EDGE ( 'NONE', *, *, #5273, .T. ) ;
#6729 = LINE ( 'NONE', #3174, #2199 ) ;
#6730 = AXIS2_PLACEMENT_3D ( 'NONE', #6868, #1013, #1582 ) ;
#6731 = ORIENTED_EDGE ( 'NONE', *, *, #3832, .F. ) ;
#6732 = ITEM_DEFINED_TRANSFORMATION ( 'NONE', 'NONE', #5735,  #5850 ) ;
#6733 = FACE_OUTER_BOUND ( 'NONE', #6942, .T. ) ;
#6734 = CARTESIAN_POINT ( 'NONE',  ( -8.045227278524757608, 9.449999999999999289, -1.770000000000000018 ) ) ;
#6735 = PLANE ( 'NONE',  #201 ) ;
#6736 = DIRECTION ( 'NONE',  ( -0.000000000000000000, -0.000000000000000000, 1.000000000000000000 ) ) ;
#6737 = EDGE_CURVE ( 'NONE', #430, #1420, #6047, .T. ) ;
#6738 = ORIENTED_EDGE ( 'NONE', *, *, #257, .F. ) ;
#6739 = DIRECTION ( 'NONE',  ( -2.468850131082266921E-15, -0.7071067811865472397, -0.7071067811865479058 ) ) ;
#6740 = DIRECTION ( 'NONE',  ( 0.000000000000000000, 0.000000000000000000, 1.000000000000000222 ) ) ;
#6741 = ORIENTED_EDGE ( 'NONE', *, *, #5657, .T. ) ;
#6742 = LINE ( 'NONE', #1422, #1135 ) ;
#6743 = FACE_OUTER_BOUND ( 'NONE', #752, .T. ) ;
#6744 = FACE_OUTER_BOUND ( 'NONE', #5279, .T. ) ;
#6745 =( REPRESENTATION_RELATIONSHIP ('NONE','NONE', #754, #2904 ) REPRESENTATION_RELATIONSHIP_WITH_TRANSFORMATION ( #4527 )SHAPE_REPRESENTATION_RELATIONSHIP( ) );
#6746 = ORIENTED_EDGE ( 'NONE', *, *, #7472, .F. ) ;
#6747 = LINE ( 'NONE', #7251, #2211 ) ;
#6748 =( REPRESENTATION_RELATIONSHIP ('NONE','NONE', #754, #3642 ) REPRESENTATION_RELATIONSHIP_WITH_TRANSFORMATION ( #1572 )SHAPE_REPRESENTATION_RELATIONSHIP( ) );
#6749 = DIRECTION ( 'NONE',  ( 1.000000000000000000, 0.000000000000000000, -3.491481338843132961E-15 ) ) ;
#6750 = EDGE_CURVE ( 'NONE', #3584, #1462, #463, .T. ) ;
#6751 = CARTESIAN_POINT ( 'NONE',  ( 10.75477272147524310, -9.449999999999999289, -1.770000000000000018 ) ) ;
#6752 = ORIENTED_EDGE ( 'NONE', *, *, #3971, .F. ) ;
#6753 = CARTESIAN_POINT ( 'NONE',  ( 4.187864042533941067, 14.83317831032973011, 0.000000000000000000 ) ) ;
#6754 = VERTEX_POINT ( 'NONE', #4563 ) ;
#6755 = ADVANCED_FACE ( 'NONE', ( #5065 ), #2683, .F. ) ;
#6756 = CYLINDRICAL_SURFACE ( 'NONE', #3141, 0.1653543307086616510 ) ;
#6757 = DIMENSIONAL_EXPONENTS ( 1.000000000000000000, 0.000000000000000000, 0.000000000000000000, 0.000000000000000000, 0.000000000000000000, 0.000000000000000000, 0.000000000000000000 ) ;
#6758 = ADVANCED_FACE ( 'NONE', ( #999 ), #7434, .F. ) ;
#6759 = LINE ( 'NONE', #4285, #6923 ) ;
#6760 = DIRECTION ( 'NONE',  ( -3.304235192336789711E-15, 0.000000000000000000, -1.000000000000000000 ) ) ;
#6761 = ORIENTED_EDGE ( 'NONE', *, *, #1701, .F. ) ;
#6762 = VECTOR ( 'NONE', #3239, 39.37007874015748143 ) ;
#6763 = ORIENTED_EDGE ( 'NONE', *, *, #482, .T. ) ;
#6764 = VECTOR ( 'NONE', #5390, 39.37007874015748143 ) ;
#6765 = VERTEX_POINT ( 'NONE', #6928 ) ;
#6766 = CYLINDRICAL_SURFACE ( 'NONE', #5771, 0.1653543307086615122 ) ;
#6767 = ORIENTED_EDGE ( 'NONE', *, *, #6491, .T. ) ;
#6768 = LINE ( 'NONE', #2635, #3743 ) ;
#6769 = ORIENTED_EDGE ( 'NONE', *, *, #2928, .F. ) ;
#6770 = FACE_BOUND ( 'NONE', #2561, .T. ) ;
#6771 = CIRCLE ( 'NONE', #2938, 0.1377952755905512972 ) ;
#6772 = VECTOR ( 'NONE', #1193, 39.37007874015748143 ) ;
#6773 = ORIENTED_EDGE ( 'NONE', *, *, #5801, .F. ) ;
#6774 = AXIS2_PLACEMENT_3D ( 'NONE', #6616, #5478, #1336 ) ;
#6775 = ITEM_DEFINED_TRANSFORMATION ( 'NONE', 'NONE', #1796,  #5850 ) ;
#6776 = VECTOR ( 'NONE', #757, 39.37007874015748143 ) ;
#6777 = DIRECTION ( 'NONE',  ( -1.720849129867250197E-15, -1.000000000000000000, -3.434323192035072971E-15 ) ) ;
#6778 = CARTESIAN_POINT ( 'NONE',  ( 1.790872624858488305, 16.70033416803600801, 0.000000000000000000 ) ) ;
#6779 = DIRECTION ( 'NONE',  ( 0.000000000000000000, -1.000000000000000000, 3.590428791673030081E-15 ) ) ;
#6780 = LINE ( 'NONE', #732, #5776 ) ;
#6781 = AXIS2_PLACEMENT_3D ( 'NONE', #5365, #116, #5216 ) ;
#6782 = ORIENTED_EDGE ( 'NONE', *, *, #3113, .T. ) ;
#6783 = CARTESIAN_POINT ( 'NONE',  ( 1.509999999999995124, 23.14000000000000412, -0.2500000000000005551 ) ) ;
#6784 = DIRECTION ( 'NONE',  ( 0.000000000000000000, 0.000000000000000000, 1.000000000000000222 ) ) ;
#6785 = ORIENTED_EDGE ( 'NONE', *, *, #1149, .F. ) ;
#6786 = SURFACE_STYLE_FILL_AREA ( #4917 ) ;
#6787 = DIRECTION ( 'NONE',  ( 0.000000000000000000, 0.000000000000000000, 1.000000000000000000 ) ) ;
#6788 = VERTEX_POINT ( 'NONE', #4002 ) ;
#6789 = CARTESIAN_POINT ( 'NONE',  ( 12.59999999999999609, -7.604772721475247188, -1.719999999999999973 ) ) ;
#6790 = CARTESIAN_POINT ( 'NONE',  ( 1.509999999999995124, 23.14000000000000412, 0.1000000000000006023 ) ) ;
#6791 = DIRECTION ( 'NONE',  ( 0.000000000000000000, -3.304235192336776301E-15, 1.000000000000000000 ) ) ;
#6792 =( LENGTH_UNIT ( ) NAMED_UNIT ( * ) SI_UNIT ( $, .METRE. ) );
#6793 = VERTEX_POINT ( 'NONE', #3414 ) ;
#6794 = VERTEX_POINT ( 'NONE', #5755 ) ;
#6795 = DIRECTION ( 'NONE',  ( -0.000000000000000000, -0.000000000000000000, -1.000000000000000000 ) ) ;
#6796 = LINE ( 'NONE', #3708, #7537 ) ;
#6797 = DIRECTION ( 'NONE',  ( -6.244223985518313956E-16, 3.590428791673030870E-15, 1.000000000000000000 ) ) ;
#6798 = EDGE_CURVE ( 'NONE', #4186, #3483, #2837, .T. ) ;
#6799 = ORIENTED_EDGE ( 'NONE', *, *, #1709, .F. ) ;
#6800 = ORIENTED_EDGE ( 'NONE', *, *, #6029, .F. ) ;
#6801 = EDGE_LOOP ( 'NONE', ( #2625, #355, #4951, #6295 ) ) ;
#6802 = FACE_OUTER_BOUND ( 'NONE', #4727, .T. ) ;
#6803 = VERTEX_POINT ( 'NONE', #4451 ) ;
#6804 = LINE ( 'NONE', #1521, #5818 ) ;
#6805 = ORIENTED_EDGE ( 'NONE', *, *, #7038, .T. ) ;
#6806 = EDGE_CURVE ( 'NONE', #3865, #6612, #6815, .T. ) ;
#6807 = PLANE ( 'NONE',  #1589 ) ;
#6808 = EDGE_CURVE ( 'NONE', #6788, #6251, #6418, .T. ) ;
#6809 = ORIENTED_EDGE ( 'NONE', *, *, #6650, .T. ) ;
#6810 = EDGE_CURVE ( 'NONE', #1158, #3078, #4143, .T. ) ;
#6811 = AXIS2_PLACEMENT_3D ( 'NONE', #2897, #7530, #2285 ) ;
#6812 = CARTESIAN_POINT ( 'NONE',  ( -12.60000000000000497, -9.449999999999999289, -1.770000000000000018 ) ) ;
#6813 = CARTESIAN_POINT ( 'NONE',  ( 4.454772721475242392, -3.099999999999999201, -1.719999999999999973 ) ) ;
#6814 = CARTESIAN_POINT ( 'NONE',  ( -4.454772721475258379, -3.099999999999999201, -1.770000000000000018 ) ) ;
#6815 = LINE ( 'NONE', #1530, #1725 ) ;
#6816 = ORIENTED_EDGE ( 'NONE', *, *, #4748, .F. ) ;
#6817 = ORIENTED_EDGE ( 'NONE', *, *, #1934, .T. ) ;
#6818 = DIRECTION ( 'NONE',  ( -1.000000000000000000, -0.000000000000000000, -0.000000000000000000 ) ) ;
#6819 = CARTESIAN_POINT ( 'NONE',  ( 7.843561962427146206, 2.349999999999996092, 5.327103587645313572E-15 ) ) ;
#6820 = CARTESIAN_POINT ( 'NONE',  ( -6.300000000000004263, -4.995227278524752457, -1.719999999999999973 ) ) ;
#6821 = LINE ( 'NONE', #6242, #748 ) ;
#6822 = VECTOR ( 'NONE', #2473, 39.37007874015748143 ) ;
#6823 = CARTESIAN_POINT ( 'NONE',  ( -12.53999999999999737, 0.2500000000000000000, 9.390000000000002345 ) ) ;
#6824 = DIRECTION ( 'NONE',  ( -0.000000000000000000, -0.000000000000000000, -1.000000000000000000 ) ) ;
#6825 = CARTESIAN_POINT ( 'NONE',  ( 1.509999999999995124, 2.349999999999996536, -0.3500000000000005884 ) ) ;
#6826 = ORIENTED_EDGE ( 'NONE', *, *, #7414, .F. ) ;
#6827 = CARTESIAN_POINT ( 'NONE',  ( -10.75477272147525909, -9.449999999999999289, -1.770000000000000018 ) ) ;
#6828 = AXIS2_PLACEMENT_3D ( 'NONE', #2573, #598, #7289 ) ;
#6829 = ORIENTED_EDGE ( 'NONE', *, *, #2177, .T. ) ;
#6830 = CYLINDRICAL_SURFACE ( 'NONE', #207, 0.1653543307086607073 ) ;
#6831 = PLANE ( 'NONE',  #4928 ) ;
#6832 = AXIS2_PLACEMENT_3D ( 'NONE', #765, #1337, #7083 ) ;
#6833 = AXIS2_PLACEMENT_3D ( 'NONE', #7444, #6870, #5538 ) ;
#6834 = ADVANCED_FACE ( 'NONE', ( #7042 ), #2910, .F. ) ;
#6835 = ORIENTED_EDGE ( 'NONE', *, *, #1935, .F. ) ;
#6836 = VERTEX_POINT ( 'NONE', #573 ) ;
#6837 = ORIENTED_EDGE ( 'NONE', *, *, #6944, .F. ) ;
#6838 = DIRECTION ( 'NONE',  ( 1.892934042853975533E-15, 1.000000000000000000, -3.590428791673030081E-15 ) ) ;
#6839 = B_SPLINE_CURVE_WITH_KNOTS ( 'NONE', 1,
 ( #5650, #6819 ),
 .UNSPECIFIED., .F., .F.,
 ( 2, 2 ),
 ( 0.000000000000000000, 1.000000000000000000 ),
 .UNSPECIFIED. ) ;
#6840 = VERTEX_POINT ( 'NONE', #6381 ) ;
#6841 = AXIS2_PLACEMENT_3D ( 'NONE', #1753, #693, #1902 ) ;
#6842 = CARTESIAN_POINT ( 'NONE',  ( 2.675354330708657358, 2.250000000000003553, 1.090354330708672492 ) ) ;
#6843 = VECTOR ( 'NONE', #1790, 39.37007874015748143 ) ;
#6844 = ORIENTED_EDGE ( 'NONE', *, *, #6504, .F. ) ;
#6845 = VECTOR ( 'NONE', #764, 39.37007874015748143 ) ;
#6846 = FACE_OUTER_BOUND ( 'NONE', #5984, .T. ) ;
#6847 = CARTESIAN_POINT ( 'NONE',  ( 1.409999999999979714, 3.000000000000023537, -0.9999999999999844569 ) ) ;
#6848 = AXIS2_PLACEMENT_3D ( 'NONE', #7528, #6946, #1654 ) ;
#6849 = ORIENTED_EDGE ( 'NONE', *, *, #1151, .F. ) ;
#6850 = ADVANCED_FACE ( 'NONE', ( #4105 ), #5789, .F. ) ;
#6851 = DIRECTION ( 'NONE',  ( -2.731847993664263218E-17, -1.000000000000000000, 0.000000000000000000 ) ) ;
#6852 = CARTESIAN_POINT ( 'NONE',  ( -7.029999999999996696, 0.2500000000000000000, -9.389999999999998792 ) ) ;
#6853 = EDGE_CURVE ( 'NONE', #3332, #4062, #1141, .T. ) ;
#6854 = DIRECTION ( 'NONE',  ( 0.000000000000000000, 0.000000000000000000, 1.000000000000000000 ) ) ;
#6855 = AXIS2_PLACEMENT_3D ( 'NONE', #6394, #4504, #7554 ) ;
#6856 = EDGE_CURVE ( 'NONE', #1061, #6505, #6530, .T. ) ;
#6857 = VERTEX_POINT ( 'NONE', #6112 ) ;
#6858 = ORIENTED_EDGE ( 'NONE', *, *, #4344, .T. ) ;
#6859 = AXIS2_PLACEMENT_3D ( 'NONE', #3610, #122, #5250 ) ;
#6860 = CARTESIAN_POINT ( 'NONE',  ( 1.409999999999995035, -1.203720522208314656E-16, 9.561467977824921067E-15 ) ) ;
#6861 = CARTESIAN_POINT ( 'NONE',  ( 4.454772721475242392, -3.149999999999998579, -1.719999999999999973 ) ) ;
#6862 = CARTESIAN_POINT ( 'NONE',  ( -8.741913579725642299E-15, 1.354772721475252073, -1.719999999999999973 ) ) ;
#6863 = CARTESIAN_POINT ( 'NONE',  ( -11.60000000000002451, -8.449999999999999289, -1.645000000000000018 ) ) ;
#6864 = CARTESIAN_POINT ( 'NONE',  ( -4.370956789862821150E-15, -4.995227278524752457, -1.770000000000000018 ) ) ;
#6865 = VECTOR ( 'NONE', #7000, 39.37007874015748143 ) ;
#6866 = CARTESIAN_POINT ( 'NONE',  ( -11.60000000000002451, 8.449999999999999289, -1.719999999999999973 ) ) ;
#6867 = LINE ( 'NONE', #5219, #3182 ) ;
#6868 = CARTESIAN_POINT ( 'NONE',  ( -0.05999999999999443973, 85.29999999999999716, 0.6100000000000025402 ) ) ;
#6869 = ORIENTED_EDGE ( 'NONE', *, *, #5311, .T. ) ;
#6870 = DIRECTION ( 'NONE',  ( -0.000000000000000000, -0.000000000000000000, -1.000000000000000000 ) ) ;
#6871 = ORIENTED_EDGE ( 'NONE', *, *, #6703, .T. ) ;
#6872 = LINE ( 'NONE', #4428, #4257 ) ;
#6873 = CARTESIAN_POINT ( 'NONE',  ( 5.984739045710472105, 5.904211647661679052, 0.000000000000000000 ) ) ;
#6874 = DIRECTION ( 'NONE',  ( -3.304235192336789711E-15, 0.000000000000000000, -1.000000000000000000 ) ) ;
#6875 = ORIENTED_EDGE ( 'NONE', *, *, #1468, .F. ) ;
#6876 = ORIENTED_EDGE ( 'NONE', *, *, #3259, .F. ) ;
#6877 = DIRECTION ( 'NONE',  ( 0.8571673007021125557, 1.049727191138618942E-16, -0.5150380749100536004 ) ) ;
#6878 = VERTEX_POINT ( 'NONE', #1255 ) ;
#6879 = DIRECTION ( 'NONE',  ( 0.7071067811865476838, 0.7071067811865473507, 0.000000000000000000 ) ) ;
#6880 = ORIENTED_EDGE ( 'NONE', *, *, #1012, .F. ) ;
#6881 = DIRECTION ( 'NONE',  ( -1.000000000000000000, 0.000000000000000000, 3.613946018757868503E-15 ) ) ;
#6882 = EDGE_CURVE ( 'NONE', #6765, #2009, #831, .T. ) ;
#6883 = VERTEX_POINT ( 'NONE', #7111 ) ;
#6884 = FACE_OUTER_BOUND ( 'NONE', #821, .T. ) ;
#6885 = EDGE_CURVE ( 'NONE', #448, #7525, #1179, .T. ) ;
#6886 = VECTOR ( 'NONE', #5205, 39.37007874015748143 ) ;
#6887 = AXIS2_PLACEMENT_3D ( 'NONE', #284, #6713, #6791 ) ;
#6888 = LINE ( 'NONE', #1603, #4070 ) ;
#6889 = EDGE_CURVE ( 'NONE', #6207, #1443, #3598, .T. ) ;
#6890 =( REPRESENTATION_RELATIONSHIP ('NONE','NONE', #754, #6547 ) REPRESENTATION_RELATIONSHIP_WITH_TRANSFORMATION ( #6896 )SHAPE_REPRESENTATION_RELATIONSHIP( ) );
#6891 = VECTOR ( 'NONE', #744, 39.37007874015748143 ) ;
#6892 = EDGE_CURVE ( 'NONE', #2037, #7, #3310, .T. ) ;
#6893 = VECTOR ( 'NONE', #2581, 39.37007874015748143 ) ;
#6894 = EDGE_LOOP ( 'NONE', ( #606, #6993, #2424 ) ) ;
#6895 =( REPRESENTATION_RELATIONSHIP ('NONE','NONE', #754, #6547 ) REPRESENTATION_RELATIONSHIP_WITH_TRANSFORMATION ( #4559 )SHAPE_REPRESENTATION_RELATIONSHIP( ) );
#6896 = ITEM_DEFINED_TRANSFORMATION ( 'NONE', 'NONE', #5473,  #5850 ) ;
#6897 = VERTEX_POINT ( 'NONE', #3519 ) ;
#6898 = DIRECTION ( 'NONE',  ( -6.008312623895946951E-30, -3.491481338843132961E-15, 1.000000000000000000 ) ) ;
#6899 = LINE ( 'NONE', #6351, #3000 ) ;
#6900 = CARTESIAN_POINT ( 'NONE',  ( 0.000000000000000000, 0.000000000000000000, -1.770000000000000018 ) ) ;
#6901 = VECTOR ( 'NONE', #1906, 39.37007874015748143 ) ;
#6902 = ADVANCED_FACE ( 'NONE', ( #3481 ), #2979, .F. ) ;
#6903 = AXIS2_PLACEMENT_3D ( 'NONE', #1483, #6253, #5706 ) ;
#6904 = LINE ( 'NONE', #4534, #2337 ) ;
#6905 = EDGE_CURVE ( 'NONE', #1448, #2811, #1109, .T. ) ;
#6906 = EDGE_CURVE ( 'NONE', #6878, #545, #4700, .T. ) ;
#6907 = LINE ( 'NONE', #6123, #1643 ) ;
#6908 = CARTESIAN_POINT ( 'NONE',  ( -10.75477272147525909, 3.250000000000000444, -1.719999999999999973 ) ) ;
#6909 = CARTESIAN_POINT ( 'NONE',  ( 113.3400000000000034, -1.750000000000017319, -9.971245176874560452E-15 ) ) ;
#6910 = EDGE_LOOP ( 'NONE', ( #2383, #7562, #4968, #4551, #7270, #3564, #2782, #7384, #2120, #7228, #7479, #6675, #6678, #4657, #6532, #6072, #7044, #4197, #5882, #4109, #1368, #6135, #3080, #4138, #4636, #2026 ) ) ;
#6911 = DIRECTION ( 'NONE',  ( 0.000000000000000000, 1.000000000000000000, 0.000000000000000000 ) ) ;
#6912 = VERTEX_POINT ( 'NONE', #2443 ) ;
#6913 = LINE ( 'NONE', #7093, #1551 ) ;
#6914 = PRESENTATION_STYLE_ASSIGNMENT (( #2279 ) ) ;
#6915 = LINE ( 'NONE', #4468, #2238 ) ;
#6916 = ORIENTED_EDGE ( 'NONE', *, *, #408, .F. ) ;
#6917 = ORIENTED_EDGE ( 'NONE', *, *, #4748, .T. ) ;
#6918 = DIRECTION ( 'NONE',  ( -0.000000000000000000, -0.000000000000000000, 1.000000000000000000 ) ) ;
#6919 = EDGE_LOOP ( 'NONE', ( #3903, #7382, #1556, #7168 ) ) ;
#6920 = CARTESIAN_POINT ( 'NONE',  ( 11.60000000000002451, -8.449999999999999289, -1.770000000000000018 ) ) ;
#6921 = ORIENTED_EDGE ( 'NONE', *, *, #1143, .T. ) ;
#6922 = DIRECTION ( 'NONE',  ( 0.7071067811865476838, 0.7071067811865473507, -0.000000000000000000 ) ) ;
#6923 = VECTOR ( 'NONE', #6051, 39.37007874015748143 ) ;
#6924 = ORIENTED_EDGE ( 'NONE', *, *, #905, .F. ) ;
#6925 = DIRECTION ( 'NONE',  ( 1.000000000000000000, -0.000000000000000000, -3.512375991854053104E-15 ) ) ;
#6926 = CARTESIAN_POINT ( 'NONE',  ( 11.60000000000002451, 8.449999999999999289, -0.8892042454095879789 ) ) ;
#6927 = LINE ( 'NONE', #7041, #241 ) ;
#6928 = CARTESIAN_POINT ( 'NONE',  ( 1.790872624858488305, 16.70033416803600801, 0.000000000000000000 ) ) ;
#6929 = ADVANCED_FACE ( 'NONE', ( #1715 ), #5313, .F. ) ;
#6930 = VECTOR ( 'NONE', #1315, 39.37007874015748854 ) ;
#6931 = ORIENTED_EDGE ( 'NONE', *, *, #3062, .T. ) ;
#6932 = VERTEX_POINT ( 'NONE', #1820 ) ;
#6933 = DIRECTION ( 'NONE',  ( 0.000000000000000000, -1.000000000000000000, -3.491481338843132961E-15 ) ) ;
#6934 = PLANE ( 'NONE',  #6961 ) ;
#6935 = LINE ( 'NONE', #1117, #563 ) ;
#6936 = EDGE_CURVE ( 'NONE', #6395, #5168, #4781, .T. ) ;
#6937 = CARTESIAN_POINT ( 'NONE',  ( 4.344645669291334222, 2.250000000000001332, -1.009645669291335368 ) ) ;
#6938 = EDGE_CURVE ( 'NONE', #4590, #1972, #4634, .T. ) ;
#6939 = DIRECTION ( 'NONE',  ( -1.000000000000000000, 0.000000000000000000, -0.000000000000000000 ) ) ;
#6940 = EDGE_CURVE ( 'NONE', #4837, #5299, #147, .T. ) ;
#6941 = DIRECTION ( 'NONE',  ( 0.000000000000000000, 0.000000000000000000, 1.000000000000000000 ) ) ;
#6942 = EDGE_LOOP ( 'NONE', ( #2083, #5415, #1698, #6017 ) ) ;
#6943 = CARTESIAN_POINT ( 'NONE',  ( 2.417076221633455813, 14.47682303524409875, 0.000000000000000000 ) ) ;
#6944 = EDGE_CURVE ( 'NONE', #5176, #4935, #2478, .T. ) ;
#6945 = VERTEX_POINT ( 'NONE', #5628 ) ;
#6946 = DIRECTION ( 'NONE',  ( 0.000000000000000000, 0.000000000000000000, 1.000000000000000000 ) ) ;
#6947 = CARTESIAN_POINT ( 'NONE',  ( 4.187864042533941067, 14.83317831032973011, 0.000000000000000000 ) ) ;
#6948 = CARTESIAN_POINT ( 'NONE',  ( 0.000000000000000000, 0.000000000000000000, -1.770000000000000018 ) ) ;
#6949 = ADVANCED_FACE ( 'NONE', ( #6566, #4964, #4469, #373, #904 ), #2123, .T. ) ;
#6950 = LINE ( 'NONE', #1809, #174 ) ;
#6951 = AXIS2_PLACEMENT_3D ( 'NONE', #7534, #382, #2716 ) ;
#6952 = EDGE_LOOP ( 'NONE', ( #6724, #2941, #2394 ) ) ;
#6953 = VERTEX_POINT ( 'NONE', #1291 ) ;
#6954 = CARTESIAN_POINT ( 'NONE',  ( 1.509999999999995124, 2.349999999999996536, 0.09999999999999882594 ) ) ;
#6955 = PRODUCT_DEFINITION_SHAPE ( 'NONE', 'NONE',  #7601 ) ;
#6956 = ORIENTED_EDGE ( 'NONE', *, *, #1885, .F. ) ;
#6957 = DIRECTION ( 'NONE',  ( 1.000000000000000000, 0.000000000000000000, -3.512375991854052315E-15 ) ) ;
#6958 = ORIENTED_EDGE ( 'NONE', *, *, #1436, .T. ) ;
#6959 = PLANE ( 'NONE',  #1342 ) ;
#6960 = AXIS2_PLACEMENT_3D ( 'NONE', #4992, #3226, #7327 ) ;
#6961 = AXIS2_PLACEMENT_3D ( 'NONE', #6456, #508, #6388 ) ;
#6962 = ORIENTED_EDGE ( 'NONE', *, *, #6511, .T. ) ;
#6963 = LINE ( 'NONE', #568, #6649 ) ;
#6964 = VECTOR ( 'NONE', #3839, 39.37007874015748143 ) ;
#6965 = VECTOR ( 'NONE', #3318, 39.37007874015748143 ) ;
#6966 = CARTESIAN_POINT ( 'NONE',  ( 7.858629919233210082, 2.249999999999996003, -0.3369076960899067275 ) ) ;
#6967 = CARTESIAN_POINT ( 'NONE',  ( 10.75477272147524310, -3.149999999999998579, -1.719999999999999973 ) ) ;
#6968 = DIRECTION ( 'NONE',  ( 0.000000000000000000, 3.304235192336770779E-15, 1.000000000000000000 ) ) ;
#6969 = VECTOR ( 'NONE', #5562, 39.37007874015748143 ) ;
#6970 = ORIENTED_EDGE ( 'NONE', *, *, #540, .T. ) ;
#6971 = CONTEXT_DEPENDENT_SHAPE_REPRESENTATION ( #466, #7013 ) ;
#6972 = VERTEX_POINT ( 'NONE', #3639 ) ;
#6973 = CARTESIAN_POINT ( 'NONE',  ( -12.60000000000000853, 1.354772721475252073, -1.719999999999999973 ) ) ;
#6974 = LINE ( 'NONE', #4531, #4966 ) ;
#6975 = CARTESIAN_POINT ( 'NONE',  ( 6.675354330708656470, 1.999374015748015321, 1.090354330708671604 ) ) ;
#6976 = LINE ( 'NONE', #6937, #5035 ) ;
#6977 = VECTOR ( 'NONE', #5605, 39.37007874015748143 ) ;
#6978 = FACE_OUTER_BOUND ( 'NONE', #3301, .T. ) ;
#6979 = EDGE_CURVE ( 'NONE', #4785, #3524, #1442, .T. ) ;
#6980 =( CONVERSION_BASED_UNIT ( 'INCH', #5843 ) LENGTH_UNIT ( ) NAMED_UNIT ( #843 ) );
#6981 = ORIENTED_EDGE ( 'NONE', *, *, #3492, .F. ) ;
#6982 = CARTESIAN_POINT ( 'NONE',  ( 5.984739045710472105, 5.904211647661679052, 0.000000000000000000 ) ) ;
#6983 = ORIENTED_EDGE ( 'NONE', *, *, #7226, .F. ) ;
#6984 = LINE ( 'NONE', #1052, #7468 ) ;
#6985 = EDGE_CURVE ( 'NONE', #3613, #3986, #3284, .T. ) ;
#6986 = CARTESIAN_POINT ( 'NONE',  ( 1.409999999999979714, 3.000000000000023537, -0.9999999999999844569 ) ) ;
#6987 = AXIS2_PLACEMENT_3D ( 'NONE', #1231, #658, #7089 ) ;
#6988 = PLANE ( 'NONE',  #1618 ) ;
#6989 = EDGE_CURVE ( 'NONE', #2144, #3039, #4219, .T. ) ;
#6990 = CARTESIAN_POINT ( 'NONE',  ( -10.75477272147525909, -9.449999999999999289, -1.770000000000000018 ) ) ;
#6991 = DIRECTION ( 'NONE',  ( -1.000000000000000000, -0.000000000000000000, -0.000000000000000000 ) ) ;
#6992 = EDGE_CURVE ( 'NONE', #6490, #6836, #6771, .T. ) ;
#6993 = ORIENTED_EDGE ( 'NONE', *, *, #6882, .F. ) ;
#6994 = FACE_OUTER_BOUND ( 'NONE', #6102, .T. ) ;
#6995 = EDGE_LOOP ( 'NONE', ( #1990, #7103, #987, #2259 ) ) ;
#6996 = DIRECTION ( 'NONE',  ( 1.000000000000000000, 0.000000000000000000, 0.000000000000000000 ) ) ;
#6997 = VERTEX_POINT ( 'NONE', #291 ) ;
#6998 = DIRECTION ( 'NONE',  ( 1.000000000000000000, -0.000000000000000000, 3.512375991854052315E-15 ) ) ;
#6999 = CARTESIAN_POINT ( 'NONE',  ( 7.858629916778408386, 1.999999999999995559, -0.3041768542125987684 ) ) ;
#7000 = DIRECTION ( 'NONE',  ( -1.000000000000000000, -0.000000000000000000, -0.000000000000000000 ) ) ;
#7001 = CARTESIAN_POINT ( 'NONE',  ( 2.675354330708656025, 1.999374015748023314, 0.7596456692913488018 ) ) ;
#7002 = ORIENTED_EDGE ( 'NONE', *, *, #5890, .T. ) ;
#7003 = VECTOR ( 'NONE', #2628, 39.37007874015748143 ) ;
#7004 = APPLICATION_PROTOCOL_DEFINITION ( 'draft international standard', 'automotive_design', 1998, #6345 ) ;
#7005 = CIRCLE ( 'NONE', #2568, 0.1653543307086609571 ) ;
#7006 = ORIENTED_EDGE ( 'NONE', *, *, #5512, .F. ) ;
#7007 = LINE ( 'NONE', #4602, #3569 ) ;
#7008 = CARTESIAN_POINT ( 'NONE',  ( 7.854520654142384650, 2.044174764076005069, -0.1737333568701807107 ) ) ;
#7009 = DIRECTION ( 'NONE',  ( 0.000000000000000000, 0.000000000000000000, -1.000000000000000000 ) ) ;
#7010 = CARTESIAN_POINT ( 'NONE',  ( 10.75477272147524310, 3.250000000000000444, -1.719999999999999973 ) ) ;
#7011 = AXIS2_PLACEMENT_3D ( 'NONE', #4201, #5965, #1845 ) ;
#7012 = AXIS2_PLACEMENT_3D ( 'NONE', #4412, #6739, #2065 ) ;
#7013 = PRODUCT_DEFINITION_SHAPE ( 'NONE', 'NONE',  #7578 ) ;
#7014 = LENGTH_MEASURE_WITH_UNIT ( LENGTH_MEASURE( 0.02539999999999999897 ), #5 );
#7015 = VERTEX_POINT ( 'NONE', #7188 ) ;
#7016 = CARTESIAN_POINT ( 'NONE',  ( 2.675354330708656025, 2.000000000000004441, 0.7596456692913488018 ) ) ;
#7017 = AXIS2_PLACEMENT_3D ( 'NONE', #5689, #2768, #541 ) ;
#7018 = ORIENTED_EDGE ( 'NONE', *, *, #4115, .T. ) ;
#7019 = AXIS2_PLACEMENT_3D ( 'NONE', #1401, #143, #3750 ) ;
#7020 = DIRECTION ( 'NONE',  ( 1.000000000000000000, 0.000000000000000000, -0.000000000000000000 ) ) ;
#7021 = DIRECTION ( 'NONE',  ( -1.000000000000000000, 0.000000000000000000, 0.000000000000000000 ) ) ;
#7022 = PLANE ( 'NONE',  #5764 ) ;
#7023 = VECTOR ( 'NONE', #5719, 39.37007874015748143 ) ;
#7024 = DIRECTION ( 'NONE',  ( 1.720849129867249803E-15, 1.000000000000000000, 3.434323192035072183E-15 ) ) ;
#7025 = ORIENTED_EDGE ( 'NONE', *, *, #4344, .F. ) ;
#7026 = EDGE_CURVE ( 'NONE', #1270, #2260, #7339, .T. ) ;
#7027 = ORIENTED_EDGE ( 'NONE', *, *, #4432, .T. ) ;
#7028 = DIRECTION ( 'NONE',  ( -0.7071067811865473507, 0.7071067811865476838, 0.000000000000000000 ) ) ;
#7029 = CARTESIAN_POINT ( 'NONE',  ( -10.75477272147525909, -3.099999999999999201, -1.719999999999999973 ) ) ;
#7030 = ORIENTED_EDGE ( 'NONE', *, *, #3876, .F. ) ;
#7031 = LINE ( 'NONE', #6481, #2641 ) ;
#7032 = ADVANCED_FACE ( 'NONE', ( #2089 ), #6172, .F. ) ;
#7033 = UNCERTAINTY_MEASURE_WITH_UNIT (LENGTH_MEASURE( 1.000000000000000082E-05 ), #3567, 'distance_accuracy_value', 'NONE');
#7034 = ORIENTED_EDGE ( 'NONE', *, *, #5544, .F. ) ;
#7035 = DIRECTION ( 'NONE',  ( -0.000000000000000000, -0.000000000000000000, -1.000000000000000000 ) ) ;
#7036 = EDGE_CURVE ( 'NONE', #183, #6803, #1859, .T. ) ;
#7037 = DIRECTION ( 'NONE',  ( 0.000000000000000000, -0.000000000000000000, 1.000000000000000000 ) ) ;
#7038 = EDGE_CURVE ( 'NONE', #2472, #6167, #1512, .T. ) ;
#7040 = AXIS2_PLACEMENT_3D ( 'NONE', #2668, #5006, #3858 ) ;
#7039 = CARTESIAN_POINT ( 'NONE',  ( -10.75477272147525909, 3.200000000000001954, -1.719999999999999973 ) ) ;
#7041 = CARTESIAN_POINT ( 'NONE',  ( -12.53999999999999737, 0.2500000000000000000, 9.390000000000002345 ) ) ;
#7042 = FACE_OUTER_BOUND ( 'NONE', #5533, .T. ) ;
#7043 = AXIS2_PLACEMENT_3D ( 'NONE', #5699, #2778, #4771 ) ;
#7044 = ORIENTED_EDGE ( 'NONE', *, *, #3925, .F. ) ;
#7045 = ADVANCED_FACE ( 'NONE', ( #5050 ), #5980, .F. ) ;
#7046 = ORIENTED_EDGE ( 'NONE', *, *, #2647, .F. ) ;
#7047 = DIRECTION ( 'NONE',  ( -1.720849129867250000E-15, -1.000000000000000000, -3.434323192035072971E-15 ) ) ;
#7048 = CARTESIAN_POINT ( 'NONE',  ( -12.53999999999999737, 0.000000000000000000, -9.389999999999998792 ) ) ;
#7049 = DIRECTION ( 'NONE',  ( 0.000000000000000000, 0.000000000000000000, -1.000000000000000000 ) ) ;
#7050 =( BOUNDED_CURVE ( )  B_SPLINE_CURVE ( 3, ( #3570, #5324, #81, #2420 ),
 .UNSPECIFIED., .F., .F. ) 
 B_SPLINE_CURVE_WITH_KNOTS ( ( 4, 4 ),
 ( 3.141592653589793116, 6.283185307179586232 ),
 .UNSPECIFIED. ) 
 CURVE ( )  GEOMETRIC_REPRESENTATION_ITEM ( )  RATIONAL_B_SPLINE_CURVE ( ( 1.000000000000000000, 0.3333333333333333703, 0.3333333333333333703, 1.000000000000000000 ) ) 
 REPRESENTATION_ITEM ( '' )  );
#7051 = CARTESIAN_POINT ( 'NONE',  ( -4.530000000000002913, 0.2500000000000000000, 7.930136022756446579 ) ) ;
#7052 = DIRECTION ( 'NONE',  ( -2.468850131082264160E-15, 0.7071067811865479058, -0.7071067811865471286 ) ) ;
#7053 = CARTESIAN_POINT ( 'NONE',  ( 25.13999999999999346, 47.50000000000000000, 0.6100000000000025402 ) ) ;
#7054 = ORIENTED_EDGE ( 'NONE', *, *, #3830, .T. ) ;
#7055 = DIRECTION ( 'NONE',  ( -0.000000000000000000, -0.000000000000000000, -1.000000000000000000 ) ) ;
#7056 = ORIENTED_EDGE ( 'NONE', *, *, #7216, .T. ) ;
#7057 = DIRECTION ( 'NONE',  ( -3.304235192336789711E-15, 0.000000000000000000, -1.000000000000000000 ) ) ;
#7058 = FACE_OUTER_BOUND ( 'NONE', #1296, .T. ) ;
#7059 = CARTESIAN_POINT ( 'NONE',  ( 12.59999999999999609, -7.604772721475247188, -1.719999999999999973 ) ) ;
#7060 = CARTESIAN_POINT ( 'NONE',  ( 2.420580475199245019, 19.71186723724616385, 0.000000000000000000 ) ) ;
#7061 = VERTEX_POINT ( 'NONE', #863 ) ;
#7062 = DIRECTION ( 'NONE',  ( -0.000000000000000000, -0.000000000000000000, -1.000000000000000000 ) ) ;
#7063 = CARTESIAN_POINT ( 'NONE',  ( 5.984739045710472105, 5.904211647661679052, -0.2500000000000000555 ) ) ;
#7064 = ORIENTED_EDGE ( 'NONE', *, *, #5742, .T. ) ;
#7065 = LINE ( 'NONE', #5343, #6441 ) ;
#7066 = EDGE_CURVE ( 'NONE', #4168, #2742, #3205, .T. ) ;
#7067 = VECTOR ( 'NONE', #3171, 39.37007874015748143 ) ;
#7068 = ORIENTED_EDGE ( 'NONE', *, *, #6093, .T. ) ;
#7069 = CARTESIAN_POINT ( 'NONE',  ( -7.029999999999996696, 0.000000000000000000, 9.390000000000002345 ) ) ;
#7070 = DIRECTION ( 'NONE',  ( -3.304235192336789711E-15, 0.000000000000000000, -1.000000000000000000 ) ) ;
#7071 = AXIS2_PLACEMENT_3D ( 'NONE', #6861, #2033, #3930 ) ;
#7072 = CARTESIAN_POINT ( 'NONE',  ( -8.741913579725642299E-15, -4.995227278524748016, -1.719999999999999973 ) ) ;
#7073 = PRODUCT_DEFINITION_SHAPE ( 'NONE', 'NONE',  #7610 ) ;
#7074 = CARTESIAN_POINT ( 'NONE',  ( -12.60000000000000497, 9.449999999999999289, -1.770000000000000018 ) ) ;
#7075 = EDGE_CURVE ( 'NONE', #2738, #1462, #1162, .T. ) ;
#7076 = VECTOR ( 'NONE', #777, 39.37007874015748143 ) ;
#7077 = VECTOR ( 'NONE', #2545, 39.37007874015748854 ) ;
#7078 = EDGE_LOOP ( 'NONE', ( #3914, #5590, #4454, #292 ) ) ;
#7079 = CARTESIAN_POINT ( 'NONE',  ( 1.209354858209618300, 19.18501125138071828, 0.000000000000000000 ) ) ;
#7080 = CARTESIAN_POINT ( 'NONE',  ( 7.860000000000005649, 2.249999999999998224, 1.666427276135200583E-14 ) ) ;
#7081 = SURFACE_STYLE_USAGE ( .BOTH. , #5434 ) ;
#7082 = EDGE_CURVE ( 'NONE', #1728, #3524, #2281, .T. ) ;
#7083 = DIRECTION ( 'NONE',  ( -1.000000000000000000, 2.093734754490789434E-16, 0.000000000000000000 ) ) ;
#7084 = VECTOR ( 'NONE', #5949, 39.37007874015748143 ) ;
#7085 = EDGE_CURVE ( 'NONE', #4782, #942, #2242, .T. ) ;
#7086 = DIRECTION ( 'NONE',  ( 1.000000000000000000, 0.000000000000000000, 0.000000000000000000 ) ) ;
#7087 = AXIS2_PLACEMENT_3D ( 'NONE', #13, #2890, #4647 ) ;
#7088 = LINE ( 'NONE', #4676, #1713 ) ;
#7089 = DIRECTION ( 'NONE',  ( -3.512375991854046399E-15, 1.720849129867249803E-15, -1.000000000000000000 ) ) ;
#7090 = VERTEX_POINT ( 'NONE', #2893 ) ;
#7091 = DIRECTION ( 'NONE',  ( -0.000000000000000000, -0.000000000000000000, 1.000000000000000000 ) ) ;
#7092 = ORIENTED_EDGE ( 'NONE', *, *, #1236, .T. ) ;
#7093 = CARTESIAN_POINT ( 'NONE',  ( 4.529999999999996696, 0.000000000000000000, 7.930136022756444802 ) ) ;
#7094 =( BOUNDED_SURFACE ( )  B_SPLINE_SURFACE ( 3, 1, ( 
 ( #4922, #242 ),
 ( #93, #3704 ),
 ( #4885, #7254 ),
 ( #3038, #7295 ) ),
 .UNSPECIFIED., .F., .F., .T. ) 
 B_SPLINE_SURFACE_WITH_KNOTS ( ( 4, 4 ),
 ( 2, 2 ),
 ( 0.000000000000000000, 1.000000000000000000 ),
 ( 0.000000000000000000, 1.000000000000000000 ),
 .UNSPECIFIED. ) 
 GEOMETRIC_REPRESENTATION_ITEM ( )  RATIONAL_B_SPLINE_SURFACE ( (
 ( 1.000000000000000000, 1.000000000000000000),
 ( 0.3333333333333333703, 0.3333333333333333703),
 ( 0.3333333333333333703, 0.3333333333333333703),
 ( 1.000000000000000000, 1.000000000000000000) ) ) 
 REPRESENTATION_ITEM ( '' )  SURFACE ( )  );
#7095 = VERTEX_POINT ( 'NONE', #1656 ) ;
#7096 = CYLINDRICAL_SURFACE ( 'NONE', #864, 0.1377952755905512972 ) ;
#7097 =( GEOMETRIC_REPRESENTATION_CONTEXT ( 3 ) GLOBAL_UNCERTAINTY_ASSIGNED_CONTEXT ( ( #5860 ) ) GLOBAL_UNIT_ASSIGNED_CONTEXT ( ( #3740, #6087, #3159 ) ) REPRESENTATION_CONTEXT ( 'NONE', 'WORKASPACE' ) );
#7098 = DIRECTION ( 'NONE',  ( -0.000000000000000000, -1.000000000000000000, -0.000000000000000000 ) ) ;
#7099 = CARTESIAN_POINT ( 'NONE',  ( 6.299999999999995381, 5.095227278524752990, -1.770000000000000018 ) ) ;
#7100 = CARTESIAN_POINT ( 'NONE',  ( 5.399089659523567342, 16.17579296006381284, 0.000000000000000000 ) ) ;
#7101 = EDGE_LOOP ( 'NONE', ( #6039, #3446 ) ) ;
#7102 = LINE ( 'NONE', #6556, #7452 ) ;
#7103 = ORIENTED_EDGE ( 'NONE', *, *, #6938, .T. ) ;
#7104 = AXIS2_PLACEMENT_3D ( 'NONE', #3146, #4453, #1989 ) ;
#7105 = DIRECTION ( 'NONE',  ( -0.000000000000000000, -0.000000000000000000, -1.000000000000000000 ) ) ;
#7106 = DIRECTION ( 'NONE',  ( -0.000000000000000000, -0.000000000000000000, -1.000000000000000000 ) ) ;
#7107 = ORIENTED_EDGE ( 'NONE', *, *, #3499, .F. ) ;
#7108 = LINE ( 'NONE', #602, #262 ) ;
#7109 = DIRECTION ( 'NONE',  ( 0.7071067811865474617, 0.7071067811865474617, 0.000000000000000000 ) ) ;
#7110 = CARTESIAN_POINT ( 'NONE',  ( 1.790872624858488305, 16.70033416803600801, 0.000000000000000000 ) ) ;
#7111 = CARTESIAN_POINT ( 'NONE',  ( -4.454772721475258379, -3.149999999999997691, -1.770000000000000018 ) ) ;
#7112 = ORIENTED_EDGE ( 'NONE', *, *, #6038, .T. ) ;
#7113 = VERTEX_POINT ( 'NONE', #553 ) ;
#7114 = CONTEXT_DEPENDENT_SHAPE_REPRESENTATION ( #5286, #1895 ) ;
#7115 = ORIENTED_EDGE ( 'NONE', *, *, #1610, .T. ) ;
#7116 = CARTESIAN_POINT ( 'NONE',  ( -12.60000000000000497, -9.449999999999999289, -1.770000000000000018 ) ) ;
#7117 = PLANE ( 'NONE',  #7318 ) ;
#7118 = DIRECTION ( 'NONE',  ( -0.000000000000000000, -0.000000000000000000, 1.000000000000000000 ) ) ;
#7119 = DIRECTION ( 'NONE',  ( 0.000000000000000000, 0.000000000000000000, 1.000000000000000000 ) ) ;
#7120 = ADVANCED_FACE ( 'NONE', ( #2317 ), #7022, .T. ) ;
#7121 = CYLINDRICAL_SURFACE ( 'NONE', #4661, 51.95339843179001349 ) ;
#7122 = EDGE_CURVE ( 'NONE', #4785, #2246, #745, .T. ) ;
#7123 = VECTOR ( 'NONE', #7485, 39.37007874015748854 ) ;
#7124 = DIRECTION ( 'NONE',  ( -0.000000000000000000, -0.000000000000000000, -1.000000000000000000 ) ) ;
#7125 = DIRECTION ( 'NONE',  ( 1.000000000000000000, 0.000000000000000000, 0.000000000000000000 ) ) ;
#7126 = ORIENTED_EDGE ( 'NONE', *, *, #1378, .T. ) ;
#7127 = FACE_BOUND ( 'NONE', #2433, .T. ) ;
#7128 = ORIENTED_EDGE ( 'NONE', *, *, #2511, .T. ) ;
#7129 = EDGE_CURVE ( 'NONE', #5480, #4516, #496, .T. ) ;
#7130 = CARTESIAN_POINT ( 'NONE',  ( 4.187864042533941067, 15.64893697419836904, 0.000000000000000000 ) ) ;
#7131 = EDGE_CURVE ( 'NONE', #6008, #2127, #4165, .T. ) ;
#7132 = VERTEX_POINT ( 'NONE', #6043 ) ;
#7133 = AXIS2_PLACEMENT_3D ( 'NONE', #67, #2406, #4737 ) ;
#7134 =( GEOMETRIC_REPRESENTATION_CONTEXT ( 3 ) GLOBAL_UNCERTAINTY_ASSIGNED_CONTEXT ( ( #2939 ) ) GLOBAL_UNIT_ASSIGNED_CONTEXT ( ( #1120, #7523, #5113 ) ) REPRESENTATION_CONTEXT ( 'NONE', 'WORKASPACE' ) );
#7135 = CARTESIAN_POINT ( 'NONE',  ( 10.75477272147524310, 9.550000000000000711, -1.719999999999999973 ) ) ;
#7136 = EDGE_CURVE ( 'NONE', #726, #942, #5887, .T. ) ;
#7137 = DIRECTION ( 'NONE',  ( 1.000000000000000000, -0.000000000000000000, 3.512375991854052315E-15 ) ) ;
#7138 = CARTESIAN_POINT ( 'NONE',  ( 1.409999999999979714, 3.000000000000023537, -0.9999999999999844569 ) ) ;
#7139 = DIRECTION ( 'NONE',  ( 1.000000000000000000, 0.000000000000000000, -3.512375991854052315E-15 ) ) ;
#7140 = VECTOR ( 'NONE', #4347, 39.37007874015748143 ) ;
#7141 = VECTOR ( 'NONE', #6998, 39.37007874015748143 ) ;
#7142 = ORIENTED_EDGE ( 'NONE', *, *, #5826, .T. ) ;
#7143 =( REPRESENTATION_RELATIONSHIP ('NONE','NONE', #754, #6547 ) REPRESENTATION_RELATIONSHIP_WITH_TRANSFORMATION ( #2949 )SHAPE_REPRESENTATION_RELATIONSHIP( ) );
#7144 = DIRECTION ( 'NONE',  ( 0.000000000000000000, 3.304235192336776301E-15, -1.000000000000000000 ) ) ;
#7145 = EDGE_LOOP ( 'NONE', ( #220, #5794, #3854, #3843 ) ) ;
#7146 = LINE ( 'NONE', #1853, #4712 ) ;
#7147 = VECTOR ( 'NONE', #1981, 39.37007874015748143 ) ;
#7148 = AXIS2_PLACEMENT_3D ( 'NONE', #3399, #5194, #6437 ) ;
#7149 = VERTEX_POINT ( 'NONE', #6630 ) ;
#7150 = VERTEX_POINT ( 'NONE', #91 ) ;
#7151 = LINE ( 'NONE', #2514, #7512 ) ;
#7152 = FACE_OUTER_BOUND ( 'NONE', #3426, .T. ) ;
#7153 = DIRECTION ( 'NONE',  ( -1.000000000000000000, 0.000000000000000000, 0.000000000000000000 ) ) ;
#7154 = ORIENTED_EDGE ( 'NONE', *, *, #6561, .F. ) ;
#7155 = VERTEX_POINT ( 'NONE', #3539 ) ;
#7156 = ORIENTED_EDGE ( 'NONE', *, *, #1236, .F. ) ;
#7157 = DIRECTION ( 'NONE',  ( 1.000000000000000000, -0.000000000000000000, 3.512375991854052315E-15 ) ) ;
#7158 = LINE ( 'NONE', #2450, #6640 ) ;
#7159 = PLANE ( 'NONE',  #5097 ) ;
#7160 = CARTESIAN_POINT ( 'NONE',  ( -12.60000000000000853, 5.095227278524751213, -1.719999999999999973 ) ) ;
#7161 = CARTESIAN_POINT ( 'NONE',  ( 0.000000000000000000, 0.000000000000000000, -1.770000000000000018 ) ) ;
#7162 = CARTESIAN_POINT ( 'NONE',  ( 1.159999999999940856, 12.07000000000000917, -12.06999999999998430 ) ) ;
#7163 = DIRECTION ( 'NONE',  ( 0.000000000000000000, 0.000000000000000000, 1.000000000000000000 ) ) ;
#7164 = ORIENTED_EDGE ( 'NONE', *, *, #972, .F. ) ;
#7165 = DIRECTION ( 'NONE',  ( -0.7071067811865473507, 0.7071067811865476838, 0.000000000000000000 ) ) ;
#7166 = ORIENTED_EDGE ( 'NONE', *, *, #3522, .F. ) ;
#7167 = CARTESIAN_POINT ( 'NONE',  ( 4.675354330708656470, 2.000000000000000444, 0.9250000000000102585 ) ) ;
#7168 = ORIENTED_EDGE ( 'NONE', *, *, #1577, .F. ) ;
#7169 = CARTESIAN_POINT ( 'NONE',  ( -11.60000000000002451, 8.449999999999999289, -1.719999999999999973 ) ) ;
#7170 = EDGE_CURVE ( 'NONE', #4399, #4221, #2964, .T. ) ;
#7171 = DIRECTION ( 'NONE',  ( 0.7071067811865473507, -0.7071067811865475727, 0.000000000000000000 ) ) ;
#7172 = EDGE_CURVE ( 'NONE', #7420, #7190, #607, .T. ) ;
#7173 = LINE ( 'NONE', #7099, #707 ) ;
#7174 = CARTESIAN_POINT ( 'NONE',  ( 8.145227278524741266, -3.149999999999997691, -1.719999999999999973 ) ) ;
#7175 = EDGE_CURVE ( 'NONE', #536, #3053, #4899, .T. ) ;
#7176 = ORIENTED_EDGE ( 'NONE', *, *, #6504, .T. ) ;
#7177 = DIRECTION ( 'NONE',  ( -0.7071067811865473507, 0.7071067811865476838, 0.000000000000000000 ) ) ;
#7178 = ORIENTED_EDGE ( 'NONE', *, *, #3637, .T. ) ;
#7179 = PRODUCT_DEFINITION ( 'UNKNOWN', '', #2297, #3549 ) ;
#7180 = CARTESIAN_POINT ( 'NONE',  ( -12.60000000000000853, -4.995227278524748016, -1.770000000000000018 ) ) ;
#7181 = EDGE_CURVE ( 'NONE', #6156, #2630, #1341, .T. ) ;
#7182 = EDGE_LOOP ( 'NONE', ( #2553, #5117, #4030, #1014 ) ) ;
#7183 = ORIENTED_EDGE ( 'NONE', *, *, #1474, .F. ) ;
#7184 = CARTESIAN_POINT ( 'NONE',  ( 3.123257716872914980, 11.70033416803600801, 0.000000000000000000 ) ) ;
#7185 = ORIENTED_EDGE ( 'NONE', *, *, #1886, .F. ) ;
#7186 = CARTESIAN_POINT ( 'NONE',  ( 4.454772721475242392, -3.149999999999998579, -1.770000000000000018 ) ) ;
#7187 = VECTOR ( 'NONE', #5089, 39.37007874015748143 ) ;
#7188 = CARTESIAN_POINT ( 'NONE',  ( -12.60000000000000497, -9.449999999999999289, -1.770000000000000018 ) ) ;
#7189 = VECTOR ( 'NONE', #1379, 39.37007874015748143 ) ;
#7190 = VERTEX_POINT ( 'NONE', #4763 ) ;
#7191 = EDGE_LOOP ( 'NONE', ( #4095, #1840, #978, #3173, #6493 ) ) ;
#7192 = ORIENTED_EDGE ( 'NONE', *, *, #6446, .T. ) ;
#7193 = CARTESIAN_POINT ( 'NONE',  ( 7.843561962427146206, 2.349999999999996092, 5.327103587645313572E-15 ) ) ;
#7194 = CARTESIAN_POINT ( 'NONE',  ( 0.000000000000000000, 0.000000000000000000, -1.770000000000000018 ) ) ;
#7195 = CARTESIAN_POINT ( 'NONE',  ( 4.187864042533941067, 15.64893697419836904, -0.2500000000000012212 ) ) ;
#7196 = CARTESIAN_POINT ( 'NONE',  ( -10.75477272147525909, -3.099999999999999201, -1.770000000000000018 ) ) ;
#7197 = LINE ( 'NONE', #3761, #5652 ) ;
#7198 = AXIS2_PLACEMENT_3D ( 'NONE', #3931, #2035, #6273 ) ;
#7199 = VECTOR ( 'NONE', #5232, 39.37007874015748143 ) ;
#7200 = CARTESIAN_POINT ( 'NONE',  ( 2.185860046268665258, 22.89000000000000412, -0.2500000000000000000 ) ) ;
#7201 = ORIENTED_EDGE ( 'NONE', *, *, #4027, .T. ) ;
#7202 = CARTESIAN_POINT ( 'NONE',  ( 0.000000000000000000, 0.000000000000000000, -1.770000000000000018 ) ) ;
#7203 = CARTESIAN_POINT ( 'NONE',  ( 75.53999999999999204, 9.700000000000001066, 0.6100000000000025402 ) ) ;
#7204 = ORIENTED_EDGE ( 'NONE', *, *, #1284, .F. ) ;
#7205 = AXIS2_PLACEMENT_3D ( 'NONE', #33, #3098, #2983 ) ;
#7206 = FACE_OUTER_BOUND ( 'NONE', #3741, .T. ) ;
#7207 = LINE ( 'NONE', #2934, #4356 ) ;
#7208 = AXIS2_PLACEMENT_3D ( 'NONE', #5323, #113, #1299 ) ;
#7209 = CIRCLE ( 'NONE', #3888, 51.95339843179001349 ) ;
#7210 = ORIENTED_EDGE ( 'NONE', *, *, #7263, .F. ) ;
#7211 = FACE_OUTER_BOUND ( 'NONE', #6059, .T. ) ;
#7212 = ORIENTED_EDGE ( 'NONE', *, *, #5790, .T. ) ;
#7213 = DIRECTION ( 'NONE',  ( 0.000000000000000000, 0.000000000000000000, -1.000000000000000000 ) ) ;
#7214 = CIRCLE ( 'NONE', #6848, 10.04786461282786547 ) ;
#7215 = CARTESIAN_POINT ( 'NONE',  ( -8.195543980992789655E-16, 4.660230287204997879E-18, 0.09999999999999933942 ) ) ;
#7216 = EDGE_CURVE ( 'NONE', #2413, #6534, #3619, .T. ) ;
#7217 = CARTESIAN_POINT ( 'NONE',  ( 6.344645669291333334, 1.999374015748017097, 0.7596456692913488018 ) ) ;
#7218 = DIRECTION ( 'NONE',  ( 1.000000000000000000, -2.093734754490789434E-16, 0.000000000000000000 ) ) ;
#7219 = EDGE_LOOP ( 'NONE', ( #3107, #703, #6126, #4550 ) ) ;
#7220 = CARTESIAN_POINT ( 'NONE',  ( -6.924606895954950936, 11.70033416803600801, -0.2500000000000000555 ) ) ;
#7221 = EDGE_CURVE ( 'NONE', #5537, #2614, #6592, .T. ) ;
#7222 = ORIENTED_EDGE ( 'NONE', *, *, #3540, .F. ) ;
#7223 =( GEOMETRIC_REPRESENTATION_CONTEXT ( 3 ) GLOBAL_UNCERTAINTY_ASSIGNED_CONTEXT ( ( #5305 ) ) GLOBAL_UNIT_ASSIGNED_CONTEXT ( ( #6980, #1647, #2810 ) ) REPRESENTATION_CONTEXT ( 'NONE', 'WORKASPACE' ) );
#7224 = ADVANCED_FACE ( 'NONE', ( #3036 ), #2997, .F. ) ;
#7225 = DIRECTION ( 'NONE',  ( -0.7071067811865476838, -0.7071067811865473507, 0.000000000000000000 ) ) ;
#7226 = EDGE_CURVE ( 'NONE', #4086, #5176, #1767, .T. ) ;
#7227 = EDGE_LOOP ( 'NONE', ( #3280, #2133, #214, #3366 ) ) ;
#7228 = ORIENTED_EDGE ( 'NONE', *, *, #2268, .F. ) ;
#7229 = VECTOR ( 'NONE', #2562, 39.37007874015748143 ) ;
#7230 = DIRECTION ( 'NONE',  ( 0.7071067811865473507, -0.7071067811865475727, 0.000000000000000000 ) ) ;
#7231 = VERTEX_POINT ( 'NONE', #4203 ) ;
#7232 = DIRECTION ( 'NONE',  ( -8.537024980200868164E-17, -1.000000000000000000, 8.537024980200897746E-17 ) ) ;
#7233 = ORIENTED_EDGE ( 'NONE', *, *, #4627, .T. ) ;
#7234 = ADVANCED_FACE ( 'NONE', ( #3661 ), #4129, .F. ) ;
#7235 = ORIENTED_EDGE ( 'NONE', *, *, #7466, .T. ) ;
#7236 = CONTEXT_DEPENDENT_SHAPE_REPRESENTATION ( #5158, #6955 ) ;
#7237 = DIRECTION ( 'NONE',  ( -0.7071067811865476838, -0.7071067811865473507, 0.000000000000000000 ) ) ;
#7238 = CARTESIAN_POINT ( 'NONE',  ( 4.344645669291333334, 2.000000000000000888, -1.009645669291334480 ) ) ;
#7239 = CARTESIAN_POINT ( 'NONE',  ( 11.04152073871359185, 2.349999999999996092, 0.1000000000000055567 ) ) ;
#7240 = CARTESIAN_POINT ( 'NONE',  ( 2.675354330708657802, 2.250000000000003997, -1.174999999999996936 ) ) ;
#7241 = PLANE ( 'NONE',  #4911 ) ;
#7242 = CARTESIAN_POINT ( 'NONE',  ( 1.409999999999982601, 23.14000000000000412, -0.3499999999999950373 ) ) ;
#7243 = ORIENTED_EDGE ( 'NONE', *, *, #4886, .T. ) ;
#7244 = FACE_OUTER_BOUND ( 'NONE', #2663, .T. ) ;
#7245 =( CONVERSION_BASED_UNIT ( 'INCH', #6114 ) LENGTH_UNIT ( ) NAMED_UNIT ( #2611 ) );
#7246 = EDGE_LOOP ( 'NONE', ( #2865, #5722, #871 ) ) ;
#7247 = CARTESIAN_POINT ( 'NONE',  ( -1.845227278524757653, -3.099999999999999201, -1.719999999999999973 ) ) ;
#7248 = DIRECTION ( 'NONE',  ( -1.000000000000000000, 0.000000000000000000, 0.000000000000000000 ) ) ;
#7249 = DIRECTION ( 'NONE',  ( 0.8635486968584794587, 0.000000000000000000, -0.5042654540557204301 ) ) ;
#7250 = ORIENTED_EDGE ( 'NONE', *, *, #5936, .T. ) ;
#7251 = CARTESIAN_POINT ( 'NONE',  ( -4.454772721475258379, -9.449999999999999289, -1.719999999999999973 ) ) ;
#7252 = CARTESIAN_POINT ( 'NONE',  ( 1.509999999999995124, -8.049506778971739607, -0.3500000000000005884 ) ) ;
#7253 = PLANE ( 'NONE',  #1791 ) ;
#7254 = CARTESIAN_POINT ( 'NONE',  ( 5.958651863434425877, 15.18953358541536147, 0.000000000000000000 ) ) ;
#7255 = ORIENTED_EDGE ( 'NONE', *, *, #4937, .T. ) ;
#7256 = CARTESIAN_POINT ( 'NONE',  ( -8.741913579725642299E-15, -4.995227278524748016, -1.719999999999999973 ) ) ;
#7257 = VECTOR ( 'NONE', #2855, 39.37007874015748143 ) ;
#7258 = ORIENTED_EDGE ( 'NONE', *, *, #923, .F. ) ;
#7259 = VECTOR ( 'NONE', #5429, 39.37007874015748143 ) ;
#7260 = DIRECTION ( 'NONE',  ( -0.8571673007021125557, 0.000000000000000000, -0.5150380749100536004 ) ) ;
#7261 = DIRECTION ( 'NONE',  ( 1.892934042853975138E-15, 1.000000000000000000, -3.590428791673030081E-15 ) ) ;
#7262 =( GEOMETRIC_REPRESENTATION_CONTEXT ( 3 ) GLOBAL_UNCERTAINTY_ASSIGNED_CONTEXT ( ( #2327 ) ) GLOBAL_UNIT_ASSIGNED_CONTEXT ( ( #6320, #410, #5734 ) ) REPRESENTATION_CONTEXT ( 'NONE', 'WORKASPACE' ) );
#7263 = EDGE_CURVE ( 'NONE', #99, #6412, #131, .T. ) ;
#7264 = VECTOR ( 'NONE', #3609, 39.37007874015748143 ) ;
#7265 = VERTEX_POINT ( 'NONE', #1877 ) ;
#7266 = VERTEX_POINT ( 'NONE', #630 ) ;
#7267 = CARTESIAN_POINT ( 'NONE',  ( 7.860000000000003872, 1.999999999999998668, 1.912293595564984056E-15 ) ) ;
#7268 = CARTESIAN_POINT ( 'NONE',  ( 1.409999999999995035, 2.349999999999996536, 0.1000000000000042660 ) ) ;
#7269 = AXIS2_PLACEMENT_3D ( 'NONE', #1540, #2191, #1578 ) ;
#7270 = ORIENTED_EDGE ( 'NONE', *, *, #357, .F. ) ;
#7271 = EDGE_CURVE ( 'NONE', #3693, #1547, #3083, .T. ) ;
#7272 = FACE_OUTER_BOUND ( 'NONE', #2512, .T. ) ;
#7273 = VECTOR ( 'NONE', #3595, 39.37007874015748143 ) ;
#7274 = ADVANCED_FACE ( 'NONE', ( #5295 ), #2501, .T. ) ;
#7275 = EDGE_CURVE ( 'NONE', #2146, #1484, #5513, .T. ) ;
#7276 = ORIENTED_EDGE ( 'NONE', *, *, #5601, .F. ) ;
#7277 = ADVANCED_FACE ( 'NONE', ( #4998 ), #3312, .F. ) ;
#7278 = CARTESIAN_POINT ( 'NONE',  ( -4.530000000000002913, 0.2500000000000000000, 7.930136022756446579 ) ) ;
#7279 = DIRECTION ( 'NONE',  ( -0.000000000000000000, -0.000000000000000000, -1.000000000000000000 ) ) ;
#7280 = PRODUCT_RELATED_PRODUCT_CATEGORY ( 'part', '', ( #5436 ) ) ;
#7281 = DIRECTION ( 'NONE',  ( -1.000000000000000000, 0.000000000000000000, 0.000000000000000000 ) ) ;
#7282 = CARTESIAN_POINT ( 'NONE',  ( 7.860000000000005649, 1.999999999999991784, -1.999999999999996669 ) ) ;
#7283 = ADVANCED_FACE ( 'NONE', ( #282 ), #1430, .T. ) ;
#7284 = ORIENTED_EDGE ( 'NONE', *, *, #5790, .F. ) ;
#7285 = FACE_OUTER_BOUND ( 'NONE', #7227, .T. ) ;
#7286 = DIRECTION ( 'NONE',  ( 1.000000000000000000, 0.000000000000000000, 0.000000000000000000 ) ) ;
#7287 = VERTEX_POINT ( 'NONE', #2733 ) ;
#7288 = PLANE ( 'NONE',  #1022 ) ;
#7289 = DIRECTION ( 'NONE',  ( -3.304235192336789711E-15, 0.000000000000000000, 1.000000000000000000 ) ) ;
#7290 = CARTESIAN_POINT ( 'NONE',  ( 1.790872624858488305, 16.70033416803600801, -2.000000000000001332 ) ) ;
#7291 = ORIENTED_EDGE ( 'NONE', *, *, #2708, .F. ) ;
#7292 = CARTESIAN_POINT ( 'NONE',  ( -6.300000000000004263, -7.604772721475247188, -1.770000000000000018 ) ) ;
#7293 =( REPRESENTATION_RELATIONSHIP ('NONE','NONE', #754, #6547 ) REPRESENTATION_RELATIONSHIP_WITH_TRANSFORMATION ( #6732 )SHAPE_REPRESENTATION_RELATIONSHIP( ) );
#7294 = CARTESIAN_POINT ( 'NONE',  ( 1.159999999999989040, 2.000000000000001776, 1.750000000000005107 ) ) ;
#7295 = CARTESIAN_POINT ( 'NONE',  ( 4.187864042533941067, 14.83317831032973011, 0.000000000000000000 ) ) ;
#7296 = VECTOR ( 'NONE', #3267, 39.37007874015748143 ) ;
#7297 = CARTESIAN_POINT ( 'NONE',  ( 7.853150817677981621, 2.270033315760177750, 0.03854532800251424945 ) ) ;
#7298 = ORIENTED_EDGE ( 'NONE', *, *, #1012, .T. ) ;
#7299 = PLANE ( 'NONE',  #6613 ) ;
#7300 = VERTEX_POINT ( 'NONE', #1466 ) ;
#7301 = DIRECTION ( 'NONE',  ( 1.000000000000000000, -0.000000000000000000, -3.512375991854052315E-15 ) ) ;
#7302 = DIMENSIONAL_EXPONENTS ( 1.000000000000000000, 0.000000000000000000, 0.000000000000000000, 0.000000000000000000, 0.000000000000000000, 0.000000000000000000, 0.000000000000000000 ) ;
#7303 = DIRECTION ( 'NONE',  ( 1.000000000000000000, 0.000000000000000000, 0.000000000000000000 ) ) ;
#7304 = ORIENTED_EDGE ( 'NONE', *, *, #4254, .F. ) ;
#7305 = EDGE_LOOP ( 'NONE', ( #7487, #2711, #6218, #479 ) ) ;
#7306 = DIRECTION ( 'NONE',  ( -0.000000000000000000, -0.000000000000000000, -1.000000000000000000 ) ) ;
#7307 = DIRECTION ( 'NONE',  ( -0.7071067811865474617, -0.7071067811865474617, 0.000000000000000000 ) ) ;
#7308 = EDGE_CURVE ( 'NONE', #7113, #5630, #6669, .T. ) ;
#7309 = LINE ( 'NONE', #2014, #7381 ) ;
#7310 = VECTOR ( 'NONE', #5163, 39.37007874015748143 ) ;
#7311 = ORIENTED_EDGE ( 'NONE', *, *, #1277, .T. ) ;
#7312 = CONTEXT_DEPENDENT_SHAPE_REPRESENTATION ( #7143, #5392 ) ;
#7313 = DIRECTION ( 'NONE',  ( -0.000000000000000000, -1.000000000000000000, -0.000000000000000000 ) ) ;
#7314 = CARTESIAN_POINT ( 'NONE',  ( 4.675354330708656470, 2.000000000000000888, 0.7596456692913488018 ) ) ;
#7315 = LINE ( 'NONE', #7282, #622 ) ;
#7316 = VECTOR ( 'NONE', #2543, 39.37007874015748143 ) ;
#7317 = EDGE_CURVE ( 'NONE', #5785, #4653, #3735, .T. ) ;
#7318 = AXIS2_PLACEMENT_3D ( 'NONE', #4823, #4264, #6615 ) ;
#7319 = EDGE_CURVE ( 'NONE', #100, #6972, #3850, .T. ) ;
#7320 = ORIENTED_EDGE ( 'NONE', *, *, #2838, .T. ) ;
#7321 = DIRECTION ( 'NONE',  ( 1.000000000000000000, -0.000000000000000000, -3.512375991854052315E-15 ) ) ;
#7322 = CARTESIAN_POINT ( 'NONE',  ( 100.7399999999999949, 66.39999999999999147, 0.6100000000000025402 ) ) ;
#7323 = ADVANCED_FACE ( 'NONE', ( #2695 ), #3273, .T. ) ;
#7324 = VERTEX_POINT ( 'NONE', #2115 ) ;
#7325 = LINE ( 'NONE', #7401, #4680 ) ;
#7326 = CARTESIAN_POINT ( 'NONE',  ( 7.860000000000003872, 2.249999999999997780, -0.3499999999999968137 ) ) ;
#7327 = DIRECTION ( 'NONE',  ( 0.000000000000000000, -0.000000000000000000, -1.000000000000000000 ) ) ;
#7328 = VERTEX_POINT ( 'NONE', #4461 ) ;
#7329 = VECTOR ( 'NONE', #1755, 39.37007874015748143 ) ;
#7330 = CARTESIAN_POINT ( 'NONE',  ( 1.509999999999995124, 2.349999999999997424, -1.199452009718215757E-15 ) ) ;
#7331 = CARTESIAN_POINT ( 'NONE',  ( 7.850411144749171122, 2.288545328002504320, 0.02003331576018764840 ) ) ;
#7332 = AXIS2_PLACEMENT_3D ( 'NONE', #7556, #1729, #3978 ) ;
#7333 = VERTEX_POINT ( 'NONE', #3899 ) ;
#7334 = PLANE ( 'NONE',  #1294 ) ;
#7335 = ORIENTED_EDGE ( 'NONE', *, *, #6889, .T. ) ;
#7336 = CARTESIAN_POINT ( 'NONE',  ( 4.675354330708657358, 1.999374015748017763, -1.174999999999995826 ) ) ;
#7337 = AXIS2_PLACEMENT_3D ( 'NONE', #1438, #2332, #603 ) ;
#7338 = DIRECTION ( 'NONE',  ( -0.7071067811865476838, -0.7071067811865473507, 0.000000000000000000 ) ) ;
#7339 = LINE ( 'NONE', #4817, #1470 ) ;
#7340 = EDGE_LOOP ( 'NONE', ( #994, #6077, #1184, #2091 ) ) ;
#7341 = VERTEX_POINT ( 'NONE', #6122 ) ;
#7342 = ORIENTED_EDGE ( 'NONE', *, *, #3394, .T. ) ;
#7343 = CARTESIAN_POINT ( 'NONE',  ( 11.61818230547681097, -8.586590415998433201, -1.770000000000000018 ) ) ;
#7344 = ORIENTED_EDGE ( 'NONE', *, *, #7454, .T. ) ;
#7345 = CARTESIAN_POINT ( 'NONE',  ( 2.344645669291333778, 2.000000000000004885, -1.009645669291334480 ) ) ;
#7346 = ORIENTED_EDGE ( 'NONE', *, *, #5687, .T. ) ;
#7347 = DIRECTION ( 'NONE',  ( -0.7071067811865474617, -0.7071067811865474617, 0.000000000000000000 ) ) ;
#7348 = AXIS2_PLACEMENT_3D ( 'NONE', #7252, #5618, #363 ) ;
#7349 = ORIENTED_EDGE ( 'NONE', *, *, #2937, .F. ) ;
#7350 = DIRECTION ( 'NONE',  ( -8.604245649335588837E-17, 3.491481338843132961E-15, 1.000000000000000000 ) ) ;
#7351 = CARTESIAN_POINT ( 'NONE',  ( 4.964649739667024937E-15, 2.250000000000011990, 1.666427276135200583E-14 ) ) ;
#7352 = DIRECTION ( 'NONE',  ( 0.000000000000000000, -0.000000000000000000, 1.000000000000000000 ) ) ;
#7353 = VECTOR ( 'NONE', #5973, 39.37007874015748143 ) ;
#7354 = DIRECTION ( 'NONE',  ( 0.000000000000000000, 1.000000000000000000, -3.590428791673030081E-15 ) ) ;
#7355 = CIRCLE ( 'NONE', #2766, 0.1653543307086607073 ) ;
#7356 = LINE ( 'NONE', #4558, #5903 ) ;
#7357 = CARTESIAN_POINT ( 'NONE',  ( 100.7399999999999949, 47.50000000000000000, 0.6100000000000025402 ) ) ;
#7358 = EDGE_LOOP ( 'NONE', ( #4358, #3916, #2712, #1871, #4588, #337, #3927, #3827, #1400, #7276, #7192, #3207, #6924, #4496, #2224, #7400 ) ) ;
#7359 = DIRECTION ( 'NONE',  ( -0.7071067811865473507, 0.7071067811865476838, 0.000000000000000000 ) ) ;
#7360 = DIRECTION ( 'NONE',  ( -0.000000000000000000, -0.000000000000000000, -1.000000000000000000 ) ) ;
#7361 = DIRECTION ( 'NONE',  ( 1.720849129867249803E-15, 1.000000000000000000, 3.434323192035072183E-15 ) ) ;
#7362 = ORIENTED_EDGE ( 'NONE', *, *, #1612, .F. ) ;
#7363 = EDGE_CURVE ( 'NONE', #1652, #2128, #311, .T. ) ;
#7364 = CARTESIAN_POINT ( 'NONE',  ( 6.299999999999995381, -7.604772721475247188, -1.770000000000000018 ) ) ;
#7365 = CARTESIAN_POINT ( 'NONE',  ( 11.04152073871359185, 2.349999999999996092, 0.1000000000000055567 ) ) ;
#7366 = DIRECTION ( 'NONE',  ( -0.000000000000000000, -0.000000000000000000, -1.000000000000000000 ) ) ;
#7367 = CARTESIAN_POINT ( 'NONE',  ( 6.299999999999995381, -1.254772721475247099, -1.770000000000000018 ) ) ;
#7368 = EDGE_CURVE ( 'NONE', #858, #2472, #3889, .T. ) ;
#7369 =( LENGTH_UNIT ( ) NAMED_UNIT ( * ) SI_UNIT ( $, .METRE. ) );
#7370 = ORIENTED_EDGE ( 'NONE', *, *, #2749, .T. ) ;
#7371 = CARTESIAN_POINT ( 'NONE',  ( 1.509999999999996456, 2.250000000000003109, -1.999999999999998002 ) ) ;
#7372 = ADVANCED_FACE ( 'NONE', ( #1531 ), #3467, .F. ) ;
#7373 = EDGE_LOOP ( 'NONE', ( #2670, #1318, #595, #6800, #1037, #3643, #3041, #661 ) ) ;
#7374 = DIRECTION ( 'NONE',  ( 0.7071067811865474617, 0.7071067811865474617, 0.000000000000000000 ) ) ;
#7375 = EDGE_CURVE ( 'NONE', #3278, #907, #3541, .T. ) ;
#7376 = DIRECTION ( 'NONE',  ( -0.000000000000000000, -0.000000000000000000, -1.000000000000000000 ) ) ;
#7377 = DIRECTION ( 'NONE',  ( 0.000000000000000000, 0.000000000000000000, -1.000000000000000000 ) ) ;
#7378 = ORIENTED_EDGE ( 'NONE', *, *, #7405, .F. ) ;
#7379 = VECTOR ( 'NONE', #1504, 39.37007874015748143 ) ;
#7380 = ORIENTED_EDGE ( 'NONE', *, *, #6992, .T. ) ;
#7381 = VECTOR ( 'NONE', #913, 39.37007874015748854 ) ;
#7382 = ORIENTED_EDGE ( 'NONE', *, *, #1062, .T. ) ;
#7383 = FACE_BOUND ( 'NONE', #420, .T. ) ;
#7384 = ORIENTED_EDGE ( 'NONE', *, *, #1427, .F. ) ;
#7385 = ORIENTED_EDGE ( 'NONE', *, *, #1577, .T. ) ;
#7386 = PLANE ( 'NONE',  #7500 ) ;
#7387 = AXIS2_PLACEMENT_3D ( 'NONE', #3701, #4882, #7213 ) ;
#7388 = VECTOR ( 'NONE', #1011, 39.37007874015748143 ) ;
#7389 = ORIENTED_EDGE ( 'NONE', *, *, #6312, .T. ) ;
#7390 = CIRCLE ( 'NONE', #5269, 0.1653543307086616510 ) ;
#7391 = AXIS2_PLACEMENT_3D ( 'NONE', #5527, #6070, #4948 ) ;
#7392 =( BOUNDED_SURFACE ( )  B_SPLINE_SURFACE ( 3, 1, ( 
 ( #2494, #6503 ),
 ( #5997, #1383 ),
 ( #2382, #1267 ),
 ( #4196, #6624 ) ),
 .UNSPECIFIED., .F., .F., .T. ) 
 B_SPLINE_SURFACE_WITH_KNOTS ( ( 4, 4 ),
 ( 2, 2 ),
 ( 0.000000000000000000, 1.000000000000000000 ),
 ( 0.000000000000000000, 1.000000000000000000 ),
 .UNSPECIFIED. ) 
 GEOMETRIC_REPRESENTATION_ITEM ( )  RATIONAL_B_SPLINE_SURFACE ( (
 ( 1.000000000000000000, 1.000000000000000000),
 ( 0.3333333333333333703, 0.3333333333333333703),
 ( 0.3333333333333333703, 0.3333333333333333703),
 ( 1.000000000000000000, 1.000000000000000000) ) ) 
 REPRESENTATION_ITEM ( '' )  SURFACE ( )  );
#7393 = LINE ( 'NONE', #6228, #7459 ) ;
#7394 = CARTESIAN_POINT ( 'NONE',  ( 1.409999999999995035, 2.000000000000002665, 0.1000000000000042660 ) ) ;
#7395 = CARTESIAN_POINT ( 'NONE',  ( -12.60000000000000853, -4.995227278524748016, -1.719999999999999973 ) ) ;
#7396 = CARTESIAN_POINT ( 'NONE',  ( 8.145227278524741266, -9.449999999999999289, -1.770000000000000018 ) ) ;
#7397 = VECTOR ( 'NONE', #5603, 39.37007874015748143 ) ;
#7398 = ORIENTED_EDGE ( 'NONE', *, *, #364, .T. ) ;
#7399 = DIRECTION ( 'NONE',  ( 0.000000000000000000, 0.000000000000000000, 1.000000000000000222 ) ) ;
#7400 = ORIENTED_EDGE ( 'NONE', *, *, #4570, .T. ) ;
#7401 = CARTESIAN_POINT ( 'NONE',  ( 1.409999999999979270, 19.90000000000002345, -1.165354330708644470 ) ) ;
#7402 = DIRECTION ( 'NONE',  ( -1.000000000000000000, 0.000000000000000000, 0.000000000000000000 ) ) ;
#7403 = DIRECTION ( 'NONE',  ( 1.000000000000000000, -2.093734754490789434E-16, 0.000000000000000000 ) ) ;
#7404 = ORIENTED_EDGE ( 'NONE', *, *, #1756, .T. ) ;
#7405 = EDGE_CURVE ( 'NONE', #2428, #4557, #3396, .T. ) ;
#7406 = FACE_OUTER_BOUND ( 'NONE', #5233, .T. ) ;
#7407 = CARTESIAN_POINT ( 'NONE',  ( 2.420580475199245019, 19.71186723724616385, -0.2500000000000012212 ) ) ;
#7408 = CARTESIAN_POINT ( 'NONE',  ( 1.159999999999976383, 2.000000000000001776, -1.999999999999982681 ) ) ;
#7409 = CARTESIAN_POINT ( 'NONE',  ( 4.454772721475242392, -3.099999999999999201, -1.770000000000000018 ) ) ;
#7410 = VERTEX_POINT ( 'NONE', #4093 ) ;
#7411 = LINE ( 'NONE', #329, #805 ) ;
#7412 = ORIENTED_EDGE ( 'NONE', *, *, #7036, .T. ) ;
#7413 = DIRECTION ( 'NONE',  ( 0.000000000000000000, -1.000000000000000000, -3.434323192035072183E-15 ) ) ;
#7414 = EDGE_CURVE ( 'NONE', #7132, #2445, #5063, .T. ) ;
#7415 = PLANE ( 'NONE',  #3962 ) ;
#7416 = CARTESIAN_POINT ( 'NONE',  ( -12.60000000000000853, -7.604772721475248076, -1.719999999999999973 ) ) ;
#7417 = EDGE_CURVE ( 'NONE', #3502, #6953, #4581, .T. ) ;
#7418 = VECTOR ( 'NONE', #6422, 39.37007874015748143 ) ;
#7419 = VERTEX_POINT ( 'NONE', #3508 ) ;
#7420 = VERTEX_POINT ( 'NONE', #2284 ) ;
#7421 = ORIENTED_EDGE ( 'NONE', *, *, #1251, .T. ) ;
#7422 = CYLINDRICAL_SURFACE ( 'NONE', #3325, 0.1377952755905512972 ) ;
#7423 = VERTEX_POINT ( 'NONE', #1128 ) ;
#7424 = ADVANCED_FACE ( 'NONE', ( #5811, #5851, #554, #594, #2929 ), #4684, .T. ) ;
#7425 = DIRECTION ( 'NONE',  ( -1.720849129867250000E-15, -1.000000000000000000, -3.434323192035072971E-15 ) ) ;
#7426 = EDGE_CURVE ( 'NONE', #6557, #1061, #7173, .T. ) ;
#7427 = ORIENTED_EDGE ( 'NONE', *, *, #1795, .F. ) ;
#7428 = DIRECTION ( 'NONE',  ( 2.093734754490789434E-16, 1.000000000000000000, -0.000000000000000000 ) ) ;
#7429 = DIRECTION ( 'NONE',  ( -1.000000000000000000, 0.000000000000000000, 0.000000000000000000 ) ) ;
#7430 = ORIENTED_EDGE ( 'NONE', *, *, #1822, .F. ) ;
#7431 = CLOSED_SHELL ( 'NONE', ( #1747, #1930, #6661, #1326, #5218, #315, #2914, #960, #1565, #403, #7509, #2352, #1433, #2959 ) ) ;
#7432 = CARTESIAN_POINT ( 'NONE',  ( 1.745227278524740022, 9.449999999999999289, -1.719999999999999973 ) ) ;
#7433 = LINE ( 'NONE', #2103, #2894 ) ;
#7434 = PLANE ( 'NONE',  #5043 ) ;
#7435 = VERTEX_POINT ( 'NONE', #4280 ) ;
#7436 = ITEM_DEFINED_TRANSFORMATION ( 'NONE', 'NONE', #2419,  #5850 ) ;
#7437 = ORIENTED_EDGE ( 'NONE', *, *, #3578, .T. ) ;
#7438 =( NAMED_UNIT ( * ) PLANE_ANGLE_UNIT ( ) SI_UNIT ( $, .RADIAN. ) );
#7439 = DIRECTION ( 'NONE',  ( 1.000000000000000000, 0.000000000000000000, 0.000000000000000000 ) ) ;
#7440 = DIRECTION ( 'NONE',  ( -1.000000000000000000, 0.000000000000000000, 0.000000000000000000 ) ) ;
#7441 = DIRECTION ( 'NONE',  ( -0.7071067811865474617, -0.7071067811865474617, 0.000000000000000000 ) ) ;
#7442 = SHAPE_REPRESENTATION_RELATIONSHIP ( 'NONE' , 'NONE' ,  #5201, #5317 ) ;
#7443 = ORIENTED_EDGE ( 'NONE', *, *, #6274, .F. ) ;
#7444 = CARTESIAN_POINT ( 'NONE',  ( 11.60000000000002451, 8.449999999999999289, -1.719999999999999973 ) ) ;
#7445 = VECTOR ( 'NONE', #1077, 39.37007874015748854 ) ;
#7446 = ORIENTED_EDGE ( 'NONE', *, *, #3983, .T. ) ;
#7447 = FACE_OUTER_BOUND ( 'NONE', #4233, .T. ) ;
#7448 = DIRECTION ( 'NONE',  ( 1.000000000000000000, -0.000000000000000000, -3.512375991854052315E-15 ) ) ;
#7449 = CARTESIAN_POINT ( 'NONE',  ( 1.159999999999982379, 2.000000000000001776, -0.2499999999999817646 ) ) ;
#7450 = EDGE_CURVE ( 'NONE', #6543, #4612, #218, .T. ) ;
#7451 = AXIS2_PLACEMENT_3D ( 'NONE', #4500, #6240, #6787 ) ;
#7452 = VECTOR ( 'NONE', #7177, 39.37007874015748143 ) ;
#7453 = ORIENTED_EDGE ( 'NONE', *, *, #5498, .T. ) ;
#7454 = EDGE_CURVE ( 'NONE', #5897, #6945, #2906, .T. ) ;
#7455 = ORIENTED_EDGE ( 'NONE', *, *, #7066, .T. ) ;
#7456 = ORIENTED_EDGE ( 'NONE', *, *, #6808, .T. ) ;
#7457 = DIRECTION ( 'NONE',  ( -1.000000000000000000, 0.000000000000000000, 0.000000000000000000 ) ) ;
#7458 = ORIENTED_EDGE ( 'NONE', *, *, #3727, .F. ) ;
#7459 = VECTOR ( 'NONE', #4036, 39.37007874015748143 ) ;
#7460 = EDGE_CURVE ( 'NONE', #1270, #2409, #6593, .T. ) ;
#7461 = PLANE ( 'NONE',  #5203 ) ;
#7462 = VECTOR ( 'NONE', #3023, 39.37007874015748143 ) ;
#7463 = EDGE_LOOP ( 'NONE', ( #6317, #6250, #5571, #5208 ) ) ;
#7464 = VECTOR ( 'NONE', #5369, 39.37007874015748143 ) ;
#7465 = CARTESIAN_POINT ( 'NONE',  ( 2.976638425544313016, 15.12208098833292702, -0.2500000000000012212 ) ) ;
#7466 = EDGE_CURVE ( 'NONE', #4622, #7265, #1677, .T. ) ;
#7467 = LINE ( 'NONE', #2174, #673 ) ;
#7468 = VECTOR ( 'NONE', #1085, 39.37007874015748854 ) ;
#7469 = EDGE_LOOP ( 'NONE', ( #5856, #6981, #4235, #1292 ) ) ;
#7470 = EDGE_CURVE ( 'NONE', #6436, #2784, #5296, .T. ) ;
#7471 = FACE_OUTER_BOUND ( 'NONE', #6371, .T. ) ;
#7472 = EDGE_CURVE ( 'NONE', #1330, #1130, #2389, .T. ) ;
#7473 = LINE ( 'NONE', #2220, #6638 ) ;
#7474 = EDGE_CURVE ( 'NONE', #3666, #536, #4726, .T. ) ;
#7475 = CARTESIAN_POINT ( 'NONE',  ( 6.675354330708656470, 1.999999999999996447, -1.174999999999995604 ) ) ;
#7476 = VECTOR ( 'NONE', #5418, 39.37007874015748143 ) ;
#7477 = ORIENTED_EDGE ( 'NONE', *, *, #1970, .T. ) ;
#7478 = SHAPE_DEFINITION_REPRESENTATION ( #4290, #2904 ) ;
#7479 = ORIENTED_EDGE ( 'NONE', *, *, #4752, .F. ) ;
#7480 = AXIS2_PLACEMENT_3D ( 'NONE', #1760, #1345, #4714 ) ;
#7481 = LINE ( 'NONE', #6973, #7418 ) ;
#7482 = CARTESIAN_POINT ( 'NONE',  ( -1.845227278524757653, -3.099999999999999201, -1.719999999999999973 ) ) ;
#7483 = CARTESIAN_POINT ( 'NONE',  ( 1.409999999999979714, 19.90000000000002345, -0.9999999999999839018 ) ) ;
#7484 = DIRECTION ( 'NONE',  ( -0.000000000000000000, -0.000000000000000000, -1.000000000000000000 ) ) ;
#7485 = DIRECTION ( 'NONE',  ( 0.7071067811865474617, 0.7071067811865474617, 0.000000000000000000 ) ) ;
#7486 = SURFACE_SIDE_STYLE ('',( #5151 ) ) ;
#7487 = ORIENTED_EDGE ( 'NONE', *, *, #5567, .T. ) ;
#7488 = FACE_OUTER_BOUND ( 'NONE', #2008, .T. ) ;
#7489 = ORIENTED_EDGE ( 'NONE', *, *, #3580, .T. ) ;
#7490 = DIRECTION ( 'NONE',  ( -1.206113904487533598E-16, 0.000000000000000000, -1.000000000000000000 ) ) ;
#7491 = CARTESIAN_POINT ( 'NONE',  ( 2.344645669291333778, 2.000000000000004441, -1.174999999999996048 ) ) ;
#7492 = ORIENTED_EDGE ( 'NONE', *, *, #1151, .T. ) ;
#7493 = ORIENTED_EDGE ( 'NONE', *, *, #1880, .F. ) ;
#7494 = LINE ( 'NONE', #297, #504 ) ;
#7495 = ORIENTED_EDGE ( 'NONE', *, *, #3681, .F. ) ;
#7496 = FACE_OUTER_BOUND ( 'NONE', #3513, .T. ) ;
#7497 = EDGE_LOOP ( 'NONE', ( #6568, #950, #3943, #1630 ) ) ;
#7498 = CARTESIAN_POINT ( 'NONE',  ( 1.159999999999994369, 2.000000000000002220, 0.1000000000000033085 ) ) ;
#7499 = EDGE_CURVE ( 'NONE', #4248, #6793, #4166, .T. ) ;
#7500 = AXIS2_PLACEMENT_3D ( 'NONE', #342, #6057, #2678 ) ;
#7501 = ORIENTED_EDGE ( 'NONE', *, *, #5935, .T. ) ;
#7502 = PLANE ( 'NONE',  #7012 ) ;
#7503 = EDGE_CURVE ( 'NONE', #6857, #6175, #464, .T. ) ;
#7504 = CARTESIAN_POINT ( 'NONE',  ( 1.159999999999972164, 21.90000000000001990, -1.165354330708643582 ) ) ;
#7505 = AXIS2_PLACEMENT_3D ( 'NONE', #1389, #2620, #894 ) ;
#7506 = PLANE ( 'NONE',  #4649 ) ;
#7507 = CIRCLE ( 'NONE', #6392, 2.608540463109217278 ) ;
#7508 = PRODUCT_DEFINITION_SHAPE ( 'NONE', 'NONE',  #7612 ) ;
#7509 = ADVANCED_FACE ( 'NONE', ( #1244 ), #709, .F. ) ;
#7510 = ADVANCED_FACE ( 'NONE', ( #5338 ), #1878, .F. ) ;
#7511 = ADVANCED_FACE ( 'NONE', ( #3703 ), #6044, .F. ) ;
#7512 = VECTOR ( 'NONE', #7230, 39.37007874015748854 ) ;
#7513 = ORIENTED_EDGE ( 'NONE', *, *, #3975, .F. ) ;
#7514 = EDGE_CURVE ( 'NONE', #834, #3912, #4764, .T. ) ;
#7515 = ORIENTED_EDGE ( 'NONE', *, *, #6378, .T. ) ;
#7516 = DIRECTION ( 'NONE',  ( -0.000000000000000000, -0.000000000000000000, -1.000000000000000000 ) ) ;
#7517 = FACE_OUTER_BOUND ( 'NONE', #5095, .T. ) ;
#7518 = FACE_OUTER_BOUND ( 'NONE', #5778, .T. ) ;
#7519 = EDGE_CURVE ( 'NONE', #5425, #2146, #3117, .T. ) ;
#7520 = VECTOR ( 'NONE', #4460, 39.37007874015748143 ) ;
#7521 = VECTOR ( 'NONE', #4060, 39.37007874015748143 ) ;
#7522 = CARTESIAN_POINT ( 'NONE',  ( 5.958651863434425877, 15.18953358541536147, 0.000000000000000000 ) ) ;
#7523 =( NAMED_UNIT ( * ) PLANE_ANGLE_UNIT ( ) SI_UNIT ( $, .RADIAN. ) );
#7524 = DIRECTION ( 'NONE',  ( -0.000000000000000000, -0.000000000000000000, -1.000000000000000000 ) ) ;
#7525 = VERTEX_POINT ( 'NONE', #209 ) ;
#7526 = CARTESIAN_POINT ( 'NONE',  ( 1.159999999999995257, 23.14000000000000412, -0.2500000000000000000 ) ) ;
#7527 = EDGE_LOOP ( 'NONE', ( #7034, #6177 ) ) ;
#7528 = CARTESIAN_POINT ( 'NONE',  ( -6.924606895954950936, 11.70033416803600801, 0.000000000000000000 ) ) ;
#7529 = CARTESIAN_POINT ( 'NONE',  ( -12.60000000000000497, -9.449999999999999289, 0.000000000000000000 ) ) ;
#7530 = DIRECTION ( 'NONE',  ( -0.000000000000000000, -0.000000000000000000, -1.000000000000000000 ) ) ;
#7531 = ORIENTED_EDGE ( 'NONE', *, *, #3731, .F. ) ;
#7532 = DIRECTION ( 'NONE',  ( 0.000000000000000000, 0.000000000000000000, -1.000000000000000000 ) ) ;
#7533 = ORIENTED_EDGE ( 'NONE', *, *, #6474, .T. ) ;
#7534 = CARTESIAN_POINT ( 'NONE',  ( 2.675354330708656470, 1.999374015748022870, 0.9250000000000102585 ) ) ;
#7535 = ORIENTED_EDGE ( 'NONE', *, *, #5553, .T. ) ;
#7536 = CARTESIAN_POINT ( 'NONE',  ( 11.73659041599845843, -8.468182305476783966, -1.770000000000000018 ) ) ;
#7537 = VECTOR ( 'NONE', #1926, 39.37007874015748143 ) ;
#7538 =( REPRESENTATION_RELATIONSHIP ('NONE','NONE', #754, #5201 ) REPRESENTATION_RELATIONSHIP_WITH_TRANSFORMATION ( #650 )SHAPE_REPRESENTATION_RELATIONSHIP( ) );
#7539 = EDGE_LOOP ( 'NONE', ( #2058, #3147, #4954, #7412 ) ) ;
#7540 = CARTESIAN_POINT ( 'NONE',  ( 1.159999999999981934, 2.000000000000001776, -0.3499999999999816591 ) ) ;
#7541 = CARTESIAN_POINT ( 'NONE',  ( 7.850411144749170234, 2.134908648008775334, -0.07011660516063200621 ) ) ;
#7542 = DIRECTION ( 'NONE',  ( 0.000000000000000000, 3.304235192336773540E-15, 1.000000000000000000 ) ) ;
#7543 = CARTESIAN_POINT ( 'NONE',  ( 4.213951224809987295, 5.547856372576045025, 0.000000000000000000 ) ) ;
#7544 = CIRCLE ( 'NONE', #2634, 0.1377952755905512972 ) ;
#7545 = ORIENTED_EDGE ( 'NONE', *, *, #1417, .F. ) ;
#7546 = EDGE_CURVE ( 'NONE', #4986, #2554, #2542, .T. ) ;
#7547 = ORIENTED_EDGE ( 'NONE', *, *, #857, .F. ) ;
#7548 = CYLINDRICAL_SURFACE ( 'NONE', #4014, 10.04786461282786547 ) ;
#7549 = CARTESIAN_POINT ( 'NONE',  ( 1.509999999999995568, 2.249999999999996003, -0.3499999999999943712 ) ) ;
#7550 = LINE ( 'NONE', #471, #6212 ) ;
#7551 = ADVANCED_FACE ( 'NONE', ( #4884 ), #7253, .F. ) ;
#7552 = LINE ( 'NONE', #4607, #7520 ) ;
#7553 = ADVANCED_FACE ( 'NONE', ( #2579 ), #5073, .F. ) ;
#7554 = DIRECTION ( 'NONE',  ( -1.000000000000000222, 0.000000000000000000, 0.000000000000000000 ) ) ;
#7555 = VERTEX_POINT ( 'NONE', #1580 ) ;
#7556 = CARTESIAN_POINT ( 'NONE',  ( 4.344645669291333334, 2.000000000000000888, -1.174999999999995826 ) ) ;
#7557 = ORIENTED_EDGE ( 'NONE', *, *, #5653, .T. ) ;
#7558 = FACE_OUTER_BOUND ( 'NONE', #527, .T. ) ;
#7559 = AXIS2_PLACEMENT_3D ( 'NONE', #7200, #2608, #1907 ) ;
#7560 = CARTESIAN_POINT ( 'NONE',  ( 4.187864042533941067, 15.64893697419836904, 0.000000000000000000 ) ) ;
#7561 = AXIS2_PLACEMENT_3D ( 'NONE', #7039, #5387, #2366 ) ;
#7562 = ORIENTED_EDGE ( 'NONE', *, *, #4570, .F. ) ;
#7563 = DIRECTION ( 'NONE',  ( 1.892934042853975138E-15, 1.000000000000000000, -3.590428791673030081E-15 ) ) ;
#7564 = PRODUCT_DEFINITION_SHAPE ( 'NONE', 'NONE',  #7611 ) ;
#7565 = ORIENTED_EDGE ( 'NONE', *, *, #3729, .T. ) ;
#7566 = DIRECTION ( 'NONE',  ( 1.720849129867249803E-15, 1.000000000000000000, 3.434323192035072183E-15 ) ) ;
#7567 = LINE ( 'NONE', #3381, #2276 ) ;
#7568 = NEXT_ASSEMBLY_USAGE_OCCURRENCE ( 'NAUO1', ' ', ' ', #6375, #3881, $ ) ;
#7569 = NEXT_ASSEMBLY_USAGE_OCCURRENCE ( 'NAUO2', ' ', ' ', #6375, #1019, $ ) ;
#7570 = NEXT_ASSEMBLY_USAGE_OCCURRENCE ( 'NAUO3', ' ', ' ', #6375, #1019, $ ) ;
#7571 = NEXT_ASSEMBLY_USAGE_OCCURRENCE ( 'NAUO4', ' ', ' ', #6375, #1019, $ ) ;
#7572 = NEXT_ASSEMBLY_USAGE_OCCURRENCE ( 'NAUO5', ' ', ' ', #6375, #1019, $ ) ;
#7573 = NEXT_ASSEMBLY_USAGE_OCCURRENCE ( 'NAUO6', ' ', ' ', #6375, #4435, $ ) ;
#7574 = NEXT_ASSEMBLY_USAGE_OCCURRENCE ( 'NAUO7', ' ', ' ', #6375, #7179, $ ) ;
#7575 = NEXT_ASSEMBLY_USAGE_OCCURRENCE ( 'NAUO8', ' ', ' ', #6375, #1019, $ ) ;
#7576 = NEXT_ASSEMBLY_USAGE_OCCURRENCE ( 'NAUO9', ' ', ' ', #6375, #4435, $ ) ;
#7577 = NEXT_ASSEMBLY_USAGE_OCCURRENCE ( 'NAUO10', ' ', ' ', #6375, #4435, $ ) ;
#7578 = NEXT_ASSEMBLY_USAGE_OCCURRENCE ( 'NAUO11', ' ', ' ', #6375, #4435, $ ) ;
#7579 = NEXT_ASSEMBLY_USAGE_OCCURRENCE ( 'NAUO12', ' ', ' ', #6375, #4435, $ ) ;
#7580 = NEXT_ASSEMBLY_USAGE_OCCURRENCE ( 'NAUO13', ' ', ' ', #6375, #4435, $ ) ;
#7581 = NEXT_ASSEMBLY_USAGE_OCCURRENCE ( 'NAUO14', ' ', ' ', #6375, #7179, $ ) ;
#7582 = NEXT_ASSEMBLY_USAGE_OCCURRENCE ( 'NAUO15', ' ', ' ', #6375, #7179, $ ) ;
#7583 = NEXT_ASSEMBLY_USAGE_OCCURRENCE ( 'NAUO16', ' ', ' ', #6375, #7179, $ ) ;
#7584 = NEXT_ASSEMBLY_USAGE_OCCURRENCE ( 'NAUO17', ' ', ' ', #6375, #7179, $ ) ;
#7585 = NEXT_ASSEMBLY_USAGE_OCCURRENCE ( 'NAUO18', ' ', ' ', #6375, #7179, $ ) ;
#7586 = NEXT_ASSEMBLY_USAGE_OCCURRENCE ( 'NAUO19', ' ', ' ', #6375, #3881, $ ) ;
#7587 = NEXT_ASSEMBLY_USAGE_OCCURRENCE ( 'NAUO20', ' ', ' ', #6375, #3881, $ ) ;
#7588 = NEXT_ASSEMBLY_USAGE_OCCURRENCE ( 'NAUO21', ' ', ' ', #6375, #3881, $ ) ;
#7589 = NEXT_ASSEMBLY_USAGE_OCCURRENCE ( 'NAUO22', ' ', ' ', #6375, #3881, $ ) ;
#7590 = NEXT_ASSEMBLY_USAGE_OCCURRENCE ( 'NAUO23', ' ', ' ', #6375, #3881, $ ) ;
#7591 = NEXT_ASSEMBLY_USAGE_OCCURRENCE ( 'NAUO24', ' ', ' ', #6375, #1019, $ ) ;
#7592 = NEXT_ASSEMBLY_USAGE_OCCURRENCE ( 'NAUO25', ' ', ' ', #6375, #1019, $ ) ;
#7593 = NEXT_ASSEMBLY_USAGE_OCCURRENCE ( 'NAUO26', ' ', ' ', #6375, #1019, $ ) ;
#7594 = NEXT_ASSEMBLY_USAGE_OCCURRENCE ( 'NAUO27', ' ', ' ', #6375, #1019, $ ) ;
#7595 = NEXT_ASSEMBLY_USAGE_OCCURRENCE ( 'NAUO28', ' ', ' ', #6375, #1019, $ ) ;
#7596 = NEXT_ASSEMBLY_USAGE_OCCURRENCE ( 'NAUO29', ' ', ' ', #6375, #1019, $ ) ;
#7597 = NEXT_ASSEMBLY_USAGE_OCCURRENCE ( 'NAUO30', ' ', ' ', #6375, #1019, $ ) ;
#7598 = NEXT_ASSEMBLY_USAGE_OCCURRENCE ( 'NAUO31', ' ', ' ', #6375, #1019, $ ) ;
#7599 = NEXT_ASSEMBLY_USAGE_OCCURRENCE ( 'NAUO32', ' ', ' ', #6375, #1019, $ ) ;
#7600 = NEXT_ASSEMBLY_USAGE_OCCURRENCE ( 'NAUO33', ' ', ' ', #6375, #1019, $ ) ;
#7601 = NEXT_ASSEMBLY_USAGE_OCCURRENCE ( 'NAUO34', ' ', ' ', #6375, #1019, $ ) ;
#7602 = NEXT_ASSEMBLY_USAGE_OCCURRENCE ( 'NAUO35', ' ', ' ', #6375, #1019, $ ) ;
#7603 = NEXT_ASSEMBLY_USAGE_OCCURRENCE ( 'NAUO36', ' ', ' ', #6375, #1019, $ ) ;
#7604 = NEXT_ASSEMBLY_USAGE_OCCURRENCE ( 'NAUO37', ' ', ' ', #6375, #1019, $ ) ;
#7605 = NEXT_ASSEMBLY_USAGE_OCCURRENCE ( 'NAUO38', ' ', ' ', #6375, #1019, $ ) ;
#7606 = NEXT_ASSEMBLY_USAGE_OCCURRENCE ( 'NAUO39', ' ', ' ', #6375, #1019, $ ) ;
#7607 = NEXT_ASSEMBLY_USAGE_OCCURRENCE ( 'NAUO40', ' ', ' ', #6375, #1019, $ ) ;
#7608 = NEXT_ASSEMBLY_USAGE_OCCURRENCE ( 'NAUO41', ' ', ' ', #6375, #1019, $ ) ;
#7609 = NEXT_ASSEMBLY_USAGE_OCCURRENCE ( 'NAUO42', ' ', ' ', #6375, #1019, $ ) ;
#7610 = NEXT_ASSEMBLY_USAGE_OCCURRENCE ( 'NAUO43', ' ', ' ', #6375, #1019, $ ) ;
#7611 = NEXT_ASSEMBLY_USAGE_OCCURRENCE ( 'NAUO44', ' ', ' ', #6375, #1019, $ ) ;
#7612 = NEXT_ASSEMBLY_USAGE_OCCURRENCE ( 'NAUO45', ' ', ' ', #6375, #1019, $ ) ;
#7613 = NEXT_ASSEMBLY_USAGE_OCCURRENCE ( 'NAUO46', ' ', ' ', #6375, #1019, $ ) ;
#7614 = NEXT_ASSEMBLY_USAGE_OCCURRENCE ( 'NAUO47', ' ', ' ', #6375, #1019, $ ) ;
#7615 = NEXT_ASSEMBLY_USAGE_OCCURRENCE ( 'NAUO48', ' ', ' ', #6375, #1019, $ ) ;
ENDSEC;
END-ISO-10303-21;
